time,actual_px,actual_py,pred_px_1s,pred_py_1s,error_1s,speed,heading,heading_rate
1788466753.239,1.3932186365127563,-0.31574153900146484,0.7076925680018301,0.20552685994421394,0.8612007514786773,4.661276844058424e-09,0.29875218868255615,6.058492073010287e-28
1788466753.372,1.3672693967819214,-0.3951184153556824,0.7456988751306233,0.07926087769385352,0.7819115212477972,0.09821976899979165,-0.8162611205796995,-3.3300066869728613
1788466753.439,1.3577876091003418,-0.4352097809314728,0.7679073220802356,-0.2892522963995718,0.6076695979772255,0.42327854500594075,-1.199479062064564,-1.8940344884326072
1788466753.506,1.3611174821853638,-0.47683125734329224,0.738340402577596,-0.5312184162255114,0.6251473857707953,0.6180584352716126,-1.4073415761127321,-1.4190338237417033
1788466753.539,1.3636209964752197,-0.4993925988674164,0.696799014019439,-0.6779892441047224,0.690324791656998,0.7263299851067155,-1.5494400482926187,-1.2118570685464736
1788466753.606,1.3690059185028076,-0.5421712398529053,0.6153554033088747,-0.7036149025130989,0.7707484383800066,0.748144249887876,-1.6924962359519102,-1.3718893253774185
1788466753.673,1.3693811893463135,-0.5908083319664001,1.559769758104628,0.06908982606204261,0.6868139384747306,0.7014261712676879,-1.082665351232348,2.256202853781434
1788466753.739,1.3695957660675049,-0.6415585279464722,1.6105050801375327,0.24803789616147326,0.9216393521282253,0.6934763360727828,-0.5698268510474933,3.0984010679209204
1788466753.773,1.368499517440796,-0.668738603591919,1.7027998876043473,0.39244229011907406,1.1125923002918676,0.757824505919065,-0.0859079059326926,2.9999274693074085
1788466753.872,1.3737431764602661,-0.7328107357025146,1.7780016560569318,0.5177568476703986,1.3142846719447718,0.8310089437513526,0.25698808649710525,2.495065550901732
1788466753.973,1.387394905090332,-0.7862745523452759,1.4573260171894704,-0.8472970491925438,0.09281220588315461,0.8510208016400337,-0.18632652891236212,-2.7519713744778818
1788466754.039,1.4001452922821045,-0.8147196769714355,1.330128879143899,-0.9551797158482571,0.15694368617443044,0.8292829160746954,-0.7326906194425575,-3.105569484303313
1788466754.106,1.4098150730133057,-0.8349470496177673,1.2424577325426351,-1.0153341042331694,0.24606496882375592,0.8208579597094209,-1.1215399824386982,-2.663319579025082
1788466754.173,1.4162778854370117,-0.848208487033844,1.152270522148176,-1.0415727124266696,0.3272454912332495,0.8100041659874455,-1.4008946973489684,-2.180635490862482
1788466754.239,1.4256892204284668,-0.8553392887115479,1.0164645735806388,-1.0252763248823156,0.4431065423238912,0.7788282440463871,-1.7401476993179363,-1.5870317419517201
1788466754.306,1.4377809762954712,-0.8582618832588196,0.9417516257253479,-0.9941782408664296,0.5143134967044303,0.7513414516578844,-1.8949705514251867,-1.4235143130459726
1788466754.406,1.4544565677642822,-0.8515652418136597,0.8724247216668347,-0.9547452607280859,0.5911067468527018,0.725174691552416,-2.0344890035540986,-1.3241526637062186
1788466754.473,1.4648611545562744,-0.8502883315086365,0.8098114715192938,-0.9097773759198323,0.6577454170511612,0.7013945266131713,-2.167671768999715,-1.27936529328438
1788466754.539,1.4750534296035767,-0.8469955325126648,0.7589785400245237,-0.8513191968630962,0.7160879426153384,0.6754288004181249,-2.3004011586983055,-1.299173896284227
1788466754.639,1.4902162551879883,-0.8407602310180664,0.7266273505386941,-0.7531217717814181,0.7686016620076245,0.627934197381733,-2.5185927571527444,-1.2726031470179615
1788466754.706,1.497402310371399,-0.8407106995582581,0.7275209034545311,-0.7012267654045962,0.7824149465617837,0.593929886288635,-2.6456043252879016,-1.261109426113498
1788466754.739,1.4999123811721802,-0.8396645188331604,1.6313130312034227,-0.9414816973059127,0.16623137086839349,0.559965176772169,-2.1034001031279366,2.0999929239023842
1788466754.839,1.5054528713226318,-0.8445551991462708,1.7600241680135342,-0.8995093250556735,0.2604352146952365,0.5488684197034307,-1.6222435013326546,3.041070616412119
1788466754.906,1.5070013999938965,-0.8486483097076416,1.8673542792236877,-0.9449797161302994,0.37300661848359706,0.5745845606827352,-1.1065309134901495,2.9233595967972064
1788466754.973,1.5086960792541504,-0.8547468781471252,1.9558118138621152,-1.0093960948607426,0.4731055488621492,0.6054768239216344,-0.7039976512855133,1.511603872589661
1788466755.073,1.5122706890106201,-0.863410472869873,1.974780172088986,-1.0500358240270724,0.49874246223072394,0.6042649925306136,-0.6054816972483521,0.9255735978104173
1788466755.139,1.5127370357513428,-0.8686895966529846,1.9733518795145775,-1.0699106628251536,0.5026489349103344,0.58346533289563,-0.547289626238352,0.5791679859047031
1788466755.206,1.5098299980163574,-0.874144434928894,1.9469331125687614,-1.0820421003846916,0.48402538368703635,0.5450312004611386,-0.5178811229915894,0.31089961595103877
1788466755.273,1.5043864250183105,-0.8803171515464783,1.9085611114079712,-1.0864411123304003,0.4537006329369978,0.4987538181159301,-0.5080067715069045,0.11642606195467033
1788466755.306,1.5004229545593262,-0.8821799755096436,1.868789929585259,-1.0837912801583136,0.4199301685422174,0.45119717309696344,-0.509940476707671,-0.008141467912546505
1788466755.406,1.487560510635376,-0.8885195851325989,1.8336735893954481,-1.0703382097800704,0.3909632662507746,0.415148060247077,-0.513266829434738,-0.03898344837120887
1788466755.506,1.4783364534378052,-0.8888426423072815,1.7712577849624247,-1.0536855217357661,0.33611914756590405,0.33790029972136926,-0.5427248755296454,-0.17992137106351175
1788466755.606,1.4772424697875977,-0.8847676515579224,1.7404980885003223,-1.0412233344124198,0.3062383083176997,0.30053521222779733,-0.5653666139079006,-0.22845892530889508
1788466755.639,1.4795238971710205,-0.8759198188781738,1.698564655307241,-1.013026422726136,0.25841260523359216,0.24783873244588267,-0.6033425869917011,-0.23248422884908226
1788466755.739,1.4813416004180908,-0.859120786190033,1.6807932917811828,-0.9993485730878643,0.2438130624184473,0.2212875084012383,-0.6253106941142854,-0.21838773385116172
1788466755.839,1.4732059240341187,-0.812354564666748,1.6478241652441352,-0.9764517682420026,0.23962350131925306,0.17541530990763035,-0.6710667618099815,-0.26603273390397375
1788466755.906,1.4683911800384521,-0.7794089317321777,1.6282171011625355,-0.9661721590973009,0.2458146215321587,0.15272287496217113,-0.7001939456063466,-0.29280957645833056
1788466755.973,1.4676752090454102,-0.7429978251457214,1.6127854795957817,-0.9598352129749436,0.2609127121851339,0.13524736118491915,-0.7340659503180067,-0.3373798532281358
1788466756.039,1.4658480882644653,-0.705127477645874,1.6026952692636927,-0.9537894891293422,0.28383084205639064,0.12478238250089119,-0.7557281246670411,-0.29269165414262266
1788466756.106,1.4623219966888428,-0.6657806634902954,1.5953503997629939,-0.9539959431434472,0.3174344081066249,0.11585567445914759,-0.7914376452990748,-0.3437555753607404
1788466756.173,1.4600350856781006,-0.6276206970214844,1.5878735702823021,-0.9537648916835966,0.35030374513798224,0.1071594669788154,-0.8265278146259063,-0.34452408052609923
1788466756.239,1.4506604671478271,-0.5902937650680542,1.578458762325796,-0.9525017923108731,0.38409251392018806,0.09745409961899448,-0.8626560359585316,-0.3536331950063671
1788466756.306,1.4423794746398926,-0.553228497505188,1.5674849064705842,-0.9502129392928261,0.4162307245927269,0.0870695911070962,-0.8983736096184618,-0.3505108865102288
1788466756.406,1.4190441370010376,-0.4913097620010376,1.540589529967406,-0.9403833695598254,0.4652315418769594,0.06345071088913445,-0.9731860077921781,-0.4074613170676623
1788466756.473,1.400611162185669,-0.45055657625198364,1.527662203559886,-0.9331256982896612,0.49901395236855645,0.053091952542450874,-0.9959846422816305,-0.3116628603517902
1788466756.54,1.3866541385650635,-0.4047809839248657,1.5143852067357495,-0.9252455658399105,0.5359091404370957,0.04133426543958811,-1.0353148924233384,-0.380094507262031
1788466756.606,1.3634885549545288,-0.357293963432312,1.5012124453134996,-0.9118909419562053,0.5714417543052325,0.026034334106258227,-1.0926309197942752,-0.4455276416654588
1788466756.64,1.3426541090011597,-0.32817542552948,1.4966824507658887,-0.8777122019085724,0.5707148137729707,0.013610222875763564,-0.6557020794706956,1.1322738742388103
1788466756.773,1.2868984937667847,-0.2245769500732422,1.4856149851514762,-0.8745564325565808,0.679677549723066,0.0,0.019615870953423986,2.476703989123076
1788466756.84,1.2653813362121582,-0.18069645762443542,1.4818140290250175,-0.8624803366762581,0.7153127765202967,0.0,0.5893091907364116,3.127275787729867
1788466756.94,1.2421841621398926,-0.11647538840770721,1.4747848016080973,-0.817186423311871,0.7383082092984488,0.012066299929730438,1.2352930900528865,2.2128723187583526
1788466756.973,1.2391765117645264,-0.096373550593853,1.466728947887293,-0.7498511789929532,0.6919632374653427,0.053411099582807375,1.4322330216326629,1.6366594286952347
1788466757.106,1.2319788932800293,-0.015809595584869385,1.4515643695011164,-0.6536543741814084,0.6745841259250839,0.11644473225651591,1.56182887970097,1.1671533701966645
1788466757.24,1.2246123552322388,0.05891994386911392,1.4037352646317485,-0.42658285538075397,0.517492014190753,0.2627691151912791,1.7124164125604864,0.6032835115527612
1788466757.339,1.2143604755401611,0.11052323877811432,1.3510085775369247,-0.22465972144325458,0.3619672921716514,0.3796497241332915,1.7856095697803553,0.30655064845815
1788466757.406,1.208292007446289,0.1465998888015747,1.3295961294576895,-0.16117127685262775,0.33081381534800397,0.41571081265059306,1.8034246065018689,0.23299866681505504
1788466757.506,1.1921558380126953,0.19570571184158325,1.263301868619401,-0.011909223065161508,0.21946689697405888,0.48689229092767244,1.8473756627774858,0.23685543245743487
1788466757.573,1.1880046129226685,0.22638969123363495,1.2255275610266518,0.06399818379025593,0.166670253267184,0.5220535422524231,1.8706591029106807,0.2248936717499787
1788466757.64,1.1842671632766724,0.25573134422302246,1.1843393302691698,0.1424003932861648,0.11333097391413896,0.558329827663175,1.8922141223352007,0.20835060214210427
1788466757.706,1.1918801069259644,0.28582191467285156,1.090061438180669,0.27428448640420594,0.10247025693399194,0.6249182248905779,1.9330057908501201,0.2538768665800893
1788466757.773,1.181997299194336,0.3056548833847046,1.0103823182517058,0.3438329446501991,0.17581031268367384,0.662301868689969,1.9726232923628535,0.37552973953422925
1788466757.873,1.1737732887268066,0.3460836708545685,0.9463627719519726,0.40625979570029674,0.23523755895104367,0.6900239663125677,2.0117225657487046,0.37571686234321144
1788466757.973,1.1527788639068604,0.3751462697982788,0.8961258617079308,0.5000293087107025,0.2854234344718836,0.7141783319372617,2.0496233337708993,0.16521391834576327
1788466758.04,1.1423583030700684,0.389564573764801,0.8942939935806834,0.55336609592681,0.2972656056543314,0.7146990577162862,2.0534088317513453,0.008933124368910448
1788466758.106,1.1164923906326294,0.39582663774490356,0.8494611760916592,0.5833836614676704,0.3263178001380988,0.6984862319959488,2.074574600944098,0.18074836042064146
1788466758.173,1.0939997434616089,0.3982512354850769,0.8344352208102446,0.5792378668256539,0.31643309268033354,0.6856686256242404,2.0903044508283504,0.23329588197394482
1788466758.24,1.0873357057571411,0.39948126673698425,0.8147651027749446,0.599910749331799,0.3383292938888138,0.6579970044525807,2.123049297743675,0.27953718382974246
1788466758.306,1.0919899940490723,0.39985817670822144,0.8255028721946309,0.5995242161487996,0.3329893593197092,0.6395187926235878,2.1342584691165767,0.18025062159960137
1788466758.373,1.1063566207885742,0.4000449776649475,0.8396958110889308,0.6258584613458734,0.3494276990191036,0.6206172418175163,2.1382211522716172,0.06240243605941555
1788466758.406,1.1171797513961792,0.3992876708507538,0.864035842663328,0.6579021851015335,0.36188852635820445,0.602013533230133,2.1261696273328052,-0.09368546862684005
1788466758.473,1.1375446319580078,0.4051227569580078,0.8855736154559066,0.6720954984157858,0.36710194474911695,0.589206669763061,2.1133148102424215,-0.149201193301966
1788466758.539,1.1693882942199707,0.4144554138183594,0.9160171060257399,0.7114433759593217,0.39038290006556126,0.576620316488028,2.078591080953342,-0.3193453078915567
1788466758.573,1.1859431266784668,0.41980481147766113,0.9530424106815676,0.7454180313765829,0.40033325178507456,0.5606865609796127,2.0316196490634697,-0.43984459746425997
1788466758.673,1.2318611145019531,0.4288783371448517,1.0008144196816313,0.7762357856525849,0.4171807428695594,0.5433072697186296,1.970991544532998,-0.5774591239286883
1788466758.743,1.2625867128372192,0.4293081760406494,1.0465531183939052,0.7980142310429419,0.4273343760142072,0.5240231158769952,1.9055974116801213,-0.6275892369168904
1788466758.806,1.2813572883605957,0.42415595054626465,1.0960173271873528,0.8048281235608464,0.4233936755731513,0.4978577826581662,1.8215699760124755,-0.5140224591961441
1788466758.906,1.3013901710510254,0.40610069036483765,1.0949034012371983,0.8308362538316442,0.47226802240000754,0.4808336822139606,1.7719261624664435,-0.37318297929148897
1788466758.973,1.3081762790679932,0.38980770111083984,1.0174654922748803,0.81997251044974,0.5191864065549512,0.4530887022035707,1.808762087669031,0.36195616749435716
1788466759.106,1.3194657564163208,0.3396401107311249,0.960815643797773,0.7966697708895619,0.5809526775442502,0.4314377829504501,1.8806897298738026,0.696467867043055
1788466759.173,1.3201006650924683,0.3051612079143524,0.8985174398340495,0.7378929949352354,0.6041433731471176,0.37713909653571914,2.0390131904799436,0.7240334133376095
1788466759.273,1.3088617324829102,0.23982688784599304,0.8937531939888533,0.7073747147059692,0.6252328119446052,0.3434729328193085,2.0995863131382,0.5839319219374368
1788466759.306,1.3013790845870972,0.2112562507390976,0.9047120467224259,0.6733629293590417,0.6090051899232788,0.3043989834358104,2.1438882410667786,0.43430760430749543
1788466759.406,1.2907276153564453,0.15246865153312683,0.9289992568513487,0.6334639639138209,0.6018337776155416,0.25898867215101173,2.1766470854810045,0.32337327088758067
1788466759.506,1.2778286933898926,0.07806768268346786,0.9777282959246834,0.5585213958641687,0.5664768477774708,0.18455073928998392,2.2373397769016066,0.40863810834997927
1788466759.573,1.2692338228225708,0.03317442536354065,1.0149544078912671,0.5131097645177002,0.5431352967970543,0.1377363371369641,2.300751955455363,0.6305182111251867
1788466759.706,1.2529690265655518,-0.05905809998512268,1.2393856221905288,0.4405321208468745,0.49977484693147484,0.07627745234346062,1.1877475974136864,-2.94304744202838
1788466759.773,1.2585506439208984,-0.10418002307415009,1.2717847171258938,0.44160394176827417,0.5459443900002195,0.07516837712952522,0.7699329118070324,-2.772703252021345
1788466759.806,1.258185863494873,-0.12632781267166138,1.3121564744028766,0.45039526673295865,0.5792428999648859,0.08911932874172582,0.5524531643785289,-1.7676485341573622
1788466759.873,1.2622907161712646,-0.17102168500423431,1.3417436074614733,0.4532593501386152,0.6293167507490972,0.09964716251245156,0.4572576893809357,-1.0497271997081943
1788466759.94,1.2609926462173462,-0.21807777881622314,1.3727647854820788,0.46511012881859737,0.6922707044605159,0.11370554948357763,0.4154715042624124,-0.3707401557182513
1788466759.973,1.2586920261383057,-0.24353338778018951,1.38885075098036,0.4731691967106101,0.7284256230174097,0.11904401456024138,0.43550260946509134,0.1946658917466035
1788466760.04,1.2493704557418823,-0.29167163372039795,1.3865849596823159,0.4692777997243825,0.773221740739066,0.11083002714595101,0.4916197517278036,0.5510626974841722
1788466760.14,1.2379966974258423,-0.35960331559181213,1.3736957141089055,0.45082437326995234,0.8217099622145099,0.09235793600151598,0.5695366694240254,0.7632983618642891
1788466760.206,1.2381551265716553,-0.4013546407222748,1.3247197205859915,0.31666883069308316,0.7232227419268756,0.06221076040056411,0.03590166326783484,-1.7916776812918815
1788466760.306,1.2499252557754517,-0.45871561765670776,1.3038883917621433,0.2694894052296648,0.7302017360993197,0.04221706951703749,-0.9575734181705688,-3.046092476598286
1788466760.44,1.280196189880371,-0.5459820032119751,1.2727128509749288,0.1104216056561857,0.656446264439306,0.13070805204623584,-1.523475085535604,-1.8585877063683853
1788466760.54,1.2944719791412354,-0.6079967617988586,1.2172216851457494,-0.11782064445318592,0.496225990792973,0.2759695118547474,-1.7164277650366846,-0.8103402910756276
1788466760.606,1.2929822206497192,-0.6502888798713684,1.1885969408517743,-0.2510903460742213,0.4126205957344922,0.357582583789495,-1.7660432435639741,-0.46695626583519245
1788466760.673,1.2846429347991943,-0.6959707736968994,1.1660670145969672,-0.3784053575788989,0.33898088790668385,0.4302592134491092,-1.7875585314379148,-0.20378787390149453
1788466760.74,1.2759817838668823,-0.7423399090766907,1.1485089384543543,-0.4960682910902896,0.27730675459354776,0.4927136381458574,-1.7938639126788323,-0.061256083471675535
1788466760.773,1.2705066204071045,-0.7678881883621216,1.156807042152668,-0.6009502320380389,0.2019798884961027,0.5396259028420947,-1.779851643942016,0.13340382253966418
1788466760.84,1.2706999778747559,-0.8112863898277283,1.1611555733761028,-0.660274158995847,0.18656009867542933,0.5663400666299201,-1.7675565784651648,0.15916393618571895
1788466760.906,1.272213101387024,-0.853415846824646,1.1568905445651596,-0.7323212561095426,0.16722198423769088,0.589349316418032,-1.7533924687084026,0.12700664571917306
1788466760.973,1.27177095413208,-0.8893330097198486,1.1792783799721922,-0.8063123272582671,0.12428720767282976,0.6103365335998878,-1.727975870921936,0.23774713593662453
1788466761.106,1.285271167755127,-0.932953953742981,1.2077440758583229,-0.9184864668659387,0.0788654433482301,0.6419995428344277,-1.6790103299261094,0.267337257708016
1788466761.173,1.2858002185821533,-0.9382885098457336,1.1889136753375593,-1.006232025995938,0.1183356398078773,0.6590687471050716,-1.6645628147945655,0.11194599924488802
1788466761.24,1.2767808437347412,-0.936677098274231,1.1343572076490054,-1.0546413692182695,0.1849325859204933,0.6664631844191503,-1.684303969631514,-0.2039912132435362
1788466761.306,1.269230842590332,-0.9292781949043274,1.0570337002072099,-1.0986635737353279,0.27151249289357676,0.6619818686061651,-1.754615419610138,-0.454857094512917
1788466761.373,1.2556419372558594,-0.9169723987579346,1.0172052979526691,-1.1181908559746034,0.3119950295867805,0.6537013659176009,-1.8080346189027847,-0.5450353856753245
1788466761.44,1.2392019033432007,-0.900738000869751,0.9978141695367901,-1.142056731333202,0.3413250176952844,0.6452778539791919,-1.8569770635384257,-0.5127174336120447
1788466761.476,1.2283546924591064,-0.8828457593917847,0.9974033241840556,-1.151224520449262,0.35407018216006925,0.6383391028938132,-1.8854006584374439,-0.41162402850586305
1788466761.54,1.214233636856079,-0.8651909232139587,0.9768839750299164,-1.1693102152469428,0.38577636754425126,0.6278095524740975,-1.931174195141576,-0.471905058996132
1788466761.606,1.1981111764907837,-0.8447260856628418,0.9720387173344565,-1.1958038913028604,0.41756961383941704,0.6185600814682063,-1.9661162869016782,-0.37574391518562655
1788466761.673,1.1845520734786987,-0.8217517137527466,0.951737994931421,-1.2237455515622147,0.46454433675011364,0.6147499043159751,-2.0014429368112276,-0.37609802560635264
1788466761.806,1.1630868911743164,-0.7673014402389526,0.9174734535750791,-1.250093843421242,0.5416774550411386,0.6151695631323019,-2.0431400486204554,-0.43876674734018023
1788466761.873,1.1541614532470703,-0.7335242033004761,0.83699526767786,-1.2655348086972587,0.6193784574258082,0.6170867516414723,-2.143324276953621,-0.6700923198961811
1788466761.94,1.1420891284942627,-0.6953212022781372,0.7779393972700038,-1.244402604794778,0.6588591756516269,0.6096775430027804,-2.230504128363498,-0.8856472455292308
1788466761.973,1.1279181241989136,-0.66718590259552,0.7275172102031873,-1.1960248410610212,0.6633185620544108,0.5924551302343397,-2.3411346547535734,-1.1089973915396951
1788466762.007,1.1153690814971924,-0.6397740840911865,0.72237037911072,-1.1548086340213126,0.6478491859215219,0.57220591910531,-2.419837478171116,-1.063291387354258
1788466762.107,1.0834500789642334,-0.5885595679283142,1.6216187087582559,-1.1653432390783551,0.7888630282879875,0.5195190660338389,-1.7795326182821802,2.306700735533925
1788466762.173,1.053605318069458,-0.5476419925689697,1.694029034978727,-1.1069507707830541,0.8502757473709428,0.4769390013273587,-1.232468891001437,3.1090658438201206
1788466762.24,1.0331120491027832,-0.5044928193092346,1.7037223922100821,-1.0771830105725948,0.8818686338972225,0.43672743757157123,-0.8494745685038967,2.654402149496629
1788466762.307,1.0197359323501587,-0.4615707993507385,1.6732274837151295,-1.0558004594088826,0.8832667188331131,0.3850957967039316,-0.6153967512564247,1.8914483779589655
1788466762.407,1.0485458374023438,-0.39395466446876526,1.6085026104431048,-1.0321957214031647,0.8490602065996038,0.31648040089382795,-0.47778129885320064,1.21999043235466
1788466762.473,1.0792944431304932,-0.3586224615573883,1.517890026779649,-1.0039236675225136,0.7802433802452852,0.23445448613673658,-0.40475952234883916,0.6854591741430686
1788466762.54,1.110937237739563,-0.3261600136756897,1.1923730214691959,-1.0357185119041552,0.7142163882745165,0.17050457056632856,-0.9127457792473117,-1.4041816662228093
1788466762.607,1.142431378364563,-0.2960299253463745,1.1984114397514256,-0.8970562676468697,0.6036277258476361,0.028609190876530494,-2.1721166452832654,-3.1184658286822016
1788466762.673,1.182295322418213,-0.2688595652580261,1.2109878656851256,-0.8732559848079653,0.6050770975701442,0.0,-2.693086148327249,-3.0361036101174035
1788466762.74,1.222280740737915,-0.24095171689987183,1.2016234515803352,-0.8511191726883437,0.6105170330946685,0.0,-3.010081472652231,-2.569138895684923
1788466762.807,1.2653295993804932,-0.21476751565933228,1.187493216174712,-0.8255089399045177,0.6156814028696943,0.004035624747126564,2.8794234711863904,-2.441407519739188
1788466762.873,1.3087106943130493,-0.19324028491973877,1.1579873624021424,-0.7786119166476066,0.6044646143605695,0.030975681010914496,2.6471850140826447,-1.9233652193703556
1788466762.94,1.3379533290863037,-0.1746026575565338,1.1181071203105812,-0.7036559311520216,0.5729133632715864,0.08046358819462013,2.4611867073594578,-1.6328160804616618
1788466763.007,1.3614606857299805,-0.16001540422439575,1.0832225075228972,-0.6283415658637205,0.5447438641121344,0.1286565666867592,2.355863587724765,-1.2586812576161621
1788466763.107,1.3839608430862427,-0.14642293751239777,1.0284256955745648,-0.3925313003458566,0.43240555890589105,0.2747357333884864,2.0780813718442452,-1.345542281895512
1788466763.173,1.398742437362671,-0.13548609614372253,1.0268935152136032,-0.24316839163989062,0.38712672042465307,0.3661665512334651,1.949382756691369,-1.2411375663107047
1788466763.24,1.4044396877288818,-0.12605133652687073,1.0458229879041725,-0.11003997308944426,0.35897395609193017,0.4424213095718318,1.8240373466617763,-1.2048186539009185
1788466763.307,1.4023253917694092,-0.12003210186958313,1.0636619207915825,0.001608342276765845,0.3598462786063937,0.5010564034340181,1.7179525276759797,-1.0295047711404877
1788466763.373,1.3958117961883545,-0.11676906794309616,1.0660756542313194,0.0692219893626471,0.3785744269102421,0.5355402929531735,1.6631556835706451,-0.7191420780964581
1788466763.44,1.385000228881836,-0.11424241214990616,1.0800670791477454,0.14195626746092185,0.3982737616779255,0.5603737110552137,1.601506186507062,-0.5794216141800207
1788466763.473,1.3772752285003662,-0.11725454032421112,1.0741762086831912,0.20041010291877046,0.43906701240337226,0.5732717155766714,1.57321518571423,-0.2569409640147918
1788466763.54,1.3624718189239502,-0.11493831872940063,1.049309692813288,0.24410386902071896,0.47642608011583754,0.5758148572404499,1.580082115556789,0.09761533369284243
1788466763.607,1.342925786972046,-0.11393420398235321,1.0118015540816698,0.2697070010125845,0.506777891957816,0.5693491207246566,1.6197814777773294,0.429137857962661
1788466763.707,1.3047817945480347,-0.11481909453868866,0.9814585234371809,0.27599927606149127,0.5072247395784262,0.5538775734169651,1.6804825142477702,0.6508181244834307
1788466763.773,1.2769628763198853,-0.1145678237080574,0.9679596747924459,0.27058009220553164,0.4937832476773471,0.5313201683617094,1.7508297574834808,0.7472925205130543
1788466763.84,1.2482508420944214,-0.1140284538269043,0.9676016863552365,0.25269130056567535,0.4617871012478274,0.500855580311356,1.8256305833050135,0.7969531050241473
1788466763.907,1.221099853515625,-0.11284255236387253,0.9725291988580564,0.2153076719273312,0.41166726862754044,0.46041309045515405,1.9100906785026552,0.8995514794074934
1788466763.94,1.2038497924804688,-0.1133885309100151,1.0014371605293797,0.17575072769138625,0.35294813278714915,0.4125676858432918,1.9912410641342744,0.8541128218436631
1788466764.007,1.1756504774093628,-0.11112728714942932,1.5575888829947,-0.10749537089843583,0.38195567344486947,0.3629335565232352,1.4575574282305768,-1.649168206233914
1788466764.073,1.148525357246399,-0.10841930657625198,1.6113303981823206,-0.22093665425214018,0.4762863208656289,0.33856334232418916,0.8493513191378161,-2.871345685188069
1788466764.14,1.123795747756958,-0.10355333983898163,1.6295248705970016,-0.2795463787858754,0.5354768860056638,0.3317991176904664,0.40698861648218365,-3.0865722543826544
1788466764.207,1.102420449256897,-0.09409826248884201,1.6583118544285917,-0.3207057584892524,0.6003050987517409,0.34074479562581206,0.01749338877034301,-2.6818022628118543
1788466764.24,1.0914151668548584,-0.08741411566734314,1.6771147129678332,-0.34226167930012447,0.6387419189363645,0.3439354098079785,-0.23872462537056327,-2.016850136694618
1788466764.307,1.0754873752593994,-0.07422132790088654,1.673594942212818,-0.3406942652702115,0.6547827792460446,0.32623634643125266,-0.39970083353832964,-1.4028288785027991
1788466764.407,1.0567127466201782,-0.045374929904937744,1.6488478580010972,-0.3168886890812976,0.6514166957886263,0.287900173858982,-0.49506832912752063,-0.8926892963956382
1788466764.473,1.046470284461975,-0.021129533648490906,1.6061323464966906,-0.2784181173254232,0.6159699984345273,0.2346217866920913,-0.5469575258512296,-0.5000447583614283
1788466764.54,1.0356873273849487,0.006740689277648926,1.517938674305183,-0.21222380296647092,0.529633656851701,0.14452868113325182,-0.5768866266460231,-0.07914323902921892
1788466764.607,1.0260162353515625,0.037673503160476685,1.3302166131105675,-0.17833520148147017,0.3730919863918457,0.08753980835138069,-1.133995161213453,-1.1518697797029729
1788466764.673,1.0179660320281982,0.06887143850326538,1.318076020435961,-0.14008208348536844,0.36568781698815445,0.05076942133616506,-1.6959985002522369,-2.658118187439491
1788466764.773,1.0100421905517578,0.11506388336420059,1.3193410506208518,-0.1266263269240369,0.3925301804819771,0.024049006398128153,-2.263248509033278,-3.1211755839678017
1788466764.84,1.003950595855713,0.1395546793937683,1.2501307938925,-0.11455873390372824,0.3538054786505375,0.05054501703875102,-2.9253084072663427,-1.9927602857091633
1788466764.94,0.9929412007331848,0.167277529835701,1.1755210398288345,-0.10406956500864505,0.32705449626118865,0.09817202725602185,-3.0825953131688544,-1.3514305747270385
1788466765.073,0.9779250025749207,0.19919532537460327,1.0331163587995122,-0.0757609462045298,0.28044079068959943,0.18813486498524926,3.041967321315429,-0.7273106130594444
1788466765.173,0.9770910739898682,0.19214698672294617,0.8821335746503219,-0.04075145162051997,0.2515126423535112,0.27705717038312094,2.9523670478895907,-0.3413304062279897
1788466765.24,0.9790506362915039,0.18867598474025726,0.8240361181826109,-0.030398525463708078,0.268371276118812,0.304998170502367,2.9346855349389234,-0.17166198652365824
1788466765.307,0.9821498990058899,0.18188366293907166,0.7577853864679426,-0.0196649144533252,0.3015978506808192,0.3288373343649072,2.930695104172038,0.02347283023065151
1788466765.34,0.9849724769592285,0.17184831202030182,0.7410603312046893,-0.015562352242884908,0.3075969634540505,0.3330455107023414,2.9354935467956134,0.06857677168586879
1788466765.407,0.9891717433929443,0.16250167787075043,0.7248180959910587,-0.013535970745182742,0.31760369113866926,0.3290108638212433,2.9505179080638317,0.15169517664426846
1788466765.507,1.0018963813781738,0.13750073313713074,0.7168655622737381,-0.009948502294810204,0.32091096096707183,0.3201093302974709,2.9706610864706384,0.21001855828239263
1788466765.573,1.0119712352752686,0.11607205122709274,0.7132577362825555,-0.0028853804154962163,0.32152857574945154,0.3089402266512082,2.994328704825225,0.2485858533538546
1788466765.607,1.020742416381836,0.09729310125112534,0.7135534849139624,0.007532371411084085,0.32003441727069104,0.29602653869659984,3.020416964652256,0.2769420884485832
1788466765.673,1.036879062652588,0.07057854533195496,0.7182878772223608,0.02196817763856948,0.32227831338941115,0.28114769290797237,3.0466946915532214,0.2836725513915394
1788466765.773,1.0638232231140137,0.030292943120002747,0.7289790140760446,0.03754866000000141,0.3349228116353167,0.269452848749171,3.064455147908868,0.2596829142525633
1788466765.84,1.0816617012023926,-0.006281420588493347,0.753120387699629,0.06443724372331848,0.33606624965945026,0.23172141155600684,3.131168361574244,0.3574398230004826
1788466765.907,1.10169517993927,-0.0402420237660408,0.7675838729633717,0.07994738924588435,0.3550716272096295,0.21760000228088927,-3.129260547532362,0.31616746040009275
1788466765.973,1.1192997694015503,-0.07177792489528656,0.779395803603213,0.09385673685130219,0.3781131406567935,0.20019498680349182,-3.0959814360385125,0.33534491093185115
1788466766.007,1.131547451019287,-0.08827652782201767,0.7935057484924645,0.10999014445479909,0.39189522322038517,0.1812965308812352,-3.06962226226078,0.2707184453197279
1788466766.073,1.1529176235198975,-0.11205258220434189,0.8047274026966451,0.12890185394606765,0.42343295830332695,0.16460586437142433,-3.0513302461777627,0.1912381194290289
1788466766.14,1.1733226776123047,-0.13072973489761353,0.8176615813784749,0.1423077510951923,0.4483796205577604,0.15164637489861382,-3.042826924954897,0.11988891238207186
1788466766.207,1.2001464366912842,-0.1439264714717865,0.8317810795600926,0.15170654439394618,0.4723260700027671,0.13470610393326643,-3.0329569576712974,0.09993149054731265
1788466766.273,1.2284808158874512,-0.15196140110492706,0.8517197274181737,0.1592454765643057,0.4886702758437304,0.11439173103033654,-3.026833459198989,0.06217831202653125
1788466766.34,1.2574362754821777,-0.15429064631462097,0.8747401750233202,0.16443183938995093,0.4980364727608983,0.09304955100490943,-3.0252353105253222,0.016479591643028323
1788466766.44,1.3116455078125,-0.14667044579982758,0.9133934883389835,0.16503109916057057,0.5057296947435788,0.061449346376963594,-3.032798133513454,-0.05917880649851249
1788466766.507,1.346006155014038,-0.1407506912946701,0.9548028389281613,0.15557831708623648,0.4907656423636417,0.03067834519965085,-3.045869621041266,-0.07620449004748128
1788466766.573,1.37552011013031,-0.1344292014837265,0.9964176668357826,0.13784398852168617,0.4667454900774125,0.010372907781834945,-2.4920470485993356,1.1137958077765078
1788466766.607,1.3883330821990967,-0.12719273567199707,1.0023538373945595,0.13150451604588215,0.4646549746492171,0.00015334055270464775,-1.9218066542709535,2.5942951323639796
1788466766.673,1.412172794342041,-0.12338728457689285,1.0214078332895833,0.1099304114728933,0.4551202061832777,0.011770514755072941,-1.3381733186470215,3.121050494540688
1788466766.807,1.4482277631759644,-0.12045234441757202,1.0978368992653924,0.06730668746353687,0.39752636587392315,0.0755960716485749,-0.8357209474027885,2.81477325213262
1788466766.84,1.4553086757659912,-0.12179015576839447,1.198012029672107,0.022127128653203296,0.2948113784209296,0.15508480099733502,-0.5802893653068026,1.9834832964995088
1788466766.907,1.4719743728637695,-0.1260264664888382,1.3030630731224884,-0.02397491794875966,0.19734625848927803,0.2333421053872861,-0.42492949202921304,1.3426876676256676
1788466766.973,1.4834152460098267,-0.1363259255886078,1.3944410988418598,-0.07118679475219196,0.11027014659639624,0.29713076409568073,-0.3367333617104342,0.8257112512500645
1788466767.04,1.4881198406219482,-0.15056021511554718,1.4509937035636198,-0.10557662310425808,0.05832558274986973,0.33642020450838056,-0.2972051407422276,0.5041935509906182
1788466767.107,1.4866652488708496,-0.17171065509319305,1.5066157204163921,-0.14785672027867483,0.031097130430713164,0.36726989223142387,-0.27133092310662077,0.25977591086991747
1788466767.14,1.4833006858825684,-0.18799316883087158,1.5485381232290152,-0.18722713164467197,0.06524193470845431,0.38624473578530194,-0.2666493323082584,0.061274958141599355
1788466767.207,1.4797444343566895,-0.21180567145347595,1.585350880986822,-0.2229891471643283,0.10619694769068579,0.39998526828744035,-0.27448978899281906,-0.0623334888860798
1788466767.273,1.4715800285339355,-0.2382483184337616,1.619428584331915,-0.25275671038639186,0.14855870519292827,0.41032995954205426,-0.2878486377869609,-0.12177838911222491
1788466767.34,1.453046441078186,-0.26651519536972046,1.652620335213809,-0.27173250846512564,0.19964207867178776,0.4171070686460879,-0.2992711540194617,-0.1068911464527285
1788466767.373,1.4414722919464111,-0.2824024558067322,1.6730454838434905,-0.2762959785989067,0.2316536903856514,0.42180629037600476,-0.3028953089586093,-0.04758706623989077
1788466767.44,1.4230196475982666,-0.30256229639053345,1.7121530160872913,-0.2843642253507769,0.28970549626021624,0.42960006622296887,-0.30542643971336325,-0.028432831806076215
1788466767.507,1.4052181243896484,-0.3204464912414551,1.7525212494242683,-0.2858431610561388,0.3490227086003529,0.43655732324153673,-0.3034058564072608,0.010817979014149083
1788466767.64,1.3786545991897583,-0.3521868586540222,1.7879687053310878,-0.2800289161817465,0.41562580062853144,0.43886104593117164,-0.29621478625960185,0.05922067683202438
1788466767.707,1.374558687210083,-0.3658066391944885,1.826455748161674,-0.2564656365660245,0.46493699417499984,0.4298147707663578,-0.27453780700921815,0.12245845461351376
1788466767.74,1.3782130479812622,-0.3702067732810974,1.8388994872452562,-0.24371273811976604,0.47773709951513477,0.41604360811320557,-0.25987093218003654,0.13098573162049001
1788466767.807,1.3666698932647705,-0.3830430507659912,1.8427697497602902,-0.23599915581104006,0.4982900564917758,0.39811853739604985,-0.24986039185537345,0.08799198807951936
1788466767.874,1.3636744022369385,-0.3950679302215576,1.836831076841043,-0.2311341919106518,0.5007509453600691,0.38465138457153336,-0.246764809783663,0.033344332128402016
1788466767.94,1.3943862915039062,-0.40506964921951294,1.8375638389709092,-0.2353701618264002,0.47455690343767304,0.36828271280591995,-0.25169108734695955,-0.052482285603219284
1788466768.007,1.433584451675415,-0.42064934968948364,1.8285262986123973,-0.2509781387110531,0.4298457657077499,0.34876713542209864,-0.27361681368987334,-0.21704735458098004
1788466768.107,1.4707878828048706,-0.44262224435806274,1.8068752903340595,-0.27282776708956974,0.37654337068998023,0.32389103436892847,-0.3151506571826004,-0.40470324681354386
1788466768.14,1.473322868347168,-0.4554224908351898,1.7408016706471043,-0.3172261635443213,0.3010699828220895,0.27492054819991246,-0.42822519751641597,-0.6507663359122183
1788466768.207,1.4837809801101685,-0.474947452545166,1.7078171313521915,-0.34335845092157735,0.25982275191297516,0.2524294327227149,-0.5152763585361502,-0.8176916933868126
1788466768.274,1.488559603691101,-0.49853214621543884,1.6702884254636903,-0.3683948669118972,0.22351974437928632,0.23025833776516905,-0.6097268077238276,-0.9024747001050486
1788466768.374,1.478416919708252,-0.536604106426239,1.6208400242962977,-0.3937973689823089,0.2016881379255533,0.20631046572323983,-0.7241555411205312,-1.0865160896771635
1788466768.441,1.4593350887298584,-0.556093156337738,1.5392124721244902,-0.4288014082424702,0.15027836008927606,0.17528921482678403,-0.9378144910220918,-1.2339282795378659
1788466768.507,1.4471015930175781,-0.5749047994613647,1.4984741116209728,-0.4454102218860032,0.13931253098367516,0.16311943796622025,-1.070957286435585,-1.247767675193849
1788466768.574,1.4357035160064697,-0.588232159614563,1.4734141951939221,-0.4577122092795366,0.13585857632198534,0.15874549177548783,-1.1535391505006192,-1.0474812383866055
1788466768.641,1.4223723411560059,-0.6010154485702515,1.4297116808990769,-0.4873322704258064,0.113919844192686,0.16054931915373244,-1.3336349710285702,-1.3401182664725795
1788466768.707,1.3922145366668701,-0.6143300533294678,1.3943901491950776,-0.5126158484141875,0.10173746984970934,0.16793783891315447,-1.4598732804245278,-1.2177395180201516
1788466768.774,1.3638627529144287,-0.6311943531036377,1.3722958590630072,-0.5275150254774541,0.10402172973148788,0.17355030145425993,-1.5396566002647811,-1.0396939565893546
1788466768.84,1.3444533348083496,-0.648361086845398,1.3362723903872489,-0.5443437465662093,0.10433855917338353,0.1805874073151399,-1.6676572867748944,-1.198240013947662
1788466768.907,1.3269906044006348,-0.6638004183769226,1.29985324110885,-0.5571782122034529,0.1100215039695795,0.18837166147439266,-1.7977341872871435,-1.2317971958949767
1788466768.974,1.3038854598999023,-0.6785554885864258,1.2732263070965402,-0.5566824375207691,0.12567029969993737,0.19025808603032293,-1.9349764550840092,-1.3200409696280107
1788466769.04,1.2840557098388672,-0.6915932893753052,1.2662187281117778,-0.5475852866932397,0.14510845169599976,0.18389633447426149,-2.0739596917849794,-1.3346792729027885
1788466769.14,1.2731223106384277,-0.7102551460266113,1.28248565958682,-0.5279203549510586,0.1825750485145624,0.1589483659560918,-2.246553323289389,-1.3313850016639839
1788466769.207,1.2721983194351196,-0.7210907936096191,1.3242898806935164,-0.5309305341163999,0.19716605956620875,0.13590762510512605,-2.383172577319451,-0.7400375623065599
1788466769.274,1.2781386375427246,-0.728384256362915,1.536807972562947,-0.5237405113469286,0.32983160438922793,0.1297196106693392,-1.8390124505661032,1.542005760250754
1788466769.34,1.2811169624328613,-0.7354476451873779,1.5800303708127588,-0.5001432328055689,0.3804173920782747,0.1368673830519299,-1.3029283008942136,2.7804293764196535
1788466769.374,1.279390811920166,-0.7352555990219116,1.621964773074709,-0.4816055420824538,0.42625728175188343,0.16298086256367753,-0.7403888136760468,3.1158527640578124
1788466769.474,1.2698755264282227,-0.7445544004440308,1.642210361490736,-0.45959949382426024,0.4688630164639893,0.18356171235898133,-0.2972177550551902,2.8667700699971475
1788466769.574,1.2472718954086304,-0.753768265247345,1.4194563175761656,-0.7132636140332016,0.17688443121752526,0.18567194709060955,-0.8970659460062906,-3.1066693649712116
1788466769.707,1.207760214805603,-0.7568327784538269,1.4189901230675894,-0.7648144219060361,0.21138065374240234,0.18194138907434626,-1.4770153279979823,-1.4835394044705155
1788466769.774,1.1765199899673462,-0.7524920701980591,1.4192734174526596,-0.8013091265522848,0.24761327013502113,0.18184379805889472,-1.546225377471057,-0.080741641005795
1788466769.874,1.1188344955444336,-0.7385219931602478,1.4117165017039852,-0.8246447260727177,0.30528182824458494,0.18835064905436,-1.5303056752911828,0.16943228122365864
1788466769.94,1.079005479812622,-0.7294780015945435,1.4054379812292372,-0.8466971269315657,0.3468407434628824,0.19441738930265354,-1.4982431387375563,0.3261755681905473
1788466770.04,1.015853762626648,-0.7147753238677979,1.3971715521250576,-0.8646352055199159,0.4097087266787715,0.197651503366457,-1.458304419641666,0.40589311626324165
1788466770.074,0.9942855834960938,-0.7017302513122559,1.3660507190120814,-0.8858575259062687,0.4148640370466446,0.1963018841042069,-1.4086578944827035,0.21823604843283695
1788466770.14,0.958143949508667,-0.6893303990364075,1.351605029805266,-0.8963816791354956,0.4446142758603661,0.19311877752898454,-1.3953197898366738,0.13834353004818734
1788466770.207,0.9320118427276611,-0.6774622201919556,1.3346923338631584,-0.9057492446418094,0.46288934257908065,0.18868181985447768,-1.3991689085695733,-0.030325166594746083
1788466770.274,0.8991625308990479,-0.6683042049407959,1.3225546876149998,-0.9106663311761533,0.48785276324103005,0.18209522704912923,-1.4122894570337863,-0.12457256397930791
1788466770.34,0.883581280708313,-0.6583101749420166,1.3132404446962407,-0.9126030719686569,0.4992713437370569,0.17435508848644765,-1.4302440951307718,-0.17577384253502126
1788466770.407,0.8766787052154541,-0.6507983207702637,1.3064179800111497,-0.9066276262960299,0.5001244623768429,0.1659056225774806,-1.4426389295380202,-0.16194100785321872
1788466770.54,0.8738197684288025,-0.6306264400482178,1.3002810592087306,-0.9030135201608752,0.5060276217223539,0.15146576988077387,-1.4584006837751704,-0.1187289258734532
1788466770.607,0.8829869031906128,-0.6157707571983337,1.2920538589575459,-0.8940452972627303,0.49474487763743186,0.13425641112558329,-1.4572761928942177,0.013679049229001098
1788466770.674,0.8981868028640747,-0.5956743955612183,1.2808689724844884,-0.8825415380969112,0.4782660351854192,0.1197381808865135,-1.4488201091385027,0.09293371437898615
1788466770.74,0.9097890853881836,-0.5744666457176208,1.265598291782624,-0.8662346910295117,0.46013996090337894,0.10239121076208205,-1.4364186012913864,0.13083684155343814
1788466770.807,0.9178953766822815,-0.552330732345581,1.2438479129907911,-0.8424131583623399,0.4363403142155428,0.0802727250393642,-1.4232836766941719,0.13806460024295703
1788466770.874,0.9249975681304932,-0.5320702791213989,1.1566788148912694,-0.7497165035643332,0.31787745927462646,0.034537102269857206,-1.9817124788085851,-1.178395910906389
1788466770.94,0.9750144481658936,-0.5093712210655212,1.134862800592727,-0.7311454377376883,0.2733775758070263,0.026099577105095785,-2.6467498769055733,-2.6637129525386163
1788466771.074,1.015877604484558,-0.46386533975601196,1.0686991903600043,-0.6760305173729824,0.21864167609958934,0.08006751112608265,2.960296376432712,-3.1330948094971918
1788466771.14,1.0000571012496948,-0.44219303131103516,0.968198702841002,-0.5328786219948397,0.09611885302497915,0.19514012562187416,2.3355327889644784,-2.117314797809343
1788466771.207,0.9688755869865417,-0.42205244302749634,0.9254214370198184,-0.44227922474401726,0.047931053065192186,0.262423907699121,2.143333020579723,-1.598986577313846
1788466771.274,0.9472821950912476,-0.4057256877422333,0.8883640993580708,-0.36159208670314097,0.07361465034557693,0.31856588753208165,2.0128205348450425,-1.179428647270016
1788466771.34,0.9172137975692749,-0.39199888706207275,0.8623914155511031,-0.3101694865943005,0.09849641796056044,0.3477942902133869,1.9245845442460068,-0.8468994443583597
1788466771.407,0.8880923986434937,-0.38052883744239807,0.8476682378667892,-0.2897155859161471,0.09940402118260092,0.3503703192676973,1.8628584098668295,-0.6070074992783752
1788466771.507,0.844319224357605,-0.361613392829895,0.840419513633637,-0.2900641811188402,0.07165540761313116,0.3448827045044133,1.8310808063341035,-0.4272647866562307
1788466771.574,0.8265429735183716,-0.35422784090042114,0.840403375951915,-0.2930435406897087,0.06273459450649507,0.31940037525971854,1.7824404046581979,-0.3800938426173054
1788466771.641,0.814848780632019,-0.3483097553253174,0.8495487739576931,-0.3050289827718606,0.055473550541009053,0.2957506901528808,1.7504146684650905,-0.32258763997497597
1788466771.707,0.8021848201751709,-0.34368395805358887,0.8597765760284202,-0.30845820377464095,0.06751047405240974,0.2788354256222709,1.7213729115712813,-0.2857347503083387
1788466771.774,0.7832556366920471,-0.3401185870170593,0.8666417322321109,-0.3026664338056126,0.09141063783603269,0.26939809889592237,1.7009260090781293,-0.1987679384449469
1788466771.841,0.7630642652511597,-0.33753442764282227,0.8738308806854246,-0.28814268266249055,0.12127979043090592,0.2661755059422707,1.685855533089061,-0.14271671146072568
1788466771.907,0.7457593679428101,-0.32860374450683594,0.8819792030594533,-0.2699634788616301,0.14830550979024948,0.26561334606599507,1.6735151211407526,-0.11545857866391282
1788466771.974,0.7438054084777832,-0.3306315243244171,0.901431214677135,-0.251371136448343,0.17643158409497248,0.2647017742317583,1.663372966533327,-0.08450479004491639
1788466772.041,0.7467637062072754,-0.32914048433303833,0.9231881258596265,-0.23020744336473356,0.20227041910498222,0.26538482758733156,1.6557375309962037,-0.056553366301284366
1788466772.107,0.7502488493919373,-0.32576677203178406,0.9463176479332295,-0.20316867933422336,0.23124287252692896,0.27016043872650863,1.6447069883774308,-0.09235838605344877
1788466772.174,0.7447205781936646,-0.32215607166290283,0.9634832890961793,-0.1729835819143542,0.26478209036715095,0.2776817748082344,1.6279872102756707,-0.15783410863630132
1788466772.24,0.7459851503372192,-0.3191677927970886,0.9706859302053131,-0.14263801634568693,0.28575024487708045,0.28553635918791126,1.6069918460626482,-0.2081128088666209
1788466772.34,0.7677769064903259,-0.32000458240509033,0.9728151165977951,-0.11882622957160345,0.287251453003931,0.28897257878167376,1.5833928256565972,-0.2389763694750662
1788466772.407,0.7947376370429993,-0.3258896470069885,0.9357593654464622,-0.09390545859308,0.27148442230809466,0.2802509009266207,1.5688061802800437,-0.020742158409473507
1788466772.54,0.865578293800354,-0.3565601408481598,0.9006163571197502,-0.08492816571128847,0.2738824488679986,0.2675991969802666,1.585768015385943,0.11362873707919856
1788466772.574,0.8890555500984192,-0.37058359384536743,0.8658419886046476,-0.09015748886118714,0.2813852693262809,0.25286676847970996,1.6102948742694814,0.23043468453779853
1788466772.709,0.9482067823410034,-0.41143298149108887,0.8336661761277712,-0.09930013821193451,0.3324852813662943,0.23696140700256624,1.6458192270422503,0.3409676170065889
1788466772.774,0.9903872013092041,-0.43171125650405884,0.7899929841831835,-0.12207876851492483,0.3688226130213438,0.20448807352447554,1.7117263495993829,0.27509187863364004
1788466772.874,1.0467555522918701,-0.4566916823387146,0.7762759729676413,-0.13363898938799396,0.42133388809129085,0.18861063419926138,1.7259169028424344,0.1284772678092837
1788466772.942,1.0836890935897827,-0.476370245218277,0.7625093965687624,-0.13820440270356393,0.4663823912008258,0.1784158048767669,1.728976640566822,0.019439593152574666
1788466772.974,1.104344367980957,-0.4832979440689087,0.7599598657877626,-0.15166256552451476,0.4781032416258415,0.16175534840957126,1.712035903636135,-0.17578005493324886
1788466773.044,1.1455515623092651,-0.4922943711280823,0.7586135912171968,-0.1683607839519011,0.504632502296151,0.14367953614886578,1.687132464440424,-0.25157018341152393
1788466773.108,1.1884102821350098,-0.49510297179222107,0.761908286735901,-0.18382886869086884,0.5280109083541481,0.12712942540605682,1.6506970889321764,-0.36618058480705423
1788466773.174,1.2353496551513672,-0.4981021583080292,0.7669509344561286,-0.19708707059874958,0.5567831216708723,0.11302361752412603,1.5959811361152898,-0.5423812236252168
1788466773.241,1.2944225072860718,-0.5010493993759155,0.7765761565417172,-0.21072450041315705,0.5936778503001279,0.10027069144525569,1.5132106590875658,-0.8207952340056133
1788466773.374,1.444828987121582,-0.49836182594299316,0.686767125680684,-0.3228503749642016,0.7781144229455716,0.08070560075212632,2.105556456980308,2.2487365253879923
1788466773.407,1.4745268821716309,-0.4989067316055298,0.7124481796338924,-0.3302465688854391,0.7805191857669934,0.054155297378515585,2.5983982546966367,3.0677427071308174
1788466773.474,1.5213680267333984,-0.5019474029541016,0.7883044161981656,-0.3154583400430514,0.7564128685290813,0.010546058152274378,1.9915662548578608,-3.064845971428526
1788466773.541,1.5629832744598389,-0.5042117834091187,0.808744359721638,-0.3375266271316321,0.7724378821812853,0.0,1.481133367875068,-3.0411985533341994
1788466773.607,1.5926265716552734,-0.5089417099952698,0.8320567492409718,-0.35012790702123425,0.7769737954283903,0.0,1.181738608918442,-2.490890973189174
1788466773.674,1.6183032989501953,-0.5195475220680237,0.8566722801866081,-0.3640833808021934,0.7773357755580157,0.0,0.9107463769582615,-2.0839677855493335
1788466773.741,1.6536476612091064,-0.5310312509536743,0.8813637773453741,-0.37800596830191013,0.787298631020214,0.0,0.7172800867499998,-1.6119107631136382
1788466773.807,1.7120245695114136,-0.541475772857666,0.9266964439850043,-0.3858724089961567,0.8005951983292435,0.015837143717287776,0.5888986037041124,-1.1751403686962918
1788466773.874,1.7805153131484985,-0.5525617599487305,1.0209977206312855,-0.38245165963887373,0.7783343880174978,0.06935795228158095,0.4670596471922268,-0.9204588639066222
1788466774.007,1.917877435684204,-0.5731804370880127,1.1143244156918892,-0.381561964722186,0.8260841935847597,0.12098780194478088,0.409854747448823,-0.5577035372881226
1788466774.074,1.977541208267212,-0.5814070105552673,1.2714642399682337,-0.3801416738769341,0.7342018938347402,0.20455017939538223,0.3567571737053914,-0.24256746311072133
1788466774.174,2.067204236984253,-0.5887071490287781,1.3685313103657983,-0.37389458504041445,0.7309502691954161,0.25800736926998113,0.33746986886876407,-0.181015816894716
1788466774.241,2.1259515285491943,-0.5908552408218384,1.5915368188244206,-0.3555277480368768,0.5839333102595453,0.3787449981436973,0.3057695528875439,-0.12519894887489968
1788466774.307,2.186758518218994,-0.590078592300415,1.7321710027545307,-0.34222381345281233,0.5177661640294273,0.45528887899884185,0.29128054586418317,-0.12248928915949737
1788466774.407,2.2938308715820312,-0.5917147994041443,1.887567680814184,-0.325797577523066,0.4855530342463354,0.5385154265977473,0.277613751534052,-0.10965005983779108
1788466774.507,2.4565162658691406,-0.5935996770858765,2.089921055975804,-0.32588422859418836,0.4539422972998279,0.6301038587627474,0.25202999969537077,-0.13166964701728825
1788466774.541,2.4885871410369873,-0.5898532867431641,2.1764592743849684,-0.34320723637669465,0.39781664030319225,0.6559909615609716,0.22974282771516386,-0.1901928456361946
1788466774.641,2.5687918663024902,-0.5970970988273621,2.2338765172045187,-0.3779940294265556,0.4002179981988201,0.6604237469595426,0.19865377180968835,-0.2815660810465666
1788466774.707,2.601168632507324,-0.6042757034301758,2.264221727127849,-0.42033558801819454,0.3838843355785411,0.6465099467486658,0.16035384008339593,-0.35033039532678
1788466774.741,2.6140918731689453,-0.6123284101486206,2.288353650662414,-0.46358646266066933,0.35809154771402096,0.6303361678094961,0.11785645699836733,-0.3915181258872801
1788466774.807,2.656804084777832,-0.6265549063682556,2.3373129575944525,-0.5037653639781925,0.3422745273450356,0.6335531532159407,0.07443921541520426,-0.4035943198511381
1788466774.874,2.7008376121520996,-0.6478171944618225,2.4149720252421463,-0.5330651749864461,0.3080375947072845,0.6565095857469839,0.036713068795735104,-0.34403183275202015
1788466774.941,2.7489302158355713,-0.6717557907104492,2.4783886662408654,-0.556092084193186,0.2942292015800204,0.6834825273433958,0.014422898826149666,-0.2713331130554473
1788466775.007,2.8100085258483887,-0.6967309713363647,2.610340486377069,-0.6210901054896452,0.21351549492334704,0.7295416433570407,-0.04210552257044986,-0.4128996226744658
1788466775.074,2.876258373260498,-0.7234495878219604,2.7077361796265285,-0.6742969171115458,0.17554405368787515,0.7660272026462197,-0.08317153291906543,-0.39161807709759483
1788466775.141,2.94697904586792,-0.7496015429496765,2.7646784766358676,-0.7071807022289324,0.18717111227372946,0.7894608442957819,-0.10933541397803825,-0.3406051766807519
1788466775.207,3.018914222717285,-0.7722876071929932,2.841781164545313,-0.7518171265796798,0.1783119762492001,0.8104225328548695,-0.14827322688699818,-0.3684848332235202
1788466775.274,3.0856680870056152,-0.7946832776069641,2.9160444962933045,-0.786969388901023,0.16979890048261545,0.8280716661003085,-0.1815521714903161,-0.32529291919906755
1788466775.341,3.142289638519287,-0.815747857093811,2.9905629979698127,-0.8072965773331039,0.15196182935863578,0.84361943588548,-0.2054989308672006,-0.24667190588016114
1788466775.441,3.2230634689331055,-0.8451142311096191,3.1277622850956877,-0.8111811223587858,0.1011621051101112,0.8767838460554822,-0.22129551711151674,-0.07158194697389922
1788466775.507,3.277223587036133,-0.8623358011245728,3.340521163834796,-0.791670627301639,0.09486912047662341,0.9573736231867946,-0.20135471554722706,0.12158628401935714
1788466775.574,3.3298583030700684,-0.8759438395500183,3.434349822236231,-0.76489596238547,0.15247986293411073,0.994294430853803,-0.18616571154568318,0.17221429451829376
1788466775.641,3.389803647994995,-0.8902462720870972,3.5481678453724736,-0.7875715875029048,0.18873608522345792,1.0053614199429282,-0.17431662345967514,0.064591550913981
1788466775.708,3.4585320949554443,-0.9038640856742859,3.576038755587975,-0.8273943207328956,0.1401978610507314,0.9839792392599594,-0.1837814981611281,-0.11812485576836863
1788466775.774,3.5190534591674805,-0.9209930300712585,3.566203311480544,-0.8562279510236579,0.08011007450493131,0.9600595248825711,-0.1981546663818321,-0.20737219258482953
1788466775.874,3.598686695098877,-0.9510630369186401,3.5712102144845437,-0.9041511388794531,0.05436619505344212,0.9294758588571128,-0.2311543278617867,-0.3277201675934042
1788466775.974,3.66072416305542,-0.9920074343681335,3.5781954928863144,-0.9963650580323477,0.08264363426108462,0.8715775939841437,-0.31204650902933473,-0.39237099752277954
1788466776.041,3.6883997917175293,-1.021941900253296,3.6082799555430927,-1.037997807421925,0.08171279155448183,0.8620994475868153,-0.34856310496237297,-0.354847737259043
1788466776.107,3.7241339683532715,-1.04706609249115,3.6655709518298125,-1.071252067377068,0.06336077876343685,0.867370622421147,-0.3752383718514367,-0.25669498731849616
1788466776.174,3.748173475265503,-1.0732245445251465,3.7421820551978717,-1.105305278281132,0.032635419297892224,0.8846824922489583,-0.3924900533183049,-0.16752430548269864
1788466776.208,3.7632431983947754,-1.088322639465332,3.83660808335197,-1.124280959092193,0.08170316453583581,0.9087928059368517,-0.39609351943920057,-0.03840329186750295
1788466776.274,3.802382230758667,-1.1125292778015137,3.9365851138352133,-1.1278151348262098,0.1350706157942452,0.931124270203431,-0.38585354186435517,0.09654407540052164
1788466776.374,3.8371691703796387,-1.1680052280426025,4.020819195424588,-1.1319045253623687,0.18716461319655794,0.9432705072768716,-0.36990053320527316,0.15403175100169278
1788466776.441,3.8516247272491455,-1.1995686292648315,4.124366084329344,-1.1342661218073047,0.28045011203811016,0.9460629868665053,-0.3399327666349232,0.17194134851551918
1788466776.508,3.865969181060791,-1.2352311611175537,4.1762876143979195,-1.1531351262296272,0.32099421959457386,0.9411108477696064,-0.32925620985758464,0.10271735268943037
1788466776.574,3.9211812019348145,-1.270417332649231,4.213411061414892,-1.1927920253207833,0.30236398447828006,0.9307237619378866,-0.3324484284096263,-0.036703677237545126
1788466776.641,3.972275733947754,-1.3073376417160034,4.248979282674189,-1.244175200602414,0.2838209785150323,0.9233464329137924,-0.3492703356749334,-0.17570099461488609
1788466776.774,4.02667236328125,-1.3634722232818604,4.295414167181834,-1.297344961239847,0.27675796636937644,0.9247374712368374,-0.37427388478802737,-0.26391787799787225
1788466776.907,4.032944679260254,-1.3698854446411133,4.394827076861184,-1.424904519710593,0.3660409380313887,0.9206177230587169,-0.4528229535221464,-0.4009918572809911
1788466777.007,3.9823379516601562,-1.3778880834579468,4.417910254576996,-1.4988862857698075,0.45206614121274463,0.8990624111287007,-0.5130405697993341,-0.38407095624583754
1788466777.074,3.9610581398010254,-1.3700398206710815,4.397919234005232,-1.5642678219087545,0.4780921794947896,0.8732328285473605,-0.5646483799899866,-0.5051241561515717
1788466777.141,3.9769022464752197,-1.3660681247711182,4.363965320075362,-1.6314575285123245,0.46930731782372864,0.846216189411821,-0.6281349035276884,-0.6288990652708852
1788466777.174,3.9761507511138916,-1.3504977226257324,4.313045296003348,-1.6905093035743248,0.4786499864780475,0.8120820263019597,-0.7031455711360612,-0.7341393331604738
1788466777.241,3.95843768119812,-1.3263492584228516,4.269592560647552,-1.7194477299823,0.5013419664735488,0.7898515192081452,-0.7566713661156825,-0.7032745138169431
1788466777.308,3.9213428497314453,-1.3059515953063965,4.226065490793688,-1.776133838774878,0.5602920935092718,0.7692512217504848,-0.8426102355902834,-0.8332677327804772
1788466777.341,3.8982529640197754,-1.291459321975708,4.165583384798572,-1.8354959358640157,0.6061694409361331,0.7501712467178604,-0.9383273685228106,-0.935586785063375
1788466777.407,3.8444721698760986,-1.266776442527771,4.111720674359141,-1.8637684734585394,0.6540804599919388,0.7360432344437163,-1.0083089762864113,-0.9041906113271985
1788466777.474,3.8171536922454834,-1.2573895454406738,3.999482783507219,-1.9140203352883958,0.6814747916807881,0.7142151539087328,-1.139101942797283,-1.2281284018834129
1788466777.541,3.770028829574585,-1.2393810749053955,3.8679990158702697,-1.9418118219596034,0.7092299428323257,0.6921901977516876,-1.2924406316746846,-1.4483474455572434
1788466777.608,3.784337043762207,-1.2354466915130615,3.734784347317993,-1.9532272708349256,0.7194890060150491,0.6842327518247643,-1.4655407001243308,-1.6673844053721196
1788466777.674,3.7058489322662354,-1.1870882511138916,3.6169316914136624,-1.9333585784750662,0.7515488521849988,0.6760495435081764,-1.6544224147762605,-1.811095818068294
1788466777.708,3.628458023071289,-1.1731374263763428,4.515115652533485,-1.3154606110117968,0.8980075950504527,0.6495805029214915,-1.1345691230215529,2.60032719123025
1788466777.774,3.51101016998291,-1.1633586883544922,4.606501123439768,-1.2824414970949827,1.1019442565045388,0.64280970913136,-0.6675332318538736,3.0364746576850186
1788466777.841,3.4005579948425293,-1.1531153917312622,4.659040591408851,-1.3059308472783444,1.2677267092375917,0.6299618462014998,-0.36533645487227906,2.3220009172034852
1788466777.943,3.25567364692688,-1.1319646835327148,4.651190869126763,-1.351982952936381,1.4127548818984355,0.5872844420012839,-0.20963510242526295,1.365979640112344
1788466778.007,3.194356918334961,-1.1181819438934326,4.507926704333599,-1.4055296490175135,1.3446316545167987,0.45303699505162,-0.11458555865246822,0.2867416167111674
1788466778.141,3.0643911361694336,-1.077667236328125,4.39001632754862,-1.414475042928415,1.3677432677977266,0.3521369844140144,-0.11460971497658878,0.01100569165835507
1788466778.174,3.032101631164551,-1.0635170936584473,4.24719656826776,-1.3872611454330264,1.2574839630123609,0.23099212446636214,-0.11183122113367405,0.10032990043787107
1788466778.274,2.9362666606903076,-1.0250847339630127,3.951883827671312,-1.4845257559205849,1.1147036747602206,0.1674146874629679,-0.6857036904040141,-1.350733911149908
1788466778.374,2.8567099571228027,-0.9859157800674438,3.9167978417827554,-1.4013327105668922,1.1385769843749682,0.07952523550034041,-1.3329989618185007,-2.835837319267155
1788466778.441,2.799807548522949,-0.9502662420272827,3.914859126396581,-1.316933279826358,1.1737907555977873,0.0,-2.1896963757268084,-2.694217401737003
1788466778.507,2.73795223236084,-0.9121458530426025,3.888120180924164,-1.298419149065976,1.2132985490484713,0.0,-2.4648768465008457,-2.111168594722473
1788466778.574,2.6746859550476074,-0.8777197599411011,3.8430464576181267,-1.2853431409354383,1.2374259916051913,0.012334122776098674,-2.6534913114381107,-1.59645138535082
1788466778.641,2.6072216033935547,-0.8486300706863403,3.80482972327546,-1.275188285057949,1.2713052816121577,0.029414585506275206,-2.787914944552199,-1.2125297067027285
1788466778.707,2.5428102016448975,-0.8207767009735107,3.7070863585081884,-1.2595605949681505,1.2442147222523345,0.08560406881808125,-2.8851400215412344,-0.9170613100038163
1788466778.774,2.4730067253112793,-0.7951139211654663,3.5711766301247776,-1.2457738924010786,1.1870431961441719,0.16750443147987196,-2.9385942296573204,-0.6719869286924526
1788466778.841,2.404707670211792,-0.7722233533859253,3.046292279043131,-1.2235808540357889,0.7844452840588398,0.5004885482496093,-3.042454622696344,-0.4036227352558032
1788466778.874,2.370030164718628,-0.7645925283432007,2.8398399221265427,-1.210636757388292,0.6478245614517201,0.6264502795154623,-3.0646011585790998,-0.264153995616448
1788466779.008,2.225414752960205,-0.7286509275436401,2.6042908858966913,-1.206638562542109,0.609933851594036,0.7578652880184956,-3.083951232117173,-0.148140517390469
1788466779.074,2.1554689407348633,-0.7118692994117737,2.307620236234597,-1.177698604486404,0.4900479141763184,0.9059487527133925,-3.1038169498432207,-0.049054669055902916
1788466779.174,2.0452182292938232,-0.6854598522186279,2.1424962173113085,-1.1287433118888797,0.45383172274528993,0.957057721427835,-3.12662014832361,-0.12420166452824366
1788466779.241,1.9751665592193604,-0.6669386625289917,2.019812144972036,-1.0628160428158229,0.39838690810563027,0.9959986511308282,3.1313485399509693,-0.11420173895266127
1788466779.307,1.9216995239257812,-0.6466983556747437,1.9398312781778144,-1.0320548769426363,0.38578285212791397,1.0052495570543634,3.1156300907153263,-0.09533634458269621
1788466779.408,1.841906189918518,-0.6128284335136414,1.8565127875690872,-0.9884993947531201,0.3759548161860938,0.9941729635342893,3.095932906853143,-0.08641663393906027
1788466779.474,1.7903249263763428,-0.5869927406311035,1.811426885933668,-0.9326813068713673,0.3463320336417182,0.9813915500695735,3.0766177519803204,-0.11739224074378866
1788466779.541,1.7353556156158447,-0.5582733154296875,1.761946904555622,-0.8688640735796361,0.3117269890395097,0.9742862148837252,3.052689128899785,-0.16077520488210642
1788466779.574,1.7032248973846436,-0.5403950810432434,1.7084019225280795,-0.794994196705327,0.2546517451054494,0.97171287928691,3.0227656034660155,-0.21915818480603794
1788466779.641,1.6449546813964844,-0.5118528604507446,1.6471426036299175,-0.7238115330445793,0.21196996459744002,0.975640286630656,2.9907436624447854,-0.24634656022819218
1788466779.708,1.5780439376831055,-0.48275211453437805,1.5843623271959706,-0.6561451925485035,0.1735081598924064,0.9819446738613608,2.958923096646199,-0.25359007501130976
1788466779.774,1.5084664821624756,-0.4550480842590332,1.5099022948166934,-0.6084417565783174,0.15340039199941427,0.9928282406230304,2.934364001550618,-0.18775821462911657
1788466779.841,1.4508966207504272,-0.42754966020584106,1.4285660572484404,-0.585312656835244,0.1593355489895625,1.0042684268398432,2.9229737429794334,-0.06616230033344925
1788466779.908,1.3965539932250977,-0.39652353525161743,1.3830365985511068,-0.5801653887114325,0.18413867138906112,1.0121230222109368,2.922019351964746,0.023536868003359593
1788466779.974,1.3402431011199951,-0.3665797710418701,1.301158568996618,-0.558531096178359,0.19589005046953606,1.0233318948058905,2.9239656839408195,0.045608876048863656
1788466780.008,1.3096559047698975,-0.3505799174308777,1.221591683532382,-0.5178431032401163,0.18902983994392517,1.0354300164789372,2.920212212296841,-0.01579276940692611
1788466780.108,1.2364437580108643,-0.3078363537788391,1.1478557529437452,-0.46464289465401454,0.18010032177375465,1.0461668547656273,2.9081237795288466,-0.10458268641226133
1788466780.241,1.1598408222198486,-0.24628962576389313,1.0367779611476045,-0.37301041442643057,0.17664265072326657,1.0640451500472152,2.874922698499171,-0.2055090484484522
1788466780.308,1.1136796474456787,-0.21302489936351776,0.929013573279801,-0.24870379206788007,0.18808121206661454,1.0650316328225595,2.816152311220521,-0.31357750214586777
1788466780.374,1.0720759630203247,-0.18048596382141113,0.9200086691425794,-0.2173124005469071,0.15646292950471533,1.0544223907711228,2.7940565185136776,-0.28895875367762414
1788466780.441,1.0306228399276733,-0.15085868537425995,0.8882168126771509,-0.171389540621322,0.1438783952317107,1.0388199086893346,2.7618596591851716,-0.30741838853602166
1788466780.508,0.9984222650527954,-0.11475774645805359,0.8623233123432531,-0.13191814757699247,0.1371765442602966,1.0194623885763627,2.7329255741949243,-0.2804108899000958
1788466780.574,0.9750988483428955,-0.0784737765789032,0.8267920606251418,-0.10726794634441296,0.15107616455167197,1.0018426938554708,2.7119954835195426,-0.199984590074923
1788466780.641,0.9551876187324524,-0.04025666415691376,0.7659354634729757,-0.048518359957040506,0.1894323992559111,0.989082432877519,2.683576609037747,-0.16917102463970465
1788466780.708,0.9206973314285278,-0.0030397623777389526,0.7188872951697196,0.00803481736646898,0.2021136735881378,0.9906491434380534,2.662170374809234,-0.20997986994693293
1788466780.774,0.8684234023094177,0.026548832654953003,0.6687903364981199,0.07600239910981542,0.20566724629926725,0.9993554238695644,2.6357168954778167,-0.2708918702157863
1788466780.841,0.8305261731147766,0.05415618419647217,0.633975026171409,0.15096614771865835,0.2190993436820848,1.0019195191343022,2.6009980821607392,-0.35413780919273924
1788466780.908,0.8021088242530823,0.0873122364282608,0.6197068614113868,0.23718018207412708,0.23607388076747415,0.9995177603942743,2.554680726365458,-0.46986559462293753
1788466780.974,0.7842863202095032,0.11524035781621933,0.6049670652417846,0.3122378040157796,0.26638954373497153,0.9959160064319972,2.50516669850899,-0.5101591233374654
1788466781.041,0.8133212327957153,0.14284686744213104,0.5986318108955828,0.35005035457515166,0.2983702950293426,0.9942076734398028,2.472599709265089,-0.4513429200414443
1788466781.141,0.8257588148117065,0.1788373738527298,0.5950003566907757,0.4505905570690012,0.35650982957349964,0.978356375015748,2.3961088694612087,-0.6144322388465698
1788466781.274,0.8204089403152466,0.20867803692817688,0.6125710576111724,0.5416364023609973,0.39250204916485226,0.9331517604431968,2.292773638188409,-0.5736452972349702
1788466781.341,0.8161475658416748,0.22069145739078522,0.6124581922956805,0.5714269151431489,0.4055918172502001,0.9083351866214028,2.2506951458844533,-0.4541702752502315
1788466781.408,0.8157203197479248,0.23103949427604675,0.6029041951192068,0.5966515353574028,0.42304003059481404,0.8866444090367678,2.215833017364556,-0.3828853092338088
1788466781.474,0.8222053050994873,0.24314284324645996,0.5844910077903778,0.6149617569925152,0.441313258088243,0.8646715783635965,2.1894373102098896,-0.2974056895731552
1788466781.508,0.8277760744094849,0.24821430444717407,0.5543860452710125,0.6250008103748836,0.46552140561046884,0.8428947823922336,2.175154108565664,-0.1710826891767148
1788466781.574,0.8310598134994507,0.2634233832359314,0.5399101375931503,0.6394651672884872,0.475579180719439,0.819284254239486,2.1637420572127084,-0.13441553721635882
1788466781.641,0.8420790433883667,0.27753448486328125,0.5279693996363757,0.6536117022892606,0.4899989201670449,0.7948813260953913,2.154661013832081,-0.10129519639086372
1788466781.708,0.8520194292068481,0.28947195410728455,0.5194270703807569,0.679782590192068,0.512796323885431,0.7772176449768758,2.1432934235240815,-0.12661681900337338
1788466781.774,0.8627686500549316,0.29535508155822754,0.5340968623350911,0.7298960047671728,0.544840305030968,0.7677397953732552,2.114080594218901,-0.3211550399379407
1788466781.875,0.8861629962921143,0.2926468253135681,0.5660486561564111,0.7786417092986286,0.5819486386444848,0.754840120388273,2.0647170113150928,-0.5221719788278095
1788466781.941,0.8958467841148376,0.28355687856674194,0.5837490038100952,0.8133651345203745,0.6148998394436098,0.739704806077022,2.0113484735709015,-0.5592184833299475
1788466782.041,0.8948312401771545,0.2619636356830597,0.5937279788224507,0.8305634628720187,0.6434041789402313,0.7168748286305865,1.9631065755465453,-0.50752699531726
1788466782.175,0.8715105652809143,0.18777874112129211,0.507711044269245,0.7497365135317015,0.6694375470951637,0.6094746288343087,1.9876829770624527,0.3877054815017916
1788466782.241,0.8508185744285583,0.14119958877563477,0.44284329875141815,0.6520194035707814,0.6537436108683483,0.5520899134900172,2.0771131969342074,0.9188423938689366
1788466782.308,0.8300892114639282,0.09198370575904846,0.4074528868621281,0.5637535607984854,0.6333942366305914,0.5028137317310486,2.1959001084951026,1.1931348660200998
1788466782.374,0.8233694434165955,0.0432731956243515,0.39873184480917206,0.4902899721990375,0.6165558277157892,0.45625913651611905,2.3243225776282443,1.2609355268527955
1788466782.441,0.8213692903518677,-0.0031868964433670044,0.4041612791336363,0.4167581060107741,0.5919597365622771,0.40991805309831686,2.460821714744374,1.3289782009873332
1788466782.508,0.817779004573822,-0.05153574049472809,0.42958447900631314,0.35400320958192305,0.5613883056404505,0.3624653598211488,2.59762046520658,1.3386929447595821
1788466782.575,0.8183015584945679,-0.10010673850774765,0.9554274779353008,0.44837887431129664,0.5653671243112293,0.28906282543678224,2.1253979661226907,-2.1567969034941847
1788466782.641,0.8226462602615356,-0.14094774425029755,1.0107789988630203,0.4180679990000805,0.589824150519006,0.25637628144269586,1.5645593745700825,-3.08224475655762
1788466782.708,0.8285556435585022,-0.18163791298866272,1.0330020090451022,0.4102260100211899,0.6261798621173418,0.23766222417423472,1.1512851055312776,-2.7789543460278088
1788466782.775,0.8248951435089111,-0.21970166265964508,1.0447813934499033,0.41143819904479956,0.6683468320755459,0.22609395877909602,0.8968105473720351,-1.99656439882319
1788466782.841,0.8183811902999878,-0.2540885806083679,1.0499250547720793,0.4052855601416095,0.6988467776733618,0.21719165927037754,0.7704641444619416,-1.3583197165482856
1788466782.908,0.8015455007553101,-0.2913370132446289,1.0559967675550075,0.409871345750232,0.7459481281565338,0.20906072430008343,0.6724220815674937,-0.8656122306077382
1788466782.975,0.7869085073471069,-0.3318740725517273,1.0535025837642904,0.4061851836253712,0.7847317167092348,0.19452628272502612,0.624821300634105,-0.4427094281096897
1788466783.041,0.7713868618011475,-0.3711329698562622,1.024471893951158,0.3812556807893426,0.7938140305630065,0.15304351351197823,0.6033084236947595,-0.15943390659047874
1788466783.108,0.7571772336959839,-0.40725308656692505,0.9716923839008003,0.33333377482647186,0.7710289546676683,0.09664303537643426,0.6046708562944203,0.020971788328314343
1788466783.175,0.7407181262969971,-0.44147586822509766,0.8947087203117279,0.2250431258075386,0.6840765106706171,0.0306924363016729,0.08949810900872279,-1.1508095411602235
1788466783.275,0.7300156354904175,-0.4939184784889221,0.8712974682201856,0.211924942119965,0.7198440738634558,0.0,-0.5341801762740475,-2.663551844670742
1788466783.342,0.7447288036346436,-0.5253816843032837,0.8566779150398649,0.17785453034161208,0.7120911297948463,0.0,-1.0789047707966235,-3.1063553799904406
1788466783.375,0.7500278949737549,-0.5350427627563477,0.8386546386882817,0.11612802232817826,0.6571743231814814,0.026084607735343976,-1.4399766228274977,-2.5225518320823146
1788466783.441,0.7595828771591187,-0.5631128549575806,0.806478649970594,0.005306465388792432,0.5703505389237553,0.09695352732409059,-1.6499412594908074,-1.689519417896399
1788466783.508,0.7720921039581299,-0.5979611873626709,0.770984285198602,-0.14078171830872804,0.4571808112627312,0.19330771578894648,-1.7562169397753498,-0.9417502508512318
1788466783.575,0.7951604127883911,-0.6352883577346802,0.7404327212941786,-0.3003046384630046,0.3394248258353688,0.2956530158833406,-1.8040071139804754,-0.44761281248807455
1788466783.641,0.8135862946510315,-0.6749418377876282,0.7088789493235715,-0.4406744633566247,0.2566024763877386,0.3819833183986345,-1.8312849766874075,-0.2675012916162712
1788466783.708,0.831735372543335,-0.7179821133613586,0.679349809610351,-0.5574170376933199,0.2213650905510746,0.448082354105701,-1.8517054941997768,-0.20653780101172325
1788466783.808,0.8664868474006653,-0.7748796939849854,0.643944408710593,-0.6475945625894499,0.2563720766630081,0.49464601001341457,-1.8755422878149948,-0.2434349621231874
1788466783.874,0.8846372365951538,-0.8056732416152954,0.6219793593351881,-0.7192643573494698,0.27650615864167666,0.5239642654406741,-1.8941037252737385,-0.19420957525073643
1788466783.941,0.9053223133087158,-0.8304229974746704,0.6203361450142265,-0.7896750519072376,0.2878845448910751,0.5457262400643366,-1.8952486581918104,-0.01731322208063639
1788466784.008,0.9253821969032288,-0.8480451107025146,0.6143983676763763,-0.8545863543788663,0.3110526159822957,0.5640573014968955,-1.8885362464650473,0.06237050008623001
1788466784.075,0.9454034566879272,-0.8586220741271973,0.5752959185337484,-0.9039695809713548,0.3728752957431316,0.5790120302735353,-1.898224747508555,-0.09895295148507988
1788466784.141,0.968914806842804,-0.8603026270866394,0.5238633539743818,-0.9396435928667474,0.4520683405760833,0.5880893811358144,-1.9267196663230433,-0.283442079462092
1788466784.208,0.9865911602973938,-0.8571022748947144,0.4711112945453596,-0.9651079967967691,0.5266732648989496,0.5923329906382442,-1.9684273159438805,-0.4128482953263647
1788466784.341,1.0080797672271729,-0.833170473575592,0.37371129628829003,-0.968420479644558,0.6486261797545575,0.5891941868985632,-2.0674283395037083,-0.7801801524347871
1788466784.375,1.011348009109497,-0.8172119855880737,0.3187641414155454,-0.9383691790672004,0.7031013293414057,0.5725260943157282,-2.155363434591405,-0.90572296013493
1788466784.441,1.024047613143921,-0.8015589118003845,0.2851190952040405,-0.8703317256138061,0.7421219943814114,0.5275979443807618,-2.3182067616366124,-1.0056369014711082
1788466784.541,1.0641770362854004,-0.7778940200805664,0.28427237976977526,-0.832006811624045,0.7817796796178469,0.4939597120994166,-2.4201311160456607,-1.017943844742454
1788466784.641,1.1099759340286255,-0.7327257990837097,0.3035697921570128,-0.7823612940467888,0.8079322669682709,0.4501485361149976,-2.5301752433846296,-1.1084649091596959
1788466784.741,1.179884672164917,-0.6490895748138428,0.954230041829883,-0.8886227632510669,0.32908381995252145,0.35514303918953083,-2.1145097077474593,2.09587033241248
1788466784.808,1.2061502933502197,-0.6123710870742798,1.0610496775271887,-0.9063237858217356,0.32781454789733677,0.343730935689361,-1.485667427458908,3.073032613272202
1788466784.874,1.2538150548934937,-0.5768250226974487,1.1323035861784483,-0.9491650646114188,0.3916658573858391,0.36382870269512135,-1.1112023324553215,2.6075333507580374
1788466784.941,1.2974951267242432,-0.5394126772880554,1.1943581129441743,-1.009394879990546,0.48116578688488953,0.39579975726017425,-0.8929610094718816,1.7413363667068005
1788466785.008,1.3495213985443115,-0.5078788995742798,1.242534531869882,-1.0716245868206495,0.5738077984218182,0.42458116322907913,-0.7814937911315107,0.9762670206366119
1788466785.141,1.4707305431365967,-0.4532167911529541,1.2725649202911262,-1.1251364192320896,0.7005323694703458,0.44135068633334135,-0.7353025570198382,0.42314120225969737
1788466785.208,1.5307888984680176,-0.42989587783813477,1.2576565719956772,-1.2050663740673833,0.8218823309869197,0.42987156553333805,-0.7768479156880521,-0.41460299785555826
1788466785.275,1.5836164951324463,-0.41209137439727783,1.2119822260841162,-1.2168686900955372,0.8864415140287499,0.3989663242546868,-0.8495365033576521,-0.7319335386493694
1788466785.341,1.6259467601776123,-0.40105879306793213,1.1488468495113997,-1.2036413562017512,0.9336825453033588,0.35391721169585305,-0.9532272580871028,-1.0262611323870923
1788466785.408,1.6662309169769287,-0.39691320061683655,1.1086496420369925,-1.164853673946583,0.9490149886811902,0.3142968071607797,-1.02896558398922,-1.0012650745270077
1788466785.475,1.715808391571045,-0.39958471059799194,1.061545371102375,-1.1173297046304664,0.9711940982169651,0.26346246338366974,-1.1558779036677762,-1.2185267692738355
1788466785.541,1.7692815065383911,-0.4058007299900055,1.1746495375612978,-0.725714002077198,0.6752271322948368,0.20208237674996676,-0.5343259747477207,2.307816791808115
1788466785.675,1.918713092803955,-0.43404942750930786,1.183546953147975,-0.6755082987772911,0.7738033596532679,0.17564741208964824,0.06785667141876894,3.0793171139898154
1788466785.741,2.0040557384490967,-0.45359039306640625,1.2767959256767882,-0.5787883335927171,0.737957559474556,0.21347407837219995,0.5308359092099169,1.4532841421099567
1788466785.841,2.11679744720459,-0.47336527705192566,1.3882598100305124,-0.5317418376744063,0.7308727054756512,0.2745166977252794,0.5696041973258388,0.3237152926511185
1788466785.908,2.189131021499634,-0.49306371808052063,1.5337084174882591,-0.5061718206436078,0.6555536684374939,0.3546711323677277,0.5185002729362891,-0.5043368789513785
1788466785.975,2.2619071006774902,-0.5105054378509521,1.6804161305794858,-0.5031557096079076,0.581537416518288,0.4350222052533331,0.4239698940489278,-0.9232377124725173
1788466786.041,2.337862491607666,-0.5274810791015625,1.8194730960005605,-0.5089949225256382,0.5187189060202546,0.5107220124176441,0.3193824624012316,-1.0287237903493283
1788466786.108,2.4084091186523438,-0.5403394103050232,1.9592725835436153,-0.5230738685200558,0.44946827040693593,0.5856760607891833,0.2181709781365999,-1.0109518274875329
1788466786.175,2.4834933280944824,-0.5517227053642273,2.0825206528531677,-0.5469385280118623,0.4010012152638889,0.6469916408979327,0.12260412286687883,-0.9571481500668236
1788466786.241,2.563854694366455,-0.5622474551200867,2.193000894296948,-0.5728199800352919,0.3710044734353974,0.6977646708015113,0.03719848095729317,-0.8678293824090156
1788466786.308,2.6301774978637695,-0.5763350129127502,2.2803785899745295,-0.6065845559254215,0.35110441582666047,0.7318968221335087,-0.04145681998938677,-0.8091424565188389
1788466786.376,2.699894905090332,-0.5938713550567627,2.3360614397484674,-0.6450468230417226,0.36741491399526705,0.7451415489841727,-0.11580969494144666,-0.7759853207115868
1788466786.441,2.76395320892334,-0.6124690771102905,2.3732056191124284,-0.6683688597437079,0.39472580944435287,0.7425587011426124,-0.18083615326986857,-0.677722554588069
1788466786.475,2.7938313484191895,-0.6279443502426147,2.4091762119838975,-0.6888652002876742,0.38944951400183525,0.7383917495035247,-0.2360203421982381,-0.577854680209373
1788466786.541,2.8523542881011963,-0.6553303599357605,2.456153667167619,-0.6945660748427853,0.39813863584487447,0.737998062687575,-0.27454054404145056,-0.41358787649452866
1788466786.608,2.898210287094116,-0.6866064071655273,2.528684822052703,-0.6923283511215532,0.36956976331500474,0.7510518804094585,-0.2944193728912192,-0.22324241210124662
1788466786.708,2.9806416034698486,-0.741776704788208,2.633918440892851,-0.6931373694063445,0.35011817492638747,0.7850081619609234,-0.2982942926602212,-0.06209618935510362
1788466786.812,3.061431407928467,-0.791469156742096,2.764308718690222,-0.6890620868696712,0.31427551673654464,0.8335660796478263,-0.2872652046577744,0.08930851562723109
1788466786.841,3.094325542449951,-0.8144865036010742,2.9423987868765087,-0.6910776786547868,0.1957331784182129,0.8945111073415684,-0.26100035966686486,0.18562585161311468
1788466786.908,3.1572961807250977,-0.852787435054779,3.071484462338654,-0.6968398696798587,0.17799801728895578,0.9394637558700649,-0.24254029806291877,0.1723708324190404
1788466786.975,3.2030043601989746,-0.8903876543045044,3.1911941337775773,-0.6891755832951084,0.20155837608002025,0.9746443594854687,-0.22007847168132688,0.21509273355813188
1788466787.041,3.244744062423706,-0.9257394671440125,3.3057617209879977,-0.6810862921453045,0.25214743840383724,1.006013303889023,-0.19614967384375648,0.23423281284859587
1788466787.141,3.318021774291992,-0.9837359189987183,3.409811266725116,-0.6702514848929731,0.3266462939445812,1.0286817314524186,-0.17135651906320826,0.24238547560237744
1788466787.208,3.376906633377075,-1.0206382274627686,3.5102527102698695,-0.6558392313308018,0.3884063385188116,1.0481701506210475,-0.14599766611166265,0.24918755835762732
1788466787.275,3.4328408241271973,-1.0558055639266968,3.6124971859197204,-0.6455944762229265,0.4478275837949648,1.0693597344590666,-0.12255823272714084,0.23305573869144908
1788466787.308,3.4620375633239746,-1.0765650272369385,3.7005319255669598,-0.6302052246489203,0.5060796717791605,1.0796143282792385,-0.09922893994385307,0.23716065309724693
1788466787.442,3.570230722427368,-1.1590970754623413,3.781227950826505,-0.618647334977164,0.5801773456302934,1.0843370158930852,-0.07726220150903762,0.2313046835344913
1788466787.508,3.6280171871185303,-1.2033015489578247,3.8789646691303528,-0.6016683088756829,0.651872068967378,1.0786771569611315,-0.04240953063521635,0.21135500914135377
1788466787.575,3.672649383544922,-1.2468634843826294,3.931521944703532,-0.6145171581034738,0.6832838936193085,1.0667175439287926,-0.028706700432492127,0.17746296984172968
1788466787.641,3.714508533477783,-1.2933857440948486,3.9613545857529244,-0.6531385269806611,0.6861847218834615,1.0390738392174712,-0.027309065570327196,0.07390084159204502
1788466787.741,3.790679454803467,-1.3761993646621704,3.9957098467114243,-0.7411061453797855,0.6673686078805281,0.9955385317293359,-0.04641940598017946,-0.06193174893467447
1788466787.875,3.8718197345733643,-1.4881173372268677,4.043748781381986,-0.7932415957393105,0.7158295140914515,0.9590438231626702,-0.06668669429084018,-0.07349274330765933
1788466787.908,3.8832082748413086,-1.521587610244751,4.103353031145162,-0.8739278638960856,0.6840517968461897,0.9413664471256041,-0.09010960635733278,-0.05437046097506433
1788466787.975,3.9146029949188232,-1.57131028175354,4.143271535001192,-0.8926013765146822,0.7161948612451299,0.9263483857008243,-0.09358496141457806,0.049309648432403944
1788466788.042,3.9410834312438965,-1.6210837364196777,4.169452322638651,-0.9155142535021178,0.7416067999832674,0.9038243671575452,-0.09212772100649103,0.099454110736732
1788466788.108,3.9640426635742188,-1.658944845199585,4.172937864076204,-0.9392927647157078,0.7493572724258685,0.8871209968391608,-0.09054709553178686,0.10080865736323505
1788466788.142,3.972346305847168,-1.6708310842514038,4.2067240088635485,-0.9681674736991883,0.740721983787109,0.871944935085301,-0.08697655519419678,0.11062072534888392
1788466788.242,4.011873245239258,-1.7121162414550781,4.251677526669801,-0.9991346752619107,0.7522292251193656,0.8644189616922209,-0.08396929899164984,0.10945367339865367
1788466788.275,4.015678882598877,-1.7138161659240723,4.301293174990864,-1.019434235400574,0.7508274032399961,0.8599629571670957,-0.0765851819268164,0.15333400427826588
1788466788.342,4.025180339813232,-1.7377277612686157,4.326782475058624,-1.0370819211199311,0.7628030160547581,0.8591592089014795,-0.07002245120432171,0.16447331959965367
1788466788.475,4.0407915115356445,-1.7674683332443237,4.433139580440934,-1.0879658346815615,0.7846404608014721,0.8554984083693631,-0.04930353944218124,0.1791807996460104
1788466788.542,4.049623012542725,-1.7768492698669434,4.488332013974739,-1.1157458040193076,0.7934250944438496,0.8557961005312775,-0.04118297055482012,0.17765416960830563
1788466788.608,4.057900428771973,-1.7812201976776123,4.529682001964307,-1.1375271998749943,0.7980717563126485,0.8459724662256457,-0.028782360653341055,0.22153814056827068
1788466788.642,4.056419372558594,-1.7789204120635986,4.558689926860681,-1.1599557927907125,0.7971153678298736,0.8288496488726935,-0.013448887986279079,0.2566774017973259
1788466788.708,4.064051628112793,-1.7835345268249512,4.571658210993169,-1.182786498766209,0.7864875308610807,0.8197633780448407,-0.001789748950913328,0.2557114909347147
1788466788.775,4.070755481719971,-1.7844140529632568,4.606333437413504,-1.2012652696178665,0.7917741156049958,0.8077919554505931,0.020411178199991387,0.3184333798673952
1788466788.842,4.06620979309082,-1.7792224884033203,4.632893021707678,-1.2403186263756123,0.7820148682115988,0.7890042559759788,0.03723791533886045,0.28441527669811295
1788466788.908,4.065892219543457,-1.773196816444397,4.64848179102327,-1.3003169344334247,0.750350579134676,0.7619630033657189,0.04293630225989409,0.17835353343172194
1788466789.008,4.0923566818237305,-1.7579916715621948,4.640494083304191,-1.4220725693147305,0.6428812130996632,0.7032173536942692,0.031900079680011295,0.022413462583653055
1788466789.075,4.166731834411621,-1.7546625137329102,4.629729293417897,-1.470584753157823,0.543200534885253,0.6624775746467302,0.026110670150941928,0.051800758698588065
1788466789.142,4.1955084800720215,-1.7478374242782593,4.6100034645147066,-1.5016890682653403,0.4820737550375507,0.6184938025134024,0.03141671064643692,0.15142622775129366
1788466789.275,4.197482585906982,-1.726515293121338,4.561886563993742,-1.4990564041432035,0.4295669975924858,0.5357628054542779,0.11245685476169864,0.5588879139795802
1788466789.375,4.173220634460449,-1.690281629562378,4.480563651336127,-1.5123738246548502,0.35512098933920866,0.45155108598954186,0.20822562240359943,0.6497706860686412
1788466789.442,4.155700206756592,-1.654882788658142,4.422312093219556,-1.5125797544130837,0.3022119315293342,0.3974640222127013,0.28506238542289664,0.7928240935287577
1788466789.508,4.132143020629883,-1.6342471837997437,4.353944975378553,-1.5150710374798386,0.2517917015749222,0.34083364818650547,0.3824563422139229,0.978422230498129
1788466789.542,4.114065647125244,-1.6227439641952515,4.103119382163799,-1.9637956325310333,0.3412272867037838,0.29060170617970515,-0.14614599469299572,-1.9633953933068906
1788466789.608,4.088301658630371,-1.599761962890625,4.04439762335644,-1.9951855897383468,0.3978535019108678,0.261634782167417,-0.6979948520337431,-3.045288631449269
1788466789.675,4.051518440246582,-1.5663933753967285,4.021061301649649,-2.001188684635688,0.43586075554896575,0.2451726055943432,-1.055783191753493,-2.8634338700051987
1788466789.708,4.021914482116699,-1.532760500907898,4.022543211193933,-2.01344675307675,0.48068666335190713,0.23559570004717945,-1.3393606559202513,-2.1762052478170566
1788466789.775,3.9839882850646973,-1.511911392211914,4.033033865686695,-2.014900024540093,0.5053741517231771,0.22268879802767175,-1.4951963151724161,-1.336672112518991
1788466789.842,3.8932743072509766,-1.44551682472229,4.046050119504572,-1.9947872772819681,0.5701214597477097,0.19630859373240503,-1.5681786411112362,-0.6720256058522349
1788466789.908,3.804417848587036,-1.3830323219299316,4.059943373084175,-1.9608588952345116,0.631804433734404,0.16280317965451432,-1.5865977577513584,-0.1781738782718942
1788466789.975,3.7261693477630615,-1.329229474067688,4.065679375518856,-1.9272231983461856,0.6876507494529533,0.13634857599629274,-1.5869288361369276,-0.006003989678722755
1788466790.008,3.685380458831787,-1.3014743328094482,4.080851484410152,-1.8883646758529737,0.7076988108155551,0.10387276051514546,-1.5585152669550337,0.2682439558614836
1788466790.075,3.62241268157959,-1.2600088119506836,4.111581131517965,-1.8545680217455067,0.7699262473555222,0.0772530840314422,-1.5062080475895507,0.49436081944604404
1788466790.208,3.5368990898132324,-1.1843475103378296,4.138489113580746,-1.8222230294006572,0.8768099762869197,0.053220644281149906,-1.4428741418500588,0.6082401148856239
1788466790.308,3.4588942527770996,-1.1288399696350098,4.162461955037228,-1.7544046018414137,0.9414555861702296,0.005709645504163571,-1.3028191079860434,0.7016868559572563
1788466790.375,3.394505500793457,-1.089420199394226,4.167056049928338,-1.718447947363129,0.9962480909308861,0.0,-1.1932306701028332,0.6393878008534076
1788466790.475,3.2836403846740723,-1.0452977418899536,4.16179341169317,-1.6946493410164476,1.092158522445775,0.0,-1.741095656170356,-1.6126840389110646
1788466790.542,3.2042689323425293,-1.0207767486572266,4.153144908540291,-1.6718104601103831,1.150743460400157,0.0,-2.352112995702015,-2.907017231042849
1788466790.608,3.127319812774658,-0.9991428256034851,4.128239704302809,-1.6396504785940131,1.1883142188815883,0.0,3.1261615025542824,-2.5955091765097484
1788466790.675,3.0534374713897705,-0.9792811870574951,4.079197664804183,-1.6015263971830254,1.1997387531949355,0.032095660238770446,2.886389703894741,-1.9062925569893812
1788466790.708,3.0107741355895996,-0.972015917301178,4.020236531187338,-1.5510950255332416,1.1637641263231857,0.0742352413367799,2.763672005501423,-1.3504557565266193
1788466790.775,2.9425511360168457,-0.9517351388931274,3.9236258070780807,-1.4754040675535747,1.1120866229940414,0.15249838602961396,2.650273328003749,-1.005922370773897
1788466790.908,2.8341290950775146,-0.9067155122756958,3.748797522958971,-1.3362909600340966,1.0105213497398091,0.3003189184232157,2.5759874055168304,-0.6897359282473388
1788466790.975,2.852757215499878,-0.8852689266204834,3.3024884526819256,-1.0060662878936202,0.4656717601356646,0.6509916532218544,2.509541858621807,-0.1862348212022763
1788466791.042,2.8037736415863037,-0.8574627041816711,3.14724180709197,-0.9084420839149799,0.34723087114169526,0.7601187443659738,2.5064086814722017,-0.03487273826014512
1788466791.108,2.703380584716797,-0.8213071823120117,2.9634262073940403,-0.8348194385546477,0.26039644187730737,0.8579237223737485,2.5246180871630806,0.17937005952615423
1788466791.175,2.595296859741211,-0.7897763252258301,2.8077300449556435,-0.8003429707064753,0.21269582077949495,0.9232184307284577,2.559210964447053,0.34890314312444287
1788466791.208,2.5372395515441895,-0.7714288234710693,2.6882934235068925,-0.7918698210810176,0.1524306616734789,0.9566861668624161,2.6034674919088667,0.4508901043737063
1788466791.275,2.43643856048584,-0.7430949211120605,2.631351753680386,-0.7888422294082981,0.20020981269070084,0.9708915471196553,2.633202297788703,0.4109796806323557
1788466791.343,2.346076488494873,-0.7153092622756958,2.5385656038426188,-0.8029739111809471,0.21151158406819878,0.98279915958889,2.684498861861046,0.5157954836960772
1788466791.408,2.2802696228027344,-0.6911477446556091,2.4415395614252886,-0.819464676401899,0.2060903395991778,0.9979398753851738,2.7390247823048295,0.554489238409456
1788466791.475,2.2004683017730713,-0.6675628423690796,2.3383505474645827,-0.8400180034377739,0.2207992215932013,1.0182182995691416,2.79504618953625,0.5748053107466877
1788466791.542,2.122180223464966,-0.6471852660179138,2.1775234520596642,-0.8649440314173679,0.2246814475197708,1.0525778287147631,2.881530956059753,0.5112873000922089
1788466791.608,2.032970905303955,-0.624342143535614,2.0741772961158564,-0.8790202155344568,0.2579900908965127,1.0742096626026159,2.9273293079941656,0.4648950745622861
1788466791.675,1.9393856525421143,-0.6028843522071838,1.9766028067503019,-0.8859777045657188,0.28552926770639403,1.09131674517602,2.966301010826281,0.4003125190411736
1788466791.708,1.8901985883712769,-0.5920379161834717,1.9214634953730962,-0.8714954613780006,0.28120102058133534,1.1051594954858877,2.9845666070600503,0.2586685368084862
1788466791.775,1.8050878047943115,-0.5711526870727539,1.839444556933913,-0.8475261330236233,0.27850075052742707,1.1123096602556573,3.000634192339998,0.17404875827472968
1788466791.842,1.7305114269256592,-0.5509634613990784,1.780515626170181,-0.8116261400085341,0.2654156211716677,1.1052330426923782,3.004046865166803,0.06103072659233919
1788466791.908,1.6685566902160645,-0.5290782451629639,1.7404624359342138,-0.783893318826616,0.26476623280451683,1.0843354885508363,3.0020663824120177,0.015996905451136568
1788466792.008,1.5804541110992432,-0.49010610580444336,1.7960410609141726,-0.7779530505552205,0.35962980484501256,0.9976608316740698,3.0002837649248395,0.030025116404356837
1788466792.075,1.5231850147247314,-0.46000760793685913,1.827464419393857,-0.7561962787206996,0.42463358888163294,0.9330357287118812,2.995397815949852,0.00196902445494186
1788466792.142,1.459609866142273,-0.4243003726005554,1.7784675452390328,-0.705793711989973,0.42533365683846147,0.9293651496758343,2.982885286013736,-0.07400649454770516
1788466792.208,1.3855409622192383,-0.38564056158065796,1.670526037498679,-0.6363962369437935,0.379598342803088,0.9675218984094262,2.96275331684389,-0.15392683429875972
1788466792.275,1.3015339374542236,-0.3454558849334717,1.4451841209126777,-0.5257717806733284,0.23054109712611848,1.0634945419308575,2.928110265923978,-0.16074746138121931
1788466792.346,1.2178781032562256,-0.3028959333896637,1.2961198790325605,-0.4833448302588882,0.19668141716480053,1.1193774665437244,2.916175115662945,-0.08408756556531022
1788466792.41,1.154576301574707,-0.2642645239830017,1.177140398909441,-0.46092539586595055,0.19795109754253187,1.1519965779185488,2.9132407654235983,0.0023636836484591077
1788466792.475,1.0846933126449585,-0.22547589242458344,1.0621919864667537,-0.45142822833467366,0.22706996230898577,1.1772457653163455,2.9189488980827676,0.08495614442800835
1788466792.542,1.01692533493042,-0.18784278631210327,0.9565171325551246,-0.45029785138408296,0.2693173074574891,1.1943547219441744,2.9311965636668074,0.14594097083969806
1788466792.61,0.9589713215827942,-0.15050967037677765,0.8462131884433196,-0.44513732514787063,0.3154676711566715,1.2153296056477194,2.9457265205723626,0.16825346462022303
1788466792.675,0.9042326211929321,-0.11653578281402588,0.730990160382126,-0.4224798704395716,0.35158887209468287,1.23978373904515,2.9566518028119084,0.12895485011462032
1788466792.742,0.8442800045013428,-0.08295708894729614,0.664392286953601,-0.3977536016242663,0.36256921452064567,1.2588335065448741,2.9602649893889676,0.0667784472555086
1788466792.808,0.7910091280937195,-0.050573207437992096,0.5648530698233736,-0.3405036038361654,0.3677039535386885,1.2749368272566686,2.954752770491174,-0.03644402576367637
1788466792.875,0.7556432485580444,-0.02263486385345459,0.4835981407178877,-0.28240972369941997,0.3761535836699598,1.2790289139845996,2.9411670255179,-0.11528122772751073
1788466792.908,0.7429798245429993,-0.0102061927318573,0.4278235925093002,-0.23418311644676654,0.38663821971770074,1.2659779836626937,2.9241453480465003,-0.14819993433294842
1788466792.975,0.7075141668319702,0.013870984315872192,0.4168296549378022,-0.20396046032967888,0.36324650546360177,1.2493299742229564,2.9110901577649706,-0.15090355951150325
1788466793.042,0.6642104387283325,0.04493468999862671,0.3824673112479666,-0.15603731035986873,0.34607648693679377,1.2244087515757074,2.8892602946144414,-0.1873270182697268
1788466793.108,0.6132373809814453,0.07632666826248169,0.3579266913078257,-0.11444033625142482,0.31870926919816456,1.1923476475520391,2.86740650597471,-0.18179292423478433
1788466793.175,0.5558104515075684,0.10779206454753876,0.32919733040386395,-0.07336271616197605,0.2901216317861779,1.1646821369153628,2.8468179525944315,-0.16427766067936955
1788466793.242,0.5284347534179688,0.10806459188461304,0.285488662371522,-0.018502164397441057,0.27393785235069157,1.1522898500127134,2.8253339255939816,-0.1730742944021242
1788466856.712,6.119017601013184,-0.9269164800643921,0.21573561839897537,0.03934308565539647,5.98183882385697,1.157536891935102,2.805265150225214,-0.15943978720428464
1788466857.713,6.2701873779296875,-0.9682081341743469,2.601078173145979,-0.3493276930156216,3.7209374298793785,0.0,-3.0601585848791455,3.0168338792094356
1788466857.746,6.272622585296631,-0.9746607542037964,3.8341042233968117,-0.5606198730728511,2.4734190208232545,0.0,-2.7324434445601384,3.008154152106001
1788466857.846,6.251047134399414,-0.9744195938110352,4.613516029969644,-0.6440841369457568,1.6705177736370762,0.0,-2.2183411891713134,3.057959853695279
1788466857.913,6.253238201141357,-0.9770073294639587,5.095006519402914,-0.6825919204049311,1.195065295987653,0.0,-1.683724899852089,3.100517246630631
1788466857.979,6.246515274047852,-0.9820641279220581,5.377495556511391,-0.7330128046927812,0.9040032251432529,0.0,-0.981263205022576,2.8596424529737785
1788466858.046,6.24492883682251,-0.9850841760635376,5.703983882923872,-0.7623962389019907,0.5849883421963762,0.1374726908035832,-0.4666100090268346,3.0086760982203793
1788466858.146,6.252223014831543,-0.9897060990333557,6.410487348439286,-0.8035467931140149,0.24434174115912685,0.5515122079228345,-0.07077548905885278,1.1851204155458444
1788466858.213,6.193224906921387,-0.9822397232055664,6.683525709284245,-0.445194577699489,0.7271948604805362,0.8188301478581523,0.17515017112468323,2.086737505402968
1788466858.279,6.1568450927734375,-0.9849266409873962,6.775988457845515,-0.18206701750618184,1.0138649227235221,0.9752774361207808,0.41228947692199647,2.088721515293676
1788466858.346,6.143277645111084,-0.9872713088989258,6.825153848697198,-0.015057086667424148,1.1874997477583797,1.0656556507060317,0.6738239197703892,1.4362318961731593
1788466858.413,6.13478946685791,-0.9892892837524414,6.767155148504676,-0.037893396780694505,1.1423836873272202,0.9831280292033258,0.8014934685595083,1.2116483572118084
1788466858.479,6.1299591064453125,-0.9916307926177979,6.653788773065171,-0.19521208571277276,0.9532472272917156,0.7846522341383958,0.9344834236025665,0.6740665338839009
1788466858.513,6.128891944885254,-0.9919310808181763,6.609683366043785,-0.2792946399955736,0.8596575407963027,0.7014174789594085,0.967462130758908,0.4493295300991354
1788466858.579,6.126079082489014,-0.9917888045310974,6.57775914264772,-0.3441602191566672,0.7895806870352504,0.637226047019597,0.9925278263153565,0.3384299477461503
1788466858.646,6.124517440795898,-0.9915996789932251,6.545405274313905,-0.4124439532202541,0.7159384911422891,0.5547550175179987,1.019104770220773,0.2754484710356319
1788466858.746,6.125435829162598,-0.9915356636047363,6.488773415736196,-0.5460576503142595,0.5748607328234877,0.4186264971360628,1.0436798325611258,0.13157470320890743
1788466858.813,6.125955104827881,-0.9919596910476685,6.434486548236894,-0.6622490590004937,0.45155370938239053,0.31344681977093897,1.0491430395742825,0.016855020648541847
1788466858.846,6.127805709838867,-0.9916346073150635,6.403195997226275,-0.7193918114220743,0.38724146253074565,0.2528687036655688,1.046938790407233,-0.02169898386416607
1788466858.946,6.12819766998291,-0.9917891025543213,6.3724126669674215,-0.7762063738205203,0.32575585594192547,0.19528436270607674,1.0418248645407742,-0.04909523466511724
1788466859.013,6.130066871643066,-0.9922152161598206,6.339701301899352,-0.8322391525502557,0.26370236115152473,0.140658372805414,1.0353540943014226,-0.06435987940307339
1788466859.079,6.132086277008057,-0.9920167326927185,6.311839179143602,-0.8786633035185447,0.2125090721162168,0.0963492066695481,1.0285726436919607,-0.06701360342943477
1788466859.146,6.1341352462768555,-0.9916651248931885,6.282743158545373,-0.9308793750521,0.1605590824978483,0.05018609632753181,1.0184560301903112,-0.0559625730145109
1788466859.246,6.137815475463867,-0.9916573166847229,6.243791053977852,-0.9659538087658964,0.10904812497565923,0.013338585826718583,1.0465475588284274,0.2703629736506085
1788466859.313,6.139623641967773,-0.992120623588562,6.213359181417695,-0.9839399061372636,0.07418796341718026,0.0,1.1023930851615242,0.5485629271055761
1788466859.379,6.1414055824279785,-0.9918677806854248,6.192431566312229,-0.9885539894402559,0.0511334747868005,0.0,1.1789701504490608,0.7483678850241465
1788466859.446,6.14307975769043,-0.9916854500770569,6.175711360859293,-0.991756663628087,0.03263168087518691,0.0,0.6511028076081011,-1.6938156819976058
1788466859.513,6.144586563110352,-0.9920749068260193,6.161565924271235,-0.9942240911732099,0.017114838555765816,0.0,0.05410943879992258,-2.896423412952938
1788466859.579,6.145900726318359,-0.991909384727478,6.143184099596338,-0.9941930515081863,0.0035489709370619942,0.0,-0.7625876867034487,-2.667004484330598
1788466859.646,6.1470537185668945,-0.9916194677352905,6.1369590154032645,-0.9931236774039753,0.010206158860666784,0.0,-1.024862115794539,-2.055315505230741
1788466859.679,6.147563934326172,-0.9918185472488403,6.133407422051191,-0.9924926604272295,0.014172553346837376,0.0,-1.164558183697008,-1.5120734714493682
1788466859.746,6.148435115814209,-0.9915956854820251,6.13096264722445,-0.9919053580364952,0.017475212608466215,0.0,-1.3017631883555525,-1.2056171917660734
1788466859.846,6.149399757385254,-0.991694986820221,6.129502448251883,-0.991732654919426,0.01989734478855448,0.0,-1.3966592335722392,-0.8788567116706718
1788466859.946,6.149872303009033,-0.991625189781189,6.1287958811531515,-0.9916851313955167,0.021076507093069623,0.0,-1.5185222319657707,-0.5372741020644266
1788466860.013,6.1501922607421875,-0.9920201301574707,6.12911978606702,-0.9925632207228989,0.021079471916958598,0.000643485385469543,-1.5556939304111077,-0.36927534541629825
1788466860.079,6.150351524353027,-0.9917581081390381,6.129890239016626,-0.9929150643233602,0.020493968508565823,0.0008984058334887972,-1.5848536570894067,-0.2915078837531579
1788466860.146,6.1504316329956055,-0.9915680289268494,6.131026098159104,-0.9926172477232106,0.01943387872693713,0.0006780561384641115,-1.608287204212403,-0.23209272659678623
1788466860.213,6.150433540344238,-0.9918972849845886,6.13236977510416,-0.9925510277290136,0.01807559111687757,0.0006311213592115221,-1.6215127028651155,-0.17795013064556559
1788466860.246,6.150176048278809,-0.9916066527366638,6.133850232920249,-0.9921615434823342,0.01633524260185343,0.00031655231307722804,-1.6377480944922975,-0.1563729289999579
1788466860.313,6.150110244750977,-0.9919643402099609,6.135398344512016,-0.992263425862668,0.014714940056581664,0.000323482917055894,-1.6502974539745694,-0.12257671124735685
1788466860.38,6.149991035461426,-0.9916697144508362,6.137047001790309,-0.9918898868986904,0.012945906055035126,0.0,-1.6599316769654349,-0.09552376542510996
1788466860.446,6.1498308181762695,-0.9915798306465149,6.138682130222989,-0.9917627865036309,0.011150189053342316,0.0,-1.6674351226118864,-0.07403347371805206
1788466860.546,6.149519920349121,-0.9918016791343689,6.14027906032256,-0.991827530249493,0.009240896185470871,0.0,-1.6731388641276494,-0.05640730091339419
1788466863.213,6.284364223480225,-0.8324927091598511,6.141802344448191,-0.991800766115185,0.21378247440804887,0.0,-1.6773697951623094,-0.04222308915788425
