time,actual_px,actual_py,pred_px_1s,pred_py_1s,error_1s,speed,heading,heading_rate
1783017864.109,1.7762203216552734,0.20609420537948608,1.8950261531911197,0.4762110824254991,0.29508973698184554,0.03658386191467807,3.0832650661468506,1.6517089906916529e-21
1783017864.378,1.770874261856079,0.24847449362277985,1.6038080772561416,0.45816467765272445,0.26810647757055855,0.16354366226673078,3.0922755705337703,0.005940490674671856
1783017864.444,1.7626562118530273,0.2636074721813202,1.5408298991636245,0.3995308647556456,0.2601578014403776,0.18068393346875894,3.1249979946721176,0.04510514917178522
1783017864.609,1.763333797454834,0.29549476504325867,1.4815934711130356,0.34666034192301587,0.2863486122624333,0.1953068498928829,-3.13726837559451,0.062099690919735204
1783017864.709,1.763758897781372,0.3160321116447449,1.4405167335487388,0.32119616218161695,0.3232834115072161,0.20096354345692538,3.141486357172436,0.03644748827194724
1783017864.843,1.7555385828018188,0.34185677766799927,1.4386344777210487,0.29677466986376805,0.320094686399378,0.19083910353569236,3.135316052889289,0.015299882307244102
1783017864.976,1.737081527709961,0.36897891759872437,1.464799122220457,0.26700990363310567,0.2907497001688414,0.17049230497908727,3.134883975266792,0.008037324276392376
1783017865.076,1.7322708368301392,0.3880299925804138,1.4968673999461641,0.24408665516285746,0.27592474061542954,0.1514301876389185,3.1293884483004666,-0.0017041394390605088
1783017865.443,1.7000072002410889,0.4081296920776367,1.5930974491495549,0.22854887144362315,0.20899513395780178,0.09490949115491526,3.105573282318053,-0.02808527495821639
1783017865.476,1.6973328590393066,0.40281108021736145,1.586278627817726,0.21749820411632217,0.21604144121222532,0.0965100220827752,3.0775166555357405,-0.05376021606660826
1783017865.543,1.6918184757232666,0.3907449245452881,1.581825218482416,0.21636857715452162,0.20616892871574322,0.09635909231062059,3.041792133092912,-0.08026663490525272
1783017865.609,1.6855883598327637,0.38251328468322754,1.586103945076014,0.21655512778756003,0.19349227018074908,0.0929526699581415,3.009373989122886,-0.10035574562775328
1783017865.643,1.6802003383636475,0.3729894161224365,1.5949566980032206,0.21519777080547484,0.17934514644598454,0.08891008932231569,2.9867710288795326,-0.1129471292889794
1783017865.743,1.6606887578964233,0.34824684262275696,1.6091468625003518,0.2131374456320304,0.1446067637983,0.08146998025014347,2.9646655165325386,-0.1219581626415995
1783017865.776,1.6477712392807007,0.334617555141449,1.626512781233651,0.21051176375057296,0.12591334121249345,0.07261633952722717,2.9462839439587016,-0.12791995519098467
1783017865.876,1.6127209663391113,0.3001803755760193,1.647509493885013,0.2086378755035489,0.09792992886921853,0.06137933211940181,2.9257618139702375,-0.13247918200544018
1783017865.943,1.5872089862823486,0.26995593309402466,1.6688608932487752,0.20712179723514565,0.10302991090157285,0.05124225968772515,2.913422303900947,-0.13443665464377302
1783017866.009,1.5685102939605713,0.24793735146522522,1.6844640755943192,0.20725204034347725,0.12288439289120619,0.044540415237526415,2.909275848234497,-0.1343328820809104
1783017866.043,1.5584464073181152,0.2340451180934906,1.697992362324236,0.2086190586334398,0.1418434279698439,0.038147315885120825,2.9044809410843264,-0.13231311959815972
1783017866.109,1.5406032800674438,0.21291139721870422,1.7040754761533814,0.21310509983469217,0.16347231084762537,0.03510339673573481,2.906238771227457,-0.1273123610147739
1783017866.143,1.5271168947219849,0.20221182703971863,1.7107452621585415,0.2175352139202886,0.1842666098697935,0.03240105533026196,2.91186642796106,-0.12300663010405319
1783017866.243,1.4868942499160767,0.1749400794506073,1.712250969009103,0.22489851014025244,0.2308278484874502,0.031585215386695606,2.9091453713343753,-0.12047596398283637
1783017866.443,1.4262641668319702,0.13900956511497498,1.6957707274404603,0.2478616526662931,0.2906588432772992,0.03808901439122134,2.902542993007767,-0.11444964163561656
1783017866.476,1.4151029586791992,0.13701795041561127,1.669469402969189,0.27269908911020324,0.28829092836611003,0.049503529481285675,2.9169229785766797,-0.10531189244975829
1783017866.509,1.4027212858200073,0.13537386059761047,1.7416392917550687,0.3389187047818714,0.39534278587194854,0.045691073730649456,2.2332951322105785,-0.3856562775015639
1783017866.576,1.3802483081817627,0.13054561614990234,1.7197419338008564,0.34746988808655027,0.4028797110692497,0.04931723439859111,2.3897188600173145,-0.32081028247036775
1783017866.609,1.368411898612976,0.13324002921581268,1.7983508738062075,0.38686347228291873,0.49917168716126087,0.06180806663118328,1.8261448313068582,-0.5373212136545635
1783017866.643,1.3565367460250854,0.1356062889099121,1.8684207650226383,0.3694572986042378,0.5627713066958395,0.07326162159797804,1.396568966007525,-0.6899263748693181
1783017866.709,1.3329684734344482,0.13563889265060425,1.9114907248896191,0.32839291794354636,0.6097885778656338,0.08451417170878348,1.0626777024882,-0.7981647039792148
1783017866.776,1.3071365356445312,0.14215967059135437,1.8303482362328827,0.5131155178712582,0.6413725315787276,0.10935898907096053,1.7829044545977304,-0.5247644795196225
1783017866.843,1.2827638387680054,0.14463269710540771,1.7451946013430617,0.5749452033438671,0.6316732250150962,0.1260452150954908,2.0445522308860387,-0.40895208041443515
1783017866.876,1.2704215049743652,0.14931629598140717,1.657219606975053,0.5928098705415691,0.5884720234535237,0.13792608589845215,2.2655717204026953,-0.3235879447009552
1783017866.909,1.2569735050201416,0.15373119711875916,1.5825405059810453,0.5868143884387153,0.5418070899485857,0.14731819415574043,2.4414629901233846,-0.2594446201519222
1783017866.976,1.2346290349960327,0.15938816964626312,1.5086275876915005,0.5789044103290117,0.5010679425744545,0.16011977772495653,2.5808130540046275,-0.20041371454052662
1783017867.009,1.218103289604187,0.16395211219787598,1.457555276631467,0.5545337392548633,0.4581389106873549,0.1676886538720464,2.698723428401278,-0.15631471268787445
1783017867.076,1.197045087814331,0.1695186346769333,1.4192892094194591,0.528117265970722,0.42188319231016247,0.17110271188423617,2.7929628516246243,-0.11599001626214112
1783017867.109,1.1857097148895264,0.17368187010288239,1.400645575620783,0.5000342411434711,0.39077268880015165,0.1713905202763951,2.8724762413521425,-0.08589915715758153
1783017867.177,1.160494327545166,0.17894916236400604,1.3931819020614027,0.47551146646905057,0.3769518637045612,0.16910448655181465,2.9367346226741997,-0.06278311323836143
1783017867.209,1.1515803337097168,0.18193073570728302,1.3928890542343024,0.45398197373766547,0.363650621771882,0.16276356512577378,2.9908994340201094,-0.040731583783711736
1783017867.243,1.1438673734664917,0.1836647093296051,1.3996942974982132,0.43590639273853804,0.35926770228967775,0.1567668710983849,3.0371961210081757,-0.02366304711280862
1783017867.309,1.1326082944869995,0.18529868125915527,1.4057879931858444,0.42165835706927013,0.36123820967646025,0.15177022099730994,3.076059940766288,-0.010136956046681998
1783017867.343,1.1309138536453247,0.185049369931221,1.4120694563180982,0.41029799947738277,0.36025743299301194,0.14482655567427394,3.1090506068720467,0.0026372500225723527
1783017867.409,1.1268168687820435,0.1843344271183014,1.4211002814464544,0.4016478811089094,0.36582490928686107,0.13921085608146047,3.1349913702791747,0.011904139338451246
1783017867.443,1.1276016235351562,0.18120038509368896,1.432625141739814,0.39551048800394706,0.37278434364569624,0.1306699795388423,-3.1281601629208344,0.019460268355850883
1783017867.51,1.1271306276321411,0.1775752604007721,1.4437114646539708,0.3907795459968809,0.3816798314896786,0.1244500246173379,-3.1148186527834363,0.0241544501401863
1783017867.543,1.1290483474731445,0.17356330156326294,1.4582694656261526,0.38205217624791543,0.3896846872860026,0.11534079287311223,-3.0997908466870148,0.02879341157221003
1783017867.609,1.13157057762146,0.16842055320739746,1.4604405581554092,0.3768560962711097,0.3893595250005639,0.11135997497562976,-3.0955358239780937,0.029698106921949914
1783017867.643,1.1328461170196533,0.16383346915245056,1.4586722299465842,0.3707978887592491,0.3860012005787703,0.11061001912080277,-3.094105384508613,0.029869806126636148
1783017867.676,1.1326369047164917,0.15943101048469543,1.4490533644618666,0.36384662398632617,0.37670295863059605,0.11312791917895558,-3.0948037159311803,0.02931132150469897
1783017867.743,1.1293578147888184,0.1540219485759735,1.425303577685772,0.35504951441289545,0.35776525376701684,0.1199539341128272,-3.0985822774198377,0.027096249692561462
1783017867.776,1.127995252609253,0.15043893456459045,1.3939198304946177,0.34531189376898075,0.32968371411488523,0.13131898933063044,-3.104302033155546,0.02469392242479129
1783017867.809,1.127021312713623,0.14725199341773987,1.3566349743900876,0.33484874753317595,0.29650459656322586,0.144860426113062,-3.1101620449909952,0.022384144445986243
1783017867.876,1.1253483295440674,0.14190754294395447,1.2929589590897577,0.32232691869289326,0.2462609881453808,0.16737471927725914,-3.1178862143579744,0.01877764763148096
1783017867.909,1.127030372619629,0.1396656185388565,1.242246753654832,0.31170102285057966,0.20705312070951062,0.1859932333573659,-3.1277424384816075,0.014926117083342549
1783017867.976,1.1300456523895264,0.13627442717552185,1.1961784939673992,0.3025882344271103,0.17897998552263472,0.2022638019500895,-3.1386236282570805,0.010914898190456785
1783017868.009,1.133052110671997,0.1347949206829071,1.1407956256721679,0.29220667597740463,0.15760210255403523,0.2197524345513173,3.134472200801982,0.006657652226161607
1783017868.043,1.1354320049285889,0.13376182317733765,1.104660935001193,0.2819618785271284,0.1513608772112455,0.23155501958228034,3.1262322916703633,0.0035384543542700303
1783017868.109,1.1380125284194946,0.1311362087726593,1.0638771513194476,0.26732273824656044,0.1550574891706683,0.2421066243813731,3.1232296688856085,0.0022539154432592457
1783017868.143,1.13890540599823,0.1299956738948822,1.0317348232152315,0.2523414408715674,0.16264691977151272,0.2518371197003337,3.123035715047493,0.0022472821606966216
1783017868.209,1.1401119232177734,0.12772303819656372,0.9996965681833277,0.23756595395826655,0.17827489467808408,0.26139104094928695,3.1245098386734647,0.0028821320434446115
1783017868.243,1.140649437904358,0.1276959776878357,0.9454664949083614,0.2217857468596419,0.2166777928154664,0.276463920022373,3.1263655713585408,0.0036302752928795514
1783017868.309,1.1415566205978394,0.1262740194797516,0.8913586450094967,0.20650684495991128,0.26274766083266027,0.2912150512466504,3.1273791231132027,0.004005624948942273
1783017868.343,1.1416476964950562,0.12554997205734253,0.8635284798257359,0.19535717039897046,0.28674613096093154,0.29845947666681216,3.126026932794864,0.00349788251317826
1783017868.409,1.1420875787734985,0.12456020712852478,0.8442352238635875,0.1873697986476503,0.304402808975507,0.3022255089136872,3.1230615572846396,0.0024272255937310043
1783017868.443,1.142189383506775,0.12470211833715439,0.8208736947420089,0.18125595967456248,0.32625466865072245,0.30346715437041877,3.1185492440342264,0.0005321439504063878
1783017868.476,1.142350673675537,0.124655582010746,0.807176151062384,0.17843521788868053,0.33946164708861926,0.3049591219966292,3.112562203407517,-0.0017467957592773309
1783017868.543,1.1425917148590088,0.1235676109790802,0.7910559612074382,0.17753368059665128,0.35565393680563456,0.3074228493535104,3.106426867923914,-0.003939941532890643
1783017868.576,1.1428263187408447,0.123560331761837,0.7624242285198559,0.17858712027412885,0.3843614154652803,0.3107849483973449,3.099260958917183,-0.006743639472451036
1783017868.609,1.1438528299331665,0.1230151429772377,0.7448118990020071,0.1826176933963607,0.40346763014505943,0.31390043049668903,3.0909973000340782,-0.009825526420154057
1783017868.676,1.1474721431732178,0.12229511886835098,0.7276854515001728,0.1888292124476994,0.4250266487106727,0.3166996034269305,3.0821195423876446,-0.01297224739521036
1783017868.709,1.1520367860794067,0.12247902899980545,0.6966291496546049,0.1969803748490027,0.46146133732672145,0.32115322046645517,3.072837805305336,-0.0164126437105684
1783017868.776,1.1631278991699219,0.12273557484149933,0.6768682984347215,0.20494307656305663,0.4931596827057706,0.3250462497639834,3.064706995511801,-0.019346774057060836
1783017868.843,1.1870203018188477,0.1267951875925064,0.6217299299431355,0.2247639170092265,0.5737168957586203,0.33497468623916565,3.0481834007213395,-0.02499351876794096
1783017868.91,1.2100441455841064,0.1314176321029663,0.6009499254844457,0.23466484050646272,0.617782935181872,0.3393775910351616,3.0408739524619905,-0.027522389714911395
1783017869.009,1.250823736190796,0.1454026997089386,0.5494010936943284,0.2559254850557127,0.7100767630950447,0.3474132454627199,3.0278750507923506,-0.03149912866178168
1783017869.109,1.2993971109390259,0.17139235138893127,0.4920892534450047,0.2589060270086515,0.8120373268465313,0.3563761879794081,3.0349645201160103,-0.027232328084898918
1783017869.21,1.3475184440612793,0.20172759890556335,0.44446445402118717,0.2396927635009665,0.9038516817764333,0.3600355319375841,3.0618776620696337,-0.014961538485741752
1783017869.243,1.364300012588501,0.21545565128326416,0.4295146441169725,0.21623490625903533,0.9347856932724038,0.35576769495985755,3.0902527802743682,-0.003471866593405452
1783017869.343,1.4100641012191772,0.24471789598464966,0.4379101876834507,0.20675144279118968,0.9728950011028529,0.3424737468036664,3.101061227761348,0.0011659100536298003
1783017869.443,1.4553323984146118,0.27166345715522766,0.5066022596399505,0.19731121762279394,0.951639181487856,0.3005362596430654,3.1113671299758545,0.005227937440237164
1783017869.51,1.4946444034576416,0.2861650884151459,0.615942579978637,0.19487648581610878,0.883431097228195,0.24387364867620862,3.1093683259667824,0.004126238925695678
1783017869.576,1.5328521728515625,0.2981220483779907,0.671484418076117,0.19374224743414417,0.8676690335675055,0.21801576558512148,3.1057994074620794,0.002630950384274084
1783017869.61,1.5522990226745605,0.3018178939819336,0.7389481147193918,0.19164965914085455,0.8207781304588327,0.18433883664227046,3.1007161754738144,0.00034701126071713315
1783017869.676,1.5806806087493896,0.3117567002773285,0.7929220492536732,0.1889146516012089,0.7972789455276694,0.15985704603073222,3.0950972397039447,-0.001935378629143961
1783017869.776,1.6105762720108032,0.32199472188949585,0.8727528109769933,0.1823385428498432,0.750924302440576,0.1212762626667015,3.0814130680242844,-0.007315517630982724
1783017869.81,1.621269941329956,0.32405051589012146,0.9238484019262382,0.17526332694995805,0.7131160012346992,0.09742167495130329,3.0668056917506057,-0.012719356216660184
1783017869.91,1.6586291790008545,0.33022505044937134,0.9483307511056074,0.170532645317949,0.7280285165617607,0.08454053452850054,3.0599331381684554,-0.015219293647879785
1783017869.976,1.6843438148498535,0.3317764699459076,1.004239480017957,0.1594627722196544,0.7015938402531987,0.05813632974435046,3.0507506303005503,-0.018274939606379204
1783017870.043,1.7116698026657104,0.3356722593307495,1.0325319316351051,0.15385239297076372,0.7030552692862391,0.04567223704667234,3.0481704709933632,-0.019061587103195877
1783017870.143,1.763654351234436,0.3432927131652832,1.0846076018850785,0.14368311799942154,0.7077771388538968,0.02250133268037275,3.0431660427044687,-0.020272939100104758
1783017870.243,1.825280785560608,0.35201895236968994,1.124234129506175,0.12073485630706887,0.7382132124641267,0.007751334326918877,-2.550039152985784,0.24747705940916484
1783017870.31,1.8702067136764526,0.3625416159629822,1.1357757991030666,0.12733577523105052,0.7711747893931148,0.0015908236636840347,-2.5252423587598036,0.24749857985559862
1783017870.376,1.9070510864257812,0.37402981519699097,1.138278512631103,0.12787961671689493,0.8072181801908853,0.0005025117616835261,-2.5168113429498575,0.2475055366287109
1783017870.443,1.9430861473083496,0.38803860545158386,1.1397684764712843,0.1275186715287728,0.844505723041729,2.7052499342836405e-05,-2.5004640053849556,0.24751057823152087
1783017870.476,1.9657448530197144,0.3989514708518982,1.1410032266240722,0.1262386689598597,0.8686604760351051,0.0,-2.4838707001702582,0.24751469680351812
1783017870.576,2.008655071258545,0.4296038746833801,1.1411013203292617,0.12508260736449514,0.9194469604066178,0.0002625802694229828,-2.4672843335276995,0.2475158544157449
1783017870.61,2.020364761352539,0.442699670791626,1.1423640416422163,0.12445712060489589,0.9338969881958064,0.0,-2.450944668298235,0.24751726384321937
1783017870.676,2.0411810874938965,0.4643765687942505,1.1439969770078282,0.12400870780525515,0.9595778284760969,0.0,-1.2804342178534922,0.6901628490880618
1783017870.71,2.0528910160064697,0.4794656038284302,1.1463164485346413,0.12376566587135038,0.9738582505936905,0.0,-0.858833030967912,0.838927669857005
1783017870.81,2.100451707839966,0.5160074234008789,1.1532140642314042,0.12426718232447598,1.0250461306437377,0.0014046280245518922,-0.6104171268211558,0.9149043282602596
1783017870.843,2.120692253112793,0.530051052570343,1.1858795568993883,0.13930975735201587,1.0131897832048402,0.01488645780219644,-0.3718734675822448,0.9807686283473837
1783017870.943,2.168560028076172,0.5628114342689514,1.2298452287401906,0.1724008654962875,1.0166640972817849,0.040853227952984336,-0.272780322704671,0.9942418508893295
1783017871.043,2.2143137454986572,0.5878658890724182,1.3272147498795013,0.26700125099754046,0.9433444461040927,0.10462331700983343,-0.15477740236235427,1.0016192698571724
1783017871.143,2.2633118629455566,0.6063356399536133,1.4363205628699958,0.39050688836184866,0.8546909736356914,0.17826142185458344,-0.07803504991289856,0.9918666286313068
1783017871.243,2.292018175125122,0.6166486740112305,1.551000104617152,0.5189590257794171,0.7474296275844372,0.24906168604547846,-0.03065783293027735,0.9699271366934386
1783017871.276,2.295253276824951,0.6168238520622253,1.6507384201945234,0.6121925660141955,0.6445314959160642,0.2986627975262794,-0.02757868606459324,0.946176133834948
1783017871.376,2.3178157806396484,0.6210355758666992,1.7013080133115444,0.6686303603480079,0.6183422116318001,0.3240208455037662,0.0019524863007314153,0.931974379534192
1783017871.476,2.3334813117980957,0.6197602152824402,1.7909024326062148,0.7565880415965069,0.5595656299299931,0.36265083413102356,0.031027228901329362,0.9059609047645929
1783017871.51,2.3354501724243164,0.6166847944259644,1.8775245073632156,0.8235885740717938,0.5024988445293993,0.3956810057852489,0.033105130759965906,0.8833181384390199
1783017871.576,2.3425745964050293,0.6157393455505371,1.9285840300651058,0.8792986945251636,0.4907664612118269,0.4196752233618988,0.06273335874506891,0.8713693885992001
1783017871.61,2.3469676971435547,0.6125746965408325,1.9727352424605051,0.9145412813566435,0.48086770372257803,0.43762054186331395,0.06766766176596661,0.8616851559094303
1783017871.676,2.3584141731262207,0.610950231552124,2.0052840530122094,0.9583876998001253,0.4953924465252947,0.4515156672200467,0.10246150267298404,0.8522784291355706
1783017871.71,2.36647367477417,0.6086304187774658,2.0240761748934513,0.9750672541988522,0.501509723014626,0.4553756662390568,0.11341752734234856,0.8450949829601571
1783017871.776,2.3819220066070557,0.6078161001205444,2.0298186011677015,0.9897886844566239,0.519499627821208,0.45041902169158876,0.1487466684214942,0.8362763518841355
1783017871.81,2.390533924102783,0.6070528030395508,2.0399922912363313,0.9870422432037669,0.5169829890905432,0.44445917410312896,0.15446797477919194,0.8270957374920885
1783017871.876,2.407956600189209,0.6083110570907593,2.0550545755025262,0.9843078543792355,0.515667946065248,0.4404291677070471,0.15645714603101935,0.817409189373654
1783017871.91,2.4164276123046875,0.6102416515350342,2.071489741668848,0.9839050676054636,0.5085336597593222,0.43273506885958524,0.17692525574188522,0.8029571014510031
1783017871.976,2.432002067565918,0.6144406199455261,2.094883319203439,0.9699774858500188,0.4899546035243199,0.42670121621190116,0.16700978134289857,0.7885354197840156
1783017872.043,2.4447226524353027,0.6218295693397522,2.1530968690330847,0.9541882497963767,0.4421627415554436,0.41885597061508395,0.16311349305100498,0.7559427675159279
1783017872.11,2.462796211242676,0.6314301490783691,2.1927744870106545,0.9453935125235617,0.4141071421058225,0.4204327213260245,0.14553565287988546,0.7392412541887133
1783017872.143,2.4728665351867676,0.6379889249801636,2.2435810841774115,0.9533339749768855,0.3898901365795227,0.4266199133272408,0.14843831470966418,0.7192798748259387
1783017872.176,2.4796833992004395,0.6467503309249878,2.2971662069007808,0.9525992361398037,0.35616860937771033,0.4357539621625231,0.12932913895773623,0.7020745676065772
1783017872.243,2.4887616634368896,0.6596288681030273,2.3686548818635007,0.9731849573719249,0.3357723337285587,0.4526507545876489,0.13021453678438233,0.6820368026088128
1783017872.276,2.4917960166931152,0.6694822907447815,2.4345975712435717,0.9785919796585917,0.31435722028010893,0.46781781601748823,0.11114199249283452,0.6651645844463232
1783017872.343,2.4993104934692383,0.6841508150100708,2.4968793856585063,0.9851337061738522,0.3009927093111992,0.48224797387626417,0.09610112859823827,0.6506590409841724
1783017872.376,2.4994595050811768,0.6930519342422485,2.5614547470782787,1.0137205929992115,0.326606489126087,0.4988258253034759,0.10676341025178093,0.6370856526811913
1783017872.476,2.504371404647827,0.7166180610656738,2.6179791060678177,1.0486321756602843,0.3509132116520791,0.5138424651420556,0.12438225438201345,0.6258831761491472
1783017872.51,2.5067968368530273,0.7242894768714905,2.6910904343018798,1.0975401506708715,0.41626937859075297,0.535319469205931,0.13662587352424405,0.6141471506400475
1783017872.61,2.517881393432617,0.743333101272583,2.712966011861319,1.1275204676885298,0.4308804252470667,0.5360638030542482,0.16254731294804614,0.6080318398463375
1783017872.676,2.525486469268799,0.7534656524658203,2.7332130405676676,1.145450966356617,0.4436246326903528,0.5218148401189461,0.186862677413699,0.5932724195643162
1783017872.743,2.529756546020508,0.7626247406005859,2.7407912558553695,1.142526701977435,0.4345815792380772,0.5130044954040772,0.18611155915448796,0.5850239319756899
1783017872.843,2.5343103408813477,0.7713452577590942,2.784947928788057,1.1627305521640654,0.464759775742436,0.5068166547728559,0.19584772254170968,0.5660034797344922
1783017872.876,2.5337605476379395,0.7724133133888245,2.8575148255310827,1.1782636183213733,0.5191640419635719,0.5148718328643417,0.1779773635947306,0.5453322163156828
1783017872.943,2.534583330154419,0.7768940925598145,2.9005215435882232,1.1949071854823043,0.5555589274827205,0.5171559375071216,0.18316940641467339,0.5324512667827199
1783017872.977,2.5318241119384766,0.7760524749755859,2.931487014778689,1.1900268494039592,0.5754174298629023,0.5162315902599576,0.1704713149021826,0.5207932581741929
1783017873.077,2.5358831882476807,0.7799420356750488,2.9723993187506053,1.1995172076220297,0.6054664789264431,0.5162489735896082,0.1736794221263449,0.5073663275547003
1783017873.176,2.5417075157165527,0.7819755673408508,3.04208804062207,1.2050021099646933,0.6552344049796244,0.5165056543809117,0.16846960953715495,0.4846347738143885
1783017873.243,2.537932872772217,0.7812188863754272,3.0544243901209356,1.1927461378110655,0.6603924334570718,0.49433173279847803,0.17739205569374494,0.4684771086013361
1783017873.31,2.531853199005127,0.7830204963684082,3.035110053405136,1.172980455025014,0.6366602161719024,0.4752338687855246,0.17907363721357017,0.4629480033571826
1783017873.41,2.5198848247528076,0.7852370738983154,2.9883088358884273,1.1386592329003047,0.586794918759536,0.43108241155233334,0.20051603755555725,0.4531140275340288
1783017873.51,2.5157718658447266,0.7872872352600098,2.923719423094467,1.0839686630377547,0.5044215291343855,0.3778946769971014,0.21870275963681118,0.4420061400616338
1783017873.61,2.5199432373046875,0.7902206182479858,2.8459681103039514,1.0097160543320098,0.39302730729034846,0.31785491866978843,0.22901295053814286,0.4279487157336234
1783017873.71,2.523432970046997,0.7932764291763306,2.7840484945954556,0.9448879786163211,0.3015070704963034,0.2686099878228376,0.23652123063550867,0.41325273057985895
1783017873.81,2.5205578804016113,0.7945773601531982,2.756791724591665,0.9076993773406252,0.2619217820521293,0.240454013690354,0.24736212842813243,0.40051827154289754
1783017873.876,2.516327381134033,0.792296290397644,2.7600912438389806,0.8937242285613646,0.264023573570581,0.22953483577740935,0.25978788588003443,0.38897272108497977
1783017873.943,2.5159945487976074,0.7899020314216614,2.7664049465418414,0.8906688256828281,0.26992464526993043,0.2280830828065153,0.26158968806789007,0.38429252698448446
1783017873.976,2.5165205001831055,0.7867283225059509,2.7794878708072424,0.8951819470300542,0.28445390959764877,0.2278918152476229,0.2739274982860618,0.37861941047414677
1783017874.043,2.518305540084839,0.7829315662384033,2.7918822061660413,0.8986409862323765,0.2970401691681572,0.2268187104006643,0.2835931085398635,0.37147501149468376
1783017874.143,2.523008346557617,0.7717272043228149,2.81492766428211,0.9074866794612426,0.3219433539469247,0.23048559358249465,0.2890265476709315,0.3623634836711771
1783017874.176,2.523317337036133,0.7646700739860535,2.8542463197129515,0.9173003159575883,0.3644310392101686,0.23893059784583703,0.2760840078414817,0.3471520185408601
1783017874.243,2.5251026153564453,0.7526044845581055,2.8710234663653944,0.9230574245211235,0.3856364089460327,0.23883935956352792,0.2770887506707638,0.33762652672507915
1783017874.276,2.524156093597412,0.7417635321617126,2.879465915445305,0.9213016400514699,0.3980942120732422,0.23720759508101064,0.266158760190887,0.32884607905024005
1783017874.376,2.528862953186035,0.7113856077194214,2.886459456710177,0.9212060488629383,0.4146081003240913,0.23208565191807465,0.26305110037956325,0.3181239678208273
1783017874.41,2.5324594974517822,0.6968989372253418,2.8785367977759,0.9087227837858681,0.40575711918748514,0.21826934092890646,0.23930062644298333,0.3008554511784582
1783017874.51,2.5507590770721436,0.6483227014541626,2.8690522465170587,0.9033026370547999,0.40783000045876294,0.20666194548403463,0.23559787494412632,0.29121707700157895
1783017874.543,2.554668426513672,0.6216684579849243,2.8498083915224073,0.8908738268286682,0.39947356553300717,0.18976147333985957,0.2120458268771772,0.2751577604716134
1783017874.61,2.5626566410064697,0.5731886625289917,2.847559916000079,0.8903186589137421,0.4263112838162694,0.18265423436811412,0.2081149899927075,0.26610149568347746
1783017874.643,2.568037748336792,0.536147952079773,2.84695822288933,0.8887108528544005,0.4495522551686655,0.17886431812232023,0.1963056803147767,0.2582586997818008
1783017874.71,2.580195426940918,0.47460320591926575,2.844194351352827,0.8869711215765655,0.4896353030105069,0.17446881019247654,0.18688648498496274,0.2517525269372725
1783017874.743,2.5886025428771973,0.43019843101501465,2.836838801843879,0.8851054000413289,0.5182292839414631,0.16583540407776712,0.18523327159155256,0.24427262821563728
1783017874.777,2.595881462097168,0.38979780673980713,2.824928535552538,0.8797211586510976,0.5408210911257658,0.15761975121055005,0.17639162379492612,0.23783657626618557
1783017874.843,2.61126708984375,0.3258470594882965,2.810645288635663,0.8739900720330308,0.5832773168529051,0.14628034718642768,0.17325702071630822,0.22987891186959938
1783017874.877,2.629201650619507,0.2873310446739197,2.7933304605691847,0.8657594905328326,0.6012634474456724,0.13597669679399732,0.1628329876643293,0.22282691156404788
1783017874.943,2.700375556945801,0.2272903323173523,2.7709662803255624,0.8560659301789787,0.6327256930878686,0.12165903687869033,0.15654125473187275,0.21381077757843023
1783017874.977,2.7082295417785645,0.19584757089614868,2.7457194748177134,0.8447204139982936,0.6499549688976465,0.10832295178757181,0.1437725338828706,0.2058097523719698
1783017875.01,2.6998584270477295,0.1675325483083725,2.722931199215804,0.8352167072899813,0.6680826962064638,0.09661017766699576,0.13185120628474856,0.19873462409062478
1783017875.077,2.6939563751220703,0.11528554558753967,2.7081623216944006,0.8284894920572432,0.7133454129508199,0.0870367401592898,0.12269170032977117,0.1893988094295621
1783017875.11,2.6811108589172363,0.09428982436656952,2.695658781940317,0.8226934790254413,0.7285489181823596,0.08012081309076798,0.10990096724905696,0.18195760124911783
1783017875.177,2.667600393295288,0.05245047062635422,2.6890445591100653,0.818993731065988,0.7668431536976228,0.07474318919918382,0.10125967307599026,0.17322270899047643
1783017875.21,2.658215284347534,0.03526963293552399,2.6780778963126726,0.8144154113139507,0.7793989141120239,0.06878734947106706,0.0901134158773571,0.166437120394871
1783017875.243,2.6491425037384033,0.01897639036178589,2.6638565879680507,0.8096684848882735,0.7908289907567888,0.06172906217487413,0.08082114778840976,0.1608525339936604
1783017875.31,2.6354708671569824,-0.01743663102388382,2.634539709615232,0.8028892471661401,0.820326406671516,0.04747787317991845,0.07796279806818429,0.1551882385628121
1783017875.343,2.629513740539551,-0.029677502810955048,2.6054259556056065,0.7969193180641442,0.8269477164028236,0.03461089108519341,0.07295551403802447,0.1512272920327691
1783017875.41,2.616241693496704,-0.06234782189130783,2.5654275235533057,0.7897560458102001,0.8536176434557252,0.016736929686543684,0.07546856484386089,0.14798848240675
1783017875.443,2.60860013961792,-0.07636614888906479,2.5372440689081692,0.7850488008814589,0.8643653188989531,0.004772174925734694,0.07575848545686181,0.1461576106524383
1783017875.543,2.5957202911376953,-0.12325563281774521,2.523668679725464,0.7839859475943453,0.910098192469212,0.0,0.08257540444560085,0.14487693999114853
1783017875.643,2.5612590312957764,-0.1661401093006134,2.520919457988139,0.7863870497471227,0.9533809678707633,0.0,0.09727572772397597,0.14502552222767173
1783017875.743,2.5137739181518555,-0.20486386120319366,2.527689782926626,0.790915102176726,0.9958761947161991,0.0029829333121918562,0.12663707933275026,0.15127661690308677
1783017875.843,2.4620182514190674,-0.2428792417049408,2.5252438439180525,0.7927555845556687,1.0375629951529164,0.0019451757201394463,0.14177032201037543,0.15127907821451836
1783017875.877,2.443901777267456,-0.25698989629745483,2.5192656110724063,0.7921132104293375,1.0518065582556462,0.0,0.15175675884671103,0.15127994117380086
1783017875.943,2.411708354949951,-0.28835955262184143,2.5180517580158415,0.7914682774185582,1.0850516402021575,0.0,0.16189178218032385,0.1512796202560994
1783017875.977,2.394287109375,-0.3052968978881836,2.5174714086497536,0.7901628079608127,1.1023639774260503,0.0,0.16688259453342447,0.15127903370102955
1783017876.043,2.3718791007995605,-0.3392503559589386,2.51766504879101,0.7882041349340196,1.1368408735027367,0.0,0.17701656284639622,0.15127834426081918
1783017876.077,2.3581936359405518,-0.35658448934555054,2.517729816819494,0.7855255919593086,1.1531986952939335,0.0,0.18200703341570934,0.15127766338816892
1783017876.143,2.3269259929656982,-0.39629003405570984,2.523973188129261,0.7835076802677556,1.1961397258868633,0.0024234199299193954,0.19214074011808258,0.1512769371585641
1783017876.177,2.3252604007720947,-0.420465350151062,2.5210316715445846,0.7714375929843127,1.207873758434483,0.0029209265386585742,-1.1258457052996622,-0.35418024661826747
1783017876.277,2.3887436389923096,-0.4816260039806366,2.5084745306871215,0.7501535481532494,1.2375848865759438,0.012800102604181705,-1.6220876327891591,-0.5406173427255989
1783017876.31,2.3688364028930664,-0.4961188733577728,2.454662750924689,0.7210665962647321,1.2202076173654233,0.04074303137595957,-2.0189049577374503,-0.6745947560371547
1783017876.377,2.2834665775299072,-0.5286985635757446,2.402662229178997,0.7007014481086293,1.2351647631395537,0.06871647088862008,-2.1212242369234833,-0.6975460194399278
1783017876.41,2.2268073558807373,-0.5411048531532288,2.3567937250104083,0.6836099211564839,1.2315935752398213,0.09392117701486878,-2.1712824450461667,-0.7075297374177365
1783017876.443,2.1934738159179688,-0.5551338195800781,2.3155775816231774,0.6663188487915991,1.227540610599781,0.11688358384753325,-2.201828354428683,-0.7101303347452601
1783017876.51,2.1295242309570312,-0.5796532034873962,2.2625221283638357,0.6392607918895044,1.226148346995709,0.14643681475041073,-2.2340079109391997,-0.7039113043870441
1783017876.543,2.0962939262390137,-0.5874528884887695,2.214034390182681,0.6085643714509826,1.2017986948418038,0.17492907321245837,-2.241332302317168,-0.6977952577033611
1783017876.61,2.0384113788604736,-0.6081969141960144,2.1382602246388864,0.5670708432456073,1.1795016293694298,0.21588946956947258,-2.265955153551901,-0.6885193218721385
1783017876.643,2.019221305847168,-0.6130212545394897,2.074040832207475,0.5246468016200578,1.1389880537021502,0.25299761132313087,-2.2726827543214205,-0.6821237586153129
1783017876.71,1.97477388381958,-0.6266666054725647,1.9870250126683333,0.47739997610471846,1.1041345510008354,0.29940778806579427,-2.302519596364559,-0.675263614210032
1783017876.743,1.9535832405090332,-0.6261166334152222,1.920716035188869,0.43525192243482275,1.0618773302659623,0.33833409750790727,-2.3183934400557655,-0.6724585522599056
1783017876.777,1.9293491840362549,-0.6257150173187256,1.8654378368642168,0.4021596221447899,1.0298596675031004,0.3709227555219879,-2.3404442323278345,-0.6718221329500778
1783017876.843,1.8835878372192383,-0.6321110129356384,1.8039826157543513,0.3692733500189086,1.0045434951530758,0.40369025432763617,-2.3790822492473467,-0.6691933625462667
1783017876.877,1.8618922233581543,-0.6285020112991333,1.7823429367427877,0.3369360615980205,0.9687098438647064,0.42160037555210084,-2.3971636259532634,-0.6669080914932928
1783017876.943,1.825404167175293,-0.6306977272033691,1.8485437399107758,0.30456303692463466,0.9355469719600819,0.3979226865322377,-2.4266664675222582,-0.6603529152613795
1783017876.977,1.8080930709838867,-0.6250763535499573,1.8987692513978456,0.2690916918264132,0.8987539502370289,0.38453665702952455,-2.437194111853937,-0.6549805966804572
1783017877.043,1.7747621536254883,-0.6230636835098267,1.9151780622755992,0.23558578486151563,0.8700549045528247,0.38402231807268195,-2.4471413312447976,-0.649965710925807
1783017877.077,1.7569515705108643,-0.6155188083648682,1.9013153482371905,0.19878846983155865,0.8270049840497269,0.39189507823684405,-2.471134071712155,-0.641489030198703
1783017877.143,1.7202494144439697,-0.6142255067825317,1.883926284886827,0.1610867183843641,0.7924008861751805,0.4032823866860877,-2.47460020150639,-0.6341411667221288
1783017877.21,1.6833693981170654,-0.6124145984649658,1.8448891496200754,0.12670662897690813,0.7565638234681701,0.41873359728614457,-2.49567649356951,-0.6247903198642369
1783017877.243,1.6641905307769775,-0.6095057725906372,1.8022077901443898,0.06836890956960312,0.6917823708343098,0.43821671262527334,-2.5053349611401132,-0.6119212375215789
1783017877.31,1.626466989517212,-0.6096664667129517,1.7698286439582784,0.04912041121997381,0.6742052465686477,0.44691316318404106,-2.531064235757138,-0.6053639516603371
1783017877.377,1.594513177871704,-0.612242579460144,1.760872020206579,0.028454150739816074,0.6619422667513537,0.44931474787501174,-2.538202695652285,-0.600081203667261
1783017877.41,1.5811688899993896,-0.6137223243713379,1.7437358120531077,0.011509797643553567,0.6460210604502485,0.44986070631824476,-2.562225222735334,-0.5930226605309925
1783017877.477,1.5555775165557861,-0.617066502571106,1.7398487976726313,-0.007137458387430608,0.6371572364677773,0.4493100905979829,-2.5692922248620946,-0.587798973723579
1783017877.543,1.5279059410095215,-0.6208779811859131,1.7377278948467092,-0.025279360664772266,0.6314768159471421,0.4403395967613914,-2.6106056114673297,-0.5805646834609935
1783017877.61,1.50407075881958,-0.6238043308258057,1.7470389418287604,-0.03433694420245734,0.6375777112222027,0.43381949761706345,-2.6246064800005575,-0.5780956920380304
1783017877.643,1.4953711032867432,-0.6263717412948608,1.7235257835486675,-0.04574472153813061,0.6238447677082845,0.43639421791953464,-2.648560252916148,-0.5719063846698522
1783017877.71,1.4785706996917725,-0.6291559934616089,1.7025084135638535,-0.06841397405355845,0.6038043656881528,0.44133195008635084,-2.6490074182295897,-0.5641047910964971
1783017877.744,1.469928503036499,-0.6300429701805115,1.6500660862240824,-0.0948314217271283,0.5647131576955965,0.4543494432704762,-2.6579853042403743,-0.5517809177443942
1783017877.777,1.461008071899414,-0.6299065351486206,1.6071307812054108,-0.12672863715418872,0.5239654981055716,0.4672234918336347,-2.649741102159573,-0.5406892874141264
1783017877.843,1.4494284391403198,-0.6307467222213745,1.5411803921470364,-0.15451225179637945,0.48499246561314974,0.4848123022983797,-2.65714722492567,-0.5282984898570364
1783017877.877,1.4420784711837769,-0.6300228834152222,1.4943574596736595,-0.18247663148612459,0.450589325498628,0.49912822398139756,-2.653045022135092,-0.5191796077236556
1783017877.943,1.4324345588684082,-0.6290609836578369,1.4240495630174084,-0.20373442388323912,0.42540920371463026,0.5181625450710408,-2.6661639091751947,-0.5098643832316571
1783017877.977,1.4313076734542847,-0.6255944967269897,1.376508256394506,-0.2244353973858048,0.40488467381999316,0.5328866652128611,-2.6686558976685495,-0.5036566169009162
1783017878.077,1.4318791627883911,-0.6198413968086243,1.325352370648065,-0.236305295175547,0.39805514529975167,0.5436312299338686,-2.689025263158567,-0.49790909621205587
1783017878.177,1.4427109956741333,-0.6109415292739868,1.2434867702154209,-0.250724574716022,0.41163885428933794,0.5629367583672716,-2.725241393726189,-0.4919198478527053
1783017878.243,1.452505350112915,-0.6051661372184753,1.236989199064453,-0.26200912713147556,0.40522085945147585,0.5582998262327136,-2.7575385429265356,-0.4909130029150561
1783017878.277,1.4589512348175049,-0.6004202365875244,1.3878800885059963,-0.2860069216130287,0.32234583985415927,0.483887185168675,-2.7852673306235283,-0.4883201267525752
1783017878.343,1.4688096046447754,-0.5943042635917664,1.4695978010806712,-0.3047650947650366,0.28954024165648384,0.4468620311969653,-2.8008904127763423,-0.4876635829108107
1783017878.377,1.474191427230835,-0.5911052227020264,1.3996516344224699,-0.29071923389619675,0.3094962406601573,0.47059972590646126,-2.8384570141556176,-0.48957138185457055
1783017878.444,1.4813647270202637,-0.5845287442207336,1.2926684728247932,-0.26489940629545716,0.37117272261031276,0.5151062514985743,-2.864702917673499,-0.49341741371319897
1783017878.543,1.4888137578964233,-0.5746325254440308,1.0555202526908123,-0.1566515824107548,0.602039309673672,0.6126227494601217,-2.946194347886893,-0.5058963549234299
1783017878.644,1.4916378259658813,-0.5675270557403564,0.8646790584259253,0.015953080085628936,0.8564615374310343,0.7013489259438924,-3.0473537770389014,-0.5260581196110441
1783017878.71,1.4936532974243164,-0.5641748309135437,0.8021123495185718,0.1597826840179748,1.00117099741063,0.7363985718754055,3.1403675901499817,-0.543191070652098
1783017878.777,1.4954862594604492,-0.5612484216690063,0.8045041283871185,0.20519296426924388,1.031934447308349,0.7403899746131516,3.105457229297535,-0.5498362942678205
1783017878.877,1.4966049194335938,-0.5600237846374512,0.8228875105847114,0.3064585432638681,1.0975822390834054,0.7390400125961339,3.017975450334051,-0.5623622062056145
1783017878.943,1.498469591140747,-0.5621181726455688,0.8598178786776085,0.35959360816031577,1.1213512459120267,0.7198263975767014,2.9455125338627326,-0.5684456372287741
1783017879.01,1.496086835861206,-0.5637471675872803,0.869151681596466,0.35107371182633973,1.109028822467686,0.7061868374209197,2.9322890458255877,-0.5659006610856067
1783017879.043,1.4918174743652344,-0.5662189722061157,0.8734430182674521,0.33840378509432645,1.0957779432805184,0.6840783008467447,2.9107463665935907,-0.5590394026909662
1783017879.11,1.485161304473877,-0.5709762573242188,0.8702376180599778,0.31319064566299076,1.0769782971122737,0.6683846986677915,2.909779069487871,-0.5517101090012408
1783017879.143,1.4800419807434082,-0.5756047964096069,0.8672115025912978,0.30309218237900654,1.0712934124152829,0.6498782241994747,2.890812376214228,-0.5441200040549534
1783017879.21,1.473663330078125,-0.580574095249176,0.8757549830853092,0.3004751996515142,1.06477333336663,0.6310029249357845,2.8637190681212275,-0.5398337658537408
1783017879.243,1.469498634338379,-0.5855770707130432,0.8863275557554107,0.2967145834534796,1.0576044014221584,0.6199097263985162,2.8483163531393636,-0.5387368764635089
1783017879.31,1.461771011352539,-0.5926880240440369,0.8969749440489639,0.3097435455578804,1.064601961042607,0.6072998272983678,2.813101342849439,-0.5382624089330299
1783017879.41,1.446673035621643,-0.6031771302223206,0.9214611691972233,0.3139880725748623,1.056900900678498,0.5891103942048638,2.7742348239562666,-0.5394757004398721
1783017879.51,1.4250035285949707,-0.6141129732131958,0.9945544848972591,0.3003710503232313,1.010726178805935,0.5495515442363265,2.702194570473152,-0.546977825021581
1783017879.543,1.417876124382019,-0.6173072457313538,1.0651786015261988,0.2743171318900718,0.95884804499849,0.5165374035914704,2.641462499293703,-0.5562893166035143
1783017879.643,1.3959944248199463,-0.6265743970870972,1.112962457215993,0.25900602053145994,0.9297095088011219,0.49149662100796776,2.5887842438793935,-0.5625490473472544
1783017879.743,1.3769456148147583,-0.6365712285041809,1.2250973624986325,0.19456085299323356,0.8448895955245789,0.43590235479244793,2.485677433005737,-0.5811556563823822
1783017879.777,1.3793394565582275,-0.6400689482688904,1.2795143877479318,0.15502470835497378,0.8013357393542906,0.41029879170372785,2.436300254433429,-0.5926932571239287
1783017879.843,1.3850620985031128,-0.6468192934989929,1.3803861197549943,0.07136635622431917,0.7182008717940607,0.35744548525775066,2.31624101582892,-0.6161647656213369
1783017879.877,1.3908462524414062,-0.6523438096046448,1.4168424859169901,0.024135166654941243,0.6769782932089733,0.3335138383304556,2.268073662010348,-0.626536903016701
1783017879.977,1.4019564390182495,-0.6757679581642151,1.4524575271436178,-0.03444243496303856,0.6433108009439209,0.3015147659391371,2.2026753554908876,-0.6364991884576563
1783017880.01,1.4061176776885986,-0.6884728074073792,1.486962214955978,-0.12581211721196803,0.5684389954050945,0.2577415411735636,2.1279219420031934,-0.6486097520930387
1783017880.11,1.4214844703674316,-0.7196313142776489,1.5012072914520083,-0.180296349133188,0.5451953162207652,0.22855189595451558,2.074499531305446,-0.6526729303886902
1783017880.177,1.4357964992523193,-0.7462862730026245,1.5118122072162001,-0.27412272044400904,0.478243461243353,0.17930547607638578,2.0036023657384794,-0.6547977775114718
1783017880.243,1.4495971202850342,-0.7647430896759033,1.5120639068229307,-0.32402118676336167,0.445126830383457,0.15138809234586476,1.968472295619625,-0.6512387584140718
1783017880.31,1.4628959894180298,-0.7826893925666809,1.5099794970748401,-0.35470141325459065,0.43057004903838253,0.1341007726802823,1.9604354703802738,-0.6454624402680944
1783017880.344,1.4650928974151611,-0.7928757667541504,1.5088945453853175,-0.38281533845706195,0.4123931852250872,0.11623328946389096,1.9409356127614652,-0.6354169050116595
1783017880.41,1.467590093612671,-0.8090187907218933,1.5063597759781577,-0.40130749004892136,0.40955047670240513,0.10440566389235208,1.9466795008119497,-0.6243180136970369
1783017880.444,1.4649239778518677,-0.8164666295051575,1.5050781700323028,-0.4158953822982389,0.4025787913422285,0.0931176114424386,1.941153416214437,-0.6086012672085462
1783017880.51,1.4618732929229736,-0.8278976082801819,1.5025283579849167,-0.42314126572580807,0.4067929831661117,0.08675930376935347,1.9592818853746792,-0.5932019779881307
1783017880.544,1.4583702087402344,-0.8321012258529663,1.5009686595039469,-0.42803520271813467,0.40630527815851314,0.0805007372232448,1.9654540676417822,-0.5737596750881667
1783017880.577,1.455977439880371,-0.835474967956543,1.497989926977131,-0.43048758845136764,0.4071606889552629,0.07675123375255048,1.9901009649817967,-0.5560352602282455
1783017880.644,1.4511994123458862,-0.8444680571556091,1.5972115756154504,-0.5129274126943868,0.36226889288540975,0.07201034932135553,1.3149160789828676,-0.829849716772529
1783017880.677,1.4489271640777588,-0.8459619879722595,1.6004550083471591,-0.5965404484838854,0.2918420667924386,0.07029084579984358,0.804757810644047,-1.0230628471310979
1783017880.743,1.4448978900909424,-0.8507292866706848,1.5678292525406385,-0.6445358797080003,0.2400579949691695,0.07015492517799797,0.40548826020704665,-1.1611099221622778
1783017880.777,1.445072889328003,-0.8507121801376343,1.5268787759571942,-0.6643067271650198,0.20356619558540087,0.0705385645889046,0.05442989756804151,-1.2737395751453593
1783017880.81,1.443514347076416,-0.8489932417869568,1.4944290839221832,-0.6631390453951944,0.19270208287535842,0.06949828344363179,-0.19150631567538,-1.352680395776123
1783017880.877,1.4365792274475098,-0.8502529859542847,1.4706201182940035,-0.649499114389192,0.20361949611468114,0.065171501518832,-0.4268514692203498,-1.4133392937763283
1783017880.944,1.4437673091888428,-0.8487593531608582,1.4583740755581214,-0.6359465133767132,0.21331353074936166,0.06125205410188228,-0.5791281105171069,-1.454818833068314
1783017881.01,1.4536361694335938,-0.840800404548645,1.514246569598196,-0.6370272826950832,0.21259610955532499,0.04907955346348552,-0.11504224232575533,-1.2334691251558738
1783017881.077,1.46084725856781,-0.8374382257461548,1.5069829123621836,-0.6242136332140861,0.21815871610252252,0.03973939627810543,-0.15580234652930747,-1.2334932516046335
1783017881.11,1.4681717157363892,-0.8333624601364136,1.4974275732012796,-0.6037845804251414,0.23143445734965515,0.024788734496786483,-0.23859045845784843,-1.2335542755775037
1783017881.144,1.4760794639587402,-0.8282942175865173,1.4909851675815613,-0.5878938367109632,0.24086204168694345,0.012720283087062809,-0.2794696589104837,-1.2336261083357052
1783017881.21,1.4894134998321533,-0.8227368593215942,1.4858253898595573,-0.5694833180146094,0.25327895830033753,0.0,0.47348304876153424,-0.8968115893842358
1783017881.244,1.497265100479126,-0.8183505535125732,1.4803956221287011,-0.5730370397289207,0.24589286151634765,0.0,0.895014308697271,-0.7226284669178871
1783017881.31,1.5147188901901245,-0.8134533762931824,1.4733978828859107,-0.579479249077263,0.23759486074215938,0.0,0.3096474391493569,-0.9423925679019886
1783017881.344,1.5276867151260376,-0.8107739686965942,1.4677323489569625,-0.5847928078787284,0.23379908269136912,0.0,-0.08264105012602174,-1.0824842760227538
1783017881.41,1.5538291931152344,-0.804902195930481,1.4598513519903,-0.5901445943146019,0.23441984146890815,0.0,-0.4122502725682504,-1.1893995166811382
1783017881.444,1.5713011026382446,-0.8020064830780029,1.4532131033437585,-0.5947333328733194,0.23855174359695602,0.0,-0.6368567105732081,-1.2619646509732105
1783017881.544,1.620887279510498,-0.7948265671730042,1.443731980020523,-0.5994531562621662,0.2637323829724326,0.0,-0.8571477866191306,-1.3190900413895317
1783017881.577,1.6431279182434082,-0.792820394039154,1.4288001062185478,-0.6079655319451032,0.2830330917881767,0.0,-1.11864538694899,-1.3855091183902042
1783017881.644,1.6868772506713867,-0.7901967763900757,1.4195146857515073,-0.6125835253244573,0.32098163198948804,0.0,-1.256388610257753,-1.404476572418412
1783017881.677,1.7135074138641357,-0.7898836135864258,1.4110296243305267,-0.6173834691281342,0.34820843326845163,0.0,-1.3336049962109449,-1.4158891293570275
1783017881.777,1.7828938961029053,-0.7851076126098633,1.3959351527631496,-0.6242689635485859,0.41905386298057157,0.00440820256631982,-1.4352389969831267,-1.4193154942735686
1783017881.877,1.8338713645935059,-0.7705446481704712,1.3579187019772896,-0.6395406638330344,0.49365269265319434,0.02546583983697747,-1.5479973406915934,-1.4071260472606197
1783017881.91,1.8416746854782104,-0.7608615756034851,1.3209562973306421,-0.6583229506247462,0.5307182014662132,0.05152273033666136,-1.5717559759959514,-1.3800139054109728
1783017881.977,1.8588815927505493,-0.7434039115905762,1.293490383319021,-0.6718381190065935,0.5699025200598958,0.07162785334134945,-1.6128570468846932,-1.3587890565508893
1783017882.01,1.8579885959625244,-0.7291437983512878,1.2678738835101684,-0.6891405401633769,0.5914690478109362,0.0907963628594552,-1.6077058108250455,-1.3393494966159563
1783017882.077,1.8655619621276855,-0.7029101252555847,1.243443240683108,-0.7080728269759126,0.6221401426213301,0.10936348448347703,-1.6038810383648066,-1.321578039597803
1783017882.11,1.86488676071167,-0.6832457780838013,1.2113961118208256,-0.7299424642285691,0.6551569343941035,0.13324956083992906,-1.6351621031277057,-1.2981504596272169
1783017882.177,1.875646948814392,-0.6521005630493164,1.187020749012285,-0.7560409173187871,0.6964263351565293,0.15309659372594164,-1.622771506627334,-1.2768216085944408
1783017882.244,1.8835368156433105,-0.6204562783241272,1.1427838537352824,-0.813295619958869,0.7654423311116504,0.1901580936875774,-1.6286623880052358,-1.2297322497125578
1783017882.344,1.896108865737915,-0.5566245913505554,1.1248481871425127,-0.8478952230836767,0.8244280534150037,0.2067296962858933,-1.6380155758965735,-1.1977980737580465
1783017882.444,1.9158642292022705,-0.49398720264434814,1.1075616000086346,-0.9141652026045635,0.9109899516525477,0.2268663199257528,-1.624463660646761,-1.1420992323339971
1783017882.51,1.9314446449279785,-0.4467119872570038,1.1047876122003757,-0.9622356427669169,0.9742312298157498,0.23222778241179654,-1.6256575907721231,-1.0950580092527697
1783017882.577,1.9483611583709717,-0.40742239356040955,1.1105666498810862,-0.9793109176057511,1.0143747445547764,0.22988999685627493,-1.615664732442962,-1.075818781953379
1783017882.677,1.973275065422058,-0.34109795093536377,1.1253887293391094,-0.9957554317364791,1.0712085026198352,0.2174442379287341,-1.6356688724301849,-1.0410099791534437
1783017882.744,1.99808669090271,-0.2965855598449707,1.154633197508372,-0.9985740275315214,1.097361200464106,0.19463807398229221,-1.652784364244913,-1.0062521982727306
1783017882.81,2.016068696975708,-0.25719115138053894,1.1740223553445952,-0.9968488294961296,1.1207745189152398,0.18175275697052362,-1.6474956238934422,-0.990491755194292
1783017882.877,2.0326931476593018,-0.21419674158096313,1.2152387715348367,-0.9784146182144504,1.1190445120777075,0.15017687230372678,-1.6727912516985126,-0.9615779492575183
1783017882.944,2.046257495880127,-0.17459911108016968,1.2494855989642466,-0.9604356434937431,1.119099866585069,0.12649346798092242,-1.6957967144474482,-0.9432859765965874
1783017882.977,2.0500593185424805,-0.1532490849494934,1.2828783201725014,-0.9444146865785171,1.1020479542474424,0.10644734396100149,-1.6900933861800829,-0.928139642456
1783017883.01,2.054259777069092,-0.1320255994796753,1.3112813685829638,-0.9291225511138967,1.0896698884438112,0.08966175184420044,-1.6885405214785105,-0.9156644362750005
1783017883.077,2.065545082092285,-0.09339109063148499,1.3446554457820747,-0.9017021787722568,1.0830737199982214,0.0677505485394378,-1.7496559858613907,-0.9155577748300154
1783017883.11,2.067620038986206,-0.07341746985912323,1.376331057503007,-0.880953024500399,1.0630118192804217,0.049836251562154245,-1.7795668140714331,-0.9154222469915204
1783017883.177,2.07985520362854,-0.03397189825773239,1.409405438958383,-0.8659841274088139,1.0685257303421478,0.03297649166656813,-1.764705864067955,-0.8977291168945218
1783017883.21,2.077345371246338,-0.011507317423820496,1.4538323117948684,-0.8243224902234141,1.0244203436284176,0.01044952024752445,-2.601276838984263,-1.2160320789999313
1783017883.277,2.0910894870758057,0.03223732113838196,1.4733488290261456,-0.8286057133592345,1.0595537979030096,0.0,3.111846417288671,-1.4223187719525614
1783017883.31,2.0944712162017822,0.05852633714675903,1.4862429918791544,-0.822702688469823,1.0707502829566786,0.0,2.6438004762314122,-1.5790255397183102
1783017883.344,2.1001601219177246,0.0851418599486351,1.499214450604048,-0.8187746539797509,1.0854495677013702,0.0,2.323828566161092,-1.6845403133478203
1783017883.41,2.1073713302612305,0.1363885998725891,1.5167432619998356,-0.8157750281030304,1.1204718155571254,0.0,2.0287221523314845,-1.7627629303521413
1783017883.444,2.107374906539917,0.1641087383031845,1.5332550814594457,-0.8130571855278095,1.1333432032032094,0.0,1.842048134501307,-1.8135422224873325
1783017883.51,2.10166072845459,0.21318615972995758,1.5493024102561705,-0.810201951638317,1.1629372030221194,0.0,1.6977446510518952,-1.8456207460244753
1783017883.544,2.1009390354156494,0.23732152581214905,1.569185188472753,-0.8070021472786403,1.171910443641666,0.0,1.5312967158450403,-1.8634379328264807
1783017883.577,2.0960283279418945,0.26062488555908203,1.5893590283524497,-0.8035380034942032,1.1786248061129094,0.0,1.4500738553624561,-1.8711723021826767
1783017883.644,2.0886049270629883,0.30465492606163025,1.6233119689594335,-0.8045441904278392,1.2028384001526455,0.009017027446118422,1.3380817073893079,-1.8654802511985733
1783017883.677,2.0824599266052246,0.32421568036079407,1.6589638395136557,-0.8080328570192852,1.2088571818793148,0.020082178198644246,1.3026869512890134,-1.8550401323290506
1783017883.744,2.081350326538086,0.3624909222126007,1.6954180744541838,-0.813497703737092,1.237696631473803,0.032795422390040914,1.276002551180932,-1.8419734115359652
1783017883.777,2.0901544094085693,0.3793129622936249,1.7509634708735031,-0.8289823600080772,1.255001226565326,0.062178662211232597,1.2063844518095523,-1.8195868488826188
1783017883.844,2.1007351875305176,0.4180280566215515,1.802250442267543,-0.8411258069200589,1.2940485289302204,0.08746694438703081,1.2005529702519784,-1.7983543831190145
1783017883.877,2.115335702896118,0.43561863899230957,1.8655950566060893,-0.8597556776337786,1.3192289454768138,0.12453192631620583,1.1519146846480224,-1.7677615402093563
1783017883.944,2.1723415851593018,0.47272205352783203,1.920725418661755,-0.8683931458935875,1.3645148124377673,0.1524164870029098,1.1650568963545433,-1.739239658919733
1783017883.977,2.176591396331787,0.48919010162353516,1.9806537299424563,-0.8787949208261832,1.3819459435002706,0.1862119439464593,1.1326832655722416,-1.7029653211392748
1783017884.01,2.1817245483398438,0.5064848065376282,2.030751935974839,-0.876792335650637,1.3914914235398104,0.21001929478289746,1.1540683513246233,-1.6716873927610392
1783017884.077,2.188847780227661,0.5440182685852051,2.0842417600267487,-0.8756969043755184,1.4235636943239214,0.23923873311236563,1.1289304658900576,-1.6340018198847603
1783017884.11,2.194692611694336,0.562296450138092,2.132718615063173,-0.8634102829290035,1.4270530701313422,0.2624586196510798,1.1525126954994125,-1.6025773401148544
1783017884.177,2.187638759613037,0.6014053821563721,2.1890569990153192,-0.8538104477692023,1.4552165210266756,0.292661497436985,1.1304765547088174,-1.5654492546822052
1783017884.244,2.183177947998047,0.6345504522323608,2.251849907330613,-0.8357247079791623,1.4718780128575852,0.32334963820477236,1.1188482084180098,-1.5229544269876407
1783017884.311,2.1953976154327393,0.6664191484451294,2.312159526415519,-0.8039304753265032,1.4749784269546902,0.349921852528141,1.1522033951385229,-1.487650685486004
1783017884.344,2.199134349822998,0.6809881925582886,2.3801215673552325,-0.7723510547217387,1.4645652394463473,0.38113486877049846,1.1444973194661756,-1.4466669529091454
1783017884.41,2.2029242515563965,0.7122451663017273,2.441539634581508,-0.7258192486322902,1.457726504703725,0.4062349495807923,1.1800828645520882,-1.4121674200875691
1783017884.444,2.2093687057495117,0.725793719291687,2.51393502909138,-0.6794997514814216,1.4379187683285566,0.4365578986809791,1.177283824371825,-1.371859724887968
1783017884.477,2.220370292663574,0.740401029586792,2.5752797122643947,-0.6192800485488748,1.4052378198588167,0.4604633986457706,1.2136914982628246,-1.3385005076934957
1783017884.544,2.2337207794189453,0.7703788876533508,2.62926123734732,-0.5620469872566388,1.3898960270422531,0.48187064724595274,1.2416464561475822,-1.310781813440949
1783017884.577,2.23974609375,0.7814735174179077,2.6933465235337914,-0.5170169739956285,1.3754384414401857,0.5078820892854945,1.2242487338900876,-1.2813699550908062
1783017884.644,2.2505555152893066,0.8087944984436035,2.7424108928609106,-0.4652006669426673,1.3656446806815075,0.5277572239910576,1.240039116563076,-1.2586272750646024
1783017884.677,2.2521471977233887,0.8171793222427368,2.8049163244893194,-0.4309647817610172,1.3650704787170893,0.5530753097802945,1.209698774916542,-1.235791566093736
1783017884.744,2.250972270965576,0.8422974348068237,2.855103773283545,-0.3896490822468794,1.3721031641147527,0.573012080054635,1.2134470822317418,-1.2182169854312879
1783017884.813,2.238363265991211,0.8577142953872681,2.949077706667424,-0.32072038945603465,1.3761625349599649,0.6050085603344949,1.1829745290112124,-1.1826158671465248
1783017884.877,2.2296066284179688,0.8772373795509338,2.9877485838042204,-0.2661787663163324,1.371925547231643,0.6166080501865306,1.1951207547937441,-1.162341091309316
1783017884.977,2.20963978767395,0.8945586085319519,3.0570051387187527,-0.14501226972960185,1.3411695079596686,0.63207338834083,1.2020308926809644,-1.1148947412602692
1783017885.044,2.205981731414795,0.908027172088623,3.0910372544847604,0.005619832870663262,1.263986663217254,0.6388491256225377,1.254361261545002,-1.0678728026564672
1783017885.077,2.2043299674987793,0.909958004951477,3.1101385787356834,0.0662144204093612,1.2378984112789335,0.6386440976083254,1.245042210074816,-1.042507477087025
1783017885.144,2.2053067684173584,0.9204472303390503,3.1129962869402386,0.12817440608472175,1.2048221819373297,0.6372435919925846,1.2629304073793044,-1.0223811455596319
1783017885.177,2.2067999839782715,0.9224087595939636,3.128125834581148,0.17015300660550442,1.1894242476481416,0.6349115005658742,1.2426171396734285,-1.0021013884537127
1783017885.21,2.2060489654541016,0.9266394972801208,3.12932097444198,0.21336253289577967,1.1667027172771363,0.6330823578841328,1.247993189242445,-0.9868727350197923
1783017885.277,2.217618942260742,0.9387060403823853,3.1512800822560605,0.2504086219324428,1.1599467490286839,0.6347344506899366,1.2231038705514479,-0.9692006889175125
1783017885.31,2.2192344665527344,0.9413162469863892,3.1641072376593304,0.29764599182501766,1.1432829706411984,0.6393910172418706,1.227783035848268,-0.9544641153632271
1783017885.377,2.2254090309143066,0.951323926448822,3.180573932082259,0.34458502762857157,1.1315794624173743,0.6459214711590064,1.230854885339892,-0.9408742535617656
1783017885.41,2.2347707748413086,0.9553344249725342,3.217410569887885,0.39987971986664567,1.1287652086388238,0.6577150011580057,1.2131064294004803,-0.9223277930483702
1783017885.444,2.246187448501587,0.9576645493507385,3.232804218942515,0.46824125746879586,1.101339098712038,0.6670752802722469,1.2261956608389486,-0.9047183193568612
1783017885.51,2.2724595069885254,0.9661428928375244,3.2505601727759736,0.5460714820029862,1.0644909124151174,0.6737067527024073,1.2223556229573678,-0.8808028229307221
1783017885.544,2.2894809246063232,0.9702138900756836,3.2429162934764637,0.6336200294761264,1.0111055482024887,0.6769116149084319,1.2485456938202866,-0.8581273086395965
1783017885.577,2.3067235946655273,0.9797061681747437,3.224535572218907,0.721315178663479,0.953490812541503,0.6773798204449372,1.2782577752651205,-0.8358785371864977
1783017885.644,2.335986614227295,0.9932163953781128,3.2025442533504886,0.8192177195439655,0.8838538799568625,0.6726711822670235,1.2933083416615148,-0.806045904138975
1783017885.677,2.349888801574707,0.9985417127609253,3.1562763622861283,0.9093778175448227,0.8113021005027808,0.6660362476711468,1.3311905284679213,-0.7804891592718459
1783017885.744,2.3673605918884277,1.0084991455078125,3.1164523183268837,0.9910655400851195,0.7492945650520767,0.654399900063253,1.3454671067372113,-0.7519351000768968
1783017885.777,2.373917579650879,1.0109665393829346,3.072231820326004,1.0572113179566907,0.6998438099140495,0.6460507360797217,1.3746913441655888,-0.7302066826098267
1783017885.844,2.3921613693237305,1.0163849592208862,3.0482134905949843,1.1200283498963444,0.6641884809714916,0.637465221018081,1.3795802856729082,-0.7069146094725526
1783017885.877,2.405639171600342,1.0165152549743652,3.020148302109688,1.1726179449981444,0.6340264358147956,0.632488469843891,1.4005210077263186,-0.6890727349843869
1783017885.977,2.4297401905059814,1.0157581567764282,3.0382859001406963,1.2278875993746647,0.6444585177743074,0.6341244953120733,1.39446160049906,-0.6718279054597637
1783017886.01,2.4321467876434326,1.0106714963912964,3.013982300980212,1.313107945993297,0.6557441350311392,0.6280849769262004,1.4245327275747943,-0.6431702157601247
1783017886.077,2.440871238708496,1.0029405355453491,3.007376045313415,1.3589866055705138,0.6691012628046976,0.6215187977683113,1.4225984166513177,-0.6260029999558554
1783017886.111,2.4438817501068115,0.9951084852218628,2.982781564288202,1.4010395432535265,0.6746799490124508,0.6165772568476767,1.4414442398987468,-0.6105795445816797
1783017886.177,2.4513754844665527,0.9838074445724487,2.9521429159297123,1.4607460306927755,0.6915478547032494,0.6092636764923056,1.4532890172056074,-0.5880313505700305
1783017886.211,2.454094886779785,0.9728972315788269,2.8915640705202343,1.5149024519699559,0.6965263423975946,0.6011316860129424,1.489603918695079,-0.5653646959507056
1783017886.244,2.4647417068481445,0.9652913212776184,2.833240240190621,1.5640594373694516,0.7030749788775871,0.5939464836126093,1.5261358797927151,-0.5443870180680147
1783017886.311,2.469644069671631,0.9499743580818176,2.787255206071,1.6108870869632594,0.7332683473070502,0.5822733708135232,1.5447030834065139,-0.5214219561043564
1783017886.344,2.4680771827697754,0.9381778240203857,2.7353456965064873,1.6404065965204915,0.7513705526316801,0.5722143146098787,1.5747767639764225,-0.502922695804975
1783017886.411,2.466613292694092,0.921949028968811,2.7008329479053113,1.6674739284776674,0.7814513565635118,0.5587894783841703,1.5838525511407449,-0.4849759532018916
1783017886.444,2.4641218185424805,0.9115620255470276,2.666961958595759,1.6781064794099907,0.7929278164908216,0.5471408795049579,1.600439012552294,-0.47183065643437416
1783017886.511,2.4638609886169434,0.8980165123939514,2.6447471376200182,1.6868462511411053,0.8093035003217678,0.5376341147005229,1.6121303974548926,-0.46164810059762657
1783017886.544,2.464052200317383,0.8898739218711853,2.633282939937896,1.7000614366630555,0.8276731555131729,0.5244472984575661,1.6094498831220303,-0.4499561086644596
1783017886.577,2.465805768966675,0.8828864693641663,2.6094891425369324,1.7013985339065414,0.8310276238741715,0.5120655980785814,1.6224195917155022,-0.43918311934486975
1783017886.644,2.4663329124450684,0.8720213174819946,2.5898607460415235,1.7092296247168737,0.8462723411385517,0.4961112437861881,1.6255904579086629,-0.4253389699550527
1783017886.677,2.467083215713501,0.8687028884887695,2.5585577093240217,1.704158467070264,0.8404484557450511,0.481004466497869,1.64362970248093,-0.41262341812161873
1783017886.744,2.4693264961242676,0.8632270097732544,2.528028100872665,1.7069412465449814,0.8457538600156282,0.4633759076093975,1.6532241828606953,-0.39655998070471665
1783017886.777,2.471665859222412,0.8634656667709351,2.4891762895870966,1.697003358950832,0.8337215958916652,0.4473360549575866,1.675374704200454,-0.38235562205355644
1783017886.844,2.4741334915161133,0.8617548942565918,2.455072728570996,1.6864798863727466,0.8249452256392794,0.4323091207096692,1.6934924127681743,-0.3700169780619731
1783017886.877,2.474822521209717,0.8639516830444336,2.423453426030233,1.6784853292315611,0.8161518515021916,0.4143813759601577,1.702792136815046,-0.3561894858532572
1783017886.944,2.4738576412200928,0.8655151128768921,2.3885295693505193,1.6562540549612368,0.7953294627873707,0.3967809259604891,1.719864436237426,-0.34477584250731064
1783017886.977,2.472813129425049,0.8700709342956543,2.355899737269264,1.6329824849317829,0.771817838197197,0.3739302477200963,1.7281517560834194,-0.3313032997007577
1783017887.077,2.4688987731933594,0.8780437707901001,2.315265374711856,1.603617115940357,0.7416602323985763,0.3486758165980876,1.7460642229417314,-0.3131570653274332
1783017887.177,2.467167377471924,0.8881577253341675,2.2262390050603553,1.5377362594848605,0.6928194228384843,0.303824015661566,1.8142921579767028,-0.270409905237902
1783017887.211,2.467740058898926,0.8930388689041138,2.1380276764843185,1.4705575323326305,0.6650098207739317,0.2691537429679701,1.918616053237372,-0.2217068929694629
1783017887.279,2.4685020446777344,0.8982289433479309,2.097270314996907,1.4339516766492781,0.6517759155550972,0.24896352723263046,1.9776843068513088,-0.19045321797473283
1783017887.311,2.467721700668335,0.9025344848632812,2.063586651374086,1.3929823580857121,0.6355031505952355,0.232544239824803,2.0431057889375506,-0.16204223265799514
1783017887.377,2.4669690132141113,0.907356321811676,2.0348259609951893,1.3465017687171525,0.6161139027151528,0.21190162981276117,2.112195928584656,-0.127814125875649
1783017887.411,2.466139793395996,0.9103323817253113,2.0196632955016707,1.2993905860014394,0.5922056648551641,0.19446849419856407,2.1809963701257367,-0.09860333459320164
1783017887.477,2.4640517234802246,0.9148726463317871,2.0172401917755014,1.2518476513797194,0.5596362201389175,0.17606790526808158,2.2461115010172055,-0.07259018360860535
1783017887.511,2.4637084007263184,0.9167994260787964,2.311235178732479,1.2428665383781856,0.35995533771350735,0.14373220554860247,1.6371547886855131,-0.324088226958763
1783017887.544,2.4627418518066406,0.9193791151046753,2.443393527561547,1.1152039235964466,0.19677833537239864,0.12274306669488941,1.1696799196165433,-0.5036194599863479
1783017887.611,2.46185302734375,0.921972393989563,2.4899781252504654,1.0108581885415073,0.09322931730626789,0.1173450030823988,0.8103807863444095,-0.6318054569556992
1783017887.644,2.4600958824157715,0.9236690998077393,2.538959270650666,0.9262965970484255,0.07890714635340403,0.13698974508561235,0.5220139167968751,-0.7334445333307076
1783017887.677,2.4581592082977295,0.9257451295852661,2.563537897397231,0.8506780127221922,0.1293821477270484,0.15944028573755814,0.32080269584050747,-0.8024172947428472
1783017887.744,2.4537200927734375,0.9300156831741333,2.5938816891377345,0.7719815382678278,0.21123461849719447,0.19309081628678154,0.1576539085697335,-0.8488321295303816
1783017887.777,2.4517650604248047,0.9322485327720642,2.601263353612116,0.7188327455250078,0.2605686817562696,0.21473602809025868,0.059610378868259595,-0.8767241934166166
1783017887.877,2.4482803344726562,0.9399154782295227,2.6152716829389577,0.66961015469083,0.31772799435358395,0.2365543679079067,-0.027238073285053233,-0.888815305715743
1783017887.911,2.4473836421966553,0.9421654939651489,2.6444437182380796,0.6163710308550512,0.38075544088384183,0.2643178414241597,-0.09249650388842756,-0.8914737503860607
1783017887.977,2.4457366466522217,0.9463887214660645,2.6620349508988426,0.6026240952262993,0.40615154151342225,0.26948991011357554,-0.12393244492377953,-0.8796164371076014
1783017888.011,2.4451117515563965,0.9481109380722046,2.6755292665553485,0.6077387860755156,0.4110297228585172,0.26722271539008846,-0.1207810261125033,-0.8669370813680806
1783017888.077,2.442941188812256,0.9514720439910889,2.6868297840651425,0.6193870842090161,0.412021925882455,0.25770822855120096,-0.13055748830849456,-0.8462849575822888
1783017888.111,2.442458152770996,0.9526028037071228,2.6978155833447204,0.6364455968100762,0.4064022598634958,0.24856271365425794,-0.113045046038041,-0.8276865163943997
1783017888.177,2.4612197875976562,0.9554163813591003,2.7067720348940254,0.6547791069042508,0.3881735139650022,0.23524836806152186,-0.10978859141303943,-0.8027050168355462
1783017888.211,2.462127447128296,0.9559386968612671,2.7159721148801483,0.6733444542288305,0.3798639510601773,0.22486295089211508,-0.08326073943098855,-0.780929692488863
1783017888.277,2.4579555988311768,0.9576725959777832,2.7327957960188263,0.6812309125198815,0.38981680100168176,0.2215035338711322,-0.05793714655153259,-0.761393050990409
1783017888.311,2.451220989227295,0.957491934299469,2.7415626614589934,0.6927284637281158,0.3929350862207228,0.21130304036798095,-0.05028391340539473,-0.7367879241902863
1783017888.377,2.4426779747009277,0.9576607942581177,2.7423968474237976,0.7101432287794489,0.3887111368185313,0.1996515783891271,-0.02190464209336529,-0.7160493426967608
1783017888.411,2.43697452545166,0.9554920196533203,2.726219273385167,0.732118139609055,0.3654564467801159,0.17832981521254684,-0.01577355548265169,-0.692919972319588
1783017888.444,2.4322128295898438,0.9542176723480225,2.70788937774303,0.7518267337066507,0.3419936421131123,0.16034413377932916,0.006550463799998685,-0.6748608035530058
1783017888.511,2.42559814453125,0.9524543881416321,2.6800834551649277,0.7709681102436287,0.3125700599763048,0.13733382663411509,0.006681974025249282,-0.6552809445038555
1783017888.544,2.423640251159668,0.9498913884162903,2.658969629897071,0.7839785069185223,0.28793575801526355,0.12137310359792566,0.022724182109770563,-0.6401033303144074
1783017888.611,2.420531749725342,0.9483656883239746,2.64372507340899,0.7903483403483735,0.27346799081098305,0.11000201843441569,0.03319557383065286,-0.6280696393228941
1783017888.644,2.4224512577056885,0.9461379647254944,2.6224569784313614,0.7973720581420651,0.2492660893193967,0.09478055894284346,0.024128070948244762,-0.6142490254127484
1783017888.711,2.431328058242798,0.9421688914299011,2.6069647204613964,0.8029026115235203,0.22415024834751465,0.08427482842027041,0.033028516315325884,-0.6027728400736092
1783017888.744,2.4385156631469727,0.9401863813400269,2.5919234153755295,0.8079282756595417,0.20254911740614587,0.07323207508115023,0.027206057603878175,-0.5879934394736583
1783017888.811,2.448239803314209,0.9380298852920532,2.5840060852758433,0.8115630369744958,0.185543383177795,0.0670423348719797,0.04048205431906693,-0.5748996689582223
1783017888.844,2.449141025543213,0.9365689754486084,2.576586824258004,0.8147070285641546,0.1763314087408153,0.06059792936735042,0.037452127558601944,-0.559556724582416
1783017888.911,2.448845386505127,0.9351369142532349,2.5708606261650018,0.8187041846455421,0.16865437804324795,0.056066254471292085,0.05024804201468802,-0.5469155668924433
1783017888.944,2.4471583366394043,0.9344981908798218,2.559899614201996,0.8249868395613997,0.15717293575559443,0.04862571954922504,0.046117906603808656,-0.532785661252866
1783017889.011,2.4449405670166016,0.9339519143104553,2.549745150299666,0.832050492355389,0.1461776332877274,0.042632506062693074,0.0557907855579729,-0.5217171568225207
1783017889.078,2.447195291519165,0.9338862895965576,2.5228235775133587,0.8447503245276796,0.11689678315154696,0.02887799688923688,0.0037303542526752054,-0.5216679304402118
1783017889.144,2.447436809539795,0.934000551700592,2.509326015289187,0.8530852777345825,0.10187028688133236,0.02217157594779085,-0.013908137557014921,-0.5216254041680235
1783017889.211,2.451230049133301,0.9342999458312988,2.4964020732895627,0.8624873751707881,0.0848384174253902,0.015395046454162627,-0.04817546401825723,-0.5215580688879968
1783017889.344,2.45926570892334,0.9356582164764404,2.482707805690892,0.8775901083111571,0.06262137883146865,0.008084023815633369,-0.10103288850419245,-0.5214195400942752
1783017889.411,2.4608829021453857,0.9367506504058838,2.4705218976748595,0.893958992996532,0.043863836798170595,0.0012747866971895812,-0.15183123714945346,-0.5213011871745884
1783017889.511,2.4634346961975098,0.9383105039596558,2.4661314930703035,0.9038583603191909,0.034557530507782756,0.0,-0.057642751562493544,-0.4642214478088946
1783017889.544,2.4635941982269287,0.9385027885437012,2.464266552610076,0.9106804512866981,0.027830460126612375,0.0,0.008141743625501352,-0.42828479875325515
1783017889.611,2.4642910957336426,0.9417154788970947,2.4633279595590705,0.9137518179743703,0.027980242377289605,0.0,0.0075648196013839986,-0.41719193670714194
1783017889.644,2.463531017303467,0.9426884055137634,2.462177087625973,0.9164449727118889,0.026278335008103244,0.0,0.015011610107679818,-0.4092015521915392
1783017889.711,2.4659833908081055,0.9445459842681885,2.4608098957323365,0.9189666502508171,0.02609726767443779,0.0,0.01930979764218277,-0.4027599647489633
1783017889.744,2.4683446884155273,0.9460335969924927,2.4582129082054056,0.9219607102562382,0.026118132514457326,0.0,0.011767589539035228,-0.3949739852845134
1783017889.811,2.4714574813842773,0.9465411901473999,2.4559692799431017,0.9247442213979022,0.02673933863335094,0.0,0.016906378990298343,-0.3880655137031861
1783017889.877,2.4733104705810547,0.9447091817855835,2.4521886240376674,0.9308659923292186,0.02525403523651646,0.0,0.017412832546323198,-0.3730269152578657
1783017889.911,2.4741852283477783,0.9414551258087158,2.450517235139172,0.93391672187187,0.024839513611133332,0.0,0.02449167357754689,-0.3654109469276562
1783017889.978,2.4765167236328125,0.9362392425537109,2.448746532640377,0.9372807898385543,0.02778971623645895,0.0,-0.6621260200803905,-0.6436833685424098
1783017890.011,2.476383686065674,0.9316189885139465,2.447373975982107,0.9402665153285796,0.0302711578758131,0.0,-1.1896945570571287,-0.8443922003799039
1783017890.077,2.48199200630188,0.9213884472846985,2.4455453333300987,0.9437393498011449,0.042754213991274076,0.0,-1.6307783307259436,-1.0094967059860787
1783017890.111,2.4823853969573975,0.9126594662666321,2.444399203112473,0.94651688285724,0.05088492488954035,0.0,-1.9527667260462693,-1.1255233618403302
1783017890.177,2.483905553817749,0.8971320986747742,2.4489502019502503,0.9493401040080902,0.06282955073103902,0.0,-2.2367048753837078,-1.2162851047760959
1783017890.244,2.483381748199463,0.8780900239944458,2.45258709836425,0.9515511952243015,0.07965459269204486,0.0,-2.4299057836983495,-1.27803463782314
1783017890.278,2.479783296585083,0.8607984781265259,2.4543333159038028,0.9537484253230617,0.09637112742163151,0.0,-2.610212044074579,-1.319775525045855
1783017890.344,2.475687026977539,0.8341872692108154,2.453529470063228,0.9548225441366119,0.12265327914423423,0.0,-2.715673613468225,-1.344501963606402
1783017890.411,2.4688901901245117,0.8065204620361328,2.4461230706743398,0.9632190475035672,0.15834389288997933,0.006194416773602308,-2.82844537171859,-1.354973538014862
1783017890.444,2.46170711517334,0.782948911190033,2.428936678220115,0.9862511816493607,0.2059264788996862,0.02376488454280413,-2.9261500535949176,-1.3577632527645387
1783017890.511,2.4502196311950684,0.7511593103408813,2.4206254794810653,1.0032153607118723,0.25378744323605723,0.03607365939034343,-3.017125857284089,-1.3577657244865948
1783017890.544,2.443497657775879,0.7302497625350952,2.4157239106562356,1.013992636976637,0.2850989298917385,0.04417710602848331,-3.0619236867054234,-1.3577621013116015
1783017890.611,2.4314866065979004,0.6959139108657837,2.414798470973141,1.0228833134214805,0.32739499702692415,0.05049317685002761,3.130329429765843,-1.3577460560233918
1783017890.644,2.425896167755127,0.6745322942733765,2.4160915951664776,1.0230253799520261,0.34863098027781864,0.05119252087667096,3.0855973420555465,-1.3577154203295247
1783017890.711,2.411862850189209,0.641528308391571,2.423851563327297,1.0059783828842563,0.36464720764107217,0.04034873542810807,2.9948247708813316,-1.357636073632724
1783017890.744,2.409012794494629,0.6228682398796082,2.4299523488486776,0.9855170796544581,0.3632528677472361,0.027521800194169506,2.950201935804781,-1.3575636213334172
1783017890.811,2.409672260284424,0.5857245326042175,2.436042975688411,0.9543194906299339,0.36953708570710153,0.0073574852034382805,2.8594147573289046,-1.3574964899811692
1783017890.877,2.4174914360046387,0.5512875914573669,2.4396189247014584,0.9417053160562566,0.39104427554562454,0.0,2.81474101408204,-1.3574480591466624
1783017890.911,2.424100875854492,0.5335869789123535,2.4431601506013223,0.9396597272564271,0.4065197816854482,0.0,2.7238809481415416,-1.3574140545809734
1783017890.977,2.430202007293701,0.497433066368103,2.4446483293735675,0.9381393955569078,0.4409430403223374,0.0,2.679141754481588,-1.3573930612855805
1783017891.011,2.4251604080200195,0.47693517804145813,2.4449007377720995,0.936935987241107,0.46042417951607695,0.0,2.5882333380198377,-1.3573794621880189
1783017891.111,2.478463649749756,0.42138001322746277,2.4451366913408363,0.9359239729499881,0.51562212194952,0.0,2.5434618957735093,-1.357371401402827
1783017891.144,2.4631543159484863,0.3933314085006714,2.446442586205151,0.9348362187088961,0.5417626245780155,0.0,2.407733163834349,-1.357368355175255
1783017891.211,2.433145523071289,0.34127622842788696,2.4480957192016586,0.934412860094936,0.5933250139591867,0.0,2.3167840549963863,-1.3573702452148684
1783017891.244,2.4222846031188965,0.308895468711853,2.450198717093109,0.9341151528832187,0.6258425131247537,0.0,2.2719832499563024,-1.3573728104361094
1783017891.311,2.4075160026550293,0.25271886587142944,2.4521046992711493,0.9343969056110003,0.683134761031166,0.0,2.2271822540753563,-1.3573753906126957
1783017891.344,2.4214487075805664,0.22128888964653015,2.4542159768763043,0.9344530362832955,0.7139165175181515,0.0,-2.9620744096325655,-0.9363296174236573
1783017891.411,2.4105217456817627,0.16699717938899994,2.4563996395270493,0.9348726403216707,0.7692447625081635,0.0,-2.706732671633703,-0.8200920566848733
1783017891.444,2.407325029373169,0.14032140374183655,2.458307504929378,0.9355157548350777,0.7968270005618787,0.0,-2.5781842594815823,-0.7648470870492241
1783017891.511,2.4041030406951904,0.08987494558095932,2.460125119950275,0.9363217851484072,0.8482987242580198,0.0,-2.512148403031836,-0.720186405419385
1783017891.544,2.3903396129608154,0.06460413336753845,2.4613119668277537,0.9369754662519151,0.875253573229997,0.0,-2.449276047407151,-0.688547019476658
1783017891.611,2.3688302040100098,0.01846654713153839,2.4625086270647616,0.9384480918799105,0.9247387142450705,0.0,-2.495409076632647,-0.6885469920615521
1783017891.644,2.3540754318237305,-0.003060266375541687,2.4629769943115476,0.9397012140652522,0.9490304311850096,0.0,-2.5181312596837473,-0.6885469785664861
1783017891.711,2.3339571952819824,-0.04554745554924011,2.4642282275714953,0.9412780906225031,0.9953869601471252,0.0,-2.564264049517725,-0.6885469568263739
1783017891.744,2.3245511054992676,-0.0659249871969223,2.4657510792266066,0.9428163755950725,1.0185757554487795,0.0,-2.5869862768658898,-0.688546936583679
1783017891.811,2.312758684158325,-0.10941988974809647,2.4678963022728344,0.9441886435323392,1.0649688361429146,0.0,-2.6331192081321975,-0.688546915329585
1783017891.878,2.302487373352051,-0.15323583781719208,2.469858210829214,0.944616896889818,1.110537538465705,0.0,-2.678563403519809,-0.6885469019480515
1783017891.944,2.289100170135498,-0.19593632221221924,2.4712007176576853,0.9438588363946594,1.1542502384628561,0.0,-2.701973977320936,-0.6885468973463453
1783017891.978,2.280271053314209,-0.21890830993652344,2.4727580834787126,0.9418614504880904,1.1766213042001943,0.0,-2.748106570618871,-0.6885468952596135
1783017892.044,2.2677459716796875,-0.2638331651687622,2.472206919639813,0.9395823358541762,1.220660946923036,0.0008331353826665136,-2.7708285924455627,-0.6885468972796637
1783017892.078,2.2585368156433105,-0.28495150804519653,2.475702314208588,0.9342406665441698,1.2383821753994417,0.00012466821743462616,-2.417252041270162,-0.5355842159362837
1783017892.144,2.2382802963256836,-0.32697421312332153,2.471440807525624,0.9260577163069451,1.2745402465809992,0.00329864178740077,-2.2815448881605134,-0.47833124659177617
1783017892.178,2.2284631729125977,-0.34561339020729065,2.453253656699964,0.9066339495726259,1.2722634010248175,0.01432126657934846,-2.2163480049026605,-0.4406070374512211
1783017892.244,2.2124228477478027,-0.38355791568756104,2.4192998182358187,0.8709830231781323,1.2714837978552123,0.034749221015548476,-2.171682000518681,-0.4102625594656902
1783017892.278,2.2032053470611572,-0.39941197633743286,2.3842869040888406,0.8276886202522107,1.2403896180016298,0.05708462967413598,-2.1285300900545914,-0.38811244983981397
1783017892.344,2.183335781097412,-0.4275384545326233,2.33047635904281,0.7618198611778116,1.19842544733816,0.09108937638599951,-2.1025120727407183,-0.36685936372646216
1783017892.444,2.1534595489501953,-0.46075740456581116,2.266399153283692,0.6784279287730013,1.1447700982823006,0.13248691774358382,-2.0818100464211566,-0.34732819775970175
1783017892.544,2.1106953620910645,-0.4860695004463196,2.146676298354292,0.5002550300622446,0.9869806012568423,0.21407990745209501,-2.046052722996453,-0.318554099125241
1783017892.644,2.05873966217041,-0.5075756907463074,2.0376782320435214,0.31457299168563785,0.8224184092440863,0.2919084992182234,-2.02042599704356,-0.29532419531566145
1783017892.711,2.0191893577575684,-0.5113169550895691,1.9305107264424959,0.1502562659090985,0.6674900946040071,0.3602682551714162,-2.021422282276515,-0.28396091960414144
1783017892.778,1.9849193096160889,-0.5246355533599854,1.8883181246045144,0.09431694535061438,0.6264455160712186,0.3847493301435155,-2.027820108676196,-0.2827454711876735
1783017892.811,1.9634792804718018,-0.5250036716461182,1.830180860144145,0.038896685059632924,0.5794411800646568,0.40902887136222993,-2.052821815325702,-0.28521324847977125
1783017892.878,1.9211857318878174,-0.5337580442428589,1.7772241907650026,0.00857793176535298,0.5611178451940694,0.42488673790999776,-2.089200263458504,-0.29279048569982274
1783017892.911,1.894796371459961,-0.5331206321716309,1.747024940759376,0.005405603682475894,0.5584325406300127,0.4315663206656584,-2.1213834335724853,-0.3016127616592237
1783017893.011,1.828134536743164,-0.5424891710281372,1.7109875776917292,0.0035479345896808085,0.5584621121674082,0.43528690747430565,-2.1645487184215657,-0.31136459203208294
1783017893.111,1.7733957767486572,-0.5542975664138794,1.7137267746884004,0.009960757719962817,0.5674044819713704,0.4164075288191304,-2.229065439655567,-0.32009294587861703
1783017893.144,1.7568635940551758,-0.5574513077735901,1.7172068640631624,-0.008064579519132382,0.5508161521014038,0.41761352105340005,-2.240925808635515,-0.3203145513431833
1783017893.211,1.725012183189392,-0.5683614015579224,1.6593810699173863,-0.06704055801379102,0.5055986859171236,0.44305098228213935,-2.257917614328866,-0.318134220241599
1783017893.244,1.7120100259780884,-0.5732453465461731,1.6117451624891195,-0.1234379394049911,0.4608467710308217,0.46873445763104665,-2.2632767875082447,-0.3157154934996119
1783017893.311,1.690553903579712,-0.5847172141075134,1.5299264778496602,-0.19696941610277385,0.4197017092581201,0.5041194878364699,-2.2795707605056656,-0.31337068408373214
1783017893.344,1.682694911956787,-0.5913101434707642,1.4958320516747408,-0.2429485938899785,0.3953144290044493,0.5225064539015785,-2.2881173509811332,-0.3121857710803886
1783017893.411,1.6567988395690918,-0.6052162647247314,1.4351990729806314,-0.30204350343499214,0.3755265366656601,0.5462400872881935,-2.3055687162120426,-0.31037253465626446
1783017893.444,1.6435251235961914,-0.6107711791992188,1.4034959000051777,-0.3439703523616714,0.3588825843906386,0.5620452691486842,-2.3138716725887205,-0.30913547148324827
1783017893.511,1.6222655773162842,-0.62107253074646,1.361097465104682,-0.3871761423391045,0.3505942146501799,0.5747251695846121,-2.332435391741333,-0.3078680779947112
1783017893.544,1.613146185874939,-0.6262380480766296,1.3285434045041813,-0.41740491288256504,0.353001446907734,0.5878391299703425,-2.3450829325857465,-0.3083726814743956
1783017893.615,1.5988972187042236,-0.634939432144165,1.2648449640366344,-0.4450307443936833,0.38426061277681045,0.6041852284733176,-2.3731896650121986,-0.3111455031607166
1783017893.644,1.5967013835906982,-0.6368681788444519,1.219862144100538,-0.45161753165382806,0.4199114367388287,0.617019793854822,-2.3974524100593593,-0.3161528586334348
1783017893.711,1.5858765840530396,-0.6421602964401245,1.156535470258905,-0.4496972373174584,0.4705059203887267,0.6278209238558079,-2.436054501352056,-0.3230584680745805
1783017893.744,1.5793168544769287,-0.6421352624893188,1.1237989144361005,-0.43581927283376504,0.5000628773330311,0.6332534805504978,-2.4654852310135773,-0.32989470292364365
1783017893.811,1.5676326751708984,-0.6439067721366882,1.087971002448162,-0.41542620611352166,0.5312990582802121,0.6316905901130947,-2.5067018048134058,-0.3374629539431936
1783017893.844,1.5631630420684814,-0.6424980163574219,1.0821574542408587,-0.3938421833107246,0.5414758524897891,0.6268946667656831,-2.5359184244509545,-0.34396158503416563
1783017893.911,1.549586296081543,-0.6427127122879028,1.0789947735910415,-0.3748924149015474,0.5414647659193016,0.6213547548910614,-2.5636931479651404,-0.3493390593520651
1783017893.945,1.5465986728668213,-0.6396772861480713,1.0717566914518766,-0.35957632999161604,0.5512997850115953,0.6106938378067663,-2.5986774166991284,-0.3537276789191268
1783017893.978,1.545042634010315,-0.6370833516120911,1.0772487279879788,-0.3500833789324228,0.5488170212646147,0.6032109591418746,-2.621587236596455,-0.3573643607340356
1783017894.045,1.5428390502929688,-0.6357460021972656,1.0776372339919633,-0.3428418027404656,0.5497322984409624,0.5910858879055905,-2.6531754948732558,-0.36029536539382484
1783017894.078,1.5460582971572876,-0.6333581209182739,1.088495317597634,-0.3377918700295669,0.5447231305240435,0.5822894322237201,-2.6746435741802017,-0.36337313131679266
1783017894.178,1.5559649467468262,-0.627960741519928,1.0826662416441004,-0.32805236776347035,0.5603183888657948,0.5735879327637068,-2.7090559267173324,-0.3673616197896778
1783017894.278,1.5609617233276367,-0.6233354210853577,1.0977301167034237,-0.2996374296599802,0.5651229167433165,0.5531587348825641,-2.7744823357047683,-0.3779839531500474
1783017894.378,1.5603725910186768,-0.6171556115150452,1.133886175234506,-0.2621486963617377,0.5549059133358522,0.5258673711885467,-2.847078072901451,-0.3911249202722142
1783017894.444,1.5589982271194458,-0.6125359535217285,1.1847982129058114,-0.22887609933503095,0.5359295983168332,0.49367793997506704,-2.918695026805486,-0.40350978410231225
1783017894.511,1.5589603185653687,-0.609613835811615,1.208251522783933,-0.2138559285418398,0.5287920012680002,0.48177560873248026,-2.9491773639659558,-0.40979545192853534
1783017894.544,1.5590417385101318,-0.6080548167228699,1.216373220230863,-0.19081765048082866,0.5399153325414998,0.47165710103914327,-2.9929930908766424,-0.4166261777033995
1783017894.611,1.5579378604888916,-0.6054142713546753,1.219942137927097,-0.17090993207714816,0.5504862662420109,0.4690441698248599,-3.024380592752466,-0.4231623162609921
1783017894.644,1.5551831722259521,-0.6035994291305542,1.2082124728858663,-0.1440065015483993,0.5758596402632191,0.46839793919261985,-3.066700024312566,-0.4290399833448962
1783017894.678,1.5536152124404907,-0.6018232107162476,1.2015223158295183,-0.12662536161044913,0.5914240472272683,0.46975837329758013,-3.092835553737436,-0.4334047503040575
1783017894.744,1.5514463186264038,-0.599218487739563,1.1875301744774291,-0.10933126503930125,0.6102658854443964,0.4737641158252305,-3.115343082915865,-0.43630262182636287
1783017894.811,1.5493042469024658,-0.5974394679069519,1.156392495239685,-0.08931205354802742,0.6423185454412794,0.4790566868737614,3.1385240934894005,-0.43624039450926066
1783017894.878,1.5481233596801758,-0.5957341194152832,1.0700141057949784,-0.07159527099128989,0.7094434375465672,0.49919968214642585,3.115001367087208,-0.42801291136944813
1783017894.945,1.5466127395629883,-0.5942391753196716,1.0152974697303268,-0.07335202903898211,0.7440560026757357,0.5139004285444985,3.1190949903788665,-0.4209029064755695
1783017895.044,1.5505975484848022,-0.5926388502120972,0.8842804143849451,-0.06847028340788613,0.8477801658570622,0.5454698153441295,3.1181422006458863,-0.4051187250628862
1783017895.145,1.5500328540802002,-0.5924295783042908,0.7914760390572424,-0.06767575197746788,0.9223746634976566,0.5610168407116809,3.1086867927772257,-0.3929240608980754
1783017895.244,1.5537739992141724,-0.5853803157806396,0.7548811549997672,-0.05031139577245304,0.9615240640232096,0.5583737239444023,3.0757663169040486,-0.3903708228563175
1783017895.311,1.5625114440917969,-0.5754930973052979,0.7952036713829181,-0.01798249771566255,0.9484615367605874,0.5319151073231397,3.0118947819395103,-0.40031096662589233
1783017895.378,1.56911301612854,-0.5658255815505981,0.84246576836803,-0.00623763623073266,0.9171449673989563,0.5130882365876198,2.9759775204236316,-0.4091001285388395
1783017895.411,1.5750510692596436,-0.5582371950149536,0.8969290358555232,0.016060055102107174,0.8886319956428289,0.48935624642788605,2.918236684441956,-0.42183577351283463
1783017895.478,1.588744878768921,-0.5451840758323669,0.9495940882618303,0.030573653282745812,0.8602387433972213,0.4728091272355437,2.871071502662682,-0.43479072971962923
1783017895.511,1.5998117923736572,-0.5365191102027893,1.0160424558271917,0.04555479637906999,0.8243765347311675,0.44792043086465266,2.8033374152492128,-0.4510607082872357
1783017895.578,1.614607572555542,-0.5228409767150879,1.0784708444215099,0.04596871361329187,0.7816566094300824,0.4279826940738122,2.750677192379314,-0.4658323869444825
1783017895.644,1.650550365447998,-0.5103132724761963,1.1617099293308348,0.03335860028085609,0.7311252130862257,0.3938524446169416,2.6750655602353532,-0.484057482368426
1783017895.713,1.6672334671020508,-0.4984531104564667,1.3134424204164163,-0.0260125153790267,0.5902272618170414,0.331566939627829,2.540379782404866,-0.519560588669439
1783017895.745,1.6823654174804688,-0.4930250942707062,1.3741429405728234,-0.05939486564200461,0.5320115322543901,0.30687408043840364,2.4792729597100607,-0.5368369164929316
1783017895.811,1.702752947807312,-0.48296356201171875,1.4371763239997934,-0.10018052739239076,0.4658903247604332,0.2767457686534845,2.396361665658538,-0.556699513568437
1783017895.845,1.7222015857696533,-0.47928720712661743,1.481870800837239,-0.13743615056622524,0.4178768132568339,0.25575654349050325,2.3354273233757965,-0.5734774633771642
1783017895.945,1.7864513397216797,-0.4678821563720703,1.523342612238458,-0.1765607935573713,0.3925485179058173,0.23264873868983385,2.2554810324816774,-0.5910627076133411
1783017895.978,1.8118869066238403,-0.4635247588157654,1.5706716201399542,-0.23932127011468074,0.32932054108306186,0.20288172771690158,2.1512086897916713,-0.6158482180995406
1783017896.078,1.8574094772338867,-0.4461035132408142,1.5911529204144308,-0.28000916816817534,0.31381504985335074,0.18187326877743903,2.0822986590595667,-0.6271695762273302
1783017896.111,1.8674060106277466,-0.4378385543823242,1.611022318904849,-0.34618916832743046,0.27227230366987526,0.15086607660705534,2.0012793443908965,-0.6419886039055939
1783017896.178,1.8873515129089355,-0.42010068893432617,1.6182419227904283,-0.3848438242510532,0.2714093181912618,0.1305443207839538,1.944431081209757,-0.6475921880163461
1783017896.211,1.908769130706787,-0.4088216722011566,1.6204641175897037,-0.412120766617766,0.2883238883832059,0.11679041909467813,1.915510527886294,-0.6504851584780956
1783017896.311,1.951535701751709,-0.3785407543182373,1.6205389793271776,-0.4413100714454755,0.3368958554633792,0.10064903143158006,1.8716808452903893,-0.650594271394265
1783017896.378,1.985870361328125,-0.35630175471305847,1.6206436520332017,-0.4740499524466902,0.3837384359846129,0.08244231521365135,1.806203017064628,-0.6507722038917706
1783017896.444,2.0298919677734375,-0.3364673852920532,1.6206387251487857,-0.483029141763982,0.4347051472652803,0.07743590238333696,1.7845706536617136,-0.6508383667943413
1783017896.544,2.100447654724121,-0.3049726188182831,1.6229043094082858,-0.49470144782921155,0.5138527758155026,0.07011215035232787,1.7192539379325433,-0.65093206457813
1783017896.611,2.1423254013061523,-0.284262090921402,1.623722236541895,-0.5053301850972282,0.5637555718270422,0.06352213197774577,1.6540089954909778,-0.6509910714694487
1783017896.678,2.1740245819091797,-0.2666935324668884,1.6231330073438153,-0.5085754319143814,0.6016547018078007,0.06157791299206414,1.6326297485933292,-0.6509511371260225
1783017896.744,2.1981215476989746,-0.25312843918800354,1.6229369667482139,-0.5137215611735476,0.6314634410555174,0.058090226655096666,1.5679678757564055,-0.6507891569895223
1783017896.811,2.2332162857055664,-0.24044567346572876,1.6208738706031922,-0.5191533247856028,0.6727861385593856,0.05462141217554871,1.524784338723701,-0.6506336189415909
1783017896.878,2.2514419555664062,-0.22807106375694275,1.6179416264509214,-0.5236939086215856,0.6990819218055151,0.05192682302702618,1.5036390575456942,-0.6505135315836196
1783017897.011,2.298351287841797,-0.21143540740013123,1.6126785606686673,-0.5328642241011227,0.7572737767774852,0.04617446390531627,1.4386040498719037,-0.6502742153085713
1783017897.044,2.31988525390625,-0.21304354071617126,1.6075562073878567,-0.5427244653952878,0.7849217684655463,0.04000751642789484,1.374329369295518,-0.6502388142832529
1783017897.111,2.3787989616394043,-0.20930379629135132,1.6034853212190336,-0.5485416395961694,0.8462821960504617,0.03638066203610149,1.3521797093407937,-0.6502534271427806
1783017897.211,2.4665725231170654,-0.20733773708343506,1.5998893476487281,-0.5541688627960976,0.9335049846696017,0.0326491971348825,1.3086252694930067,-0.6502491616505033
1783017897.244,2.4939351081848145,-0.20854859054088593,1.6050604643503636,-0.5535333113960875,0.9534739587819707,0.0334380140770776,1.2440131069587048,-0.6503295347976288
1783017897.311,2.5458431243896484,-0.20879694819450378,1.613880647473055,-0.5484735377795802,0.991934596580168,0.03733812624303841,1.2215824599679745,-0.6504374354100338
1783017897.411,2.6222925186157227,-0.206488698720932,1.63135639509304,-0.49430899286431484,1.0318890069299822,0.055884058641660135,1.4241618205937296,-0.5620181321803798
1783017897.511,2.673773765563965,-0.19990718364715576,1.6937670061632342,-0.44756457576311026,1.0108152315536194,0.08582342736176456,1.3305030192768195,-0.575474543081194
1783017897.612,2.709294319152832,-0.18934670090675354,1.7865729972518758,-0.4046711057344411,0.947512130373562,0.12366602835130651,1.2121129188491526,-0.5982033964615185
1783017897.645,2.719414710998535,-0.18457888066768646,1.8838903149644313,-0.38523482627844635,0.8592809929685995,0.15739011606891093,1.1108134511973242,-0.6207541412728265
1783017897.745,2.758796215057373,-0.17466029524803162,1.9477442749388945,-0.38334779000814473,0.8374698323158872,0.17794597072752888,1.032470008421475,-0.6350461253317488
1783017897.845,2.8015928268432617,-0.1655620038509369,2.0615946542432027,-0.39902177354396073,0.7759515187926025,0.21394397948867608,0.9049048129904378,-0.6608283151956446
1783017897.878,2.816336154937744,-0.16421183943748474,2.1621048379973438,-0.434930449155289,0.7080304949033702,0.2458452906647731,0.7984460454068527,-0.684603997859555
1783017897.945,2.8418800830841064,-0.16100119054317474,2.250459871303371,-0.46737076598315114,0.6660631979459918,0.27653834718918985,0.7184298957021902,-0.6987386418639776
1783017897.978,2.8812479972839355,-0.1615612506866455,2.3239614565759426,-0.49928328903910546,0.6516321536290409,0.3039695051577752,0.6658219108027144,-0.7103373041639531
1783017898.011,2.901177406311035,-0.16134656965732574,2.3844878723090535,-0.5323527834349355,0.6360925130897097,0.32666035850340375,0.6174832504405292,-0.7196849596302564
1783017898.078,2.9236011505126953,-0.1614447832107544,2.4567162224961914,-0.5794076334835737,0.6266374392079963,0.3539776710888499,0.5461356718274617,-0.7292592330589953
1783017898.111,2.9234509468078613,-0.16232240200042725,2.4995488154974606,-0.6107760005121222,0.6170928997708439,0.3713478334909006,0.5068459345366003,-0.7352391999702576
1783017898.211,2.9308876991271973,-0.16633319854736328,2.543708066565151,-0.6443764199968894,0.6151693989826884,0.3869415175719879,0.4516760275899827,-0.7377614745073019
1783017898.245,2.9414563179016113,-0.17182737588882446,2.6292263859946017,-0.6670806556755406,0.5854599401480474,0.4183473047476749,0.4168718133082643,-0.732169678290338
1783017898.311,2.951303005218506,-0.17484259605407715,2.683791230081167,-0.6774457515979799,0.5693614684888842,0.4347593850889142,0.38783706415089236,-0.7240977497223708
1783017898.345,2.9686920642852783,-0.17491267621517181,2.7263672535643506,-0.669874496622481,0.5510975572000395,0.4473573605305803,0.3862728248451073,-0.7152703649657739
1783017898.378,3.005587100982666,-0.17589356005191803,2.7699883017677465,-0.6609823683511792,0.5392753898785938,0.4596603463165327,0.3856153769081647,-0.7063182552362838
1783017898.445,3.0219669342041016,-0.17496775090694427,2.8505647351134002,-0.6660099950357081,0.5200972979858105,0.4849073549733772,0.36659543474401834,-0.6948323443390751
1783017898.478,3.0138473510742188,-0.17458975315093994,2.9236761629358776,-0.6589602581593493,0.4926922257275648,0.5092424711424718,0.36906759571740144,-0.6845328522858101
1783017898.545,3.003513813018799,-0.17501820623874664,3.0206524413753493,-0.6638626806473623,0.48914481776032304,0.5398952532551271,0.35238567346485317,-0.6723237851580892
1783017898.578,2.989410877227783,-0.17567545175552368,3.0939092886924544,-0.6534552481425159,0.4890740760194057,0.5629235592292466,0.3552548136267273,-0.661918419651067
1783017898.645,2.9740471839904785,-0.1774578094482422,3.1492826559426446,-0.6408438239551377,0.49541302876577964,0.5779256208943513,0.3568869381760429,-0.6528972723047543
1783017898.678,2.9639406204223633,-0.17716196179389954,3.2040034035882883,-0.6378064965537704,0.5194454035464245,0.5872051954814648,0.3377910903698176,-0.6424743668479801
1783017898.711,2.956812620162964,-0.1773085594177246,3.221279505323346,-0.615488370882516,0.5118049242843945,0.5845714306505445,0.33947671142898805,-0.6333313700679555
1783017898.779,2.9514803886413574,-0.17764794826507568,3.2384781247691654,-0.5948790742363406,0.5064084448562607,0.5820151996266967,0.3411736431051837,-0.6247478565574082
1783017898.811,2.95058012008667,-0.1780148148536682,3.2690319410095183,-0.5802547029852182,0.5130384876918688,0.5784561767501987,0.32762632410075154,-0.6128790647961418
1783017898.911,2.9491217136383057,-0.17832157015800476,3.2711458216303795,-0.5440835433132377,0.4873205794284704,0.5596461427950986,0.3231979598268908,-0.596472325972357
1783017898.945,2.9514973163604736,-0.1784239560365677,3.25785226515724,-0.44917713814691484,0.40885283449567533,0.5281845747924672,0.3602915896769736,-0.565692602765902
1783017899.011,2.9523658752441406,-0.17745822668075562,3.263094570276791,-0.39883755868417964,0.38152474435477446,0.5111601630784145,0.3719596038371056,-0.5444320542990775
1783017899.045,2.9535369873046875,-0.17711611092090607,3.2741817576195262,-0.34509976089604993,0.3619828385286067,0.5038281232415103,0.40225181156977197,-0.525069782052594
1783017899.145,2.951665163040161,-0.17287133634090424,3.3487641997394846,-0.299257086805078,0.4167265324741431,0.5179313981868974,0.4196054749997278,-0.502277227571824
1783017899.211,2.9461276531219482,-0.1647612750530243,3.5205535817709785,-0.1990538793076511,0.5754486338595872,0.5623922278887562,0.4677161370155436,-0.46154175039849543
1783017899.278,2.947356700897217,-0.16120773553848267,3.5871630915106554,-0.14611218901508338,0.6399844474630896,0.5804209295943755,0.4963471445792975,-0.4438491214835473
1783017899.311,2.9484670162200928,-0.1581614911556244,3.6742370785806706,-0.10828606315713898,0.7274817810343495,0.5995378825722163,0.504133191285415,-0.4275632608527314
1783017899.378,2.947650909423828,-0.15307557582855225,3.73134006005619,-0.07743364460990412,0.7873311797314773,0.6135116022972005,0.5184602799796778,-0.4162640755446035
1783017899.445,2.9344866275787354,-0.15120962262153625,3.8043492576506446,-0.06148374042554938,0.8744779752123363,0.6256125934572615,0.5135711318359704,-0.40639835000804675
1783017899.546,2.927086591720581,-0.15107691287994385,3.8690592570096465,-0.039202973553772905,0.9485927895847308,0.623476113025824,0.5117262127577638,-0.39068122778442915
1783017899.645,2.9316859245300293,-0.15191680192947388,3.851774630235872,-0.01197516659245367,0.9306701282776044,0.5889140363486477,0.5172494583739295,-0.37220284603218246
1783017899.678,2.934786796569824,-0.1524164229631424,3.8038196927630423,0.02947231311656921,0.887863552004838,0.5539819675577558,0.543147882851692,-0.3526767536829298
1783017899.778,2.9311792850494385,-0.15698330104351044,3.7891076737200597,0.04752349809689303,0.8819660713324645,0.5330413864534095,0.5468518846330896,-0.3412957318823971
1783017899.845,2.9087419509887695,-0.16185513138771057,3.757043102954102,0.09398292803802506,0.886040606900404,0.5005377920106034,0.5724279768239846,-0.31721009343633205
1783017899.912,2.888262987136841,-0.16586199402809143,3.739508818098537,0.1201260914899772,0.8980025889650648,0.4883642255471595,0.5933359782040557,-0.30481266156954634
1783017899.945,2.873972177505493,-0.16911569237709045,3.7250346150755127,0.144571796071896,0.9070320352953672,0.47083402542094904,0.6072284542796536,-0.2901166303484093
1783017900.011,2.8482089042663574,-0.17291457951068878,3.74292565568692,0.1761702481042862,0.9604052697395727,0.4740833638888348,0.6282431341419219,-0.27803048339930553
1783017900.111,2.8022336959838867,-0.1785382330417633,3.761926964619771,0.22252391323040746,1.0401259611400284,0.4659872019551816,0.6573948360498152,-0.25598362003699715
1783017900.145,2.7847840785980225,-0.18045806884765625,3.6863531506252243,0.22669524675903893,0.9892424445228354,0.4240802822191688,0.6910448421188065,-0.2369340006929683
1783017900.211,2.7529025077819824,-0.18323543667793274,3.623697058425204,0.20922027463209622,0.9551463944180448,0.38513565385962656,0.7000393747958973,-0.22686092241700062
1783017900.245,2.7324023246765137,-0.18267366290092468,3.5709728176622986,0.1919093353359953,0.9184295804657985,0.35640716480329615,0.7138233848290998,-0.21859942122775353
1783017900.312,2.7017173767089844,-0.18220749497413635,3.5100204283572336,0.16811623579217175,0.8809543345951009,0.3188651732467179,0.724155589294273,-0.2081759137258779
1783017900.345,2.6870052814483643,-0.18024900555610657,3.476652358635112,0.15856950355683985,0.859267413921355,0.2997901722373604,0.7413398169060583,-0.19860695186385086
1783017900.411,2.6590025424957275,-0.17780454456806183,3.4870015011870996,0.16947650213574214,0.8978788342497479,0.300708086375148,0.7580856844772499,-0.18997268277168822
1783017900.445,2.641848564147949,-0.1730767786502838,3.489764375440918,0.17823457909445556,0.9178131035897591,0.2944092181522231,0.7720913738103432,-0.17891211817966202
1783017900.512,2.607067584991455,-0.16693870723247528,3.461300418241765,0.17148708366750745,0.9188284656828664,0.27869638115096845,0.7922880112069368,-0.1687459765489113
1783017900.545,2.587399959564209,-0.160123810172081,3.400399899279719,0.14223980880140732,0.8674057067233115,0.24311183966857972,0.8087747473960065,-0.1568922335559613
1783017900.611,2.5615644454956055,-0.15161748230457306,3.3333131509666925,0.10661391083251404,0.8138055767797486,0.20911979888016033,0.8289764594550015,-0.1467276250869461
1783017900.645,2.5498597621917725,-0.1446635127067566,3.24618163818896,0.05182247533064642,0.7235128875751121,0.16115458772364713,0.8464028467558564,-0.13492122126772316
1783017900.678,2.5362391471862793,-0.1381305754184723,3.1773988626831375,0.006362083114730526,0.6572396131898967,0.12576146302348998,0.865105938436681,-0.12551866536713757
1783017900.745,2.514357566833496,-0.12990190088748932,3.124352075776175,-0.03096768255473205,0.6179654363290343,0.09817894398478157,0.879855616285683,-0.11824546898300553
1783017900.845,2.462085008621216,-0.11867418885231018,3.0705650832330016,-0.07359301325909959,0.6101477801257907,0.06734650284870057,0.8888741979402006,-0.11103325144213506
1783017900.945,2.3825523853302,-0.1126151978969574,2.989896171177954,-0.1437088942991908,0.6081392045936822,0.021535497689307084,0.8884889948195323,-0.10558186581722727
1783017901.045,2.311171054840088,-0.11726550757884979,2.9694584893552065,-0.16263236869541467,0.6598488452123458,0.009463051028476024,0.8780003475771885,-0.10555261206591264
1783017901.078,2.2881839275360107,-0.12372669577598572,2.9639019221293976,-0.16759674786544915,0.6771405981682391,0.006219653195233179,0.8709458377899759,-0.10554542672303266
1783017901.145,2.241443157196045,-0.13499051332473755,2.9633062885414687,-0.16652031075404405,0.7225513881529491,0.006234400025282653,0.8639131965150604,-0.10552997306586186
1783017901.178,2.22076416015625,-0.1477346420288086,2.962207997471069,-0.16414338131096737,0.7416253842857281,0.0066071417991562945,0.8604984051759299,-0.10550336157586326
1783017901.212,2.1998186111450195,-0.15813636779785156,2.95992705067233,-0.1572743325105961,0.760108928342168,0.008032376324399204,1.0208769068728216,-0.04420772840303113
1783017901.278,2.158484697341919,-0.17539048194885254,2.961029663181461,-0.14509528987665543,0.8031165674153928,0.012305204715783467,1.1247294199107625,-0.002414186456294015
1783017901.345,2.119105577468872,-0.1995413601398468,2.961491039223904,-0.13191472439965626,0.845095632480594,0.017066153462011884,1.2041024598497403,0.02757625109565675
1783017901.378,2.1000094413757324,-0.21857380867004395,2.965772629888825,-0.11493892670526935,0.8719438556146888,0.02370300444534963,1.2059795805137021,0.027588254289281057
1783017901.478,2.046112060546875,-0.2616423964500427,2.9615765752013803,-0.11232367798422009,0.9275620503642247,0.0233162616969326,1.2079593630398513,0.027643602894961837
1783017901.578,1.9965453147888184,-0.3033449947834015,2.949675264076819,-0.11843599157841837,0.9709006332761387,0.01818469129390292,1.211073436792459,0.02777689383593926
1783017901.678,1.9468790292739868,-0.34012967348098755,2.943789230522899,-0.12375872235166896,1.0201207466995037,0.01459070607099069,1.2139856929546262,0.027842581417608984
1783017901.712,1.9341496229171753,-0.35097596049308777,2.9431184150033425,-0.12893766922281752,1.0331113329133703,0.012169075468733222,1.2157741131981696,0.027822944192443806
1783017901.812,1.8906116485595703,-0.3766408860683441,2.938249169991752,-0.14128728529790144,1.0737484312948624,0.00638337569187262,1.217668213755342,0.027834645960598054
1783017901.845,1.9159858226776123,-0.385050505399704,2.9242345009501807,-0.15814830063333035,1.0334650491265887,0.0,1.219818816530231,0.027943625432439258
1783017901.912,1.8772079944610596,-0.398966521024704,2.9138734981735315,-0.16197582994724374,1.0634095891258482,0.0,1.2218975485638026,0.028020425934263075
1783017901.978,1.8187174797058105,-0.41223016381263733,2.9023037362076654,-0.16528556295784982,1.1113688906798829,0.0,1.9226798644355387,0.28591819850506994
1783017902.012,1.7818751335144043,-0.4164203405380249,2.8875438269480913,-0.16828263131382892,1.1331705883839327,0.0,2.156930527458485,0.3677788348185358
1783017902.078,1.7253878116607666,-0.42551153898239136,2.8698179874347574,-0.16888770666832936,1.1728496146282537,0.0013522468060968252,2.2667841660091845,0.4037110150710498
1783017902.111,1.7010194063186646,-0.4265054166316986,2.81925750938988,-0.1588403199070364,1.149826534380266,0.018236770751797516,2.348705588505541,0.42552200570062
1783017902.178,1.653831124305725,-0.43420660495758057,2.764826143223909,-0.1513021772848083,1.1464487983585987,0.03676502752240042,2.3925772321414893,0.43666064760477163
1783017902.211,1.629969835281372,-0.435006707906723,2.6762432498190867,-0.13974508685997636,1.0871372879409302,0.06991698442674021,2.4419800796429127,0.44508454710109285
1783017902.278,1.585587978363037,-0.44046512246131897,2.5945613277524213,-0.1330654691459351,1.054761473811236,0.10001184078974537,2.4719006452770724,0.4508530363320999
1783017902.345,1.5454565286636353,-0.4423680603504181,2.4868907988844744,-0.1286863820400728,0.9923178323772274,0.14013794643618618,2.5166751173961863,0.4570034653264607
1783017902.411,1.5112159252166748,-0.4481014013290405,2.3087999751948125,-0.140290384451488,0.8549198435471722,0.20419728151649427,2.5907714830988713,0.4688582755941396
1783017902.445,1.495184302330017,-0.44952869415283203,2.232577427168488,-0.15335167003536393,0.7946505207788669,0.23177997511056458,2.623355215559947,0.4755879426194678
1783017902.545,1.448071837425232,-0.4613502323627472,2.1300163828334986,-0.17778319373068005,0.738551710045172,0.26845468258712935,2.6757807721039306,0.48449365989954457
1783017902.645,1.4018584489822388,-0.47962188720703125,1.9692667413199876,-0.24075830438431922,0.6156362411461356,0.3270118976831014,2.7667966349023327,0.5023822262576134
1783017902.678,1.391324758529663,-0.48850542306900024,1.8838317265856164,-0.3033222977258475,0.52617098313716,0.3594395438339387,2.840658471020509,0.5181791630290723
1783017902.778,1.3557116985321045,-0.5156276226043701,1.8518001459732965,-0.3529775111939983,0.5220716487479651,0.3704223098076538,2.904280618859196,0.5302702393021681
1783017902.878,1.3258135318756104,-0.549312174320221,1.805733056232674,-0.4728419898081918,0.4859737019411792,0.3975892673204486,3.0344796241144554,0.5616923820227373
1783017902.978,1.2977598905563354,-0.5839802026748657,1.736085492457562,-0.6502351771172421,0.44330469760699853,0.454864640323524,-3.1010277313860612,0.5991778348214933
1783017903.045,1.2818174362182617,-0.6050881147384644,1.6944744958900386,-0.8443357771288835,0.47699611408924125,0.5155871886383776,-2.959558497464246,0.6326454905662916
1783017903.078,1.2738473415374756,-0.616084098815918,1.6917231878452932,-0.9162962592620328,0.5145362613142037,0.5369572944119587,-2.909050551840491,0.6445701362854603
1783017903.145,1.2593026161193848,-0.6327383518218994,1.679583357592901,-1.0077917900430273,0.5632947569212924,0.5628630993087145,-2.845195518943511,0.6534918695807296
1783017903.178,1.254746913909912,-0.6399105787277222,1.6692550862378703,-1.0624601236747526,0.5919164999065382,0.580188464567174,-2.8136500833109404,0.6575233622147338
1783017903.245,1.2407801151275635,-0.6524032354354858,1.6543992168023638,-1.1046494571343406,0.6128681802077495,0.5929593657140093,-2.7906938827663805,0.6577724995711015
1783017903.312,1.2277729511260986,-0.660805881023407,1.6206078048726185,-1.1594700366079589,0.6348111233925441,0.6078302300223595,-2.760921500603242,0.6521048825524579
1783017903.345,1.2235839366912842,-0.6609867215156555,1.5628764217337436,-1.2047184090825733,0.6409083697929494,0.6221927652960031,-2.7472953640834814,0.6388395821167197
1783017903.378,1.2200284004211426,-0.6608521938323975,1.4929909414659142,-1.2183071517548665,0.6206968494570924,0.632991532762148,-2.765366730822104,0.622864155267468
1783017903.445,1.2164415121078491,-0.6651068329811096,1.4180264773104445,-1.2244293611006671,0.59454031710035,0.6422300917471645,-2.78887727536937,0.6060130945971137
1783017903.478,1.2181291580200195,-0.6639238595962524,1.3345547319609465,-1.2359910163660532,0.5837942669486899,0.647769688972561,-2.8002754070839946,0.5842896590498872
1783017903.545,1.2206504344940186,-0.6655014753341675,1.2641100942083956,-1.221972498556413,0.5581655146177543,0.6494575637195716,-2.8284416593970683,0.5655246515572104
1783017903.578,1.2224961519241333,-0.6627322435379028,1.195688737305519,-1.222543098235573,0.5604523445538168,0.6486058279397175,-2.8381499242634303,0.5456801762054677
1783017903.612,1.2232962846755981,-0.6603009700775146,1.1405586331984041,-1.2050246819442785,0.5509713615441975,0.646870010463416,-2.861258068733966,0.529296019641504
1783017903.678,1.2239468097686768,-0.6605059504508972,1.0837619270669676,-1.19684841963434,0.5543600324589466,0.6412382882839315,-2.8703476031038924,0.5106265623246204
1783017903.712,1.222903847694397,-0.6574463844299316,1.0424671812466866,-1.1663629887311482,0.539956943405901,0.6330177299139399,-2.894295808356901,0.4943160005534357
1783017903.779,1.2212098836898804,-0.6564409732818604,1.0060788752729477,-1.1373214819210955,0.52680870757004,0.6253622869146762,-2.9166924935950997,0.47992343160938783
1783017903.812,1.219008445739746,-0.6540675163269043,0.9749811679877731,-1.113627366601935,0.5203312101650709,0.6097981751404162,-2.9242947507647026,0.46358155536984036
1783017903.878,1.2157466411590576,-0.6534000039100647,1.011305361522059,-1.0447753005578146,0.4415550471297182,0.5687094846386425,-2.944189385943567,0.45013663784376956
1783017903.912,1.2132983207702637,-0.6525810956954956,1.0156633648352493,-1.0058493804180328,0.4047938448126882,0.539591673784607,-2.9509312642562495,0.4346528152762463
1783017903.978,1.2102155685424805,-0.6525678634643555,0.9560496108976317,-0.9985980250646792,0.4293450905305302,0.5422816707246778,-2.962320856875838,0.41686892954338106
1783017904.012,1.2090563774108887,-0.6515698432922363,0.8829024835307329,-0.9935684491155148,0.4725879906200052,0.557887422904073,-2.9835883027069277,0.402280471103743
1783017904.112,1.2064682245254517,-0.6510977149009705,0.7756020335659487,-1.0176947876005766,0.5657199733294479,0.5860572908896904,-2.988397006260169,0.3885857264711965
1783017904.212,1.206070065498352,-0.6490167379379272,0.6183818161518285,-1.0501277863705378,0.7115248074344912,0.6247137131390963,-2.993239545224847,0.3706306042371862
1783017904.312,1.214599847793579,-0.6442903280258179,0.508530693066209,-1.0978874853227143,0.839216320363974,0.6492793464872656,-2.9757719987232827,0.3626935519718864
1783017904.345,1.2224268913269043,-0.6406671404838562,0.4625677451017495,-1.1327249420953494,0.9052661499408651,0.6564178451439383,-2.9553257596328217,0.3611508650194403
1783017904.445,1.2473393678665161,-0.6297668814659119,0.44719058019060937,-1.156131308556329,0.9577565413639556,0.6503469698117212,-2.933263300972087,0.36040137086306273
1783017904.545,1.2858527898788452,-0.6138306856155396,0.44239716344568164,-1.1637163788992921,1.0068722210091574,0.6286125644143673,-2.9078881552418854,0.3560002804293985
1783017904.578,1.3029202222824097,-0.606105387210846,0.4393294286497858,-1.132322295665799,1.011282993820678,0.6055403463722363,-2.9104354140038717,0.3459674932239796
1783017904.645,1.3326070308685303,-0.5920330286026001,0.4218753330162667,-1.114687172540577,1.0500474178095036,0.590716055641095,-2.911507148403799,0.33604606818807176
1783017904.712,1.3638770580291748,-0.5750877857208252,0.41312777303902176,-1.0776288832526544,1.0753937686344397,0.5768901388609409,-2.929300708285176,0.3249765403176503
1783017904.812,1.415073037147522,-0.548500120639801,0.3858730147827773,-0.9974978975549205,1.122876524694639,0.5451202066655109,-2.970492161791008,0.29678550781049073
1783017904.912,1.4702659845352173,-0.5261431336402893,0.37298851609358835,-0.8899709578368554,1.1560227196769437,0.5066008031895575,-3.0356450140222186,0.25931188528915966
1783017905.012,1.5323677062988281,-0.5075526237487793,0.38249895678054346,-0.7752358652568248,1.1806152882726015,0.4649885923199921,-3.116243227306535,0.2164805538110036
1783017905.045,1.5537464618682861,-0.5022773146629333,0.40621889041594766,-0.7150022041010287,1.1670781489813575,0.4357441912716663,3.1228072014301365,0.19023943339422417
1783017905.078,1.5737361907958984,-0.49826523661613464,0.43274140620874213,-0.6640317471030046,1.1529733884414177,0.4152305248633677,3.0757722048532745,0.16829203236430582
1783017905.145,1.6061478853225708,-0.49135705828666687,0.4670495922753386,-0.617276028363022,1.1460368703703245,0.3874728725697796,3.0313848864626287,0.14388480686668645
1783017905.178,1.6179518699645996,-0.491098552942276,0.5078882896200062,-0.5778378964981773,1.1134472893352279,0.3652005926444792,2.9846844479165933,0.1230362293374102
1783017905.245,1.6440210342407227,-0.4881020188331604,0.5532412780627695,-0.543310131984706,1.0921759987499216,0.3371316666875461,2.939450864631998,0.0998585890478051
1783017905.345,1.6808058023452759,-0.49197012186050415,0.606949687698106,-0.5143495364951735,1.0740892854714204,0.30737692603568606,2.8921608621718358,0.07541712596765096
1783017905.378,1.6966700553894043,-0.4966910779476166,0.6926512341572995,-0.479895338545471,1.004159295256669,0.2692076775615167,2.8091235871120332,0.04012565317646767
1783017905.445,1.7311182022094727,-0.5006442070007324,0.7465645184516507,-0.4744791470984293,0.9849012978775022,0.24167682711588154,2.7718353070189963,0.023304068218427818
1783017905.512,1.7710132598876953,-0.5076123476028442,0.7984995098886958,-0.47541816017693245,0.9730464838028712,0.21886342716837595,2.7383182383574347,0.009830277029174123
1783017905.578,1.8177810907363892,-0.5150789022445679,0.8651752755452005,-0.4867064255544312,0.9530282454206703,0.18602713250124875,2.7051672550553647,-0.004484910943911007
1783017905.612,1.8486073017120361,-0.5228631496429443,0.9579458902273404,-0.508177893360671,0.8907824687655155,0.14410657001994015,2.6513847032629805,-0.02499929984989464
1783017905.678,1.903719186782837,-0.5309274196624756,1.0030462666873652,-0.5243624493286888,0.9006968456860429,0.1208563063277198,2.6271969952280134,-0.03423031426271657
1783017905.712,1.9349918365478516,-0.5348178744316101,1.03357559211196,-0.5360439311799182,0.9014170782429501,0.10613788528634742,2.6087960379420867,-0.04089867377243074
1783017905.812,2.014039993286133,-0.5411974787712097,1.061697008238761,-0.5491348383835527,0.9523760616723598,0.09055243274596084,2.592818204656041,-0.0464475239904064
1783017905.878,2.0590648651123047,-0.5418480634689331,1.0908593951823322,-0.564146569810337,0.9684622116465755,0.07379408913847266,2.57454580142973,-0.05187550914332251
1783017905.912,2.080156087875366,-0.5394546985626221,1.0980992289164564,-0.5689888384937398,0.9825008598722502,0.06924057177010426,2.5715115795489467,-0.052378335697407845
1783017905.978,2.1148874759674072,-0.5377528071403503,1.1041570507967449,-0.5737122540015127,1.0113698997815928,0.0642201650889909,2.56809461333793,-0.05236025718187385
1783017906.012,2.1279358863830566,-0.5349195003509521,1.108848959491252,-0.5773736752442707,1.019970843469388,0.06092752691331946,2.5663399722864453,-0.052348870293685124
1783017906.045,2.1428730487823486,-0.5321663022041321,1.1127409650226363,-0.5803755855357653,1.0312595429815312,0.058144381117769504,2.564632736328332,-0.05234010974440725
1783017906.112,2.172454357147217,-0.5278398990631104,1.117730313764527,-0.5842898037706264,1.0562335913191825,0.05394628004364824,2.5611709386217427,-0.05232139023857518
1783017906.145,2.1847610473632812,-0.5242290496826172,1.122381780676028,-0.5878225499744641,1.0642809025658195,0.0508540175062798,2.5594668648653034,-0.05231215717021718
1783017906.212,2.206481456756592,-0.5189899206161499,1.1291152605610597,-0.5923267961685132,1.0798593510363341,0.046110695227802916,2.555947132251644,-0.052318186037641524
1783017906.245,2.2122440338134766,-0.5146088004112244,1.1380195141147578,-0.5976530932614359,1.0774296604869085,0.041270359372831085,2.5541236158997656,-0.05235691666182109
1783017906.345,2.247680187225342,-0.5049676895141602,1.1541244811087015,-0.606559349861882,1.0982645163313212,0.03256802073730744,2.5503117543696785,-0.052476007257948286
1783017906.379,2.2638652324676514,-0.501417875289917,1.1938861781620886,-0.6253374214884465,1.0771310182993876,0.01418473324597354,2.545861448325377,-0.05285450501641212
1783017906.479,2.3144917488098145,-0.49384307861328125,1.2282143296616157,-0.6360465311465179,1.095545733077193,0.0,0.9985490468794378,-0.6329350574400209
1783017906.579,2.3679583072662354,-0.4865483045578003,1.2711039360695489,-0.6492019868666837,1.1088488318891434,0.01750271587952968,0.11526324461320359,-0.9333748248205969
1783017906.679,2.4241085052490234,-0.4781748056411743,1.3349060545503582,-0.7635558427390973,1.1259681678196167,0.09487039314986098,-0.21432594777413083,-1.0221391229730046
1783017906.712,2.447575330734253,-0.47372353076934814,1.3628390459261859,-0.8610340393538735,1.1518082469053657,0.15761740674591634,-0.32052946305185914,-1.0381591030197597
1783017906.745,2.467409133911133,-0.4692870080471039,1.37922041802366,-0.9251811121476888,1.1798280025234618,0.20099098321588596,-0.3712291448027569,-1.0446722090037868
1783017906.812,2.5057921409606934,-0.45938387513160706,1.3955817866969962,-0.9893203464586708,1.2302031110174059,0.24312499465303822,-0.43313058844625596,-1.0411701722475055
1783017906.845,2.5256295204162598,-0.4523226320743561,1.4152762648097104,-1.025360615100603,1.2495026539495033,0.2698207470271742,-0.4518577609470311,-1.0348312598772291
1783017906.912,2.563981771469116,-0.4412136375904083,1.4391413738426067,-1.0637860426891534,1.2856369315335494,0.29552609482512027,-0.4889818281614753,-1.0209987367541387
1783017906.945,2.5798583030700684,-0.4323308765888214,1.47567853884067,-1.0865895703093322,1.2834591501261579,0.31345871018526983,-0.48235597747626313,-1.0047656617273704
1783017907.012,2.6546502113342285,-0.4234481453895569,1.5242364627337182,-1.1181066979963876,1.3267952923246582,0.3334746412147244,-0.48980049060854114,-0.9790880366152221
1783017907.045,2.6708388328552246,-0.41669726371765137,1.5821179821548548,-1.134895505146889,1.3042706025751658,0.34800638408478674,-0.46234644199508956,-0.9550696199949409
1783017907.112,2.688439130783081,-0.3968273103237152,1.6394237093447839,-1.1466534702784583,1.2894466350213352,0.35974071002856456,-0.4352457795350664,-0.932784018224248
1783017907.145,2.6882271766662598,-0.38308170437812805,1.7023424501692057,-1.1619509677887803,1.2564258925324736,0.370545524079692,-0.42732355338914285,-0.903673386085096
1783017907.212,2.7046608924865723,-0.35853272676467896,1.762961640828359,-1.1590686246540307,1.2359834968085737,0.3754902018650704,-0.39397570004501103,-0.8790826400440843
1783017907.245,2.7184019088745117,-0.3444274663925171,1.8235148447939817,-1.156590358541873,1.208483107388381,0.377229421787241,-0.38174292280509325,-0.8491818234858547
1783017907.312,2.7446444034576416,-0.3215882182121277,1.8800425423407474,-1.1450493155445154,1.193995208142251,0.37843170007906396,-0.3481350183211953,-0.824867085721351
1783017907.345,2.764864206314087,-0.3048264980316162,1.9300480585217972,-1.1398019386193545,1.1807209606843803,0.3778326996277409,-0.3420798459317709,-0.7988413891350817
1783017907.412,2.7997050285339355,-0.284437358379364,1.976117676750192,-1.1342966869091955,1.1834513104928888,0.3808250262046095,-0.31981231915239094,-0.7795080518714607
1783017907.445,2.818758964538574,-0.2731836438179016,2.0255476224103393,-1.151305053548959,1.1833348822328087,0.3903206054412109,-0.3251718249311155,-0.7595055189113931
1783017907.545,2.8806118965148926,-0.2457277774810791,2.0822042936910217,-1.1868287182543922,1.2341497806066228,0.4090026005748751,-0.3356176993176212,-0.7414090250556342
1783017907.579,2.9005279541015625,-0.23489141464233398,2.147050367009466,-1.2431258729043193,1.2586759698496537,0.4379019528801708,-0.3511919024798811,-0.7260430652635232
1783017907.612,2.912806749343872,-0.2260965257883072,2.207676612163465,-1.2896635645710453,1.2760812498995282,0.46538350173906,-0.3506777196113431,-0.715255840986263
1783017907.679,2.943150520324707,-0.21001070737838745,2.2750507078088344,-1.3712724406734553,1.3397336200525871,0.5039673446419496,-0.3767397269993418,-0.7058043009756687
1783017907.712,2.959404945373535,-0.20278100669384003,2.3292267946859853,-1.4297291816856963,1.3793209654463412,0.5346798485282441,-0.38702648691589436,-0.7000208419246199
1783017907.779,2.9843897819519043,-0.18905770778656006,2.378939122746865,-1.5140970158943146,1.4568114733082291,0.5701268293344136,-0.42334562627484695,-0.6955980600544477
1783017907.812,3.0017266273498535,-0.18468159437179565,2.408549651853649,-1.5646892392396106,1.5020918827263656,0.5929770875192635,-0.4439654207066388,-0.6941594481117979
1783017907.912,3.077746868133545,-0.1719885766506195,2.4123427111829217,-1.6265188293473494,1.5995064701642139,0.6110102870012928,-0.4953542978599135,-0.6963340060837545
1783017908.012,3.2062225341796875,-0.16176113486289978,2.3433805863350354,-1.675313192626787,1.7422215870897855,0.6136490998561699,-0.6041770530727262,-0.7118656524093512
1783017908.045,3.2395944595336914,-0.1609678864479065,2.2181059195152324,-1.640780997136605,1.7981339438304382,0.5877266135286809,-0.7186693000636106,-0.7365655181660816
1783017908.112,3.2798380851745605,-0.1540023684501648,2.1265164468737137,-1.5925254685728243,1.8437731723179662,0.5585168021313953,-0.8131673434522253,-0.7546178525334308
1783017908.145,3.2961695194244385,-0.15472334623336792,2.0499472573937347,-1.5268633085509054,1.8536013602092811,0.5319845762085664,-0.8881540594595658,-0.773334785735273
1783017908.212,3.337751626968384,-0.152596578001976,1.9596802137861162,-1.4205803121875842,1.8726621611997856,0.48750313268438805,-1.002352894360762,-0.7988652075476526
1783017908.245,3.3700335025787354,-0.15575578808784485,1.898208609334091,-1.309857038862449,1.8703524302692567,0.4490517018184077,-1.0934029237776937,-0.8235575722997636
1783017908.278,3.404594898223877,-0.15893089771270752,1.852894528172809,-1.2054849686675464,1.871643518902242,0.4153870550067898,-1.1852279444000817,-0.8469064423772961
1783017908.345,3.448340654373169,-0.1602226048707962,2.4395877098132353,-1.2092154784101776,1.455324208516695,0.36551266263805904,-0.6414453160927827,-0.6047078384870549
1783017908.445,3.4856152534484863,-0.17001397907733917,2.7753392429680512,-0.9339602070804116,1.0431231232908824,0.33575246139674,-0.20804664679667617,-0.43165520305717064
1783017908.545,3.4975597858428955,-0.17947456240653992,2.9508103428150503,-0.4162751769041649,0.5958267235343777,0.32763311188435446,0.3540341286604449,-0.20532458439797757
1783017908.579,3.493351459503174,-0.18219804763793945,2.956909920933224,-0.099226990463665,0.5428201549610255,0.35928187486079416,0.6496410490783724,-0.0830711863278055
1783017908.645,3.49397873878479,-0.1869020164012909,2.949048398248357,-0.005810032419541273,0.57423286452414,0.37431530657760187,0.7309356624526653,-0.05048802382757701
1783017908.712,3.4884655475616455,-0.19486647844314575,2.988946770308442,0.06488018822140401,0.5630162872172354,0.3962118593517471,0.764211218111222,-0.03513526672527845
1783017908.778,3.496368885040283,-0.19985519349575043,3.063584961106919,0.13202340594301537,0.5453854871378562,0.4274096335860514,0.7823351675397929,-0.027529142806017322
1783017908.812,3.5045323371887207,-0.20310167968273163,3.136223398594203,0.14760410186589715,0.5085725311696009,0.4423138443685805,0.7622634133475059,-0.03511758477678238
1783017908.878,3.524653911590576,-0.20773324370384216,3.1930503074844006,0.14831138706138822,0.486547766774193,0.45410213917985326,0.7423133403680868,-0.042535427160617235
1783017908.912,3.5407865047454834,-0.21035656332969666,3.2772781085010276,0.14487762062713327,0.4422985420988859,0.4676193241257548,0.7089679882670845,-0.05543662375475576
1783017908.979,3.570946216583252,-0.21283039450645447,3.334593355515224,0.13294154317019266,0.4188327921972034,0.4769869758016161,0.683088912342984,-0.0650488205650973
1783017909.012,3.5931293964385986,-0.21300211548805237,3.466309527524899,0.1483251096702625,0.38293686528185744,0.511824581486643,0.6498098292915455,-0.07749599670871954
1783017909.079,3.6311559677124023,-0.2114262878894806,3.5449963017219788,0.14677907480006938,0.36842172832656517,0.5312319220867099,0.6284075801422304,-0.0852156956418429
1783017909.112,3.650134801864624,-0.20824086666107178,3.6047027661854916,0.1498028761910841,0.36091465980412973,0.5381089659813532,0.6121492266808741,-0.08981272287204561
1783017909.145,3.6656394004821777,-0.20398247241973877,3.6143980775280706,0.15256977201190539,0.36021545800719046,0.5347397624460134,0.6106177316999211,-0.08929238679701873
1783017909.212,3.6901307106018066,-0.19745326042175293,3.613781254348728,0.1796498258225005,0.38475443743390614,0.5253779179041692,0.6215730699068422,-0.08201537207373917
1783017909.245,3.7007009983062744,-0.19110345840454102,3.595145285719828,0.225979996739462,0.43023321235638246,0.5218024282800819,0.6515203277668,-0.06891507837259823
1783017909.312,3.7198877334594727,-0.1808602660894394,3.563836259131279,0.3184939133527156,0.5231698186691878,0.5189345495111489,0.7088380915545445,-0.042296724459347165
1783017909.345,3.7269091606140137,-0.17217318713665009,3.5148698264866356,0.42148760237704314,0.6303917926362965,0.5242448922847194,0.7808891398248132,-0.01286578265406807
1783017909.445,3.7478415966033936,-0.15366598963737488,3.4446597963551353,0.5577935539719175,0.7733652993214251,0.5321060436675927,0.8754552379015639,0.02808206014041368
1783017909.479,3.7509028911590576,-0.1468295007944107,3.2375254878457804,0.7494819394537998,1.0329233060360796,0.5435692955048925,1.0669727527330508,0.10130325327288472
1783017909.545,3.7593066692352295,-0.135026216506958,3.1123676128139337,0.8365599288290837,1.1672659425050593,0.5488439957262078,1.1737455730629778,0.14246220146198874
1783017909.579,3.7593884468078613,-0.1274610459804535,2.9931490238671272,0.8755784243276981,1.2622246362136205,0.5509206516497601,1.266235692513587,0.1763090980389787
1783017909.612,3.759836435317993,-0.11945812404155731,2.887397541485856,0.8829529941396119,1.3289009268279803,0.5467801494742365,1.3478697767441892,0.20402720163244034
1783017909.679,3.7642369270324707,-0.10794758796691895,2.783161048056114,0.8640063054018436,1.3810156592681804,0.5297369868359681,1.4350183136705796,0.23381037946565636
1783017909.712,3.7619333267211914,-0.10155805200338364,2.7123041672848864,0.8210037266579091,1.397441092778387,0.5133026511464533,1.5018685298143941,0.2562273122821584
1783017909.779,3.7651147842407227,-0.0928465723991394,2.6528669625102483,0.7530532369778071,1.3973695661664236,0.48180297246699044,1.5750996163382123,0.2795484864837544
1783017909.812,3.7605299949645996,-0.08794397115707397,2.6201569157237774,0.6794589568882969,1.3745392005431505,0.45503952100956624,1.632942424462244,0.2983416182998666
1783017909.879,3.7528886795043945,-0.08084246516227722,2.6031153148867134,0.6063843282157567,1.3394997034418925,0.42833494874028083,1.6869265814082226,0.3144194422594847
1783017909.912,3.7457237243652344,-0.07928092777729034,3.335202416926705,0.5560148695529293,0.7563917595839336,0.3841839656730521,1.0814026578285683,0.05613581519715888
1783017909.945,3.737929105758667,-0.07805512845516205,3.709545722762836,0.18487719940778324,0.2644598749635101,0.3639027631324323,0.6066261412416338,-0.12913543348558343
1783017910.012,3.729496955871582,-0.0743710845708847,3.8962262453216723,-0.18562142922465516,0.2004377587834056,0.39093926360958015,0.23845470157966142,-0.2811853944244065
1783017910.045,3.7233591079711914,-0.07428412139415741,3.927811612229516,-0.4995867831578841,0.471893187703331,0.4276467792591829,-0.03249150093973663,-0.3851067992903363
1783017910.112,3.712798833847046,-0.07269030064344406,3.9330524695729268,-0.7687330539912821,0.7300597088858611,0.4852716965993822,-0.23513570189713784,-0.4608788871302288
1783017910.145,3.7035818099975586,-0.07446242868900299,3.8796271909741282,-0.9455099533544364,0.888659533448533,0.5230321429799838,-0.37094249970637305,-0.5092122301599261
1783017910.245,3.6790335178375244,-0.0795898512005806,3.8579594846874135,-1.0831101717668759,1.019346621813526,0.5598961906955714,-0.4676472253352486,-0.5361344465259571
1783017910.279,3.6707677841186523,-0.08499304950237274,3.873072874640821,-1.240584578529873,1.1731662847232267,0.6190160360994927,-0.5491814014122176,-0.5539143019167951
1783017910.345,3.6555349826812744,-0.09314851462841034,3.923190176522344,-1.2927509333685832,1.2290993718318195,0.6377821704323287,-0.5695258643438659,-0.5467391395215113
1783017910.379,3.6432712078094482,-0.0999741181731224,3.9639421517052846,-1.2994181914088836,1.2415699493300572,0.6425845622748589,-0.5678250761783539,-0.5387731988677446
1783017910.479,3.5987815856933594,-0.12270668148994446,4.002876271285687,-1.2744359409110833,1.2205624940701427,0.6252154774748194,-0.5691936456475886,-0.5238723124150269
1783017910.579,3.5675511360168457,-0.14878621697425842,4.036451072049953,-1.1453620272458158,1.1013766365917987,0.5591020317366038,-0.5478509744271598,-0.4933171561137317
1783017910.645,3.5556483268737793,-0.16877609491348267,4.010358203668178,-0.9552151773370808,0.9084313416090666,0.4609739108301674,-0.5165175138240148,-0.4599365660453171
1783017910.712,3.5330536365509033,-0.1820218563079834,3.9860963547528856,-0.8660017269490016,0.8204121939354294,0.4168002411008415,-0.49424682777788576,-0.4448959750897847
1783017910.812,3.4964957237243652,-0.1986427903175354,3.9364058424684636,-0.724554706336993,0.6856414923155568,0.3389350146123836,-0.46421896070257107,-0.41547989081372966
1783017910.879,3.4513907432556152,-0.20524299144744873,3.9198654001994715,-0.6383247925892442,0.6379877355238779,0.2928986282375993,-0.4334418539057303,-0.38626137060652843
1783017910.945,3.403792381286621,-0.210991770029068,3.9316650816979,-0.6183369859195703,0.666768110176526,0.28608172190956804,-0.4148075334928696,-0.373563088603675
1783017910.979,3.3706769943237305,-0.21153467893600464,3.9663676649323847,-0.6184975999712498,0.7214334301567452,0.2890234526289009,-0.40616639365036455,-0.3590523240929033
1783017911.012,3.349849224090576,-0.21211141347885132,4.006578969230394,-0.6220909271808046,0.7741945232347618,0.29878833406236033,-0.39057559284720256,-0.34796383818865184
1783017911.079,3.3073606491088867,-0.21338462829589844,4.072333218267463,-0.6441844592582346,0.8779359463663909,0.318301953998382,-0.3853062319585492,-0.3355632107752138
1783017911.112,3.284219741821289,-0.20897004008293152,4.124100688668161,-0.6523264811934146,0.9497183470643028,0.3333453936586314,-0.37282224419001997,-0.32596458315410204
1783017911.145,3.262028932571411,-0.20327508449554443,4.1652995012719405,-0.6554836479496878,1.0101437051933937,0.3436773884634864,-0.36427084186257863,-0.31848756282836044
1783017911.212,3.2190897464752197,-0.19687527418136597,4.205362570893775,-0.6602288857661909,1.0896929170896061,0.3498000080004375,-0.3668360295961621,-0.3105716031789536
1783017911.245,3.196767807006836,-0.1878349632024765,4.224951723147099,-0.6512583546443043,1.1277958171340121,0.350264306671567,-0.3637111104063897,-0.30520568100324424
1783017911.312,3.1590142250061035,-0.17592516541481018,4.2372324581989425,-0.6374537051949479,1.1728440439466252,0.34252162867458974,-0.36920154064949307,-0.2987640849417698
1783017911.345,3.1360881328582764,-0.1633661687374115,4.235023705586753,-0.6128429336579287,1.187303143772254,0.3321960504554823,-0.3671163991675508,-0.2938720605162697
1783017911.412,3.095766544342041,-0.14835909008979797,4.226277051264941,-0.587773669602815,1.2129052637991453,0.31971124777215565,-0.3677953729338035,-0.2901939383323981
1783017911.446,3.0690693855285645,-0.13709011673927307,4.210127704321721,-0.5614927555310151,1.2174283086492028,0.30045952188583225,-0.37929500908696134,-0.2869289318825159
1783017911.479,3.0399038791656494,-0.12766918540000916,4.186187556829209,-0.5306152057376861,1.2150439354129818,0.2818858260531518,-0.38450934023491445,-0.2850306926906598
1783017911.546,2.988191843032837,-0.11503999680280685,4.152670803739613,-0.49162701916614565,1.2238582578637198,0.2545033431985943,-0.39596845294380456,-0.28184463785976116
1783017911.579,2.9615182876586914,-0.10777971148490906,4.118470023035902,-0.4501326471150851,1.2065416903393515,0.2303590146013256,-0.3974118589357589,-0.27849718997827755
1783017911.646,2.9144201278686523,-0.0966654121875763,4.087248726743695,-0.4116579397856055,1.2143917056624651,0.20845432534943403,-0.397573732377587,-0.2749772446520507
1783017911.679,2.895951747894287,-0.09082181751728058,4.047344418697831,-0.36453631393683955,1.1834799144600345,0.17849637696589377,-0.4014944299222911,-0.2688857505769757
1783017911.746,2.8592851161956787,-0.08179356157779694,4.010273870911591,-0.320054991594639,1.1753908381964513,0.15356981406825587,-0.3947586524409008,-0.26270247644709654
1783017911.779,2.8446669578552246,-0.07867178320884705,3.970616501766165,-0.2740434718036043,1.1427740249662757,0.12532943728727441,-0.39165607878036823,-0.25385472169775364
1783017911.846,2.8075385093688965,-0.07265736162662506,3.933596685321836,-0.23302144349911483,1.1374197353594966,0.10192817240040758,-0.3789012449046609,-0.24537537857071648
1783017911.879,2.789128065109253,-0.07301249355077744,3.8814337060177655,-0.18450431513747925,1.0979808921111867,0.0701946264948318,-0.3674435117700625,-0.2333339791137388
1783017911.912,2.7694873809814453,-0.07358255237340927,3.836641985379782,-0.14676574834252368,1.069661035029707,0.04563504156041122,-0.34711780344517207,-0.22201310622969145
1783017911.979,2.730393409729004,-0.07279111444950104,3.7953042797656544,-0.11683972015164076,1.0658214863599431,0.024459302379074045,-0.32745582540613993,-0.21169633549883496
1783017912.012,2.706286907196045,-0.07586732506752014,3.7457638280568992,-0.08610909111186435,1.039527374711253,0.0,-0.3112385278554357,-0.1989617935764684
1783017912.079,2.6704306602478027,-0.07924889028072357,3.7379176755896464,-0.08219399138421064,1.0674910779692481,0.0,-0.29007974982005713,-0.18803707212354956
1783017912.112,2.6515870094299316,-0.08378364145755768,3.7282430062258833,-0.07959170830195086,1.0766641573583964,0.0,-0.9580391910651285,-0.4681720579002745
1783017912.179,2.617368698120117,-0.08896638453006744,3.7198046337562967,-0.07775912593195024,1.102492900125576,0.0,-1.4762416428767453,-0.669635258772826
1783017912.246,2.5803639888763428,-0.09930292516946793,3.702632398333367,-0.07728109444795034,1.1224844515152654,0.0,-2.235442389993334,-0.9406798249076974
1783017912.312,2.5396711826324463,-0.10659991949796677,3.684417920116926,-0.07542767512934437,1.1451710797083279,0.006273531393663906,-2.49248735034757,-1.0294971777259907
1783017912.346,2.5174670219421387,-0.11263645440340042,3.6458501513418864,-0.05214415537412809,1.1300034535149948,0.030382257581389644,-2.7265857930098485,-1.1004017505759047
1783017912.379,2.495129108428955,-0.11827550828456879,3.6174656162715744,-0.017798308619831067,1.1268251437063486,0.05664210917752332,-2.8874741363145198,-1.1500252946430232
1783017912.445,2.455862045288086,-0.12751075625419617,3.596242452312106,0.02365770727236831,1.1503561957451494,0.08645697063454169,-3.0162021711641684,-1.1846176335760012
1783017912.479,2.4322402477264404,-0.13422119617462158,3.5714505214690226,0.09541342828388391,1.1621239643647523,0.13613801547059726,3.128896575419976,-1.2092053812760857
1783017912.546,2.3882172107696533,-0.14245489239692688,3.5667562161280273,0.13626108502091316,1.2110478038537897,0.16638514870620413,3.0493917462325992,-1.2248035805370017
1783017912.579,2.367202043533325,-0.1469554752111435,3.5651713164117793,0.18717761977396866,1.243694216407418,0.2032953218572706,2.9476037534746284,-1.233229548674083
1783017912.612,2.355682849884033,-0.15166132152080536,3.5669807945519416,0.2075006888958268,1.263423943291885,0.22217462425124132,2.8963179861196195,-1.2374284162970552
1783017912.679,2.314807891845703,-0.15837056934833527,3.5704290611951857,0.21033326947237202,1.3086355648841612,0.22961313205075426,2.85384108197033,-1.2379816550992837
1783017912.712,2.2851083278656006,-0.16122640669345856,3.5712457850385015,0.21271791476549412,1.339396847201968,0.23603433893044465,2.788904044087058,-1.2303797895292665
1783017912.779,2.230004072189331,-0.1673867255449295,3.558014811004839,0.22766292566172644,1.3855239981060636,0.25038326466640853,2.7737093688981727,-1.2202586090815433
1783017912.812,2.1981735229492188,-0.17131127417087555,3.544350586818406,0.22259073684766673,1.4026230718093573,0.24991885653603804,2.737375325980164,-1.2007201331983286
1783017912.845,2.1676435470581055,-0.1748770922422409,3.5190093958669535,0.22531725579999198,1.4093775837339708,0.2542306913872334,2.74734559421569,-1.1806742010840185
1783017912.912,2.1152138710021973,-0.18089254200458527,3.4871361123691016,0.24516180200801097,1.4365559301360995,0.26829204510875354,2.7604271510028067,-1.1601623931648108
1783017912.946,2.0911545753479004,-0.1833949089050293,3.4420342121291343,0.2976067311983337,1.4339589850662826,0.2996840754744685,2.7541195848830835,-1.1306104961906127
1783017913.012,2.047224521636963,-0.1889888048171997,3.380467360957853,0.3513618703511609,1.4385810094517901,0.33298878865779064,2.7853677037607696,-1.1028441595101226
1783017913.079,2.007772922515869,-0.1961817741394043,3.245513208498475,0.45323012282201464,1.3977613628439338,0.3936043287164658,2.8190378108570453,-1.0459618061842697
1783017913.112,1.9871766567230225,-0.2014569342136383,3.1701057125886423,0.4957523960424822,1.373106697022236,0.42115929087324333,2.8494406549242477,-1.020304298140034
1783017913.146,1.9652056694030762,-0.20627233386039734,3.1018994619468994,0.5322627686719433,1.3555467073030405,0.4447363250892585,2.871814413873887,-0.9991780830599896
1783017913.212,1.925291657447815,-0.21917183697223663,3.031077097132697,0.5903818956091733,1.3704520000917875,0.47540421500939695,2.86299653367921,-0.9749295673405992
1783017913.246,1.911268711090088,-0.2302558422088623,2.9634250873663555,0.6292983676113693,1.3586266888878966,0.4992918171605125,2.8783686455827358,-0.9561937564180588
1783017913.312,1.878456950187683,-0.24993416666984558,2.9040679043656414,0.6812872603663637,1.3852982261957807,0.522788039709383,2.8608937069635125,-0.9361840842083208
1783017913.346,1.862237572669983,-0.26678669452667236,2.8481358605900366,0.7178862865718728,1.393404576506475,0.5422278103697242,2.8669575955286906,-0.9212988360501131
1783017913.412,1.8299500942230225,-0.29338449239730835,2.8010305148985513,0.7715661457347673,1.4412206788265554,0.5624012527848045,2.8411949474938396,-0.9056289285506088
1783017913.446,1.8129135370254517,-0.31217440962791443,2.7508767906375744,0.8110300940584523,1.4633398177552528,0.5810276586360297,2.8412115176868937,-0.8930439824735946
1783017913.479,1.7952226400375366,-0.3318566083908081,2.7015239057993066,0.8520298063843459,1.4909624500337204,0.6003545754553115,2.8401790054931872,-0.8820620333912962
1783017913.546,1.7650961875915527,-0.3638466000556946,2.653862407495212,0.9212595016541808,1.5624989876136857,0.6267090149958626,2.80976477861274,-0.8698753469115788
1783017913.579,1.7506935596466064,-0.3839452862739563,2.6094804425839584,0.9653718662386701,1.599428550567369,0.6467865172182607,2.8036391489684798,-0.8608544898994018
1783017913.679,1.7026517391204834,-0.43487536907196045,2.5748653557814642,1.025179431434647,1.7007400193948568,0.6660335680518112,2.7692452437840878,-0.8507445490237736
1783017913.812,1.6420297622680664,-0.4980446994304657,2.52464542511553,1.0737939382614814,1.8026888559163345,0.6739911879015272,2.728999855397653,-0.8319439241833707
1783017913.912,1.6063048839569092,-0.5379725694656372,2.4854057670423404,1.0698090931645325,1.83242468803807,0.6560054878445865,2.6967500848478965,-0.8104641470466908
1783017913.979,1.5856232643127441,-0.5600176453590393,2.41084693581617,1.0300375919164015,1.7914434865763007,0.6231037464109996,2.6740284251522386,-0.7759533551816756
1783017914.045,1.5634527206420898,-0.5806225538253784,2.3695052658616196,1.0104242718846719,1.78357806312393,0.6150634119466731,2.6825000731964757,-0.7621737398833064
1783017914.079,1.5527018308639526,-0.5866089463233948,2.326221821280492,0.987560769164571,1.7539508170793918,0.5993279990746796,2.6753648556681675,-0.7430698043825028
1783017914.145,1.5384948253631592,-0.6028545498847961,2.2755168217085395,0.9513451145403891,1.7200982588202012,0.5867096931383468,2.6942470227491846,-0.7252996108179758
1783017914.212,1.5262435674667358,-0.617355227470398,2.2223430053416147,0.9129562451625559,1.681192324120522,0.5676171726073076,2.6989467724423406,-0.7019391240967063
1783017914.279,1.5112754106521606,-0.6222566366195679,2.1177576588418714,0.8241773881207833,1.5684361973940208,0.5418728858649163,2.7496063825393815,-0.6629329129817342
1783017914.345,1.491748332977295,-0.6324995756149292,2.056993268423588,0.793240070535624,1.5336998975201077,0.5321555574221181,2.760458870980381,-0.6397399740922969
1783017914.379,1.4758577346801758,-0.634669840335846,1.9970674825388635,0.7544940668259583,1.4837236812236863,0.5267395002324925,2.78884224754289,-0.6195492314937951
1783017914.445,1.4455982446670532,-0.6429175138473511,1.8619048142739343,0.6890506522215725,1.395510786529026,0.5224537394615174,2.8367118617932086,-0.5760368596647659
1783017914.479,1.4335589408874512,-0.6431840658187866,1.7877639346838965,0.6449520178324204,1.335947509311129,0.5233448950004611,2.874751338751798,-0.5531277705475534
1783017914.582,1.4128172397613525,-0.6524814367294312,1.6926924041771907,0.609523951319337,1.2926668972016395,0.528756334520352,2.9036828864562167,-0.5247220359680456
1783017914.645,1.4021259546279907,-0.6617465615272522,1.5533667412565189,0.5018745817889754,1.1734086844371745,0.531356991214944,2.9848052625937385,-0.47925263138261126
1783017914.679,1.3987367153167725,-0.6661577224731445,1.474475935240498,0.45388828471657244,1.1226038872444197,0.5333490741697561,3.013371315032421,-0.45366310221141404
1783017914.746,1.3906095027923584,-0.678034782409668,1.3969018861062252,0.40559540728992954,1.0836484587338064,0.5434555828957501,3.051656264088165,-0.43245446302626717
1783017914.779,1.387001872062683,-0.6841213703155518,1.2758976279908838,0.37106427000295383,1.0610187974702148,0.5671531538366567,3.081111659910597,-0.4072440483576755
1783017914.846,1.3813080787658691,-0.6960188150405884,1.1727449388167543,0.32464189264366683,1.0417518243593138,0.5902102172679133,3.1189634360495724,-0.3864333272839394
1783017914.946,1.3761630058288574,-0.7120449542999268,0.9482073862662564,0.23439045800619285,1.038694373712626,0.6398923994789123,-3.1038234122015975,-0.3468271936843393
1783017915.046,1.3737943172454834,-0.7226487398147583,0.7645452643365465,0.09922509575667707,1.0230645190149736,0.6718807915563563,-3.0363006813650655,-0.30483345549440494
1783017915.079,1.375854730606079,-0.7231741547584534,0.6902586905451185,0.009738187037378887,1.0035947543226407,0.6766851187325948,-3.0004321330894497,-0.27922351195429124
1783017915.146,1.3786561489105225,-0.7248440980911255,0.6525984330835338,-0.07549176850598702,0.9740730232634258,0.6782267448290167,-2.9619885645863477,-0.25909699598615804
1783017915.246,1.39566171169281,-0.7167702913284302,0.5819446667861853,-0.2137089202498857,0.9566640853732281,0.6763895766386641,-2.907194282218098,-0.2261609425879243
1783017915.346,1.4209624528884888,-0.7001447677612305,0.5635291448010934,-0.32994442463549,0.9339379914470287,0.658044363788477,-2.8650321188577705,-0.19928864363220708
1783017915.446,1.4536244869232178,-0.6744968891143799,0.5542868832258844,-0.428210586256953,0.9324511077795136,0.6395876183226064,-2.8338225217182753,-0.1778394224610254
1783017915.479,1.4676508903503418,-0.6582658886909485,0.5427284846590195,-0.5014475469146867,0.9381222995256426,0.6320302012878629,-2.813392699354804,-0.1645802775606537
1783017915.579,1.4976444244384766,-0.614707350730896,0.5189359187625359,-0.5372231349800739,0.9817709217393601,0.6274568329653097,-2.810560441028132,-0.1585423491633328
1783017915.679,1.5250999927520752,-0.563040018081665,0.48806586563063037,-0.609183007459443,1.0380601891428332,0.6213672809989457,-2.8003020422338265,-0.14744546733044422
1783017915.712,1.5338200330734253,-0.5416040420532227,0.46485450780632354,-0.6778288253839946,1.07761054458607,0.620623012490039,-2.7869468433154307,-0.13778448897910947
1783017915.779,1.5556365251541138,-0.5099887847900391,0.4536693477195197,-0.7067212721696069,1.1193906073099407,0.6198679269829844,-2.7822069266323934,-0.1340878523944767
1783017915.812,1.5661669969558716,-0.4899647831916809,0.42910059372544684,-0.738603834736938,1.1639335820005796,0.6162672393608903,-2.7812610903715527,-0.12986305371469606
1783017915.846,1.5855377912521362,-0.4714862108230591,0.4281014588405258,-0.7588974976700728,1.1925871504395376,0.6108318619201941,-2.779703013209858,-0.1273732818207824
1783017915.912,1.6229121685028076,-0.4442768692970276,0.4226784938862263,-0.7750610453572251,1.2449815439657914,0.5983421629907673,-2.7843355338024645,-0.12559436197482213
1783017915.946,1.6464214324951172,-0.4307085871696472,0.43471263961939155,-0.7787632541882681,1.2607062504666944,0.5864614515162121,-2.789880298789254,-0.12593543320165143
1783017916.012,1.6942274570465088,-0.4044274687767029,0.4451087021286393,-0.7766378243318407,1.303394879792786,0.574675828577501,-2.7984362780326797,-0.12733359187411344
1783017916.046,1.7217481136322021,-0.3903869390487671,0.45139800770776795,-0.7677221367044562,1.325206113407299,0.5564927988114805,-2.8145574813433036,-0.13042692264202188
1783017916.079,1.7470037937164307,-0.3779730796813965,0.4696110584831849,-0.7502367018955292,1.330530873167045,0.5407982798465809,-2.83114705568104,-0.13506777598162867
1783017916.146,1.7887179851531982,-0.35280391573905945,0.49739434710755687,-0.7221916963988335,1.3431172959485647,0.5137429468910967,-2.857314396980436,-0.14236554650814695
1783017916.246,1.8325780630111694,-0.3106463849544525,0.546624065289492,-0.6876546124939285,1.3400794334250568,0.47852282339482605,-2.888080289533844,-0.15194679772184722
1783017916.279,1.8422925472259521,-0.29544878005981445,0.6270650572622449,-0.6345668427173345,1.261657208905843,0.4332518626878769,-2.938395454330585,-0.16803162791382475
1783017916.346,1.8708336353302002,-0.2655904293060303,0.6532418120696691,-0.6142529391977646,1.266528876052539,0.41133871155222723,-2.965329806113266,-0.17476107294087773
1783017916.379,1.887911081314087,-0.24944201111793518,0.6681218355410332,-0.5993737978420614,1.2689909611433545,0.4002206820558343,-2.9848950276245305,-0.18018724195426897
1783017916.479,1.928549885749817,-0.2026038020849228,0.6547628379083115,-0.5832846205969121,1.3294552752280673,0.39578588337436094,-3.009263809989068,-0.18555470034731783
1783017916.579,1.9993109703063965,-0.15524990856647491,0.6584966113104916,-0.552649330914461,1.398466819832388,0.38020625604694713,-3.0533584581408264,-0.19614113362672547
1783017916.612,2.0305252075195312,-0.14026466012001038,0.6787803963681753,-0.5395338673153545,1.4094786037003235,0.36740123712957706,-3.0743668083104265,-0.20177015041449176
1783017916.679,2.08754825592041,-0.11305214464664459,0.7068243054394517,-0.5232463033216733,1.4403672709565636,0.34826145170335276,-3.1052766476717184,-0.20963545516853088
1783017916.779,2.145146608352661,-0.08062109351158142,0.7871200249370279,-0.49162879189679626,1.4188599400206667,0.30681156061620424,3.1049404116238337,-0.23124104792433697
1783017916.879,2.174964666366577,-0.05958510935306549,0.8869594938707223,-0.4666395515084726,1.350796299689382,0.2618012170112345,3.009423452114193,-0.2613423772246416
1783017916.946,2.2010560035705566,-0.053160473704338074,1.0014459580985768,-0.4642137363813249,1.2680808515054083,0.21288591001414975,2.899470358313243,-0.2960367204323283
1783017917.012,2.2276973724365234,-0.043380141258239746,1.0516944645961865,-0.4730609302346069,1.2520417004494224,0.19208561891902687,2.852239328791179,-0.31115687896635236
1783017917.046,2.245121955871582,-0.042486779391765594,1.1096980147054796,-0.49171884967338214,1.2210638718521944,0.16415115526592963,2.794286186716219,-0.32722068146904715
1783017917.112,2.281675338745117,-0.03449401259422302,1.1566295277875978,-0.5126984802500929,1.2224596474481668,0.14257102019045464,2.750708279963077,-0.3404457327837543
1783017917.146,2.308419704437256,-0.03522254526615143,1.2114530629479197,-0.5406873060111667,1.2078205317411232,0.11482337901173643,2.6869695288350943,-0.35815519311206145
1783017917.212,2.3689355850219727,-0.030629463493824005,1.2559974308261959,-0.5665879559057863,1.2352663035366933,0.0932578394402383,2.6317410754715764,-0.3756837598485675
1783017917.246,2.4031639099121094,-0.03362566977739334,1.3098508875075148,-0.6028602579471595,1.232623779313166,0.06460105463158017,2.5420333056849085,-0.40358455769321333
1783017917.313,2.4638619422912598,-0.03002677857875824,1.3490680368581995,-0.6330019374459106,1.2674164642301133,0.04351090610922889,2.456784424985365,-0.4326079355097098
1783017917.346,2.4943177700042725,-0.03143598139286041,1.3802353956420894,-0.6723991238543571,1.2853066898054317,0.01950994585012269,2.4273848240165927,-0.43280069598361204
1783017917.379,2.524433135986328,-0.03193030506372452,1.4016517489186626,-0.6938682935429684,1.3033801992272012,0.005166379355956227,2.412673385561506,-0.4329968135493492
1783017917.446,2.578162670135498,-0.028545022010803223,1.4201975752917093,-0.6960534213762264,1.3365816937621036,0.0,2.1776991520772473,-0.5199073100235863
1783017917.479,2.6010613441467285,-0.027843624353408813,1.4337287883586571,-0.686151252121409,1.340162015795196,0.0,2.0113424147338907,-0.5795045728281306
1783017917.546,2.6344048976898193,-0.024121887981891632,1.4482278641428328,-0.6647392952780651,1.3481122421538942,0.0049056070537871,1.8774585329077587,-0.6231003669758111
1783017917.579,2.648261547088623,-0.021001063287258148,1.4835664619092497,-0.6139010482649742,1.3069219692191127,0.026195660078687694,1.7251627798068911,-0.668499900925544
1783017917.646,2.6847894191741943,-0.014117181301116943,1.5331873788394246,-0.5622121135376167,1.275380458548169,0.05271812572040288,1.6073036370861296,-0.7056264634230244
1783017917.679,2.7044010162353516,-0.008056946098804474,1.6266280597695448,-0.49329002294259877,1.1819668711737827,0.10070572794839215,1.4642206334557386,-0.745737898775911
1783017917.712,2.7252280712127686,-0.0032682493329048157,1.7196013257520608,-0.44931159918141494,1.1001090042036632,0.1438358181843364,1.3609435493937863,-0.7766831612928372
1783017917.779,2.753171443939209,0.006717018783092499,1.8509045790289207,-0.41623719135326076,0.9964816904424822,0.20190583755209163,1.231740377298495,-0.8093879469870214
1783017917.813,2.767519235610962,0.01356273889541626,1.9566587611215227,-0.40982362287282786,0.9147407941163381,0.24775422872337252,1.1419611282920634,-0.8344445117149862
1783017917.879,2.7974190711975098,0.02527206391096115,2.051670192407193,-0.4191109017474594,0.8681115195551707,0.28773730560971195,1.060788448754594,-0.8544211447475012
1783017917.913,2.812325954437256,0.03220008313655853,2.1761374241456894,-0.4531492750058173,0.8001873815074564,0.3401533584060975,0.9488611060896268,-0.8773300467189677
1783017917.946,2.8266353607177734,0.03811870515346527,2.2672708426211603,-0.4934784470578345,0.7716762250741045,0.3805120422058991,0.8731974790445785,-0.8952445194163544
1783017918.013,2.853701114654541,0.047919996082782745,2.384026938383844,-0.5651282753001001,0.772283636302815,0.43445466236560343,0.7660235766414236,-0.9155238471227198
1783017918.046,2.8722879886627197,0.052803605794906616,2.466787308132949,-0.6286664344264512,0.7929894183590385,0.47659948417703496,0.6966997881891723,-0.9307557341349292
1783017918.113,2.90746808052063,0.060561902821063995,2.530922633324276,-0.6897716195281919,0.8395158536712355,0.511042587554109,0.6356288887961958,-0.9422745812564701
1783017918.146,2.9308178424835205,0.06345327943563461,2.6043066030245856,-0.7755208833199225,0.9002706455640982,0.5530064581801226,0.5464371721540475,-0.9530815291553565
1783017918.213,2.9774703979492188,0.06813368946313858,2.646614975007114,-0.8259246926155374,0.9533130133672458,0.5790519485077709,0.500871084884766,-0.9586135314734388
1783017918.246,2.9926345348358154,0.06727326661348343,2.6862679173311044,-0.8758198201671855,0.9916073187783399,0.6004281228672267,0.4369767029609024,-0.9584539230111747
1783017918.313,3.0197482109069824,0.06790819019079208,2.7116888132199253,-0.8826768957270084,0.999256022284912,0.6091980479706561,0.4179128499253566,-0.9534069117670373
1783017918.346,3.0327301025390625,0.06253919005393982,2.740913782234205,-0.8873388332105682,0.9936926204199951,0.6133451840019244,0.38004995525281204,-0.9422086186347675
1783017918.413,3.0725133419036865,0.054228276014328,2.774530698292464,-0.8647627058996695,0.9660942400888157,0.6167361601185185,0.3807527142556446,-0.9293534545102702
1783017918.479,3.1149654388427734,0.036653801798820496,2.8465377242999144,-0.8026063367463401,0.8811418830617148,0.6147519953487905,0.3728566829225568,-0.8954355742616246
1783017918.546,3.1496329307556152,0.024674005806446075,2.8890394313362475,-0.7543636972066856,0.8214674154557856,0.6153892125837653,0.3907171301067205,-0.8767414445198599
1783017918.579,3.1525402069091797,0.014689750969409943,2.9687585323517833,-0.7249419382306125,0.762122522677292,0.6302321877613013,0.3856917207837611,-0.853856496085764
1783017918.646,3.159515380859375,0.00428425520658493,3.048329330346979,-0.6860404252903158,0.6992213543161373,0.6489469844719347,0.40457060195118366,-0.8350286797058422
1783017918.679,3.151228904724121,-0.003701537847518921,3.1605740424454067,-0.6718565265783993,0.6682203383353373,0.6799366051411257,0.39611757455563623,-0.8145922952989608
1783017918.746,3.14197039604187,-0.011886179447174072,3.242132051328926,-0.6412335146536636,0.6372679385637979,0.700779236241506,0.40827190649802825,-0.7988650124938126
1783017918.779,3.1322391033172607,-0.016247756779193878,3.305902898565071,-0.6209275248641574,0.6291237840927321,0.7083908554820345,0.39380744287683633,-0.7819626268688772
1783017918.813,3.1290934085845947,-0.01879199594259262,3.3272032686128603,-0.5814452676477447,0.5965117105312608,0.7018769881596794,0.40082857626014023,-0.7686721065686011
1783017918.879,3.132327079772949,-0.026772595942020416,3.3259305073408676,-0.5496878100857755,0.5576043474983454,0.67914882605761,0.38393228792604805,-0.7536652088861802
1783017918.913,3.1255338191986084,-0.031254470348358154,3.3138271410333906,-0.5072632986462058,0.5118972354536276,0.6581149855235521,0.3899460334067921,-0.7411731776992878
1783017918.946,3.1207194328308105,-0.03512575477361679,3.3069695329606685,-0.4720551930389326,0.4749699293862997,0.6405926614951258,0.39449082174692407,-0.7298078791937213
1783017919.013,3.1251702308654785,-0.04236198961734772,3.299017488530929,-0.43667239046210626,0.4309333605235869,0.6150503659453519,0.3846950746988824,-0.713845957059519
1783017919.046,3.1308231353759766,-0.04342874139547348,3.2957006933860096,-0.390891629079158,0.38459727957024936,0.5971791517178772,0.3992482076630224,-0.6986681618324445
1783017919.113,3.1514596939086914,-0.046248286962509155,3.313563270986686,-0.3458509872302307,0.34064548684694396,0.5816460299413475,0.4031160034213688,-0.67754116021711
1783017919.146,3.1880249977111816,-0.047047436237335205,3.3417733935527543,-0.2915171283009721,0.2887975061553447,0.5766260417733249,0.4308568864137694,-0.6574539981418287
1783017919.246,3.2817163467407227,-0.05199417471885681,3.4256234187875267,-0.24257122909598544,0.2388071586869772,0.5897149364035865,0.44750353097712514,-0.6318966921577827
1783017919.346,3.2688987255096436,-0.05991954356431961,3.608642466318608,-0.12450281987331288,0.34582771577430355,0.6285287722858905,0.5030846158194513,-0.5832590927780176
1783017919.379,3.300067186355591,-0.0625021681189537,3.7457407809440104,-0.0009474660408882105,0.4499043612383441,0.6590363075699921,0.5669174068135447,-0.5442591491623876
1783017919.446,3.256504535675049,-0.06573522835969925,3.8255387227402773,0.051157214813413496,0.5809163014754921,0.6719389950806601,0.5787937002977834,-0.5244479466467961
1783017919.479,3.2094879150390625,-0.06613373011350632,3.8651617923740256,0.10909611606818904,0.6786852970356179,0.6770449070264146,0.6062358330670543,-0.5073907118582062
1783017919.579,3.1425840854644775,-0.06901704519987106,3.887808627345997,0.15834515639334884,0.7791361809952331,0.6665242348714905,0.6182592926652566,-0.4881248305270099
1783017919.679,3.0860300064086914,-0.07020387053489685,3.8794503842672614,0.2353292237851738,0.8502154831135653,0.6345502354699323,0.6477460795713119,-0.45690178243943447
1783017919.712,3.0720410346984863,-0.06750817596912384,3.87537527848874,0.2771238683526044,0.8741379486210586,0.6145859362229491,0.6688820385390906,-0.43766950421371276
1783017919.779,3.0542845726013184,-0.06465276330709457,3.877679283189275,0.27336944056233387,0.8900774459185953,0.596775614921402,0.6550838466157201,-0.4314006483850324
1783017919.813,3.052872896194458,-0.06105947494506836,3.8695740288363147,0.26511292448841306,0.8794254796233085,0.5829893025075805,0.6485184014648171,-0.4284375029111703
1783017919.912,3.0516178607940674,-0.05293937772512436,3.875121828472638,0.23342272289412935,0.8718727186082954,0.5662363528569335,0.6168066279040127,-0.4300072078914279
1783017919.946,3.0596609115600586,-0.0459391325712204,3.873598746159737,0.19744438695325958,0.8495471359312186,0.5546715165453288,0.5903598845513112,-0.43486851819859007
1783017920.046,3.0642364025115967,-0.03174179047346115,3.88114260626498,0.10761230680168757,0.828707011046809,0.531609461323673,0.5116532651776593,-0.4489680920656664
1783017920.146,3.07230544090271,-0.02077457308769226,3.903124573643293,0.01992992909942847,0.8318156573581166,0.5193061611432258,0.43047006757446704,-0.46367094172021145
1783017920.279,3.011472702026367,-1.5577657222747803,3.97473957374316,-0.047245360409208424,1.7915230475094521,0.5301587862934799,0.3652887516967387,-0.4714647067612775
1783017920.313,3.082181692123413,-0.0015696734189987183,4.018462989954197,-0.0744612387847772,0.9391143961036755,0.526613340803196,0.32891058518908833,-0.4670037017147444
1783017920.379,3.082643985748291,0.006664156913757324,4.0203140117500205,-0.06462524432680952,0.9403761249581587,0.5180427318756238,0.3317214969310509,-0.4598011103010512
1783017920.479,3.0827741622924805,0.021640032529830933,4.0466879174975565,-0.05141442164628885,0.9666781681348359,0.5121250294099998,0.33036107686986327,-0.44717145691712623
1783017920.579,3.0856213569641113,0.033652424812316895,4.10870117902184,0.08795391810904002,1.024519875100492,0.49874638679454764,0.4239501777499104,-0.3872441418112497
1783017920.679,3.0893564224243164,0.03947051614522934,4.01268927432375,0.26446546774624774,0.950350610902464,0.4422857569983832,0.5675936823092367,-0.31349307026738676
1783017920.779,3.087207794189453,0.041437968611717224,3.7222585549295673,0.3935780890053001,0.7261488367458869,0.33094441328287644,0.7839652645326396,-0.2120808421547887
1783017920.813,3.011465311050415,-1.557856798171997,3.4773784523861813,-0.31008208688658195,1.331922214467783,0.23405803067157097,-0.17186350834306774,-0.5795074473583952
1783017920.88,3.072904348373413,0.034776993095874786,3.292660847199484,-0.347915851269901,0.441301180493618,0.1939264368141141,-0.47495952557586385,-0.6897767060310049
1783017920.946,3.0560193061828613,0.02776017040014267,3.180913768750699,-0.31816306026272967,0.3677791569574706,0.16295347071749883,-0.680560167651334,-0.7614005683776465
1783017921.046,3.0217576026916504,0.005733504891395569,3.0953640782251317,-0.25106143073617504,0.2671358310006898,0.12231946390637434,-0.9252827866597384,-0.8251262639220982
1783017921.113,2.9905121326446533,-0.018862470984458923,3.0939603054828573,-0.24999457105601652,0.2532263259360121,0.11702464160594664,-0.9764947364598076,-0.8113632510965475
1783017921.179,2.9630837440490723,-0.037279754877090454,3.1124269226202346,-0.28823945434186443,0.29203451121603374,0.13468246959127972,-0.9460975345550429,-0.7885778004667672
1783017921.279,2.917058229446411,-0.07219991087913513,3.2045737169065496,-0.44729851258408543,0.4726141306927354,0.2097313327099376,-0.8604890122530726,-0.7232674940475865
1783017921.379,2.8823113441467285,-0.10535341501235962,3.3096956069922494,-0.47615091663865916,0.5658163088320404,0.21954335845163445,-0.7545309218551512,-0.6509695383064634
1783017921.479,2.83921480178833,-0.13380953669548035,3.3803137302215482,-0.44482490268195873,0.6241142589552654,0.20378928236424515,-0.6738714132017094,-0.5911818991735335
1783017921.513,2.8157620429992676,-0.14242978394031525,3.31121249175647,-0.26805516845482846,0.511129029119001,0.11134587014989433,-0.6316366375543683,-0.5594747176677957
1783017921.613,2.748185873031616,-0.1654869019985199,3.1639066879477413,-0.1317869551608004,0.41708450267468855,0.04069654210054777,-1.3220401979745495,-0.833750487576379
1783017921.713,2.677039861679077,-0.17748643457889557,3.1507409681322014,-0.07098749287230262,0.4855252442865751,0.0,-2.315965741488174,-1.2014992133826823
1783017921.813,2.6275126934051514,-0.18491151928901672,3.0968492594654466,-0.03427435512977243,0.4929182157997501,0.02701893587272759,-2.9540062488307814,-1.4131838221313782
1783017921.846,2.6016972064971924,-0.18530108034610748,3.0946804319499437,0.018711865182262807,0.5335295141985681,0.06583345631517629,2.9731046289976515,-1.5163710109995938
1783017921.913,2.562312602996826,-0.18892532587051392,3.1056322878640352,0.03871666968800184,0.5890816226178395,0.08327802255186788,2.817272896183459,-1.5397729709302368
1783017921.946,2.5394539833068848,-0.1877138614654541,3.1121725681141768,0.043471540571179045,0.6176190310365339,0.08680613984836999,2.7386342641615355,-1.5502012379862256
1783017922.046,2.4689173698425293,-0.18806885182857513,3.1173448351174606,0.04594063019578452,0.689361019640784,0.08687720003155396,2.6431782621271864,-1.547272326457638
1783017922.113,2.412954092025757,-0.18575850129127502,3.11792954794417,0.04747749044260004,0.742556005488784,0.07893310755839412,2.5506979236909046,-1.521167519054977
1783017922.179,2.3621435165405273,-0.1892809420824051,3.1152120294573233,0.04742484378546492,0.7893933203480001,0.07251372443364967,2.546476378528194,-1.5018916782594955
1783017922.213,2.3354837894439697,-0.19172710180282593,3.111147436933384,0.04938334495972439,0.8122735632621678,0.06254333810745666,2.5503354701178678,-1.4634780409167834
1783017922.313,2.258718490600586,-0.20159713923931122,3.1133979968352654,-0.4792780957079862,0.8986566485387585,0.0,2.469242324502363,-1.4559450214648246
1783017922.379,2.2131175994873047,-0.21347016096115112,3.3660132870610693,0.2896404847766355,1.2578906106179806,0.4228399510009942,2.491162850371331,-1.3892789157705536
1783017922.413,2.19179630279541,-0.22521314024925232,3.3918664094868,0.5037851809359118,1.4041391716155032,0.5130890322152264,2.5168883954611463,-1.36129850219806
1783017922.513,2.1315033435821533,-0.25531983375549316,3.393733198157977,0.6382407970358945,1.5465040597045994,0.553350703847648,2.503925257600306,-1.3280846795660213
1783017922.579,2.094768524169922,-0.28271543979644775,3.3152471705721056,0.7454944168885183,1.5958645417791024,0.5377924166997853,2.533004242031142,-1.2618280392649277
1783017922.646,2.0565285682678223,-0.3045656681060791,3.2590833246577344,0.7516695901147634,1.600553298964096,0.5096319182655431,2.569444671649217,-1.2299444995604343
1783017922.679,2.0357666015625,-0.3183344900608063,3.2073353915030434,0.7164707024039029,1.5631363395157418,0.459934866565179,2.5749318721586745,-1.1924328129983546
1783017922.746,2.0012500286102295,-0.33787065744400024,3.1546032095606757,0.6825291767457246,1.5399478502932917,0.42032539580745654,2.614544587391176,-1.1599688413164821
1783017922.779,1.981619119644165,-0.34899091720581055,3.1122134611261005,0.6249435868997096,1.4922439422823055,0.3691378536272177,2.6246654207839164,-1.1222996082362109
1783017922.846,1.937614917755127,-0.366815984249115,3.0792916560085937,-0.4321050821400691,1.1435420591182859,0.0,2.6892704432641796,-1.0746156857970186
1783017922.913,1.9042290449142456,-0.3804035782814026,3.0955380444997043,0.04747023086926698,1.2658171783675596,0.20971521756584677,2.595053409716562,-1.0846183732736834
1783017922.98,1.8661706447601318,-0.39229878783226013,3.1550935808902945,0.3621441730526514,1.4934880369494732,0.34822941668302587,2.502334388650124,-1.094081233304911
1783017923.08,1.801846981048584,-0.4034729599952698,3.065096963624631,0.692736373180209,1.6725655205759236,0.4625663636284909,2.5598497300174605,-1.0231631560949797
1783017923.113,1.7840771675109863,-0.40351611375808716,2.8906454757191344,0.7753264559320223,1.616837414474388,0.478520785212431,2.6755705223995037,-0.9507479097888323
1783017923.18,1.7545855045318604,-0.40807628631591797,2.8349282540747414,0.762487019947124,1.5929089460667036,0.4638421961916263,2.6858118197098193,-0.9205886441216911
1783017923.213,1.7418696880340576,-0.4074271023273468,2.7809080138065454,0.7333743810944183,1.5430582189280462,0.4494978195576451,2.7177478254725997,-0.8957554692111667
1783017923.28,1.7185101509094238,-0.41022777557373047,2.734753973533959,0.6908270633063471,1.4983568551062065,0.42708646539127165,2.7260184102708696,-0.8673945166515951
1783017923.313,1.7061767578125,-0.4080214500427246,2.6882266063433544,0.6464328039186613,1.4409356955453414,0.4108302462259379,2.7562992845620977,-0.8435730711621893
1783017923.38,1.6822561025619507,-0.4038843810558319,2.655573962397037,0.5854099354506767,1.3878223592902779,0.3827673832503654,2.7646783735897387,-0.8163135489220951
1783017923.446,1.660334825515747,-0.4045248031616211,2.6228039855076974,0.5292155756658881,1.3409765020269933,0.3628052375133064,2.7940095093531774,-0.793378691940234
1783017923.48,1.652604341506958,-0.40357542037963867,2.5853118980875394,0.4847097178730805,1.2880193604690773,0.3468947049112013,2.8050589168688944,-0.7662212020575906
1783017923.546,1.6462416648864746,-0.4074689447879791,2.538165049870503,0.45362503079547395,1.2397621382618054,0.3436379948171336,2.836451938611951,-0.7430317000207157
1783017923.646,1.6397390365600586,-0.4158748686313629,2.4093359542755017,0.43926079932310425,1.1504505319069755,0.36393349430941,2.8797810082776616,-0.6964428898583566
1783017923.713,1.636047601699829,-0.42532795667648315,2.2277074752202375,0.4516707012903447,1.057916845508097,0.40995823621369987,2.9321384814566507,-0.6471737226767561
1783017923.78,1.635510802268982,-0.4341631233692169,2.148510969649226,0.43673990340214575,1.0107627089340403,0.42490390161260916,2.9675715291263742,-0.6245718372693003
1783017923.813,1.6392130851745605,-0.4399154782295227,2.059470468932657,0.43305774940326125,0.9688645543969499,0.4423807482651134,2.9838788990740515,-0.5996914785018101
1783017923.847,1.6442557573318481,-0.4456416666507721,1.9793414273518202,0.4226247550759874,0.930682000121913,0.46044631218914117,3.0117642494052346,-0.5805525051033634
1783017923.915,1.6528178453445435,-0.4536983072757721,1.884588512715808,0.4209064960090733,0.904793459405319,0.48074025458256886,3.025248972463107,-0.558025930853625
1783017923.98,1.6638060808181763,-0.46080851554870605,1.8045635512343057,0.4030678967079534,0.875268599420421,0.49738571999751613,3.053689158843201,-0.5391693964145868
1783017924.046,1.6793038845062256,-0.4662085771560669,1.6236114510731678,0.3775976035517862,0.8456420742503707,0.5358034811818491,3.095380578486022,-0.5014415275600244
1783017924.113,1.694985270500183,-0.46998023986816406,1.5322657426918438,0.3529499692437189,0.8388633820826228,0.5565156058762025,3.1257802289660246,-0.48311589361014623
1783017924.213,1.7310839891433716,-0.47030109167099,1.3287291102079746,0.31131036873124623,0.8790938082111798,0.6023403763911251,-3.1135685675200495,-0.4474433894730625
1783017924.246,1.7480677366256714,-0.46742233633995056,1.1668335872848108,0.25221190408617816,0.9250440942753405,0.6384801613713366,-3.06843596111036,-0.41917169829496376
1783017924.313,1.785069227218628,-0.4610230326652527,1.0700619099362796,0.24222994465777029,1.0028959137821816,0.6585965139400323,-3.065720759415866,-0.40656227001517314
1783017924.38,1.818659782409668,-0.45628318190574646,0.9839113609795436,0.23187729521120412,1.0818362950769924,0.6746413262365712,-3.066246741095516,-0.39506758023174393
1783017924.413,1.8393906354904175,-0.44984593987464905,0.9363481692609008,0.21243496210650614,1.1198668175023583,0.6823360849334569,-3.060542097340467,-0.38716973221697765
1783017924.48,1.8728477954864502,-0.43775781989097595,0.9005192160967352,0.196310593164607,1.1608038674698007,0.6863018400141367,-3.058298020311104,-0.38124665443956846
1783017924.513,1.8899232149124146,-0.426668643951416,0.859687706717674,0.188237229576552,1.1997893296927042,0.6846225085988211,-3.0689203939465317,-0.374853532917904
1783017924.58,1.9216276407241821,-0.40860119462013245,0.8454900103968904,0.16966140100889798,1.2216627312438004,0.6802977524789701,-3.0700390151069104,-0.370195341125867
1783017924.68,1.9828248023986816,-0.3729730546474457,0.8079561464739311,0.13934234370593762,1.2817111320669785,0.6677747640618371,-3.0834936503964108,-0.3604562274999598
1783017924.78,2.0438899993896484,-0.33697348833084106,0.7731055655367356,0.07762903141487715,1.3367080184925828,0.6507304432944835,-3.082300955719797,-0.34492321411319804
1783017924.846,2.0740153789520264,-0.30807459354400635,0.726948485095702,0.016532915086535704,1.3856259420143133,0.6393052712122813,-3.0785522530359626,-0.3289121557960241
1783017924.914,2.0970473289489746,-0.28418466448783875,0.7146658937447865,-0.006861379048592277,1.4099243373472239,0.634502385923724,-3.076973668067233,-0.323675605126435
1783017925.013,2.1145472526550293,-0.24045902490615845,0.6891056359492893,-0.024648959216125386,1.4416857449145462,0.6198536388566797,-3.094081603974977,-0.31718907196722235
1783017925.113,2.1152641773223877,-0.18779638409614563,0.6456015341014676,-0.01390063221738981,1.4799148682949905,0.6160072435090326,-3.121443428023673,-0.31520325471513844
1783017925.213,2.095547914505005,-0.12922605872154236,0.6294801477898353,-0.009777437798923594,1.4709257865852785,0.5998662991940874,3.1368486134932727,-0.3121850386048425
1783017925.313,2.074164390563965,-0.06688426434993744,0.6473026724608344,-0.04980068330373287,1.4269639838936299,0.5643104034285484,3.1341419273285265,-0.30009084662104685
1783017925.346,2.0641613006591797,-0.041626930236816406,0.6692737241066078,-0.11940544554415883,1.3970543470689039,0.5323216295333952,-3.1217926340904656,-0.28164765009299425
1783017925.446,2.04117488861084,0.02218027412891388,0.6766897973497147,-0.15103329989080816,1.3754353879766823,0.5185641421534943,-3.106918232885223,-0.2726808723073317
1783017925.546,2.0217700004577637,0.08284458518028259,0.71501749713897,-0.20072329170919181,1.3371659753873257,0.4770515080650036,-3.092900245424489,-0.25638226702756356
1783017925.646,2.0138278007507324,0.13752281665802002,0.8315595790295182,-0.22575286418765955,1.2368214779772118,0.4085971290902829,-3.1064262611727895,-0.2513850909301361
1783017925.713,2.014429807662964,0.16876164078712463,0.9715720596627496,-0.23524213070921204,1.118378884791439,0.33581360024117013,3.1392750960587854,-0.25639693197628083
1783017925.813,2.0039618015289307,0.21475404500961304,1.0978656894446805,-0.24536891035109343,1.016229943656486,0.27274825675359604,3.0899772328080433,-0.2657432819633933
1783017925.879,2.0007107257843018,0.24986308813095093,1.2288436661016078,-0.2724698035114674,0.9319927078656451,0.21265755304441902,3.0462388950781376,-0.27557436407954905
1783017925.979,1.9976075887680054,0.3052266538143158,1.3185932072220221,-0.29949290583520666,0.9092558914678456,0.16840011302730912,3.0149838658539707,-0.28077853299169075
1783017926.013,2.0018057823181152,0.32461094856262207,1.423093243914126,-0.33916626520103055,0.8806295427805193,0.1177152044058424,2.984961258533465,-0.28598145503833855
1783017926.079,2.003282308578491,0.36333853006362915,1.5637835261775102,-0.4028002371902785,0.8832484307494026,0.05227747592160811,2.9469607242215776,-0.2935712644082975
1783017926.113,2.003031015396118,0.3874954879283905,1.6435318703165511,-0.47313356831212783,0.9326960961419238,0.012672735564434476,-2.6849297255053948,-0.008186167070170391
1783017926.146,2.000683307647705,0.40943390130996704,1.679696364762365,-0.46678407119520066,0.9331615898888806,0.0,-2.1703549989135884,0.1974548085298622
1783017926.213,1.9903117418289185,0.4511244297027588,1.6968653484773248,-0.46733948076609183,0.9642026449895224,0.0,-1.760263065501555,0.3688881267641986
1783017926.246,1.9762709140777588,0.4732321500778198,1.712596519891691,-0.46640899205905384,0.9759352755924331,0.0,-1.4494415513092096,0.4896952176512371
1783017926.313,1.9656884670257568,0.5141091346740723,1.728024615744421,-0.4649483517228423,1.0074907780598896,0.0,-1.2085917981989722,0.575970863189952
1783017926.413,1.9597407579421997,0.583039402961731,1.777212684182037,-0.4637418573251629,1.0625758818072302,0.007070935254908596,-0.8654790844792428,0.6844078197907838
1783017926.513,1.9270093441009521,0.6616532206535339,1.89567308381855,-0.449633582893441,1.1117285284394476,0.046425691526723774,-0.6850395067677093,0.728282962494791
1783017926.613,1.8726568222045898,0.7603573203086853,2.0351883739853784,-0.42409198016064137,1.1955486818639165,0.09462706905101703,-0.6410801274009956,0.7155783237988788
1783017926.68,1.8233153820037842,0.8417245149612427,2.1787513717379645,-0.4204461553114319,1.311262576181784,0.13965703529637521,-0.6918174161455006,0.6643839652960887
1783017926.746,1.7796845436096191,0.9206763505935669,2.2371106763038275,-0.4293366278877203,1.4254029987829744,0.15624531627618216,-0.7395145717426805,0.6360422294127356
1783017926.78,1.7605931758880615,0.971407413482666,2.300827118136864,-0.4432200588376878,1.5142732903281215,0.17274968789970802,-0.7768452663173937,0.6010681161346842
1783017926.846,1.7182633876800537,1.0540072917938232,2.332282451818036,-0.4556473753214067,1.6297474114315014,0.17792817627931337,-0.8283488763512681,0.5720004550048625
1783017926.946,1.635775089263916,1.173255443572998,2.2872195489857043,-0.177919915500716,1.5000182449124388,0.15903950666437114,-0.2298816120628393,0.8051774985938263
1783017927.046,1.5806463956832886,1.2536269426345825,2.0165084775464144,-0.04462402389298621,1.3694638828738146,0.1623898627722949,0.6725304613109757,1.1390099904037823
1783017927.113,1.562934398651123,1.2990360260009766,1.8431310361379145,-0.08980299754860521,1.416821791543686,0.2088608469177076,1.2478370027206687,1.3282950251663213
1783017927.146,1.5614043474197388,1.3096463680267334,1.7881187223347836,-0.12383000921935301,1.4512938819948509,0.2358130097014606,1.428722607816657,1.3840593016217888
1783017927.213,1.559512734413147,1.3396761417388916,1.7222466432753494,-0.1549981041541689,1.5035070423611459,0.2780730822063652,1.604628457178344,1.4203918491484586
1783017927.246,1.5708810091018677,1.3409011363983154,1.671134688676716,-0.17650448870259786,1.5207138558440867,0.31418107251133653,1.701860163107046,1.440989015517724
1783017927.313,1.5862627029418945,1.3595023155212402,1.6021786073867748,-0.19632366582648064,1.5559073880700283,0.3633255643139781,1.810098581654536,1.4461326563494563
1783017927.346,1.5966988801956177,1.3551557064056396,1.5426363897548812,-0.20053941250347218,1.5566342074714568,0.4033669234480743,1.8539360969107737,1.4446093038229075
1783017927.38,1.6021432876586914,1.348387598991394,1.4891007401421201,-0.19908532134702067,1.551596293089713,0.4374457420506932,1.8861005675307307,1.43869305161505
1783017927.446,1.6037425994873047,1.349797248840332,1.4212483023139737,-0.19871475592958876,1.5592285263608243,0.47781808407035403,1.9451678053716561,1.4230164627427202
1783017927.48,1.6018421649932861,1.3390209674835205,1.3627985799775337,-0.18138326992744994,1.5390811806641058,0.5077516663426328,1.9541869168917918,1.4080667400059614
1783017927.546,1.5999486446380615,1.3358163833618164,1.3071482233916345,-0.1699236320802509,1.5339442886837715,0.5351683087828645,1.9999877694801462,1.3872877071901462
1783017927.58,1.6009176969528198,1.3191094398498535,1.2695003569331014,-0.14609163745318268,1.5022155804663069,0.5503822295053319,2.004781025275655,1.3708381943795536
