t_wall,t_seg,mode,test_name,moving,robot_x,robot_y,robot_yaw,odom_v,odom_w,cmd_vx,cmd_wz,person_detected,person_now_x,person_now_y,person_pred2s_x,person_pred2s_y,pred_vs_now_dist,pred_bearing_err_deg,cloud_n,cloud_cx,cloud_cy,cloud_extent_m,robot_to_person_m,robot_to_cloud_m,plan_length_m,local_plan_length_m,progress_fail_count,flag_cloud_enlarged,flag_pred_wrong_side,last_nav_warn
10.109,0.000,now,block2_A_now,1,1.2001,0.0813,-2.1997,0.0000,0.0000,0.0000,-0.3200,0,,,,,,,0,,,0.0000,,,5.2458,0.0000,0,0,0,
10.209,0.100,now,block2_A_now,1,1.2001,0.0813,-2.1997,0.0000,0.0000,0.0000,-0.5000,0,,,,,,,0,,,0.0000,,,5.2458,0.0000,0,0,0,
10.309,0.200,now,block2_A_now,1,1.2001,0.0813,-2.1997,0.0000,0.0000,0.0000,-0.5000,0,,,,,,,0,,,0.0000,,,5.2458,0.0000,0,0,0,
10.409,0.300,now,block2_A_now,1,1.2001,0.0813,-2.1997,0.0000,0.0000,0.0000,-0.5000,0,,,,,,,0,,,0.0000,,,5.2458,0.0000,0,0,0,
10.509,0.400,now,block2_A_now,1,1.2002,0.0815,-2.2015,-0.0150,-0.0920,0.0000,-0.5000,0,,,,,,,0,,,0.0000,,,5.2458,0.0000,0,0,0,
10.609,0.500,now,block2_A_now,1,1.2029,0.0851,-2.2000,-0.0570,0.3340,0.0000,-0.5000,0,,,,,,,0,,,0.0000,,,5.2458,0.0000,0,0,0,
10.709,0.600,now,block2_A_now,1,1.2032,0.0856,-2.2327,0.0150,-0.1300,0.0000,-0.5000,0,,,,,,,0,,,0.0000,,,5.2458,0.0003,0,0,0,
10.809,0.700,now,block2_A_now,1,1.2047,0.0875,-2.2478,-0.0060,-0.0370,0.0000,-0.5000,0,,,,,,,0,,,0.0000,,,5.2458,0.0043,0,0,0,
10.909,0.800,now,block2_A_now,1,1.2059,0.0889,-2.2917,-0.0760,-0.5570,0.0000,-0.5000,0,,,,,,,0,,,0.0000,,,5.2458,0.0000,0,0,0,
11.008,0.900,now,block2_A_now,1,1.2048,0.0877,-2.3601,0.0440,-0.5940,0.0000,-0.5000,0,,,,,,,0,,,0.0000,,,5.2458,0.0020,0,0,0,
11.109,1.000,now,block2_A_now,1,1.2041,0.0870,-2.4266,-0.0380,-0.8540,0.0000,-0.5000,0,,,,,,,0,,,0.0000,,,5.2458,0.0000,0,0,0,
11.209,1.100,now,block2_A_now,1,1.2044,0.0873,-2.4964,-0.0250,-0.7430,0.0000,-0.5000,0,,,,,,,0,,,0.0000,,,5.2458,0.0143,0,0,0,
11.309,1.200,now,block2_A_now,1,1.2044,0.0872,-2.5754,-0.0410,-0.7610,0.0063,-0.5000,0,,,,,,,0,,,0.0000,,,5.2458,0.0131,0,0,0,
11.409,1.300,now,block2_A_now,1,1.2043,0.0871,-2.6415,-0.0500,-0.6680,0.0063,-0.5000,0,,,,,,,0,,,0.0000,,,5.2458,0.0131,0,0,0,
11.509,1.400,now,block2_A_now,1,1.2035,0.0867,-2.7172,0.0570,-0.5570,0.0063,-0.5000,0,,,,,,,0,,,0.0000,,,5.2458,0.0160,0,0,0,
11.609,1.500,now,block2_A_now,1,1.2046,0.0872,-2.7881,0.0060,-1.0030,0.0063,-0.5000,0,,,,,,,0,,,0.0000,,,5.2458,0.0126,0,0,0,
11.709,1.600,now,block2_A_now,1,1.2036,0.0869,-2.8416,0.0280,-0.2410,0.0063,-0.5000,0,,,,,,,0,,,0.0000,,,5.2458,0.0129,0,0,0,
11.809,1.700,now,block2_A_now,1,1.2042,0.0870,-2.8821,-0.0380,-0.2600,0.0063,-0.5000,0,,,,,,,0,,,0.0000,,,5.2458,0.0126,0,0,0,
11.909,1.800,now,block2_A_now,1,1.2042,0.0870,-2.9321,-0.0120,-0.8910,0.0000,-0.5000,0,,,,,,,0,,,0.0000,,,5.2458,0.0126,0,0,0,
12.026,1.917,now,block2_A_now,1,1.2039,0.0870,-2.9741,0.0060,-0.9660,0.0000,-0.5000,1,2.3136,-1.3724,12.6511,0.4729,10.5009,40.8,31,2.3136,-1.3724,0.2200,2.6900,2.6900,5.2458,0.0126,0,0,0,
12.109,2.000,now,block2_A_now,1,1.2049,0.0871,-3.0061,-0.0120,-0.6680,0.0000,-0.5000,1,2.3136,-1.3724,12.6511,0.4729,10.5009,40.8,31,2.3136,-1.3724,0.2200,2.6900,2.6900,5.2458,0.0126,0,0,0,
12.209,2.100,now,block2_A_now,1,1.2049,0.0871,-3.0265,0.0000,0.0000,0.0063,-0.5000,1,2.3243,-1.3264,10.5752,0.0015,8.3571,38.9,31,2.3243,-1.3264,0.2200,2.6761,2.6761,5.2458,0.0504,0,0,0,
12.309,2.200,now,block2_A_now,1,1.2054,0.0872,-3.0577,0.0000,0.0000,0.0063,-0.5000,1,2.2356,-1.2800,7.9165,-0.4764,5.7375,37.8,31,2.2356,-1.2800,0.2200,2.5761,2.5761,5.2458,0.0000,0,0,0,
12.409,2.300,now,block2_A_now,1,1.2046,0.0871,-3.0959,-0.0120,-0.0740,0.0000,-0.5000,1,2.0903,-1.2311,5.7829,-0.7088,3.7294,38.5,31,2.0903,-1.2311,0.2200,2.4259,2.4259,5.2458,0.0143,0,0,0,
12.509,2.400,now,block2_A_now,1,1.2043,0.0870,-3.1233,-0.0030,-0.0180,0.0000,-0.5000,1,2.0903,-1.2311,5.7829,-0.7088,3.7294,38.5,31,2.0903,-1.2311,0.2200,2.4259,2.4259,5.2458,0.0143,0,0,0,
12.609,2.500,now,block2_A_now,1,1.2009,0.0871,3.1071,0.0760,-0.4830,0.0000,-0.5000,1,1.9240,-1.1746,4.3242,-0.8351,2.4241,39.5,31,1.9240,-1.1746,0.2200,2.2542,2.2542,5.2458,0.0124,0,0,0,
12.709,2.600,now,block2_A_now,1,1.2043,0.0869,3.0455,-0.0720,-0.5380,0.0189,-0.5000,1,1.7661,-1.1199,3.3262,-0.8992,1.5757,40.4,31,1.7661,-1.1199,0.2200,2.0912,2.0912,5.2458,0.0140,0,0,0,
12.809,2.700,now,block2_A_now,1,1.2031,0.0870,2.9936,0.0470,-0.3900,0.0126,-0.5000,1,1.7661,-1.1199,3.3262,-0.8992,1.5757,40.4,31,1.7661,-1.1199,0.2200,2.0912,2.0912,5.2458,0.0617,0,0,0,
12.909,2.800,now,block2_A_now,1,1.2038,0.0869,2.9424,-0.0120,-0.7060,0.0126,-0.5000,1,1.6308,-1.0556,2.6449,-0.9121,1.0242,41.0,31,1.6308,-1.0556,0.2200,1.9426,1.9426,5.2458,0.0505,0,0,0,
13.009,2.900,now,block2_A_now,1,1.2021,0.0873,2.8974,0.0030,-0.1300,0.0189,-0.5000,1,1.5039,-0.9776,2.1630,-0.8843,0.6657,41.1,31,1.5039,-0.9776,0.2200,1.7937,1.7937,5.2458,0.0253,0,0,0,
13.109,3.000,now,block2_A_now,1,1.2023,0.0872,2.8337,0.0150,-0.5750,0.0126,-0.5000,1,1.5039,-0.9776,2.1630,-0.8843,0.6657,41.1,31,1.5039,-0.9776,0.2200,1.7937,1.7937,5.2458,0.0000,0,0,0,
13.209,3.100,now,block2_A_now,1,1.2011,0.0876,2.7850,0.0660,-0.4640,0.0063,-0.5000,1,1.3573,-0.9002,1.4220,-0.9847,0.1064,-19.0,31,1.3573,-0.9002,0.2200,1.6287,1.6287,5.2458,0.0250,0,0,0,
13.309,3.200,now,block2_A_now,1,1.2040,0.0865,2.7223,-0.0570,-0.5940,0.0126,-0.5000,1,1.1967,-0.8419,0.7384,-1.1226,0.5374,-113.4,31,1.1967,-0.8419,0.2200,1.4632,1.4632,5.2458,0.0253,0,0,0,
13.409,3.300,now,block2_A_now,1,1.2031,0.0869,2.6783,0.0720,-0.5750,0.0126,-0.5000,1,1.1967,-0.8419,0.7384,-1.1226,0.5374,-113.4,31,1.1967,-0.8419,0.2200,1.4632,1.4632,5.2458,0.1502,0,0,0,
13.509,3.400,now,block2_A_now,1,1.2032,0.0868,2.6419,0.0190,-0.1850,0.0126,-0.5000,1,1.1967,-0.8419,0.7384,-1.1226,0.5374,-113.4,31,1.1967,-0.8419,0.2200,1.4632,1.4632,5.2458,0.0835,0,0,0,
13.609,3.500,now,block2_A_now,1,1.2037,0.0866,2.5911,-0.0340,-0.7610,0.1200,-0.5000,1,1.1967,-0.8419,0.7384,-1.1226,0.5374,-113.4,31,1.1967,-0.8419,0.2200,1.4632,1.4632,5.2458,0.1495,0,0,0,
13.709,3.600,now,block2_A_now,1,1.2018,0.0878,2.5428,0.0000,-0.9280,0.1011,-0.5000,1,1.1967,-0.8419,0.7384,-1.1226,0.5374,-113.4,31,1.1967,-0.8419,0.2200,1.4632,1.4632,5.2458,0.1471,0,0,0,
13.809,3.700,now,block2_A_now,1,1.1998,0.0892,2.4864,0.0060,-1.0030,0.1011,-0.5000,1,1.1967,-0.8419,0.7384,-1.1226,0.5374,-113.4,31,1.1967,-0.8419,0.2200,1.4632,1.4632,5.2458,0.1895,0,0,0,
13.909,3.800,now,block2_A_now,1,1.1952,0.0930,2.4381,0.0630,-0.3710,0.0947,-0.5000,1,1.1967,-0.8419,0.7384,-1.1226,0.5374,-113.4,31,1.1967,-0.8419,0.2200,1.4632,1.4632,5.2458,0.2366,0,0,0,
14.009,3.900,now,block2_A_now,1,1.1882,0.0991,2.3836,0.0850,-0.5010,0.1200,-0.5000,1,1.1967,-0.8419,0.7384,-1.1226,0.5374,-113.4,31,1.1967,-0.8419,0.2200,1.4632,1.4632,5.2458,0.2399,0,0,0,
14.109,4.000,now,block2_A_now,1,1.1806,0.1067,2.3201,0.1170,-0.6870,0.1137,-0.5000,1,1.1967,-0.8419,0.7384,-1.1226,0.5374,-113.4,31,1.1967,-0.8419,0.2200,1.4632,1.4632,5.2496,0.2272,0,0,0,
14.208,4.100,now,block2_A_now,1,1.1739,0.1143,2.2607,0.0910,-0.5380,0.1074,-0.5000,1,1.1967,-0.8419,0.7384,-1.1226,0.5374,-113.4,31,1.1967,-0.8419,0.2200,1.4632,1.4632,5.2496,0.2147,0,0,0,
14.309,4.200,now,block2_A_now,1,1.1668,0.1233,2.1931,0.1200,-0.7060,0.1011,-0.4744,0,1.1967,-0.8419,0.7384,-1.1226,0.5374,-113.4,31,1.1967,-0.8419,0.2200,1.4632,1.4632,5.2496,0.2021,0,0,0,
14.409,4.300,now,block2_A_now,1,1.1600,0.1334,2.1217,0.1260,-0.7430,0.1200,-0.3974,0,1.1967,-0.8419,0.7384,-1.1226,0.5374,-113.4,31,1.1967,-0.8419,0.2200,1.4632,1.4632,5.2496,0.2400,0,0,0,
14.509,4.400,now,block2_A_now,1,1.1526,0.1460,2.0753,0.1200,-0.6310,0.1137,-0.5000,0,1.1967,-0.8419,0.7384,-1.1226,0.5374,-113.4,31,1.1967,-0.8419,0.2200,1.4632,1.4632,5.2496,0.2331,0,0,0,
14.609,4.500,now,block2_A_now,1,1.1479,0.1550,2.0163,0.0790,-0.4640,0.1200,-0.5000,0,1.1967,-0.8419,0.7384,-1.1226,0.5374,-113.4,31,1.1967,-0.8419,0.2200,1.4632,1.4632,5.2496,0.2274,0,0,0,
14.709,4.600,now,block2_A_now,1,1.1432,0.1652,1.9788,0.0850,-0.4270,0.1137,-0.4744,0,1.1967,-0.8419,0.7384,-1.1226,0.5374,-113.4,31,1.1967,-0.8419,0.2200,1.4632,1.4632,5.2496,0.2051,0,0,0,
14.809,4.700,now,block2_A_now,1,1.1396,0.1741,1.9220,0.1040,-0.6130,0.1074,-0.4744,0,1.1967,-0.8419,0.7384,-1.1226,0.5374,-113.4,31,1.1967,-0.8419,0.2200,1.4632,1.4632,5.2496,0.2400,0,0,0,
14.909,4.800,now,block2_A_now,1,1.1367,0.1828,1.8800,0.1550,-0.3150,0.1200,-0.4487,0,1.1967,-0.8419,0.7384,-1.1226,0.5374,-113.4,31,1.1967,-0.8419,0.2200,1.4632,1.4632,5.2496,0.2384,0,0,0,
15.009,4.900,now,block2_A_now,1,1.1337,0.1926,1.8393,0.0880,-0.5200,0.1137,-0.5000,0,1.1967,-0.8419,0.7384,-1.1226,0.5374,-113.4,31,1.1967,-0.8419,0.2200,1.4632,1.4632,5.2496,0.2379,0,0,0,
15.115,5.006,now,block2_A_now,1,1.1312,0.2022,1.8009,0.1710,0.0000,0.1137,-0.3462,0,1.1967,-0.8419,0.7384,-1.1226,0.5374,-113.4,31,1.1967,-0.8419,0.2200,1.4632,1.4632,5.1616,0.2269,0,0,0,
15.209,5.100,now,block2_A_now,1,1.1291,0.2121,1.7538,0.0760,-0.4450,0.1011,-0.1862,0,1.1967,-0.8419,0.7384,-1.1226,0.5374,-113.4,31,1.1967,-0.8419,0.2200,1.4632,1.4632,5.1616,0.2274,0,0,0,
15.309,5.200,now,block2_A_now,1,1.1270,0.2240,1.7236,0.0980,-0.5380,0.1200,-0.0641,0,1.1967,-0.8419,0.7384,-1.1226,0.5374,-113.4,31,1.1967,-0.8419,0.2200,1.4632,1.4632,5.1616,0.2400,0,0,0,
15.409,5.300,now,block2_A_now,1,1.1256,0.2352,1.6743,0.1770,-0.1850,0.1137,-0.0385,0,1.1967,-0.8419,0.7384,-1.1226,0.5374,-113.4,31,1.1967,-0.8419,0.2200,1.4632,1.4632,5.1616,0.2274,0,0,0,
15.509,5.400,now,block2_A_now,1,1.1245,0.2470,1.6446,0.1670,-0.0550,0.1074,-0.0897,0,1.1967,-0.8419,0.7384,-1.1226,0.5374,-113.4,31,1.1967,-0.8419,0.2200,1.4632,1.4632,5.1616,0.2147,0,0,0,
15.609,5.500,now,block2_A_now,1,1.1237,0.2605,1.6101,0.1170,-0.5380,0.1011,-0.0641,0,1.1967,-0.8419,0.7384,-1.1226,0.5374,-113.4,31,1.1967,-0.8419,0.2200,1.4632,1.4632,5.1616,0.2021,0,0,0,
15.709,5.600,now,block2_A_now,1,1.1234,0.2734,1.5852,0.1770,-0.1480,0.1200,-0.0128,0,1.1967,-0.8419,0.7384,-1.1226,0.5374,-113.4,31,1.1967,-0.8419,0.2200,1.4632,1.4632,5.1616,0.2400,0,0,0,
15.809,5.700,now,block2_A_now,1,1.1233,0.2862,1.5715,0.1290,0.1670,0.1137,-0.0385,0,1.1967,-0.8419,0.7384,-1.1226,0.5374,-113.4,31,1.1967,-0.8419,0.2200,1.4632,1.4632,5.1616,0.2274,0,0,0,
15.909,5.800,now,block2_A_now,1,1.1234,0.2991,1.5659,0.1200,0.3710,0.1074,-0.0385,0,1.1967,-0.8419,0.7384,-1.1226,0.5374,-113.4,31,1.1967,-0.8419,0.2200,1.4632,1.4632,5.1616,0.2147,0,0,0,
16.009,5.900,now,block2_A_now,1,1.1234,0.3084,1.5601,0.0410,-0.0180,0.1011,-0.0385,1,2.4170,-2.4677,2.0201,-3.9294,1.5147,-59.6,31,2.4170,-2.4677,0.2200,3.4542,3.4542,5.1616,0.2021,0,0,0,
16.109,6.000,now,block2_A_now,1,1.1235,0.3189,1.5590,0.0720,-0.2410,0.1200,-0.0385,1,2.4219,-2.5021,2.0990,-3.8984,1.4331,-57.1,31,2.4219,-2.5021,0.2200,3.4823,3.4823,5.1616,0.2400,0,0,0,
16.209,6.100,now,block2_A_now,1,1.1236,0.3262,1.5674,0.0910,0.3900,0.1200,-0.0385,1,2.4219,-2.5021,2.0990,-3.8984,1.4331,-57.1,31,2.4219,-2.5021,0.2200,3.4823,3.4823,5.0654,0.2400,0,0,0,
16.309,6.200,now,block2_A_now,1,1.1237,0.3329,1.5659,0.0250,-0.0740,0.1200,0.1923,1,2.4270,-2.5596,2.1576,-3.9402,1.4066,-54.5,31,2.4270,-2.5596,0.2200,3.5273,3.5273,5.0654,0.2274,0,0,0,
16.410,6.301,now,block2_A_now,1,1.1237,0.3416,1.5763,0.0720,0.0180,0.1137,0.1410,1,2.4292,-2.6481,2.2077,-4.0737,1.4427,-51.4,31,2.4292,-2.6481,0.2200,3.5935,3.5935,5.0654,0.2237,0,0,0,
16.510,6.401,now,block2_A_now,1,1.1236,0.3502,1.5796,0.1420,0.0550,0.1074,0.0897,1,2.4292,-2.6481,2.2077,-4.0737,1.4427,-51.4,31,2.4292,-2.6481,0.2200,3.5935,3.5935,5.0654,0.2147,0,0,0,
16.609,6.500,now,block2_A_now,1,1.1235,0.3605,1.5971,0.1230,0.2040,0.1074,0.1410,1,2.4292,-2.6481,2.2077,-4.0737,1.4427,-51.4,31,2.4292,-2.6481,0.2200,3.5935,3.5935,5.0654,0.2147,0,0,0,
16.709,6.600,now,block2_A_now,1,1.1231,0.3698,1.6141,0.0720,0.1300,0.1200,-0.0446,1,2.4292,-2.6481,2.2077,-4.0737,1.4427,-51.4,31,2.4292,-2.6481,0.2200,3.5935,3.5935,5.0654,0.2400,0,0,0,
16.809,6.700,now,block2_A_now,1,1.1226,0.3806,1.6309,0.0910,-0.0920,0.1200,-0.2241,1,2.4292,-2.6481,2.2077,-4.0737,1.4427,-51.4,31,2.4292,-2.6481,0.2200,3.5935,3.5935,5.0654,0.2274,0,0,0,
16.909,6.800,now,block2_A_now,1,1.1219,0.3909,1.6427,0.1140,-0.2600,0.1137,-0.0897,1,2.4292,-2.6481,2.2077,-4.0737,1.4427,-51.4,31,2.4292,-2.6481,0.2200,3.5935,3.5935,5.0654,0.2147,0,0,0,
17.009,6.900,now,block2_A_now,1,1.1211,0.4014,1.6605,0.1140,0.4080,0.1074,-0.1923,1,2.4292,-2.6481,2.2077,-4.0737,1.4427,-51.4,31,2.4292,-2.6481,0.2200,3.5935,3.5935,5.0654,0.2147,0,0,0,
17.110,7.001,now,block2_A_now,1,1.1203,0.4094,1.6657,0.0660,0.3530,0.1011,-0.1410,1,2.4292,-2.6481,2.2077,-4.0737,1.4427,-51.4,31,2.4292,-2.6481,0.2200,3.5935,3.5935,5.0654,0.2021,0,0,0,
17.209,7.101,now,block2_A_now,1,1.1192,0.4203,1.6794,0.1580,-0.0740,0.1200,-0.1154,1,2.4292,-2.6481,2.2077,-4.0737,1.4427,-51.4,31,2.4292,-2.6481,0.2200,3.5935,3.5935,4.9680,0.2400,0,0,0,
17.309,7.200,now,block2_A_now,1,1.1180,0.4309,1.6951,0.0980,0.1670,0.1200,-0.0836,1,2.4292,-2.6481,2.2077,-4.0737,1.4427,-51.4,31,2.4292,-2.6481,0.2200,3.5935,3.5935,4.9680,0.2274,0,0,0,
17.409,7.300,now,block2_A_now,1,1.1167,0.4413,1.6955,0.1010,-0.2220,0.1137,-0.1154,0,2.4292,-2.6481,2.2077,-4.0737,1.4427,-51.4,31,2.4292,-2.6481,0.2200,3.5935,3.5935,4.9680,0.2147,0,0,0,
17.509,7.400,now,block2_A_now,1,1.1150,0.4539,1.6905,0.1040,-0.3530,0.1074,-0.1154,0,2.4292,-2.6481,2.2077,-4.0737,1.4427,-51.4,31,2.4292,-2.6481,0.2200,3.5935,3.5935,4.9680,0.2147,0,0,0,
17.609,7.500,now,block2_A_now,1,1.1135,0.4664,1.6930,0.0630,0.0000,0.1011,-0.0385,0,2.4292,-2.6481,2.2077,-4.0737,1.4427,-51.4,31,2.4292,-2.6481,0.2200,3.5935,3.5935,4.9680,0.2400,0,0,0,
17.709,7.600,now,block2_A_now,1,1.1119,0.4798,1.6826,0.1260,-0.1110,0.1200,-0.0641,0,2.4292,-2.6481,2.2077,-4.0737,1.4427,-51.4,31,2.4292,-2.6481,0.2200,3.5935,3.5935,4.9680,0.2274,0,0,0,
17.809,7.700,now,block2_A_now,1,1.1107,0.4911,1.6779,0.1550,-0.0550,0.1137,-0.0385,0,2.4292,-2.6481,2.2077,-4.0737,1.4427,-51.4,31,2.4292,-2.6481,0.2200,3.5935,3.5935,4.9680,0.2147,0,0,0,
17.909,7.800,now,block2_A_now,1,1.1096,0.5019,1.6645,0.0980,-0.3900,0.1074,-0.0385,0,2.4292,-2.6481,2.2077,-4.0737,1.4427,-51.4,31,2.4292,-2.6481,0.2200,3.5935,3.5935,4.9680,0.2147,0,0,0,
18.013,7.904,now,block2_A_now,1,1.1087,0.5118,1.6593,0.0790,0.2410,0.1011,-0.0385,0,2.4292,-2.6481,2.2077,-4.0737,1.4427,-51.4,31,2.4292,-2.6481,0.2200,3.5935,3.5935,4.9680,0.2021,0,0,0,
18.109,8.000,now,block2_A_now,1,1.1080,0.5208,1.6456,0.1290,0.0920,0.1200,-0.0385,0,2.4292,-2.6481,2.2077,-4.0737,1.4427,-51.4,31,2.4292,-2.6481,0.2200,3.5935,3.5935,4.9680,0.2400,0,0,0,
18.239,8.130,now,block2_A_now,1,1.1074,0.5292,1.6362,0.1420,-0.1670,0.1200,-0.0385,0,2.4292,-2.6481,2.2077,-4.0737,1.4427,-51.4,31,2.4292,-2.6481,0.2200,3.5935,3.5935,4.8230,0.2274,0,0,0,
18.313,8.204,now,block2_A_now,1,1.1068,0.5378,1.6270,0.0340,-0.1300,0.1137,-0.0128,0,2.4292,-2.6481,2.2077,-4.0737,1.4427,-51.4,31,2.4292,-2.6481,0.2200,3.5935,3.5935,4.8230,0.2274,0,0,0,
18.409,8.300,now,block2_A_now,1,1.1064,0.5472,1.6055,0.0950,-0.4450,0.1074,0.1472,1,2.0988,-2.1558,2.0546,-0.7795,1.3770,137.6,31,2.0988,-2.1558,0.2200,3.0087,3.0087,4.8230,0.2147,0,0,0,
18.509,8.400,now,block2_A_now,1,1.1061,0.5568,1.5977,0.1360,-0.2410,0.1074,0.0323,1,2.0988,-2.1558,2.0546,-0.7795,1.3770,137.6,31,2.0988,-2.1558,0.2200,3.0087,3.0087,4.8230,0.2274,0,0,0,
18.609,8.500,now,block2_A_now,1,1.1059,0.5652,1.5958,0.0850,0.2410,0.1137,-0.2877,1,2.1056,-2.1295,2.0638,-0.7954,1.3348,137.1,31,2.1056,-2.1295,0.2200,2.9947,2.9947,4.8230,0.2147,0,0,0,
18.710,8.601,now,block2_A_now,1,1.1057,0.5745,1.5892,0.0340,-0.0180,0.1200,-0.2179,1,2.1056,-2.1295,2.0638,-0.7954,1.3348,137.1,31,2.1056,-2.1295,0.2200,2.9947,2.9947,4.8230,0.2400,0,0,0,
18.809,8.700,now,block2_A_now,1,1.1055,0.5853,1.5813,0.0950,0.0740,0.1200,-0.3462,1,2.1170,-2.0729,2.0450,-0.7971,1.2778,137.6,31,2.1170,-2.0729,0.2200,2.9629,2.9629,4.8230,0.2266,0,0,0,
18.909,8.800,now,block2_A_now,1,1.1055,0.5961,1.5658,0.0570,-0.0740,0.1200,-0.2436,1,2.1291,-2.0144,2.0187,-0.8087,1.2108,138.6,31,2.1291,-2.0144,0.2200,2.9310,2.9310,4.8230,0.2400,0,0,0,
19.009,8.900,now,block2_A_now,1,1.1056,0.6084,1.5457,0.1610,-0.0180,0.1137,-0.2179,1,2.1291,-2.0144,2.0187,-0.8087,1.2108,138.6,31,2.1291,-2.0144,0.2200,2.9310,2.9310,4.8230,0.2147,0,0,0,
19.109,9.000,now,block2_A_now,1,1.1061,0.6212,1.5216,0.1580,-0.1110,0.1074,-0.2179,1,2.1409,-1.9539,1.9962,-0.8109,1.1521,139.6,31,2.1409,-1.9539,0.2200,2.8985,2.8985,4.8230,0.2400,0,0,0,
19.209,9.100,now,block2_A_now,1,1.1068,0.6330,1.4987,0.1040,-0.3530,0.1200,-0.2436,1,2.1485,-1.8791,1.9631,-0.7877,1.1071,140.8,31,2.1485,-1.8791,0.2200,2.8544,2.8544,4.8230,0.2400,0,0,0,
19.309,9.200,now,block2_A_now,1,1.1078,0.6473,1.4894,0.1580,-0.2600,0.1200,-0.1923,1,2.1485,-1.8791,1.9631,-0.7877,1.1071,140.8,31,2.1485,-1.8791,0.2200,2.8544,2.8544,4.6943,0.2147,0,0,0,
19.409,9.300,now,block2_A_now,1,1.1089,0.6590,1.4749,0.1040,-0.2040,0.1011,0.0385,1,2.1556,-1.8031,1.9395,-0.7378,1.0869,141.4,31,2.1556,-1.8031,0.2200,2.8102,2.8102,4.6943,0.2021,0,0,0,
19.509,9.400,now,block2_A_now,1,1.1101,0.6717,1.4672,0.1140,-0.1480,0.1200,0.0000,1,2.1623,-1.7224,1.9292,-0.6564,1.0912,140.9,31,2.1623,-1.7224,0.2200,2.7644,2.7644,4.6943,0.2400,0,0,0,
19.608,9.500,now,block2_A_now,1,1.1113,0.6815,1.4449,0.0880,-0.3340,0.1200,0.1410,1,2.1695,-1.6373,1.9183,-0.5551,1.1111,140.1,31,2.1695,-1.6373,0.2200,2.7181,2.7181,4.6943,0.2274,0,0,0,
19.709,9.600,now,block2_A_now,1,1.1125,0.6907,1.4416,0.0950,0.2970,0.1137,0.0385,1,2.1695,-1.6373,1.9183,-0.5551,1.1111,140.1,31,2.1695,-1.6373,0.2200,2.7181,2.7181,4.6943,0.2147,0,0,0,
19.809,9.700,now,block2_A_now,1,1.1135,0.6987,1.4327,0.0820,0.1850,0.1074,0.0385,1,2.1761,-1.5412,1.9188,-0.4281,1.1424,138.3,31,2.1761,-1.5412,0.2200,2.6666,2.6666,4.6943,0.2147,0,0,0,
19.909,9.800,now,block2_A_now,1,1.1146,0.7063,1.4268,0.1480,-0.0550,0.1011,0.0385,1,2.1761,-1.5412,1.9188,-0.4281,1.1424,138.3,31,2.1761,-1.5412,0.2200,2.6666,2.6666,4.6943,0.2021,0,0,0,
20.009,9.900,now,block2_A_now,1,1.1157,0.7136,1.4286,0.0760,0.2220,0.1011,0.0385,1,2.1794,-1.4375,1.8806,-0.2984,1.1776,138.1,31,2.1794,-1.4375,0.2200,2.6107,2.6107,4.6943,0.2021,0,0,0,
20.110,10.001,now,block2_A_now,1,1.1169,0.7213,1.4104,0.1520,0.1110,0.1200,0.0641,1,2.1817,-1.3292,1.8346,-0.1713,1.2088,138.0,31,2.1817,-1.3292,0.2200,2.5548,2.5548,4.6943,0.2400,0,0,0,
20.209,10.100,now,block2_A_now,1,1.1181,0.7285,1.4052,0.0980,0.3900,0.1200,0.0641,1,2.1841,-1.2269,1.8035,-0.0556,1.2316,137.3,31,2.1841,-1.2269,0.2200,2.5051,2.5051,4.6943,0.2394,0,0,0,
20.309,10.200,now,block2_A_now,1,1.1197,0.7377,1.3915,0.1260,-0.2970,0.1137,0.0641,1,2.1841,-1.2269,1.8035,-0.0556,1.2316,137.3,31,2.1841,-1.2269,0.2200,2.5051,2.5051,4.5994,0.2274,0,0,0,
20.409,10.300,now,block2_A_now,1,1.1210,0.7446,1.3811,0.0380,-0.0740,0.1137,0.2436,1,2.1848,-1.1317,1.7762,0.0357,1.2368,136.7,31,2.1848,-1.1317,0.2200,2.4605,2.4605,4.5994,0.2147,0,0,0,
20.509,10.400,now,block2_A_now,1,1.1232,0.7562,1.3811,0.0720,0.0550,0.1074,0.1923,1,2.1829,-1.0452,1.7515,0.0714,1.1970,136.7,31,2.1829,-1.0452,0.2200,2.4202,2.4202,4.5994,0.2021,0,0,0,
20.609,10.500,now,block2_A_now,1,1.1256,0.7689,1.3936,0.1290,0.3900,0.1011,0.2179,1,2.1829,-1.0452,1.7515,0.0714,1.1970,136.7,31,2.1829,-1.0452,0.2200,2.4202,2.4202,4.5994,0.2400,0,0,0,
20.709,10.600,now,block2_A_now,1,1.1279,0.7818,1.3970,0.1070,0.1480,0.1200,0.1410,1,2.1746,-0.9669,1.7423,0.0587,1.1130,136.8,31,2.1746,-0.9669,0.2200,2.3799,2.3799,4.5994,0.2274,0,0,0,
20.809,10.700,now,block2_A_now,1,1.1304,0.7967,1.4063,0.1480,-0.0550,0.1137,0.0897,1,2.1625,-0.9069,1.7379,0.0280,1.0268,137.2,31,2.1625,-0.9069,0.2200,2.3450,2.3450,4.5994,0.2147,0,0,0,
20.909,10.800,now,block2_A_now,1,1.1325,0.8099,1.4245,0.1330,0.1480,0.1074,0.0897,1,2.1455,-0.8636,1.7390,0.0057,0.9596,137.0,31,2.1455,-0.8636,0.2200,2.3127,2.3127,4.5994,0.2021,0,0,0,
21.009,10.900,now,block2_A_now,1,1.1344,0.8229,1.4345,0.1360,0.3150,0.1200,0.0897,1,2.1455,-0.8636,1.7390,0.0057,0.9596,137.0,31,2.1455,-0.8636,0.2200,2.3127,2.3127,4.5994,0.2400,0,0,0,
21.109,11.000,now,block2_A_now,1,1.1356,0.8323,1.4601,0.0600,0.2410,0.1137,0.0897,1,2.1217,-0.8347,1.7525,-0.0434,0.8732,136.5,31,2.1217,-0.8347,0.2200,2.2800,2.2800,4.5994,0.2274,0,0,0,
21.209,11.100,now,block2_A_now,1,1.1366,0.8416,1.4667,0.1330,0.1110,0.1137,0.0641,1,2.0917,-0.8180,1.7654,-0.1118,0.7780,136.2,31,2.0917,-0.8180,0.2200,2.2459,2.2459,4.5994,0.2147,0,0,0,
21.322,11.213,now,block2_A_now,1,1.1377,0.8520,1.4805,0.1670,0.0550,0.1074,0.0641,1,2.0917,-0.8180,1.7654,-0.1118,0.7780,136.2,31,2.0917,-0.8180,0.2200,2.2459,2.2459,4.4402,0.2147,0,0,0,
21.409,11.300,now,block2_A_now,1,1.1384,0.8614,1.5015,0.1580,0.1480,0.1011,0.0641,1,2.0582,-0.8100,1.8461,-0.3510,0.5057,136.3,31,2.0582,-0.8100,0.2200,2.2119,2.2119,4.4402,0.2021,0,0,0,
21.509,11.400,now,block2_A_now,1,1.1389,0.8690,1.5043,0.0760,-0.2220,0.1200,0.0385,1,2.0252,-0.8112,1.8874,-0.5128,0.3287,136.6,31,2.0252,-0.8112,0.2200,2.1817,2.1817,4.4402,0.2400,0,0,0,
21.609,11.500,now,block2_A_now,1,1.1394,0.8776,1.5151,0.0980,-0.2410,0.1200,0.0000,1,2.0252,-0.8112,1.8874,-0.5128,0.3287,136.6,31,2.0252,-0.8112,0.2200,2.1817,2.1817,4.4402,0.2400,0,0,0,
21.709,11.600,now,block2_A_now,1,1.1398,0.8850,1.5240,0.1260,0.2220,0.1137,0.0385,1,1.9923,-0.8160,1.9027,-0.6221,0.2137,137.1,31,1.9923,-0.8160,0.2200,2.1530,2.1530,4.4402,0.2274,0,0,0,
21.810,11.701,now,block2_A_now,1,1.1402,0.8939,1.5303,0.0910,0.3150,0.1074,0.0385,1,1.9923,-0.8160,1.9027,-0.6221,0.2137,137.1,31,1.9923,-0.8160,0.2200,2.1530,2.1530,4.4402,0.2147,0,0,0,
21.909,11.800,now,block2_A_now,1,1.1404,0.9027,1.5533,0.1070,0.4830,0.1074,0.0128,1,1.9595,-0.8208,1.9013,-0.6947,0.1389,137.5,31,1.9595,-0.8208,0.2200,2.1245,2.1245,4.4402,0.2021,0,0,0,
22.009,11.900,now,block2_A_now,1,1.1406,0.9133,1.5618,0.1640,-0.0370,0.1011,0.0000,1,1.9280,-0.8241,1.8901,-0.7422,0.0903,137.9,31,1.9280,-0.8241,0.2200,2.0967,2.0967,4.4402,0.2021,0,0,0,
22.114,12.005,now,block2_A_now,1,1.1406,0.9232,1.5693,0.1170,0.1300,0.1200,0.0000,1,1.8972,-0.8246,1.8726,-0.7713,0.0587,138.3,31,1.9280,-0.8241,0.2200,2.0687,2.0967,4.4402,0.2400,0,0,0,
22.209,12.100,now,block2_A_now,1,1.1405,0.9331,1.5959,0.0910,0.3900,0.1137,-0.0128,1,1.8972,-0.8246,1.8726,-0.7713,0.0587,138.3,31,1.8972,-0.8246,0.2200,2.0687,2.0687,4.4402,0.2274,0,0,0,
22.309,12.200,now,block2_A_now,1,1.1402,0.9440,1.6019,0.1200,0.2600,0.1074,-0.0128,1,1.8676,-0.8246,1.8516,-0.7900,0.0381,138.6,31,1.8676,-0.8246,0.2200,2.0415,2.0415,4.4402,0.2147,0,0,0,
22.410,12.301,now,block2_A_now,1,1.1398,0.9564,1.6149,0.1610,-0.0550,0.1074,-0.0641,1,1.8380,-0.8250,1.8276,-0.8025,0.0248,139.0,31,1.8380,-0.8250,0.2200,2.0147,2.0147,4.3456,0.2021,0,0,0,
22.509,12.401,now,block2_A_now,1,1.1392,0.9672,1.6208,0.1260,-0.2970,0.1011,-0.0385,1,1.8380,-0.8250,1.8276,-0.8025,0.0248,139.0,31,1.8380,-0.8250,0.2200,2.0147,2.0147,4.3456,0.2400,0,0,0,
22.609,12.500,now,block2_A_now,1,1.1387,0.9791,1.6195,0.1520,-0.0740,0.1200,-0.0385,1,1.8080,-0.8259,1.8013,-0.8113,0.0161,139.3,31,1.8080,-0.8259,0.2200,1.9877,1.9877,4.3456,0.2274,0,0,0,
22.708,12.600,now,block2_A_now,1,1.1382,0.9892,1.6228,0.1010,0.2970,0.1137,-0.0385,1,1.7748,-0.8234,1.7704,-0.8139,0.0105,139.7,31,1.7748,-0.8234,0.2200,1.9565,1.9565,4.3456,0.2147,0,0,0,
22.809,12.700,now,block2_A_now,1,1.1377,0.9991,1.6210,0.0720,0.1670,0.1074,-0.0385,1,1.7748,-0.8234,1.7704,-0.8139,0.0105,139.7,31,1.7748,-0.8234,0.2200,1.9565,1.9565,4.3456,0.2147,0,0,0,
22.909,12.800,now,block2_A_now,1,1.1372,1.0095,1.6224,0.1230,0.0920,0.1011,-0.0897,1,1.7410,-0.8168,1.7381,-0.8106,0.0068,139.9,31,1.7410,-0.8168,0.2200,1.9231,1.9231,4.3456,0.2021,0,0,0,
23.009,12.900,now,block2_A_now,1,1.1367,1.0195,1.6180,0.1170,-0.2780,0.1200,-0.0385,1,1.7068,-0.8014,1.7049,-0.7974,0.0044,140.0,31,1.7068,-0.8014,0.2200,1.8856,1.8856,4.3456,0.2400,0,0,0,
23.109,13.000,now,block2_A_now,1,1.1362,1.0303,1.6068,0.1670,0.0180,0.1200,-0.0641,1,1.7068,-0.8014,1.7049,-0.7974,0.0044,140.0,31,1.7068,-0.8014,0.2200,1.8856,1.8856,4.3456,0.2274,0,0,0,
23.209,13.100,now,block2_A_now,1,1.1359,1.0399,1.5959,0.0630,0.1110,0.1137,-0.0385,1,1.6724,-0.7792,1.6712,-0.7765,0.0029,139.8,31,1.6724,-0.7792,0.2200,1.8450,1.8450,4.3456,0.2147,0,0,0,
23.309,13.200,now,block2_A_now,1,1.1357,1.0492,1.5807,0.0440,-0.2600,0.1074,0.0000,1,1.6373,-0.7478,1.6365,-0.7461,0.0019,139.3,31,1.6373,-0.7478,0.2200,1.8000,1.8000,4.3456,0.2147,0,0,0,
23.409,13.300,now,block2_A_now,1,1.1357,1.0594,1.5733,0.1230,0.2780,0.1011,-0.0385,1,1.6373,-0.7478,1.6365,-0.7461,0.0019,139.3,31,1.6373,-0.7478,0.2200,1.8000,1.8000,4.2511,0.2021,0,0,0,
23.509,13.400,now,block2_A_now,1,1.1357,1.0691,1.5629,0.0980,-0.2780,0.1200,-0.0128,1,1.6050,-0.7121,1.6045,-0.7110,0.0012,138.7,31,1.6050,-0.7121,0.2200,1.7559,1.7559,4.2511,0.2400,0,0,0,
23.611,13.502,now,block2_A_now,1,1.1357,1.0781,1.5529,0.0760,-0.4080,0.1200,-0.0128,1,1.5741,-0.6688,1.5738,-0.6681,0.0008,0.0,31,1.5741,-0.6688,0.2200,1.7103,1.7103,4.2511,0.2274,0,0,0,
23.709,13.600,now,block2_A_now,1,1.1359,1.0896,1.5540,0.1640,-0.0740,0.1137,-0.0128,1,1.5741,-0.6688,1.5738,-0.6681,0.0008,0.0,31,1.5741,-0.6688,0.2200,1.7103,1.7103,4.2511,0.2274,0,0,0,
23.809,13.700,now,block2_A_now,1,1.1361,1.0965,1.5451,0.0380,0.0370,0.1074,-0.0128,1,1.5462,-0.6235,1.4657,-0.4211,0.2178,133.6,31,1.5462,-0.6235,0.2200,1.6672,1.6672,4.2511,0.2147,0,0,0,
23.908,13.800,now,block2_A_now,1,1.1364,1.1071,1.5388,0.1200,0.2600,0.1011,0.0641,1,1.5213,-0.5765,1.3804,-0.2320,0.3722,133.0,31,1.5213,-0.5765,0.2200,1.6269,1.6269,4.2511,0.2021,0,0,0,
24.009,13.900,now,block2_A_now,1,1.1369,1.1180,1.5280,0.1010,0.2220,0.1011,0.0000,1,1.5213,-0.5765,1.3804,-0.2320,0.3722,133.0,31,1.5213,-0.5765,0.2200,1.6269,1.6269,4.2511,0.2400,0,0,0,
24.109,14.000,now,block2_A_now,1,1.1374,1.1294,1.5213,0.0980,0.0920,0.1200,0.1667,1,1.4998,-0.5256,1.3140,-0.0854,0.4778,132.2,31,1.4998,-0.5256,0.2200,1.5892,1.5892,4.2511,0.2274,0,0,0,
24.210,14.101,now,block2_A_now,1,1.1380,1.1394,1.5124,0.1140,0.2600,0.1137,0.0128,1,1.4816,-0.4735,1.2758,0.0310,0.5449,129.9,31,1.4816,-0.4735,0.2200,1.5555,1.5555,4.2511,0.2274,0,0,0,
24.309,14.200,now,block2_A_now,1,1.1385,1.1475,1.5046,0.0910,-0.3530,0.1074,0.0385,1,1.4816,-0.4735,1.2758,0.0310,0.5449,129.9,31,1.4816,-0.4735,0.2200,1.5555,1.5555,4.2511,0.2147,0,0,0,
24.408,14.300,now,block2_A_now,1,1.1392,1.1585,1.4950,0.1670,-0.0550,0.1011,0.0385,1,1.4662,-0.4259,1.2493,0.1084,0.5766,128.3,31,1.4662,-0.4259,0.2200,1.5268,1.5268,4.1560,0.2021,0,0,0,
24.509,14.400,now,block2_A_now,1,1.1400,1.1694,1.4861,0.1070,-0.4450,0.1200,0.0385,1,1.4509,-0.3831,1.2141,0.1544,0.5873,128.6,31,1.4509,-0.3831,0.2200,1.5006,1.5006,4.1560,0.2400,0,0,0,
24.609,14.500,now,block2_A_now,1,1.1409,1.1799,1.4980,0.1230,0.1670,0.1200,0.0641,1,1.4509,-0.3831,1.2141,0.1544,0.5873,128.6,31,1.4509,-0.3831,0.2200,1.5006,1.5006,4.1560,0.2274,0,0,0,
24.709,14.600,now,block2_A_now,1,1.1418,1.1923,1.4943,0.1610,0.0550,0.1137,0.0897,1,1.4343,-0.3449,1.2804,0.0044,0.3818,127.3,31,1.4343,-0.3449,0.2200,1.4752,1.4752,4.1560,0.2147,0,0,0,
24.809,14.700,now,block2_A_now,1,1.1427,1.2033,1.4865,0.1040,0.2040,0.1074,0.0641,1,1.4143,-0.3090,1.3142,-0.0819,0.2481,126.1,31,1.4143,-0.3090,0.2200,1.4476,1.4476,4.1560,0.2021,0,0,0,
24.909,14.800,now,block2_A_now,1,1.1438,1.2161,1.4940,0.1230,0.3150,0.1011,0.0641,1,1.4143,-0.3090,1.3142,-0.0819,0.2481,126.1,31,1.4143,-0.3090,0.2200,1.4476,1.4476,4.1560,0.2400,0,0,0,
25.009,14.900,now,block2_A_now,1,1.1447,1.2280,1.4987,0.1170,0.3150,0.1200,-0.0385,1,1.3925,-0.2777,1.3275,-0.1301,0.1613,125.1,31,1.3925,-0.2777,0.2200,1.4199,1.4199,4.1560,0.2274,0,0,0,
25.110,15.001,now,block2_A_now,1,1.1455,1.2386,1.5054,0.1740,0.0550,0.1137,-0.0385,1,1.3699,-0.2527,1.3277,-0.1568,0.1048,124.2,31,1.3699,-0.2527,0.2200,1.3931,1.3931,4.1560,0.2274,0,0,0,
25.209,15.100,now,block2_A_now,1,1.1461,1.2490,1.5154,0.1070,0.3710,0.1074,-0.0641,1,1.3699,-0.2527,1.3277,-0.1568,0.1048,124.2,31,1.3699,-0.2527,0.2200,1.3931,1.3931,4.1560,0.2147,0,0,0,
25.309,15.200,now,block2_A_now,1,1.1466,1.2594,1.5232,0.1640,0.0370,0.1011,-0.0385,1,1.3475,-0.2362,1.3200,-0.1739,0.0681,123.7,31,1.3475,-0.2362,0.2200,1.3681,1.3681,4.1560,0.2021,0,0,0,
25.409,15.300,now,block2_A_now,1,1.1471,1.2694,1.5176,0.0660,-0.0180,0.1200,-0.0128,1,1.3209,-0.2234,1.3030,-0.1829,0.0443,123.4,31,1.3209,-0.2234,0.2200,1.3396,1.3396,4.1560,0.2400,0,0,0,
25.509,15.400,now,block2_A_now,1,1.1475,1.2773,1.5366,0.0600,0.3150,0.1200,-0.0641,1,1.3209,-0.2234,1.3030,-0.1829,0.0443,123.4,31,1.3209,-0.2234,0.2200,1.3396,1.3396,4.0895,0.2274,0,0,0,
25.613,15.504,now,block2_A_now,1,1.1478,1.2846,1.5321,0.0980,-0.4270,0.1137,0.0385,1,1.2924,-0.2147,1.2808,-0.1884,0.0288,123.2,31,1.2924,-0.2147,0.2200,1.3101,1.3101,4.0895,0.2274,0,0,0,
25.709,15.600,now,block2_A_now,1,1.1481,1.2954,1.5458,0.1290,0.0180,0.1074,0.0385,1,1.2656,-0.2105,1.2580,-0.1933,0.0187,123.2,31,1.2656,-0.2105,0.2200,1.2829,1.2829,4.0895,0.2147,0,0,0,
25.810,15.701,now,block2_A_now,1,1.1483,1.3037,1.5579,0.0720,0.2780,0.1074,0.0385,1,1.2656,-0.2105,1.2580,-0.1933,0.0187,123.2,31,1.2656,-0.2105,0.2200,1.2829,1.2829,4.0895,0.2021,0,0,0,
25.909,15.800,now,block2_A_now,1,1.1483,1.3136,1.5686,0.1040,-0.3530,0.1011,0.0000,1,1.2409,-0.2085,1.2360,-0.1974,0.0122,123.3,31,1.2409,-0.2085,0.2200,1.2583,1.2583,4.0895,0.2021,0,0,0,
26.009,15.900,now,block2_A_now,1,1.1483,1.3234,1.5783,0.0910,0.0180,0.1200,-0.0897,1,1.2187,-0.2077,1.2155,-0.2005,0.0079,123.5,31,1.2187,-0.2077,0.2200,1.2363,1.2363,4.0895,0.2400,0,0,0,
26.109,16.000,now,block2_A_now,1,1.1482,1.3331,1.5768,0.1710,0.0000,0.1137,-0.0641,1,1.2187,-0.2077,1.2155,-0.2005,0.0079,123.5,31,1.2187,-0.2077,0.2200,1.2363,1.2363,4.0895,0.2274,0,0,0,
26.209,16.100,now,block2_A_now,1,1.1482,1.3435,1.5786,0.1290,0.3150,0.1137,-0.0897,1,1.1955,-0.2033,1.1935,-0.1986,0.0051,123.4,31,1.1955,-0.2033,0.2200,1.2127,1.2127,4.0895,0.2147,0,0,0,
26.309,16.200,now,block2_A_now,1,1.1481,1.3566,1.5737,0.1710,0.0370,0.1074,-0.0897,1,1.1733,-0.1959,1.1720,-0.1929,0.0033,123.3,31,1.1733,-0.1959,0.2200,1.1896,1.1896,4.0895,0.2021,0,0,0,
26.409,16.300,now,block2_A_now,1,1.1480,1.3693,1.5777,0.1710,-0.0740,0.1011,-0.1923,1,1.1733,-0.1959,1.1720,-0.1929,0.0033,123.3,31,1.1733,-0.1959,0.2200,1.1896,1.1896,4.0895,0.2400,0,0,0,
26.509,16.400,now,block2_A_now,1,1.1479,1.3813,1.5829,0.1580,0.2220,0.1200,-0.0897,1,1.1535,-0.1876,1.1526,-0.1856,0.0022,123.0,31,1.1535,-0.1876,0.2200,1.1687,1.1687,4.0088,0.2274,0,0,0,
26.609,16.500,now,block2_A_now,1,1.1478,1.3949,1.5788,0.1800,-0.0180,0.1137,-0.0641,1,1.1338,-0.1742,1.1332,-0.1729,0.0014,122.5,31,1.1338,-0.1742,0.2200,1.1471,1.1471,4.0088,0.2147,0,0,0,
26.709,16.600,now,block2_A_now,1,1.1477,1.4076,1.5789,0.1800,-0.0550,0.1074,-0.0641,1,1.1338,-0.1742,1.1332,-0.1729,0.0014,122.5,31,1.1338,-0.1742,0.2200,1.1471,1.1471,4.0088,0.2021,0,0,0,
26.809,16.700,now,block2_A_now,1,1.1476,1.4184,1.5730,0.1480,-0.2040,0.1011,-0.1154,1,1.1140,-0.1588,1.1136,-0.1580,0.0009,0.0,31,1.1140,-0.1588,0.2200,1.1253,1.1253,4.0088,0.1895,0,0,0,
26.909,16.800,now,block2_A_now,1,1.1476,1.4289,1.5592,0.1010,-0.2970,0.0947,-0.1154,1,1.0933,-0.1433,1.0930,-0.1428,0.0006,0.0,31,1.0933,-0.1433,0.2200,1.1026,1.1026,4.0088,0.2274,0,0,0,
27.009,16.900,now,block2_A_now,1,1.1478,1.4395,1.5515,0.1770,-0.0370,0.0884,-0.0897,1,1.0933,-0.1433,1.0930,-0.1428,0.0006,0.0,31,1.0933,-0.1433,0.2200,1.1026,1.1026,4.0088,0.1768,0,0,0,
27.109,17.000,now,block2_A_now,1,1.1480,1.4471,1.5496,0.0660,0.2040,0.0821,-0.0897,1,1.0724,-0.1278,1.0722,-0.1275,0.0004,0.0,31,1.0724,-0.1278,0.2200,1.0799,1.0799,4.0088,0.1642,0,0,0,
27.209,17.100,now,block2_A_now,1,1.1482,1.4560,1.5414,0.0690,0.0740,0.0821,-0.0385,1,1.0513,-0.1098,1.0512,-0.1096,0.0003,0.0,31,1.0513,-0.1098,0.2200,1.0570,1.0570,4.0088,0.1516,0,0,0,
27.311,17.202,now,block2_A_now,1,1.1485,1.4630,1.5355,0.0880,-0.0370,0.0758,-0.0897,1,1.0295,-0.0907,1.0294,-0.0905,0.0002,0.0,31,1.0513,-0.1098,0.2200,1.0334,1.0570,4.0088,0.1516,0,0,0,
27.409,17.300,now,block2_A_now,1,1.1488,1.4694,1.5162,0.1200,0.1480,0.0695,-0.0641,1,1.0295,-0.0907,1.0294,-0.0905,0.0002,0.0,31,1.0295,-0.0907,0.2200,1.0334,1.0334,4.0088,0.1389,0,0,0,
27.509,17.400,now,block2_A_now,1,1.1491,1.4750,1.5085,0.0060,-0.0370,0.0695,-0.2179,1,1.0055,-0.0703,1.0055,-0.0702,0.0001,0.0,31,1.0055,-0.0703,0.2200,1.0080,1.0080,4.6798,0.1389,0,0,0,
27.609,17.501,now,block2_A_now,1,1.1494,1.4805,1.5055,0.0120,0.0370,0.0632,-0.0128,1,0.9782,-0.0477,0.9782,-0.0476,0.0001,0.0,31,0.9782,-0.0477,0.2200,0.9794,0.9794,4.6798,0.1263,0,0,0,
27.709,17.600,now,block2_A_now,1,1.1499,1.4868,1.4944,0.1480,-0.0920,0.0632,-0.0128,1,0.9782,-0.0477,0.9782,-0.0476,0.0001,0.0,31,0.9782,-0.0477,0.2200,0.9794,0.9794,4.6798,0.1263,0,0,0,
27.809,17.700,now,block2_A_now,1,1.1502,1.4908,1.4799,0.0690,-0.4080,0.0316,-0.0128,1,0.9512,-0.0264,0.9511,-0.0264,0.0000,0.0,31,0.9512,-0.0264,0.2200,0.9515,0.9515,4.6798,0.0632,0,0,0,
27.909,17.800,now,block2_A_now,1,1.1508,1.4969,1.4770,0.1010,0.0740,0.0316,-0.0385,1,0.9512,-0.0264,0.9511,-0.0264,0.0000,0.0,31,0.9512,-0.0264,0.2200,0.9515,0.9515,4.6798,0.0632,0,0,0,
28.009,17.900,now,block2_A_now,1,1.1510,1.4994,1.4651,0.0250,-0.1480,0.0316,-0.0128,1,0.9216,-0.0038,0.9216,-0.0038,0.0000,0.0,31,0.9216,-0.0038,0.2200,0.9216,0.9216,4.6798,0.0632,0,0,0,
28.109,18.000,now,block2_A_now,1,1.1515,1.5039,1.4721,0.0850,-0.3530,0.0316,-0.0128,1,0.8918,0.0189,0.8918,0.0190,0.0000,0.0,31,0.8918,0.0189,0.2200,0.8920,0.8920,4.6798,0.0505,0,0,0,
28.208,18.100,now,block2_A_now,1,1.1517,1.5055,1.4629,0.0000,0.0000,0.0000,-0.0385,1,0.8634,0.0395,0.8634,0.0395,0.0000,0.0,31,0.8634,0.0395,0.2200,0.8643,0.8643,4.6798,0.0000,0,0,0,
28.309,18.200,now,block2_A_now,1,1.1519,1.5076,1.4503,0.0280,-0.1670,0.0000,0.0385,1,0.8634,0.0395,0.8634,0.0395,0.0000,0.0,31,0.8634,0.0395,0.2200,0.8643,0.8643,4.6798,0.0000,0,0,0,
28.410,18.301,now,block2_A_now,1,1.1519,1.5078,1.4488,0.0000,0.0000,0.1074,0.1985,1,0.8354,0.0585,0.8354,0.0585,0.0000,0.0,31,0.8354,0.0585,0.2200,0.8374,0.8374,4.6798,0.2057,0,0,0,
28.509,18.400,now,block2_A_now,1,1.1516,1.5056,1.4621,-0.0310,0.1850,0.1074,0.2179,1,0.8354,0.0585,0.8354,0.0585,0.0000,0.0,31,0.8354,0.0585,0.2200,0.8374,0.8374,4.6798,0.2057,0,0,0,
28.609,18.500,now,block2_A_now,1,1.1519,1.5082,1.4466,0.0090,-0.0550,0.1011,0.0579,1,0.8354,0.0585,0.8354,0.0585,0.0000,0.0,31,0.8354,0.0585,0.2200,0.8374,0.8374,3.9475,0.1516,0,0,0,
28.709,18.600,now,block2_A_now,1,1.1521,1.5095,1.4544,0.0660,0.3900,0.0758,-0.2621,1,0.8354,0.0585,0.8354,0.0585,0.0000,0.0,31,0.8354,0.0585,0.2200,0.8374,0.8374,3.9475,0.1470,0,0,0,
28.809,18.700,now,block2_A_now,1,1.1525,1.5131,1.4495,0.0280,-0.1670,0.0568,-0.3205,1,0.8354,0.0585,0.8354,0.0585,0.0000,0.0,31,0.8354,0.0585,0.2200,0.8374,0.8374,3.9475,0.1473,0,0,0,
28.910,18.801,now,block2_A_now,1,1.1536,1.5215,1.4402,0.1230,-0.3530,0.0758,-0.3205,1,0.8354,0.0585,0.8354,0.0585,0.0000,0.0,31,0.8354,0.0585,0.2200,0.8374,0.8374,3.9475,0.1403,0,0,0,
29.009,18.900,now,block2_A_now,1,1.1549,1.5306,1.4169,0.1040,-0.4640,0.0947,-0.4744,1,0.8354,0.0585,0.8354,0.0585,0.0000,0.0,31,0.8354,0.0585,0.2200,0.8374,0.8374,3.9475,0.1315,0,0,0,
29.109,19.000,now,block2_A_now,1,1.1567,1.5420,1.4024,0.1390,0.0000,0.0884,-0.5000,1,0.8354,0.0585,0.8354,0.0585,0.0000,0.0,31,0.8354,0.0585,0.2200,0.8374,0.8374,3.9475,0.1137,0,0,0,
29.209,19.100,now,block2_A_now,1,1.1589,1.5542,1.3847,0.1450,-0.1850,0.0505,-0.2949,1,0.8354,0.0585,0.8354,0.0585,0.0000,0.0,31,0.8354,0.0585,0.2200,0.8374,0.8374,3.9475,0.1895,0,0,0,
29.309,19.200,now,block2_A_now,1,1.1608,1.5640,1.3580,0.0440,-0.2220,0.0884,-0.4744,1,0.8354,0.0585,0.8354,0.0585,0.0000,0.0,31,0.8354,0.0585,0.2200,0.8374,0.8374,3.9475,0.0970,0,0,0,
29.409,19.300,now,block2_A_now,1,1.1630,1.5736,1.3298,0.0910,-0.5380,0.1200,-0.4744,0,0.8354,0.0585,0.8354,0.0585,0.0000,0.0,31,0.8354,0.0585,0.2200,0.8374,0.8374,3.9475,0.2400,0,0,0,
29.509,19.400,now,block2_A_now,1,1.1654,1.5833,1.3127,0.0910,-0.5380,0.0695,-0.5000,0,0.8354,0.0585,0.8354,0.0585,0.0000,0.0,31,0.8354,0.0585,0.2200,0.8374,0.8374,3.9475,0.2272,0,0,0,
29.609,19.500,now,block2_A_now,1,1.1679,1.5926,1.2956,0.0600,-0.3150,0.1137,-0.4487,0,0.8354,0.0585,0.8354,0.0585,0.0000,0.0,31,0.8354,0.0585,0.2200,0.8374,0.8374,3.8397,0.1646,0,0,0,
29.709,19.601,now,block2_A_now,1,1.1698,1.5990,1.2567,0.0410,-0.2410,0.1074,-0.4231,0,0.8354,0.0585,0.8354,0.0585,0.0000,0.0,31,0.8354,0.0585,0.2200,0.8374,0.8374,3.8397,0.2388,0,0,0,
29.809,19.700,now,block2_A_now,1,1.1726,1.6071,1.2059,0.1010,-0.5940,0.1011,-0.2949,0,0.8354,0.0585,0.8354,0.0585,0.0000,0.0,31,0.8354,0.0585,0.2200,0.8374,0.8374,3.8397,0.2021,0,0,0,
29.909,19.800,now,block2_A_now,1,1.1758,1.6150,1.1559,0.0910,-0.5380,0.1011,-0.2692,0,0.8354,0.0585,0.8354,0.0585,0.0000,0.0,31,0.8354,0.0585,0.2200,0.8374,0.8374,3.8397,0.2021,0,0,0,
30.009,19.900,now,block2_A_now,1,1.1796,1.6231,1.1033,0.1010,-0.5940,0.1137,-0.2949,0,0.8354,0.0585,0.8354,0.0585,0.0000,0.0,31,0.8354,0.0585,0.2200,0.8374,0.8374,3.8397,0.2147,0,0,0,
30.109,20.000,now,block2_A_now,1,1.1843,1.6319,1.0443,0.1100,-0.6500,0.1011,-0.1923,0,0.8354,0.0585,0.8354,0.0585,0.0000,0.0,31,0.8354,0.0585,0.2200,0.8374,0.8374,3.8397,0.2021,0,0,0,
30.209,20.100,now,block2_A_now,1,1.1885,1.6388,0.9968,0.1070,-0.6310,0.0947,-0.2179,0,0.8354,0.0585,0.8354,0.0585,0.0000,0.0,31,0.8354,0.0585,0.2200,0.8374,0.8374,3.8397,0.1895,0,0,0,
30.309,20.200,now,block2_A_now,1,1.1926,1.6450,0.9530,0.0760,-0.4450,0.0947,-0.1923,0,0.8354,0.0585,0.8354,0.0585,0.0000,0.0,31,0.8354,0.0585,0.2200,0.8374,0.8374,3.8397,0.1895,0,0,0,
30.409,20.300,now,block2_A_now,1,1.1968,1.6507,0.9114,0.0440,-0.2600,0.1137,-0.1154,0,0.8354,0.0585,0.8354,0.0585,0.0000,0.0,31,0.8354,0.0585,0.2200,0.8374,0.8374,3.8397,0.1389,0,0,0,
30.509,20.400,now,block2_A_now,1,1.2019,1.6571,0.8925,0.0190,-0.1110,0.1074,-0.0641,0,0.8354,0.0585,0.8354,0.0585,0.0000,0.0,31,0.8354,0.0585,0.2200,0.8374,0.8374,3.8397,0.2147,0,0,0,
30.609,20.500,now,block2_A_now,1,1.2055,1.6615,0.8584,0.0500,-0.2970,0.1074,-0.0641,0,0.8354,0.0585,0.8354,0.0585,0.0000,0.0,31,0.8354,0.0585,0.2200,0.8374,0.8374,3.6824,0.2236,0,0,0,
30.709,20.600,now,block2_A_now,1,1.2091,1.6656,0.8265,0.0660,-0.3900,0.1011,-0.0641,0,0.8354,0.0585,0.8354,0.0585,0.0000,0.0,31,0.8354,0.0585,0.2200,0.8374,0.8374,3.6824,0.2021,0,0,0,
30.811,20.702,now,block2_A_now,1,1.2148,1.6717,0.8135,0.0820,-0.4450,0.1011,-0.0641,0,0.8354,0.0585,0.8354,0.0585,0.0000,0.0,31,0.8354,0.0585,0.2200,0.8374,0.8374,3.6824,0.2021,0,0,0,
30.909,20.800,now,block2_A_now,1,1.2212,1.6785,0.8123,0.0690,0.1480,0.0947,-0.0385,0,0.8354,0.0585,0.8354,0.0585,0.0000,0.0,31,0.8354,0.0585,0.2200,0.8374,0.8374,3.6824,0.2021,0,0,0,
31.009,20.900,now,block2_A_now,1,1.2282,1.6859,0.8049,0.0660,0.0180,0.0884,-0.0385,0,0.8354,0.0585,0.8354,0.0585,0.0000,0.0,31,0.8354,0.0585,0.2200,0.8374,0.8374,3.6824,0.2400,0,0,0,
31.109,21.000,now,block2_A_now,1,1.2369,1.6949,0.8030,0.0690,0.0370,0.1200,-0.0385,0,0.8354,0.0585,0.8354,0.0585,0.0000,0.0,31,0.8354,0.0585,0.2200,0.8374,0.8374,3.6824,0.2400,0,0,0,
31.209,21.100,now,block2_A_now,1,1.2459,1.7042,0.8054,0.0980,0.0920,0.1137,-0.0385,0,0.8354,0.0585,0.8354,0.0585,0.0000,0.0,31,0.8354,0.0585,0.2200,0.8374,0.8374,3.6824,0.2274,0,0,0,
31.309,21.200,now,block2_A_now,1,1.2535,1.7121,0.8016,0.1100,0.2040,0.1074,-0.0385,0,0.8354,0.0585,0.8354,0.0585,0.0000,0.0,31,0.8354,0.0585,0.2200,0.8374,0.8374,3.6824,0.2147,0,0,0,
31.409,21.300,now,block2_A_now,1,1.2603,1.7191,0.8077,0.1550,-0.0550,0.0947,0.0128,0,0.8354,0.0585,0.8354,0.0585,0.0000,0.0,31,0.8354,0.0585,0.2200,0.8374,0.8374,3.6824,0.2400,0,0,0,
31.509,21.400,now,block2_A_now,1,1.2663,1.7254,0.8095,0.0720,-0.1300,0.1200,0.0000,0,0.8354,0.0585,0.8354,0.0585,0.0000,0.0,31,0.8354,0.0585,0.2200,0.8374,0.8374,3.6824,0.2400,0,0,0,
31.615,21.507,now,block2_A_now,1,1.2732,1.7326,0.8047,0.1140,0.2970,0.1200,-0.0128,0,0.8354,0.0585,0.8354,0.0585,0.0000,0.0,31,0.8354,0.0585,0.2200,0.8374,0.8374,3.5864,0.2400,0,0,0,
31.709,21.600,now,block2_A_now,1,1.2800,1.7396,0.7908,0.1040,-0.3900,0.1200,-0.0385,0,0.8354,0.0585,0.8354,0.0585,0.0000,0.0,31,0.8354,0.0585,0.2200,0.8374,0.8374,3.5864,0.2274,0,0,0,
31.809,21.700,now,block2_A_now,1,1.2860,1.7457,0.7997,0.0850,0.3150,0.1137,0.0000,0,0.8354,0.0585,0.8354,0.0585,0.0000,0.0,31,0.8354,0.0585,0.2200,0.8374,0.8374,3.5864,0.2274,0,0,0,
31.909,21.800,now,block2_A_now,1,1.2935,1.7534,0.8020,0.1480,0.1300,0.1074,0.0000,0,0.8354,0.0585,0.8354,0.0585,0.0000,0.0,31,0.8354,0.0585,0.2200,0.8374,0.8374,3.5864,0.2147,0,0,0,
32.009,21.900,now,block2_A_now,1,1.2998,1.7600,0.8020,0.1100,-0.3150,0.1011,0.0000,0,0.8354,0.0585,0.8354,0.0585,0.0000,0.0,31,0.8354,0.0585,0.2200,0.8374,0.8374,3.5864,0.2021,0,0,0,
32.111,22.002,now,block2_A_now,1,1.3067,1.7671,0.8068,0.0410,0.0180,0.0947,0.0128,0,0.8354,0.0585,0.8354,0.0585,0.0000,0.0,31,0.8354,0.0585,0.2200,0.8374,0.8374,3.5864,0.1895,0,0,0,
32.209,22.100,now,block2_A_now,1,1.3147,1.7754,0.7979,0.0980,0.2040,0.1200,0.0128,0,0.8354,0.0585,0.8354,0.0585,0.0000,0.0,31,0.8354,0.0585,0.2200,0.8374,0.8374,3.5864,0.2400,0,0,0,
32.309,22.200,now,block2_A_now,1,1.3226,1.7834,0.7924,0.1580,-0.0740,0.1200,0.0128,0,0.8354,0.0585,0.8354,0.0585,0.0000,0.0,31,0.8354,0.0585,0.2200,0.8374,0.8374,3.5864,0.2400,0,0,0,
32.409,22.300,now,block2_A_now,1,1.3294,1.7903,0.7946,0.0660,0.2410,0.1137,0.0000,0,0.8354,0.0585,0.8354,0.0585,0.0000,0.0,31,0.8354,0.0585,0.2200,0.8374,0.8374,3.5864,0.2274,0,0,0,
32.509,22.400,now,block2_A_now,1,1.3367,1.7978,0.7957,0.1170,-0.0550,0.1137,0.0000,0,0.8354,0.0585,0.8354,0.0585,0.0000,0.0,31,0.8354,0.0585,0.2200,0.8374,0.8374,3.5864,0.2400,0,0,0,
32.609,22.500,now,block2_A_now,1,1.3440,1.8052,0.7976,0.1450,-0.1110,0.1074,0.0000,0,0.8354,0.0585,0.8354,0.0585,0.0000,0.0,31,0.8354,0.0585,0.2200,0.8374,0.8374,3.5864,0.2274,0,0,0,
32.709,22.600,now,block2_A_now,1,1.3510,1.8123,0.7905,0.0720,0.0920,0.1200,0.0641,0,0.8354,0.0585,0.8354,0.0585,0.0000,0.0,31,0.8354,0.0585,0.2200,0.8374,0.8374,3.4698,0.1263,0,0,0,
32.810,22.701,now,block2_A_now,1,1.3595,1.8209,0.7809,0.1040,-0.3530,0.0632,0.0000,0,0.8354,0.0585,0.8354,0.0585,0.0000,0.0,31,0.8354,0.0585,0.2200,0.8374,0.8374,3.4698,0.1895,0,0,0,
32.909,22.801,now,block2_A_now,1,1.3676,1.8290,0.7797,0.1170,-0.2410,0.0568,0.0000,0,0.8354,0.0585,0.8354,0.0585,0.0000,0.0,31,0.8354,0.0585,0.2200,0.8374,0.8374,3.4698,0.1768,0,0,0,
33.009,22.900,now,block2_A_now,1,1.3751,1.8363,0.7732,0.1170,0.3150,0.0505,0.0000,0,0.8354,0.0585,0.8354,0.0585,0.0000,0.0,31,0.8354,0.0585,0.2200,0.8374,0.8374,3.4698,0.1011,0,0,0,
33.109,23.000,now,block2_A_now,1,1.3801,1.8412,0.7790,0.0280,0.0920,0.0442,0.0385,0,0.8354,0.0585,0.8354,0.0585,0.0000,0.0,31,0.8354,0.0585,0.2200,0.8374,0.8374,3.4698,0.0884,0,0,0,
33.209,23.100,now,block2_A_now,1,1.3860,1.8471,0.7805,0.1360,-0.1300,0.1074,0.0641,0,0.8354,0.0585,0.8354,0.0585,0.0000,0.0,31,0.8354,0.0585,0.2200,0.8374,0.8374,3.4698,0.0758,0,0,0,
33.309,23.200,now,block2_A_now,1,1.3888,1.8498,0.7868,0.0120,-0.0740,0.0379,0.0000,0,0.8354,0.0585,0.8354,0.0585,0.0000,0.0,31,0.8354,0.0585,0.2200,0.8374,0.8374,3.4698,0.0758,0,0,0,
33.409,23.300,now,block2_A_now,1,1.3927,1.8537,0.7894,0.0000,0.0000,0.1011,0.0641,0,0.8354,0.0585,0.8354,0.0585,0.0000,0.0,31,0.8354,0.0585,0.2200,0.8374,0.8374,3.4698,0.2147,0,0,0,
33.509,23.400,now,block2_A_now,1,1.3965,1.8576,0.7946,0.0410,-0.1300,0.1074,0.0128,0,0.8354,0.0585,0.8354,0.0585,0.0000,0.0,31,0.8354,0.0585,0.2200,0.8374,0.8374,3.4698,0.0632,0,0,0,
33.609,23.500,now,block2_A_now,1,1.3967,1.8578,0.7942,0.0000,0.0000,0.0316,-0.0128,0,0.8354,0.0585,0.8354,0.0585,0.0000,0.0,31,0.8354,0.0585,0.2200,0.8374,0.8374,3.4698,0.0632,0,0,0,
33.709,23.600,now,block2_A_now,1,1.3997,1.8609,0.8009,0.1670,0.0180,0.0316,-0.0128,0,0.8354,0.0585,0.8354,0.0585,0.0000,0.0,31,0.8354,0.0585,0.2200,0.8374,0.8374,3.3843,0.0632,0,0,0,
33.809,23.700,now,block2_A_now,1,1.4025,1.8637,0.8009,0.0600,0.3530,0.0632,0.0000,0,0.8354,0.0585,0.8354,0.0585,0.0000,0.0,31,0.8354,0.0585,0.2200,0.8374,0.8374,3.3843,0.1263,0,0,0,
33.909,23.800,now,block2_A_now,1,1.4055,1.8669,0.7972,0.0120,-0.0740,0.0695,0.0128,0,0.8354,0.0585,0.8354,0.0585,0.0000,0.0,31,0.8354,0.0585,0.2200,0.8374,0.8374,3.3843,0.1263,0,0,0,
34.009,23.900,now,block2_A_now,1,1.4086,1.8701,0.7986,0.0280,-0.1670,0.0568,-0.1154,0,0.8354,0.0585,0.8354,0.0585,0.0000,0.0,31,0.8354,0.0585,0.2200,0.8374,0.8374,3.3843,0.1137,0,0,0,
34.109,24.000,now,block2_A_now,1,1.4119,1.8735,0.8046,0.0850,-0.4640,0.0568,0.0000,0,0.8354,0.0585,0.8354,0.0585,0.0000,0.0,31,0.8354,0.0585,0.2200,0.8374,0.8374,3.3843,0.1137,0,0,0,
34.209,24.100,now,block2_A_now,1,1.4145,1.8763,0.8164,0.0120,0.0740,0.0632,0.0385,0,0.8354,0.0585,0.8354,0.0585,0.0000,0.0,31,0.8354,0.0585,0.2200,0.8374,0.8374,3.3843,0.1137,0,0,0,
34.309,24.200,now,block2_A_now,1,1.4185,1.8805,0.8171,0.0000,0.0000,0.0505,0.0000,0,0.8354,0.0585,0.8354,0.0585,0.0000,0.0,31,0.8354,0.0585,0.2200,0.8374,0.8374,3.3843,0.1011,0,0,0,
34.409,24.300,now,block2_A_now,1,1.4224,1.8846,0.8211,0.0150,0.0920,0.0505,0.0000,0,0.8354,0.0585,0.8354,0.0585,0.0000,0.0,31,0.8354,0.0585,0.2200,0.8374,0.8374,3.3843,0.1137,0,0,0,
34.509,24.400,now,block2_A_now,1,1.4262,1.8886,0.8241,0.0410,0.0920,0.0505,0.0128,0,0.8354,0.0585,0.8354,0.0585,0.0000,0.0,31,0.8354,0.0585,0.2200,0.8374,0.8374,3.3843,0.0884,0,0,0,
34.609,24.500,now,block2_A_now,1,1.4295,1.8922,0.8248,0.0950,-0.1110,0.0442,-0.0385,0,0.8354,0.0585,0.8354,0.0585,0.0000,0.0,31,0.8354,0.0585,0.2200,0.8374,0.8374,3.3843,0.0884,0,0,0,
34.709,24.600,now,block2_A_now,1,1.4300,1.8928,0.8248,0.0000,0.0000,0.0505,0.0128,0,0.8354,0.0585,0.8354,0.0585,0.0000,0.0,31,0.8354,0.0585,0.2200,0.8374,0.8374,3.3664,0.1011,0,0,0,
34.809,24.700,now,block2_A_now,1,1.4345,1.8976,0.8282,0.0000,0.0000,0.0063,-0.0128,0,0.8354,0.0585,0.8354,0.0585,0.0000,0.0,31,0.8354,0.0585,0.2200,0.8374,0.8374,3.3664,0.0758,0,0,0,
34.909,24.800,now,block2_A_now,1,1.4375,1.9009,0.8345,0.1290,-0.2410,0.0379,-0.0385,0,0.8354,0.0585,0.8354,0.0585,0.0000,0.0,31,0.8354,0.0585,0.2200,0.8374,0.8374,3.3664,0.0758,0,0,0,
35.009,24.900,now,block2_A_now,1,1.4386,1.9022,0.8307,0.0150,0.0920,0.0000,-0.0385,0,0.8354,0.0585,0.8354,0.0585,0.0000,0.0,31,0.8354,0.0585,0.2200,0.8374,0.8374,3.3664,0.0000,0,0,0,
35.109,25.000,now,block2_A_now,1,1.4414,1.9053,0.8308,0.0250,-0.1480,0.0000,-0.0897,0,0.8354,0.0585,0.8354,0.0585,0.0000,0.0,31,0.8354,0.0585,0.2200,0.8374,0.8374,3.3664,0.0000,0,0,0,
35.209,25.100,now,block2_A_now,1,1.4416,1.9055,0.8293,0.0000,0.0000,0.0316,-0.0385,0,0.8354,0.0585,0.8354,0.0585,0.0000,0.0,31,0.8354,0.0585,0.2200,0.8374,0.8374,3.3664,0.0632,0,0,0,
35.309,25.200,now,block2_A_now,1,1.4433,1.9074,0.8445,0.0470,0.2780,0.0316,-0.0385,0,0.8354,0.0585,0.8354,0.0585,0.0000,0.0,31,0.8354,0.0585,0.2200,0.8374,0.8374,3.3664,0.0632,0,0,0,
35.410,25.301,now,block2_A_now,1,1.4434,1.9075,0.8456,0.0000,0.0000,0.0442,0.0641,0,0.8354,0.0585,0.8354,0.0585,0.0000,0.0,31,0.8354,0.0585,0.2200,0.8374,0.8374,3.3664,0.0884,0,0,0,
35.509,25.400,now,block2_A_now,1,1.4434,1.9075,0.8456,0.0000,0.0000,0.0442,0.0641,0,0.8354,0.0585,0.8354,0.0585,0.0000,0.0,31,0.8354,0.0585,0.2200,0.8374,0.8374,3.3664,0.0884,0,0,0,
35.609,25.501,now,block2_A_now,1,1.4454,1.9097,0.8282,0.0000,0.0000,0.0126,0.0641,0,0.8354,0.0585,0.8354,0.0585,0.0000,0.0,31,0.8354,0.0585,0.2200,0.8374,0.8374,3.3664,0.0253,0,0,0,
35.709,25.600,now,block2_A_now,1,1.4454,1.9097,0.8282,0.0000,0.0000,0.0253,0.1154,0,0.8354,0.0585,0.8354,0.0585,0.0000,0.0,31,0.8354,0.0585,0.2200,0.8374,0.8374,3.3664,0.0505,0,0,0,
35.809,25.700,now,block2_A_now,1,1.4454,1.9097,0.8282,0.0000,0.0000,0.0442,0.0897,0,0.8354,0.0585,0.8354,0.0585,0.0000,0.0,31,0.8354,0.0585,0.2200,0.8374,0.8374,3.3086,0.0884,0,0,0,
35.909,25.800,now,block2_A_now,1,1.4472,1.9116,0.8434,0.0500,0.2970,0.0442,0.0897,0,0.8354,0.0585,0.8354,0.0585,0.0000,0.0,31,0.8354,0.0585,0.2200,0.8374,0.8374,3.3086,0.0884,0,0,0,
36.009,25.900,now,block2_A_now,1,1.4502,1.9150,0.8364,0.0760,0.4080,0.0568,0.0897,0,0.8354,0.0585,0.8354,0.0585,0.0000,0.0,31,0.8354,0.0585,0.2200,0.8374,0.8374,3.3086,0.1137,0,0,0,
36.109,26.000,now,block2_A_now,1,1.4533,1.9185,0.8280,0.0790,-0.4640,0.0568,0.0897,0,0.8354,0.0585,0.8354,0.0585,0.0000,0.0,31,0.8354,0.0585,0.2200,0.8374,0.8374,3.3086,0.0884,0,0,0,
36.209,26.100,now,block2_A_now,1,1.4566,1.9221,0.8325,0.0760,-0.4450,0.0379,0.0897,0,0.8354,0.0585,0.8354,0.0585,0.0000,0.0,31,0.8354,0.0585,0.2200,0.8374,0.8374,3.3086,0.1011,0,0,0,
36.309,26.200,now,block2_A_now,1,1.4598,1.9256,0.8362,0.0060,0.0370,0.0379,0.1667,0,0.8354,0.0585,0.8354,0.0585,0.0000,0.0,31,0.8354,0.0585,0.2200,0.8374,0.8374,3.3086,0.0758,0,0,0,
36.409,26.300,now,block2_A_now,1,1.4642,1.9305,0.8321,0.0060,0.0370,0.0316,0.0641,0,0.8354,0.0585,0.8354,0.0585,0.0000,0.0,31,0.8354,0.0585,0.2200,0.8374,0.8374,3.3086,0.0884,0,0,0,
36.509,26.400,now,block2_A_now,1,1.4690,1.9357,0.8361,0.0820,0.4830,0.0442,0.0641,0,0.8354,0.0585,0.8354,0.0585,0.0000,0.0,31,0.8354,0.0585,0.2200,0.8374,0.8374,3.3086,0.0884,0,0,0,
36.609,26.500,now,block2_A_now,1,1.4731,1.9403,0.8410,0.0850,0.4270,0.0253,0.0641,0,0.8354,0.0585,0.8354,0.0585,0.0000,0.0,31,0.8354,0.0585,0.2200,0.8374,0.8374,3.3086,0.0505,0,0,0,
36.709,26.600,now,block2_A_now,1,1.4747,1.9420,0.8361,0.0790,-0.4640,0.0379,0.0897,0,0.8354,0.0585,0.8354,0.0585,0.0000,0.0,31,0.8354,0.0585,0.2200,0.8374,0.8374,3.3086,0.0758,0,0,0,
36.809,26.700,now,block2_A_now,1,1.4774,1.9451,0.8454,0.0000,0.0000,0.0253,0.0641,0,0.8354,0.0585,0.8354,0.0585,0.0000,0.0,31,0.8354,0.0585,0.2200,0.8374,0.8374,3.3043,0.0126,0,0,0,
36.909,26.800,now,block2_A_now,1,1.4785,1.9464,0.8554,0.0850,0.5010,0.0063,-0.0641,0,0.8354,0.0585,0.8354,0.0585,0.0000,0.0,31,0.8354,0.0585,0.2200,0.8374,0.8374,3.3043,0.0126,0,0,0,
37.009,26.900,now,block2_A_now,1,1.4809,1.9491,0.8480,0.0150,-0.0920,0.0063,-0.0641,0,0.8354,0.0585,0.8354,0.0585,0.0000,0.0,31,0.8354,0.0585,0.2200,0.8374,0.8374,3.3043,0.0126,0,0,0,
37.109,27.000,now,block2_A_now,1,1.4810,1.9492,0.8472,0.0000,0.0000,0.0063,-0.0385,0,0.8354,0.0585,0.8354,0.0585,0.0000,0.0,31,0.8354,0.0585,0.2200,0.8374,0.8374,3.3043,0.0126,0,0,0,
37.209,27.100,now,block2_A_now,1,1.4828,1.9513,0.8639,0.0030,0.0180,0.0063,-0.0385,0,0.8354,0.0585,0.8354,0.0585,0.0000,0.0,31,0.8354,0.0585,0.2200,0.8374,0.8374,3.3043,0.0632,0,0,0,
37.309,27.200,now,block2_A_now,1,1.4813,1.9495,0.8498,-0.0190,-0.1110,0.0316,0.0897,0,0.8354,0.0585,0.8354,0.0585,0.0000,0.0,31,0.8354,0.0585,0.2200,0.8374,0.8374,3.3043,0.0632,0,0,0,
37.409,27.300,now,block2_A_now,1,1.4821,1.9505,0.8572,0.0690,0.4080,0.0063,0.0000,0,0.8354,0.0585,0.8354,0.0585,0.0000,0.0,31,0.8354,0.0585,0.2200,0.8374,0.8374,3.3043,0.0126,0,0,0,
37.509,27.400,now,block2_A_now,1,1.4832,1.9517,0.8672,0.0000,0.0000,0.0316,0.0897,0,0.8354,0.0585,0.8354,0.0585,0.0000,0.0,31,0.8354,0.0585,0.2200,0.8374,0.8374,3.3043,0.0632,0,0,0,
37.609,27.500,now,block2_A_now,1,1.4832,1.9517,0.8672,0.0000,0.0000,0.0000,0.0385,0,0.8354,0.0585,0.8354,0.0585,0.0000,0.0,31,0.8354,0.0585,0.2200,0.8374,0.8374,3.3043,0.0000,0,0,0,
37.709,27.600,now,block2_A_now,1,1.4823,1.9507,0.8702,0.0000,0.0000,0.0000,0.0385,0,0.8354,0.0585,0.8354,0.0585,0.0000,0.0,31,0.8354,0.0585,0.2200,0.8374,0.8374,3.3043,0.0000,0,0,0,
37.826,27.717,now,block2_A_now,1,1.4823,1.9507,0.8702,0.0000,0.0000,0.0884,0.1985,0,0.8354,0.0585,0.8354,0.0585,0.0000,0.0,31,0.8354,0.0585,0.2200,0.8374,0.8374,3.2923,0.1696,0,0,0,
37.909,27.800,now,block2_A_now,1,1.4823,1.9507,0.8702,0.0000,0.0000,0.0884,0.3974,0,0.8354,0.0585,0.8354,0.0585,0.0000,0.0,31,0.8354,0.0585,0.2200,0.8374,0.8374,3.2923,0.1696,0,0,0,
38.009,27.900,now,block2_A_now,1,1.4823,1.9507,0.8702,0.0000,0.0000,0.0884,0.3974,0,0.8354,0.0585,0.8354,0.0585,0.0000,0.0,31,0.8354,0.0585,0.2200,0.8374,0.8374,3.2923,0.1696,0,0,0,
38.109,28.000,now,block2_A_now,1,1.4823,1.9507,0.8702,0.0000,0.0000,0.0884,0.3974,0,0.8354,0.0585,0.8354,0.0585,0.0000,0.0,31,0.8354,0.0585,0.2200,0.8374,0.8374,3.2923,0.1696,0,0,0,
38.209,28.100,now,block2_A_now,1,1.4841,1.9528,0.8865,0.0000,0.0000,0.1074,0.3974,0,0.8354,0.0585,0.8354,0.0585,0.0000,0.0,31,0.8354,0.0585,0.2200,0.8374,0.8374,3.2923,0.2180,0,0,0,
38.309,28.200,now,block2_A_now,1,1.4874,1.9569,0.8857,0.1070,-0.3710,0.1200,0.5000,0,0.8354,0.0585,0.8354,0.0585,0.0000,0.0,31,0.8354,0.0585,0.2200,0.8374,0.8374,3.2923,0.2144,0,0,0,
38.409,28.300,now,block2_A_now,1,1.4934,1.9645,0.9288,0.0880,0.2970,0.1074,0.4231,0,0.8354,0.0585,0.8354,0.0585,0.0000,0.0,31,0.8354,0.0585,0.2200,0.8374,0.8374,3.2923,0.2021,0,0,0,
38.509,28.400,now,block2_A_now,1,1.5018,1.9761,0.9786,0.1330,0.7060,0.1011,0.4231,0,0.8354,0.0585,0.8354,0.0585,0.0000,0.0,31,0.8354,0.0585,0.2200,0.8374,0.8374,3.2923,0.2021,0,0,0,
38.609,28.500,now,block2_A_now,1,1.5109,1.9900,1.0258,0.2020,0.2970,0.0884,0.3718,0,0.8354,0.0585,0.8354,0.0585,0.0000,0.0,31,0.8354,0.0585,0.2200,0.8374,0.8374,3.2923,0.2400,0,0,0,
38.711,28.602,now,block2_A_now,1,1.5175,2.0015,1.0710,0.1640,0.0000,0.0884,0.3462,0,0.8354,0.0585,0.8354,0.0585,0.0000,0.0,31,0.8354,0.0585,0.2200,0.8374,0.8374,3.2923,0.2147,0,0,0,
38.809,28.701,now,block2_A_now,1,1.5229,2.0119,1.1244,0.0790,0.4640,0.0758,0.3205,0,0.8354,0.0585,0.8354,0.0585,0.0000,0.0,31,0.8354,0.0585,0.2200,0.8374,0.8374,3.2923,0.2021,0,0,0,
38.909,28.800,now,block2_A_now,1,1.5278,2.0224,1.1519,0.0660,0.3150,0.1011,0.3205,0,0.8354,0.0585,0.8354,0.0585,0.0000,0.0,31,0.8354,0.0585,0.2200,0.8374,0.8374,3.2393,0.2400,0,0,0,
39.009,28.900,now,block2_A_now,1,1.5311,2.0302,1.2013,0.0790,0.4640,0.1200,0.2949,0,0.8354,0.0585,0.8354,0.0585,0.0000,0.0,31,0.8354,0.0585,0.2200,0.8374,0.8374,3.2393,0.2400,0,0,0,
39.109,29.000,now,block2_A_now,1,1.5334,2.0363,1.2347,0.0980,0.3150,0.1137,0.2436,0,0.8354,0.0585,0.8354,0.0585,0.0000,0.0,31,0.8354,0.0585,0.2200,0.8374,0.8374,3.2393,0.2244,0,0,0,
39.209,29.100,now,block2_A_now,1,1.5362,2.0446,1.2620,0.0880,0.5200,0.1137,0.2692,0,0.8354,0.0585,0.8354,0.0585,0.0000,0.0,31,0.8354,0.0585,0.2200,0.8374,0.8374,3.2393,0.2130,0,0,0,
39.309,29.200,now,block2_A_now,1,1.5380,2.0506,1.2991,0.0910,0.5380,0.1074,0.2179,0,0.8354,0.0585,0.8354,0.0585,0.0000,0.0,31,0.8354,0.0585,0.2200,0.8374,0.8374,3.2393,0.2147,0,0,0,
39.409,29.301,now,block2_A_now,1,1.5392,2.0552,1.3272,0.0220,0.1300,0.1074,0.2179,0,0.8354,0.0585,0.8354,0.0585,0.0000,0.0,31,0.8354,0.0585,0.2200,0.8374,0.8374,3.2393,0.2021,0,0,0,
39.509,29.400,now,block2_A_now,1,1.5412,2.0635,1.3486,0.0820,0.0370,0.1011,0.1410,0,0.8354,0.0585,0.8354,0.0585,0.0000,0.0,31,0.8354,0.0585,0.2200,0.8374,0.8374,3.2393,0.2021,0,0,0,
39.609,29.500,now,block2_A_now,1,1.5429,2.0715,1.3917,0.0910,0.5380,0.1200,0.1923,0,0.8354,0.0585,0.8354,0.0585,0.0000,0.0,31,0.8354,0.0585,0.2200,0.8374,0.8374,3.2393,0.2400,0,0,0,
39.709,29.600,now,block2_A_now,1,1.5440,2.0785,1.4274,0.1230,0.4270,0.1200,0.1667,0,0.8354,0.0585,0.8354,0.0585,0.0000,0.0,31,0.8354,0.0585,0.2200,0.8374,0.8374,3.2393,0.2274,0,0,0,
39.809,29.700,now,block2_A_now,1,1.5454,2.0881,1.4530,0.0630,0.3710,0.1137,0.1667,0,0.8354,0.0585,0.8354,0.0585,0.0000,0.0,31,0.8354,0.0585,0.2200,0.8374,0.8374,3.2393,0.2274,0,0,0,
39.909,29.800,now,block2_A_now,1,1.5467,2.0999,1.4758,0.1170,0.3900,0.1074,0.1154,0,0.8354,0.0585,0.8354,0.0585,0.0000,0.0,31,0.8354,0.0585,0.2200,0.8374,0.8374,3.1230,0.2147,0,0,0,
40.009,29.900,now,block2_A_now,1,1.5478,2.1130,1.5028,0.1480,0.1300,0.1011,0.0897,0,0.8354,0.0585,0.8354,0.0585,0.0000,0.0,31,0.8354,0.0585,0.2200,0.8374,0.8374,3.1230,0.2021,0,0,0,
40.109,30.000,now,block2_A_now,1,1.5486,2.1257,1.5251,0.1140,0.2600,0.1200,0.0897,0,0.8354,0.0585,0.8354,0.0585,0.0000,0.0,31,0.8354,0.0585,0.2200,0.8374,0.8374,3.1230,0.2400,0,0,0,
40.209,30.100,now,block2_A_now,1,1.5491,2.1392,1.5432,0.1230,0.0920,0.1137,0.0641,0,0.8354,0.0585,0.8354,0.0585,0.0000,0.0,31,0.8354,0.0585,0.2200,0.8374,0.8374,3.1230,0.2274,0,0,0,
40.309,30.200,now,block2_A_now,1,1.5493,2.1534,1.5629,0.1740,0.2040,0.1074,0.0385,0,0.8354,0.0585,0.8354,0.0585,0.0000,0.0,31,0.8354,0.0585,0.2200,0.8374,0.8374,3.1230,0.2147,0,0,0,
40.409,30.300,now,block2_A_now,1,1.5493,2.1664,1.5744,0.1480,-0.1300,0.1011,0.0128,0,0.8354,0.0585,0.8354,0.0585,0.0000,0.0,31,0.8354,0.0585,0.2200,0.8374,0.8374,3.1230,0.2400,0,0,0,
40.513,30.404,now,block2_A_now,1,1.5493,2.1771,1.5844,0.0630,0.1110,0.1200,-0.1154,0,0.8354,0.0585,0.8354,0.0585,0.0000,0.0,31,0.8354,0.0585,0.2200,0.8374,0.8374,3.1230,0.2274,0,0,0,
40.609,30.500,now,block2_A_now,1,1.5491,2.1891,1.5818,0.0530,-0.0920,0.1137,-0.1154,0,0.8354,0.0585,0.8354,0.0585,0.0000,0.0,31,0.8354,0.0585,0.2200,0.8374,0.8374,3.1230,0.2274,0,0,0,
40.709,30.600,now,block2_A_now,1,1.5490,2.2002,1.5784,0.1520,-0.1110,0.1074,-0.0128,0,0.8354,0.0585,0.8354,0.0585,0.0000,0.0,31,0.8354,0.0585,0.2200,0.8374,0.8374,3.1230,0.2147,0,0,0,
40.809,30.700,now,block2_A_now,1,1.5489,2.2100,1.5591,0.0910,-0.5010,0.1011,-0.0897,0,0.8354,0.0585,0.8354,0.0585,0.0000,0.0,31,0.8354,0.0585,0.2200,0.8374,0.8374,3.1230,0.2021,0,0,0,
40.909,30.800,now,block2_A_now,1,1.5491,2.2213,1.5515,0.1520,-0.1850,0.1200,0.0128,0,0.8354,0.0585,0.8354,0.0585,0.0000,0.0,31,0.8354,0.0585,0.2200,0.8374,0.8374,3.0036,0.2400,0,0,0,
41.009,30.900,now,block2_A_now,1,1.5493,2.2297,1.5442,0.0570,-0.2600,0.1200,0.1410,0,0.8354,0.0585,0.8354,0.0585,0.0000,0.0,31,0.8354,0.0585,0.2200,0.8374,0.8374,3.0036,0.2400,0,0,0,
41.109,31.000,now,block2_A_now,1,1.5496,2.2397,1.5186,0.0910,-0.5010,0.1200,0.3010,0,0.8354,0.0585,0.8354,0.0585,0.0000,0.0,31,0.8354,0.0585,0.2200,0.8374,0.8374,3.0036,0.2274,0,0,0,
41.209,31.100,now,block2_A_now,1,1.5502,2.2502,1.5145,0.0950,0.2600,0.1074,0.1410,0,0.8354,0.0585,0.8354,0.0585,0.0000,0.0,31,0.8354,0.0585,0.2200,0.8374,0.8374,3.0036,0.2147,0,0,0,
41.311,31.202,now,block2_A_now,1,1.5508,2.2592,1.5027,0.0980,0.0550,0.1074,0.2179,0,0.8354,0.0585,0.8354,0.0585,0.0000,0.0,31,0.8354,0.0585,0.2200,0.8374,0.8374,3.0036,0.2111,0,0,0,
41.409,31.300,now,block2_A_now,1,1.5513,2.2673,1.4938,0.1040,-0.3530,0.1011,0.1667,0,0.8354,0.0585,0.8354,0.0585,0.0000,0.0,31,0.8354,0.0585,0.2200,0.8374,0.8374,3.0036,0.2400,0,0,0,
41.509,31.400,now,block2_A_now,1,1.5519,2.2747,1.4854,0.0120,-0.0740,0.1200,0.2179,0,0.8354,0.0585,0.8354,0.0585,0.0000,0.0,31,0.8354,0.0585,0.2200,0.8374,0.8374,3.0036,0.2400,0,0,0,
41.610,31.501,now,block2_A_now,1,1.5530,2.2868,1.4822,0.1230,0.1670,0.1200,0.1923,0,0.8354,0.0585,0.8354,0.0585,0.0000,0.0,31,0.8354,0.0585,0.2200,0.8374,0.8374,3.0036,0.2360,0,0,0,
41.709,31.600,now,block2_A_now,1,1.5539,2.2968,1.4873,0.1330,0.1850,0.1200,0.2949,0,0.8354,0.0585,0.8354,0.0585,0.0000,0.0,31,0.8354,0.0585,0.2200,0.8374,0.8374,3.0036,0.2400,0,0,0,
41.809,31.700,now,block2_A_now,1,1.5549,2.3091,1.4981,0.0820,0.1480,0.1200,0.3462,0,0.8354,0.0585,0.8354,0.0585,0.0000,0.0,31,0.8354,0.0585,0.2200,0.8374,0.8374,3.0036,0.2400,0,0,0,
41.910,31.801,now,block2_A_now,1,1.5559,2.3244,1.5213,0.1520,0.2600,0.1200,0.2118,0,0.8354,0.0585,0.8354,0.0585,0.0000,0.0,31,0.8354,0.0585,0.2200,0.8374,0.8374,2.8857,0.2400,0,0,0,
42.009,31.900,now,block2_A_now,1,1.5564,2.3393,1.5477,0.1480,-0.0920,0.1137,0.1154,0,0.8354,0.0585,0.8354,0.0585,0.0000,0.0,31,0.8354,0.0585,0.2200,0.8374,0.8374,2.8857,0.2274,0,0,0,
42.110,32.001,now,block2_A_now,1,1.5566,2.3527,1.5762,0.1070,0.1480,0.1137,0.1410,0,0.8354,0.0585,0.8354,0.0585,0.0000,0.0,31,0.8354,0.0585,0.2200,0.8374,0.8374,2.8857,0.2147,0,0,0,
42.209,32.100,now,block2_A_now,1,1.5564,2.3650,1.6107,0.0820,0.4830,0.1011,0.0641,0,0.8354,0.0585,0.8354,0.0585,0.0000,0.0,31,0.8354,0.0585,0.2200,0.8374,0.8374,2.8857,0.2400,0,0,0,
42.309,32.200,now,block2_A_now,1,1.5559,2.3759,1.6418,0.0980,0.5750,0.1200,0.0897,0,0.8354,0.0585,0.8354,0.0585,0.0000,0.0,31,0.8354,0.0585,0.2200,0.8374,0.8374,2.8857,0.2400,0,0,0,
42.409,32.300,now,block2_A_now,1,1.5552,2.3853,1.6615,0.0820,0.4830,0.1137,0.0641,0,0.8354,0.0585,0.8354,0.0585,0.0000,0.0,31,0.8354,0.0585,0.2200,0.8374,0.8374,2.8857,0.2274,0,0,0,
42.509,32.400,now,block2_A_now,1,1.5543,2.3945,1.6811,0.0850,0.5010,0.1137,0.0641,0,0.8354,0.0585,0.8354,0.0585,0.0000,0.0,31,0.8354,0.0585,0.2200,0.8374,0.8374,2.8857,0.2147,0,0,0,
42.609,32.500,now,block2_A_now,1,1.5532,2.4036,1.7027,0.0980,0.5010,0.1074,0.0385,0,0.8354,0.0585,0.8354,0.0585,0.0000,0.0,31,0.8354,0.0585,0.2200,0.8374,0.8374,2.8857,0.2147,0,0,0,
42.709,32.600,now,block2_A_now,1,1.5522,2.4108,1.7157,0.0850,-0.0180,0.1011,-0.0128,0,0.8354,0.0585,0.8354,0.0585,0.0000,0.0,31,0.8354,0.0585,0.2200,0.8374,0.8374,2.8857,0.2021,0,0,0,
42.809,32.700,now,block2_A_now,1,1.5511,2.4178,1.7369,0.1260,0.0000,0.1200,-0.0897,0,0.8354,0.0585,0.8354,0.0585,0.0000,0.0,31,0.8354,0.0585,0.2200,0.8374,0.8374,2.8857,0.2379,0,0,0,
42.910,32.801,now,block2_A_now,1,1.5501,2.4236,1.7495,0.0150,0.0920,0.1200,-0.1154,0,0.8354,0.0585,0.8354,0.0585,0.0000,0.0,31,0.8354,0.0585,0.2200,0.8374,0.8374,2.8857,0.2397,0,0,0,
43.009,32.900,now,block2_A_now,1,1.5483,2.4337,1.7584,0.1040,-0.1300,0.1137,-0.1410,0,0.8354,0.0585,0.8354,0.0585,0.0000,0.0,31,0.8354,0.0585,0.2200,0.8374,0.8374,2.7875,0.2400,0,0,0,
43.109,33.000,now,block2_A_now,1,1.5461,2.4454,1.7572,0.0720,0.0550,0.1137,0.0385,0,0.8354,0.0585,0.8354,0.0585,0.0000,0.0,31,0.8354,0.0585,0.2200,0.8374,0.8374,2.7875,0.2274,0,0,0,
43.209,33.100,now,block2_A_now,1,1.5434,2.4596,1.7516,0.1390,-0.4080,0.1074,0.0385,0,0.8354,0.0585,0.8354,0.0585,0.0000,0.0,31,0.8354,0.0585,0.2200,0.8374,0.8374,2.7875,0.2147,0,0,0,
43.309,33.200,now,block2_A_now,1,1.5409,2.4734,1.7479,0.1200,-0.0740,0.1200,-0.1215,0,0.8354,0.0585,0.8354,0.0585,0.0000,0.0,31,0.8354,0.0585,0.2200,0.8374,0.8374,2.7875,0.2400,0,0,0,
43.409,33.300,now,block2_A_now,1,1.5383,2.4881,1.7431,0.1830,-0.0370,0.1200,0.0000,0,0.8354,0.0585,0.8354,0.0585,0.0000,0.0,31,0.8354,0.0585,0.2200,0.8374,0.8374,2.7875,0.2274,0,0,0,
43.509,33.400,now,block2_A_now,1,1.5360,2.5012,1.7360,0.1770,0.0000,0.1137,0.0000,0,0.8354,0.0585,0.8354,0.0585,0.0000,0.0,31,0.8354,0.0585,0.2200,0.8374,0.8374,2.7875,0.2147,0,0,0,
43.609,33.500,now,block2_A_now,1,1.5343,2.5116,1.7234,0.0910,-0.3150,0.1074,0.0000,0,0.8354,0.0585,0.8354,0.0585,0.0000,0.0,31,0.8354,0.0585,0.2200,0.8374,0.8374,2.7875,0.2021,0,0,0,
43.709,33.600,now,block2_A_now,1,1.5330,2.5201,1.7267,0.0690,-0.0370,0.1200,-0.0641,0,0.8354,0.0585,0.8354,0.0585,0.0000,0.0,31,0.8354,0.0585,0.2200,0.8374,0.8374,2.7875,0.2400,0,0,0,
43.810,33.701,now,block2_A_now,1,1.5318,2.5274,1.7191,0.0250,-0.0740,0.1200,-0.0128,0,0.8354,0.0585,0.8354,0.0585,0.0000,0.0,31,0.8354,0.0585,0.2200,0.8374,0.8374,2.7875,0.2400,0,0,0,
43.909,33.800,now,block2_A_now,1,1.5308,2.5344,1.7242,0.0820,0.4450,0.1137,-0.1410,0,0.8354,0.0585,0.8354,0.0585,0.0000,0.0,31,0.8354,0.0585,0.2200,0.8374,0.8374,2.7875,0.2274,0,0,0,
44.009,33.900,now,block2_A_now,1,1.5291,2.5452,1.7168,0.0950,-0.2600,0.1137,-0.0128,0,0.8354,0.0585,0.8354,0.0585,0.0000,0.0,31,0.8354,0.0585,0.2200,0.8374,0.8374,2.6897,0.2147,0,0,0,
44.109,34.000,now,block2_A_now,1,1.5281,2.5526,1.7009,0.0660,-0.2780,0.1074,0.0000,0,0.8354,0.0585,0.8354,0.0585,0.0000,0.0,31,0.8354,0.0585,0.2200,0.8374,0.8374,2.6897,0.2147,0,0,0,
44.209,34.100,now,block2_A_now,1,1.5266,2.5643,1.6987,0.0660,0.1670,0.1011,0.0128,0,0.8354,0.0585,0.8354,0.0585,0.0000,0.0,31,0.8354,0.0585,0.2200,0.8374,0.8374,2.6897,0.2021,0,0,0,
44.309,34.200,now,block2_A_now,1,1.5255,2.5735,1.6848,0.0570,-0.1850,0.1200,0.0000,0,0.8354,0.0585,0.8354,0.0585,0.0000,0.0,31,0.8354,0.0585,0.2200,0.8374,0.8374,2.6897,0.2400,0,0,0,
44.409,34.300,now,block2_A_now,1,1.5242,2.5848,1.6877,0.0820,0.1110,0.1137,0.0000,0,0.8354,0.0585,0.8354,0.0585,0.0000,0.0,31,0.8354,0.0585,0.2200,0.8374,0.8374,2.6897,0.2274,0,0,0,
44.510,34.401,now,block2_A_now,1,1.5230,2.5950,1.6870,0.1170,0.0180,0.1137,0.0000,0,0.8354,0.0585,0.8354,0.0585,0.0000,0.0,31,0.8354,0.0585,0.2200,0.8374,0.8374,2.6897,0.2147,0,0,0,
44.609,34.500,now,block2_A_now,1,1.5217,2.6059,1.6917,0.1100,-0.2410,0.1074,-0.1154,0,0.8354,0.0585,0.8354,0.0585,0.0000,0.0,31,0.8354,0.0585,0.2200,0.8374,0.8374,2.6897,0.2021,0,0,0,
44.709,34.600,now,block2_A_now,1,1.5207,2.6141,1.6742,0.0820,-0.3710,0.1011,0.0000,0,0.8354,0.0585,0.8354,0.0585,0.0000,0.0,31,0.8354,0.0585,0.2200,0.8374,0.8374,2.6897,0.2400,0,0,0,
44.809,34.700,now,block2_A_now,1,1.5197,2.6240,1.6768,0.0630,0.0740,0.1200,-0.0128,0,0.8354,0.0585,0.8354,0.0585,0.0000,0.0,31,0.8354,0.0585,0.2200,0.8374,0.8374,2.6897,0.2400,0,0,0,
44.910,34.801,now,block2_A_now,1,1.5189,2.6325,1.6657,0.0470,-0.1300,0.1137,0.0385,0,0.8354,0.0585,0.8354,0.0585,0.0000,0.0,31,0.8354,0.0585,0.2200,0.8374,0.8374,2.6897,0.2274,0,0,0,
45.009,34.900,now,block2_A_now,1,1.5178,2.6430,1.6691,0.1360,-0.2040,0.1137,-0.0897,0,0.8354,0.0585,0.8354,0.0585,0.0000,0.0,31,0.8354,0.0585,0.2200,0.8374,0.8374,2.5913,0.2147,0,0,0,
45.109,35.000,now,block2_A_now,1,1.5171,2.6503,1.6692,0.0470,-0.0920,0.1074,-0.0128,0,0.8354,0.0585,0.8354,0.0585,0.0000,0.0,31,0.8354,0.0585,0.2200,0.8374,0.8374,2.5913,0.2147,0,0,0,
45.209,35.100,now,block2_A_now,1,1.5158,2.6628,1.6755,0.1330,0.0740,0.1011,-0.0128,0,0.8354,0.0585,0.8354,0.0585,0.0000,0.0,31,0.8354,0.0585,0.2200,0.8374,0.8374,2.5913,0.2021,0,0,0,
45.309,35.200,now,block2_A_now,1,1.5149,2.6728,1.6610,0.0470,-0.1300,0.1200,0.0128,0,0.8354,0.0585,0.8354,0.0585,0.0000,0.0,31,0.8354,0.0585,0.2200,0.8374,0.8374,2.5913,0.2400,0,0,0,
45.409,35.300,now,block2_A_now,1,1.5137,2.6861,1.6593,0.0910,-0.0550,0.1137,-0.0128,0,0.8354,0.0585,0.8354,0.0585,0.0000,0.0,31,0.8354,0.0585,0.2200,0.8374,0.8374,2.5913,0.2274,0,0,0,
45.509,35.400,now,block2_A_now,1,1.5130,2.6946,1.6433,0.0690,-0.2220,0.1074,-0.0128,0,0.8354,0.0585,0.8354,0.0585,0.0000,0.0,31,0.8354,0.0585,0.2200,0.8374,0.8374,2.5913,0.2147,0,0,0,
45.609,35.501,now,block2_A_now,1,1.5122,2.7047,1.6408,0.1070,-0.4080,0.1074,-0.0128,0,0.8354,0.0585,0.8354,0.0585,0.0000,0.0,31,0.8354,0.0585,0.2200,0.8374,0.8374,2.5913,0.2021,0,0,0,
45.709,35.600,now,block2_A_now,1,1.5115,2.7151,1.6321,0.1640,0.0370,0.1200,-0.1728,0,0.8354,0.0585,0.8354,0.0585,0.0000,0.0,31,0.8354,0.0585,0.2200,0.8374,0.8374,2.5913,0.2397,0,0,0,
45.809,35.700,now,block2_A_now,1,1.5110,2.7244,1.6183,0.1040,-0.4640,0.1200,-0.4928,0,0.8354,0.0585,0.8354,0.0585,0.0000,0.0,31,0.8354,0.0585,0.2200,0.8374,0.8374,2.5913,0.2400,0,0,0,
45.909,35.800,now,block2_A_now,1,1.5105,2.7340,1.6265,0.0820,0.2600,0.1137,-0.1728,0,0.8354,0.0585,0.8354,0.0585,0.0000,0.0,31,0.8354,0.0585,0.2200,0.8374,0.8374,2.5913,0.2274,0,0,0,
46.009,35.900,now,block2_A_now,1,1.5099,2.7450,1.6139,0.1040,-0.2780,0.1200,-0.1728,0,0.8354,0.0585,0.8354,0.0585,0.0000,0.0,31,0.8354,0.0585,0.2200,0.8374,0.8374,2.5913,0.2400,0,0,0,
46.109,36.000,now,block2_A_now,1,1.5095,2.7566,1.5979,0.1100,-0.3900,0.1137,-0.4744,0,0.8354,0.0585,0.8354,0.0585,0.0000,0.0,31,0.8354,0.0585,0.2200,0.8374,0.8374,2.4936,0.2274,0,0,0,
46.209,36.100,now,block2_A_now,1,1.5092,2.7679,1.5947,0.1550,-0.1670,0.1200,-0.4744,0,0.8354,0.0585,0.8354,0.0585,0.0000,0.0,31,0.8354,0.0585,0.2200,0.8374,0.8374,2.4936,0.2400,0,0,0,
46.309,36.200,now,block2_A_now,1,1.5089,2.7814,1.5923,0.1330,0.1850,0.1200,-0.1544,0,0.8354,0.0585,0.8354,0.0585,0.0000,0.0,31,0.8354,0.0585,0.2200,0.8374,0.8374,2.4936,0.2400,0,0,0,
46.409,36.300,now,block2_A_now,1,1.5087,2.7952,1.5773,0.1670,0.0180,0.1137,0.1656,0,0.8354,0.0585,0.8354,0.0585,0.0000,0.0,31,0.8354,0.0585,0.2200,0.8374,0.8374,2.4936,0.2288,0,0,0,
46.509,36.400,now,block2_A_now,1,1.5087,2.8102,1.5511,0.1170,-0.5380,0.1200,-0.1544,0,0.8354,0.0585,0.8354,0.0585,0.0000,0.0,31,0.8354,0.0585,0.2200,0.8374,0.8374,2.4936,0.2416,0,0,0,
46.614,36.505,now,block2_A_now,1,1.5090,2.8246,1.5453,0.1770,-0.0740,0.1200,-0.3205,0,0.8354,0.0585,0.8354,0.0585,0.0000,0.0,31,0.8354,0.0585,0.2200,0.8374,0.8374,2.4936,0.2400,0,0,0,
46.709,36.600,now,block2_A_now,1,1.5094,2.8358,1.5258,0.1010,-0.5200,0.1200,-0.1605,0,0.8354,0.0585,0.8354,0.0585,0.0000,0.0,31,0.8354,0.0585,0.2200,0.8374,0.8374,2.4936,0.2400,0,0,0,
46.809,36.700,now,block2_A_now,1,1.5098,2.8448,1.5076,0.0630,-0.3340,0.1200,-0.1923,0,0.8354,0.0585,0.8354,0.0585,0.0000,0.0,31,0.8354,0.0585,0.2200,0.8374,0.8374,2.4936,0.2274,0,0,0,
46.909,36.800,now,block2_A_now,1,1.5105,2.8557,1.5056,0.1390,0.1480,0.1137,0.1277,0,0.8354,0.0585,0.8354,0.0585,0.0000,0.0,31,0.8354,0.0585,0.2200,0.8374,0.8374,2.4936,0.2365,0,0,0,
47.009,36.900,now,block2_A_now,1,1.5112,2.8653,1.4822,0.1360,0.0920,0.1074,-0.1667,0,0.8354,0.0585,0.8354,0.0585,0.0000,0.0,31,0.8354,0.0585,0.2200,0.8374,0.8374,2.4936,0.2134,0,0,0,
47.109,37.000,now,block2_A_now,1,1.5121,2.8746,1.4678,0.1010,0.0740,0.1200,-0.0067,0,0.8354,0.0585,0.8354,0.0585,0.0000,0.0,31,0.8354,0.0585,0.2200,0.8374,0.8374,2.3361,0.2360,0,0,0,
47.209,37.100,now,block2_A_now,1,1.5131,2.8834,1.4500,0.0530,-0.2410,0.1200,0.2949,0,0.8354,0.0585,0.8354,0.0585,0.0000,0.0,31,0.8354,0.0585,0.2200,0.8374,0.8374,2.3361,0.2400,0,0,0,
47.309,37.200,now,block2_A_now,1,1.5144,2.8931,1.4280,0.0600,-0.2780,0.1137,0.2949,0,0.8354,0.0585,0.8354,0.0585,0.0000,0.0,31,0.8354,0.0585,0.2200,0.8374,0.8374,2.3361,0.2400,0,0,0,
47.409,37.300,now,block2_A_now,1,1.5157,2.9019,1.4132,0.0630,-0.2970,0.1137,0.2949,0,0.8354,0.0585,0.8354,0.0585,0.0000,0.0,31,0.8354,0.0585,0.2200,0.8374,0.8374,2.3361,0.1768,0,0,0,
47.509,37.400,now,block2_A_now,1,1.5171,2.9108,1.4073,0.1640,0.0370,0.0884,0.2436,0,0.8354,0.0585,0.8354,0.0585,0.0000,0.0,31,0.8354,0.0585,0.2200,0.8374,0.8374,2.3361,0.2122,0,0,0,
47.609,37.500,now,block2_A_now,1,1.5187,2.9206,1.4039,0.1170,-0.1670,0.1200,0.1349,0,0.8354,0.0585,0.8354,0.0585,0.0000,0.0,31,0.8354,0.0585,0.2200,0.8374,0.8374,2.3361,0.2400,0,0,0,
47.709,37.600,now,block2_A_now,1,1.5208,2.9328,1.4095,0.1710,0.0370,0.1200,0.1667,0,0.8354,0.0585,0.8354,0.0585,0.0000,0.0,31,0.8354,0.0585,0.2200,0.8374,0.8374,2.3361,0.2274,0,0,0,
47.809,37.700,now,block2_A_now,1,1.5225,2.9436,1.4237,0.0690,0.1480,0.1137,0.1923,0,0.8354,0.0585,0.8354,0.0585,0.0000,0.0,31,0.8354,0.0585,0.2200,0.8374,0.8374,2.3361,0.2147,0,0,0,
47.909,37.800,now,block2_A_now,1,1.5243,2.9566,1.4474,0.1290,0.5010,0.1074,0.1667,0,0.8354,0.0585,0.8354,0.0585,0.0000,0.0,31,0.8354,0.0585,0.2200,0.8374,0.8374,2.3361,0.2147,0,0,0,
48.009,37.900,now,block2_A_now,1,1.5258,2.9686,1.4615,0.1420,-0.0180,0.1011,0.1667,0,0.8354,0.0585,0.8354,0.0585,0.0000,0.0,31,0.8354,0.0585,0.2200,0.8374,0.8374,2.3361,0.2400,0,0,0,
48.109,38.000,now,block2_A_now,1,1.5269,2.9800,1.4875,0.1040,0.3530,0.1200,0.0000,0,0.8354,0.0585,0.8354,0.0585,0.0000,0.0,31,0.8354,0.0585,0.2200,0.8374,0.8374,2.2383,0.2274,0,0,0,
48.209,38.100,now,block2_A_now,1,1.5276,2.9899,1.5116,0.0410,0.2410,0.1137,0.1154,0,0.8354,0.0585,0.8354,0.0585,0.0000,0.0,31,0.8354,0.0585,0.2200,0.8374,0.8374,2.2383,0.2274,0,0,0,
48.309,38.200,now,block2_A_now,1,1.5281,2.9999,1.5385,0.0910,0.5380,0.1137,0.1923,0,0.8354,0.0585,0.8354,0.0585,0.0000,0.0,31,0.8354,0.0585,0.2200,0.8374,0.8374,2.2383,0.2274,0,0,0,
48.409,38.300,now,block2_A_now,1,1.5284,3.0094,1.5600,0.0980,0.5380,0.1074,0.1667,0,0.8354,0.0585,0.8354,0.0585,0.0000,0.0,31,0.8354,0.0585,0.2200,0.8374,0.8374,2.2383,0.2147,0,0,0,
48.509,38.400,now,block2_A_now,1,1.5285,3.0169,1.5629,0.0310,0.1480,0.1200,0.0323,0,0.8354,0.0585,0.8354,0.0585,0.0000,0.0,31,0.8354,0.0585,0.2200,0.8374,0.8374,2.2383,0.2400,0,0,0,
48.609,38.500,now,block2_A_now,1,1.5285,3.0255,1.5722,0.0310,-0.0740,0.1200,0.0385,0,0.8354,0.0585,0.8354,0.0585,0.0000,0.0,31,0.8354,0.0585,0.2200,0.8374,0.8374,2.2383,0.2400,0,0,0,
48.709,38.600,now,block2_A_now,1,1.5283,3.0331,1.5970,0.1260,-0.2220,0.1200,0.1410,0,0.8354,0.0585,0.8354,0.0585,0.0000,0.0,31,0.8354,0.0585,0.2200,0.8374,0.8374,2.2383,0.2368,0,0,0,
48.809,38.700,now,block2_A_now,1,1.5279,3.0431,1.6212,0.1550,-0.0550,0.1137,0.1410,0,0.8354,0.0585,0.8354,0.0585,0.0000,0.0,31,0.8354,0.0585,0.2200,0.8374,0.8374,2.2383,0.2348,0,0,0,
48.909,38.801,now,block2_A_now,1,1.5275,3.0512,1.6416,0.0880,-0.0740,0.1137,0.1410,0,0.8354,0.0585,0.8354,0.0585,0.0000,0.0,31,0.8354,0.0585,0.2200,0.8374,0.8374,2.2383,0.2147,0,0,0,
49.009,38.900,now,block2_A_now,1,1.5267,3.0610,1.6604,0.1390,-0.1480,0.1074,0.1410,0,0.8354,0.0585,0.8354,0.0585,0.0000,0.0,31,0.8354,0.0585,0.2200,0.8374,0.8374,2.2383,0.2147,0,0,0,
49.121,39.012,now,block2_A_now,1,1.5256,3.0723,1.6777,0.1520,0.1480,0.1200,0.0385,0,0.8354,0.0585,0.8354,0.0585,0.0000,0.0,31,0.8354,0.0585,0.2200,0.8374,0.8374,2.1302,0.2400,0,0,0,
49.209,39.100,now,block2_A_now,1,1.5243,3.0827,1.7014,0.0950,0.0740,0.1200,0.0385,0,0.8354,0.0585,0.8354,0.0585,0.0000,0.0,31,0.8354,0.0585,0.2200,0.8374,0.8374,2.1302,0.2274,0,0,0,
49.309,39.200,now,block2_A_now,1,1.5227,3.0940,1.7307,0.0980,0.4640,0.1137,-0.1667,0,0.8354,0.0585,0.8354,0.0585,0.0000,0.0,31,0.8354,0.0585,0.2200,0.8374,0.8374,2.1302,0.2147,0,0,0,
49.409,39.300,now,block2_A_now,1,1.5208,3.1051,1.7452,0.1260,-0.2600,0.1074,-0.0641,0,0.8354,0.0585,0.8354,0.0585,0.0000,0.0,31,0.8354,0.0585,0.2200,0.8374,0.8374,2.1302,0.2021,0,0,0,
49.509,39.400,now,block2_A_now,1,1.5186,3.1173,1.7711,0.1260,0.4830,0.1011,-0.1154,0,0.8354,0.0585,0.8354,0.0585,0.0000,0.0,31,0.8354,0.0585,0.2200,0.8374,0.8374,2.1302,0.2400,0,0,0,
49.609,39.500,now,block2_A_now,1,1.5161,3.1292,1.7819,0.1010,0.2970,0.1200,-0.0897,0,0.8354,0.0585,0.8354,0.0585,0.0000,0.0,31,0.8354,0.0585,0.2200,0.8374,0.8374,2.1302,0.2400,0,0,0,
49.709,39.600,now,block2_A_now,1,1.5134,3.1421,1.7833,0.1260,0.1110,0.1137,-0.1410,0,0.8354,0.0585,0.8354,0.0585,0.0000,0.0,31,0.8354,0.0585,0.2200,0.8374,0.8374,2.1302,0.2147,0,0,0,
49.809,39.700,now,block2_A_now,1,1.5106,3.1548,1.7785,0.1140,-0.3710,0.1074,-0.1410,0,0.8354,0.0585,0.8354,0.0585,0.0000,0.0,31,0.8354,0.0585,0.2200,0.8374,0.8374,2.1302,0.2021,0,0,0,
49.909,39.800,now,block2_A_now,1,1.5081,3.1667,1.7733,0.1170,-0.2040,0.1011,-0.1410,0,0.8354,0.0585,0.8354,0.0585,0.0000,0.0,31,0.8354,0.0585,0.2200,0.8374,0.8374,2.1302,0.2400,0,0,0,
50.009,39.901,now,block2_A_now,1,1.5059,3.1779,1.7584,0.1140,0.0740,0.1200,-0.1154,0,0.8354,0.0585,0.8354,0.0585,0.0000,0.0,31,0.8354,0.0585,0.2200,0.8374,0.8374,2.1302,0.2400,0,0,0,
50.110,40.001,now,block2_A_now,1,1.5041,3.1880,1.7451,0.1290,0.2040,0.1137,-0.1154,0,0.8354,0.0585,0.8354,0.0585,0.0000,0.0,31,0.8354,0.0585,0.2200,0.8374,0.8374,2.1302,0.2274,0,0,0,
50.209,40.100,now,block2_A_now,1,1.5022,3.1993,1.7284,0.1200,0.0740,0.1074,-0.0897,0,0.8354,0.0585,0.8354,0.0585,0.0000,0.0,31,0.8354,0.0585,0.2200,0.8374,0.8374,2.0318,0.2147,0,0,0,
50.309,40.200,now,block2_A_now,1,1.5011,3.2069,1.7083,0.1010,0.2970,0.1011,-0.0897,0,0.8354,0.0585,0.8354,0.0585,0.0000,0.0,31,0.8354,0.0585,0.2200,0.8374,0.8374,2.0318,0.2021,0,0,0,
50.409,40.300,now,block2_A_now,1,1.4999,3.2166,1.6823,0.1710,-0.0740,0.1011,-0.0897,0,0.8354,0.0585,0.8354,0.0585,0.0000,0.0,31,0.8354,0.0585,0.2200,0.8374,0.8374,2.0318,0.2400,0,0,0,
50.509,40.400,now,block2_A_now,1,1.4988,3.2274,1.6694,0.1520,0.0740,0.1200,-0.0641,0,0.8354,0.0585,0.8354,0.0585,0.0000,0.0,31,0.8354,0.0585,0.2200,0.8374,0.8374,2.0318,0.2400,0,0,0,
50.609,40.500,now,block2_A_now,1,1.4981,3.2348,1.6535,0.1040,0.3530,0.1137,-0.0641,0,0.8354,0.0585,0.8354,0.0585,0.0000,0.0,31,0.8354,0.0585,0.2200,0.8374,0.8374,2.0318,0.2274,0,0,0,
50.709,40.600,now,block2_A_now,1,1.4975,3.2431,1.6275,0.0570,0.0740,0.1074,-0.0385,0,0.8354,0.0585,0.8354,0.0585,0.0000,0.0,31,0.8354,0.0585,0.2200,0.8374,0.8374,2.0318,0.2147,0,0,0,
50.809,40.700,now,block2_A_now,1,1.4970,3.2528,1.6119,0.1330,0.1480,0.1074,-0.0385,0,0.8354,0.0585,0.8354,0.0585,0.0000,0.0,31,0.8354,0.0585,0.2200,0.8374,0.8374,2.0318,0.2021,0,0,0,
50.909,40.800,now,block2_A_now,1,1.4967,3.2615,1.5937,0.1170,0.2040,0.1011,-0.0128,0,0.8354,0.0585,0.8354,0.0585,0.0000,0.0,31,0.8354,0.0585,0.2200,0.8374,0.8374,2.0318,0.2021,0,0,0,
51.009,40.900,now,block2_A_now,1,1.4966,3.2692,1.5750,0.0980,-0.1300,0.1200,-0.0128,0,0.8354,0.0585,0.8354,0.0585,0.0000,0.0,31,0.8354,0.0585,0.2200,0.8374,0.8374,2.0318,0.2400,0,0,0,
51.109,41.000,now,block2_A_now,1,1.4966,3.2784,1.5654,0.1610,-0.0920,0.1200,-0.0128,0,0.8354,0.0585,0.8354,0.0585,0.0000,0.0,31,0.8354,0.0585,0.2200,0.8374,0.8374,2.0318,0.2274,0,0,0,
51.209,41.100,now,block2_A_now,1,1.4967,3.2876,1.5435,0.1740,-0.0180,0.1137,0.0000,0,0.8354,0.0585,0.8354,0.0585,0.0000,0.0,31,0.8354,0.0585,0.2200,0.8374,0.8374,1.9341,0.2273,0,0,0,
51.309,41.201,now,block2_A_now,1,1.4971,3.2979,1.5305,0.1670,-0.0180,0.1137,0.1667,0,0.8354,0.0585,0.8354,0.0585,0.0000,0.0,31,0.8354,0.0585,0.2200,0.8374,0.8374,1.9341,0.2271,0,0,0,
51.409,41.300,now,block2_A_now,1,1.4975,3.3066,1.5239,0.0440,-0.1480,0.1074,0.1667,0,0.8354,0.0585,0.8354,0.0585,0.0000,0.0,31,0.8354,0.0585,0.2200,0.8374,0.8374,1.9341,0.2021,0,0,0,
51.509,41.400,now,block2_A_now,1,1.4981,3.3191,1.5120,0.1450,-0.2220,0.1011,0.1923,0,0.8354,0.0585,0.8354,0.0585,0.0000,0.0,31,0.8354,0.0585,0.2200,0.8374,0.8374,1.9341,0.2400,0,0,0,
51.609,41.501,now,block2_A_now,1,1.4989,3.3325,1.5146,0.1420,-0.2410,0.1200,0.1410,0,0.8354,0.0585,0.8354,0.0585,0.0000,0.0,31,0.8354,0.0585,0.2200,0.8374,0.8374,1.9341,0.2400,0,0,0,
51.709,41.600,now,block2_A_now,1,1.4996,3.3462,1.5235,0.1390,-0.0370,0.1137,0.1410,0,0.8354,0.0585,0.8354,0.0585,0.0000,0.0,31,0.8354,0.0585,0.2200,0.8374,0.8374,1.9341,0.2274,0,0,0,
51.809,41.700,now,block2_A_now,1,1.5001,3.3606,1.5401,0.1860,0.0550,0.1074,0.1410,0,0.8354,0.0585,0.8354,0.0585,0.0000,0.0,31,0.8354,0.0585,0.2200,0.8374,0.8374,1.9341,0.2021,0,0,0,
51.909,41.800,now,block2_A_now,1,1.5004,3.3724,1.5624,0.1070,0.3710,0.1200,0.0385,0,0.8354,0.0585,0.8354,0.0585,0.0000,0.0,31,0.8354,0.0585,0.2200,0.8374,0.8374,1.9341,0.2400,0,0,0,
52.009,41.900,now,block2_A_now,1,1.5004,3.3848,1.5791,0.1610,-0.0180,0.1137,0.0128,0,0.8354,0.0585,0.8354,0.0585,0.0000,0.0,31,0.8354,0.0585,0.2200,0.8374,0.8374,1.9341,0.2274,0,0,0,
52.109,42.000,now,block2_A_now,1,1.5002,3.3947,1.6021,0.1450,-0.0740,0.1074,0.0000,0,0.8354,0.0585,0.8354,0.0585,0.0000,0.0,31,0.8354,0.0585,0.2200,0.8374,0.8374,1.9341,0.2147,0,0,0,
52.208,42.100,now,block2_A_now,1,1.4998,3.4044,1.6155,0.1010,-0.1480,0.1074,-0.0897,0,0.8354,0.0585,0.8354,0.0585,0.0000,0.0,31,0.8354,0.0585,0.2200,0.8374,0.8374,1.7772,0.2021,0,0,0,
52.309,42.200,now,block2_A_now,1,1.4994,3.4126,1.6312,0.1010,0.0370,0.1011,-0.0128,0,0.8354,0.0585,0.8354,0.0585,0.0000,0.0,31,0.8354,0.0585,0.2200,0.8374,0.8374,1.7772,0.2021,0,0,0,
52.410,42.301,now,block2_A_now,1,1.4990,3.4181,1.6375,0.1040,-0.3530,0.1200,-0.0385,0,0.8354,0.0585,0.8354,0.0585,0.0000,0.0,31,0.8354,0.0585,0.2200,0.8374,0.8374,1.7772,0.2400,0,0,0,
52.509,42.401,now,block2_A_now,1,1.4986,3.4240,1.6538,0.0380,0.0370,0.1200,-0.0385,0,0.8354,0.0585,0.8354,0.0585,0.0000,0.0,31,0.8354,0.0585,0.2200,0.8374,0.8374,1.7772,0.2400,0,0,0,
52.609,42.500,now,block2_A_now,1,1.4982,3.4294,1.6604,0.0060,0.0370,0.1137,-0.0385,0,0.8354,0.0585,0.8354,0.0585,0.0000,0.0,31,0.8354,0.0585,0.2200,0.8374,0.8374,1.7772,0.2274,0,0,0,
52.709,42.601,now,block2_A_now,1,1.4974,3.4378,1.6797,0.0570,0.3340,0.1137,-0.0897,0,0.8354,0.0585,0.8354,0.0585,0.0000,0.0,31,0.8354,0.0585,0.2200,0.8374,0.8374,1.7772,0.2274,0,0,0,
52.809,42.700,now,block2_A_now,1,1.4963,3.4481,1.6779,0.1390,0.2220,0.1074,-0.0385,0,0.8354,0.0585,0.8354,0.0585,0.0000,0.0,31,0.8354,0.0585,0.2200,0.8374,0.8374,1.7772,0.2147,0,0,0,
52.909,42.800,now,block2_A_now,1,1.4952,3.4585,1.6744,0.1520,-0.1480,0.1011,-0.0641,0,0.8354,0.0585,0.8354,0.0585,0.0000,0.0,31,0.8354,0.0585,0.2200,0.8374,0.8374,1.7772,0.2021,0,0,0,
53.010,42.901,now,block2_A_now,1,1.4937,3.4721,1.6727,0.1800,0.0180,0.1200,-0.0897,0,0.8354,0.0585,0.8354,0.0585,0.0000,0.0,31,0.8354,0.0585,0.2200,0.8374,0.8374,1.7772,0.2400,0,0,0,
53.109,43.000,now,block2_A_now,1,1.4925,3.4844,1.6710,0.1260,0.2600,0.1137,-0.0897,0,0.8354,0.0585,0.8354,0.0585,0.0000,0.0,31,0.8354,0.0585,0.2200,0.8374,0.8374,1.7772,0.2274,0,0,0,
53.209,43.100,now,block2_A_now,1,1.4914,3.4963,1.6568,0.0950,-0.1110,0.1074,-0.0641,0,0.8354,0.0585,0.8354,0.0585,0.0000,0.0,31,0.8354,0.0585,0.2200,0.8374,0.8374,1.7772,0.2147,0,0,0,
53.309,43.200,now,block2_A_now,1,1.4903,3.5090,1.6597,0.1360,0.2410,0.1011,-0.0641,0,0.8354,0.0585,0.8354,0.0585,0.0000,0.0,31,0.8354,0.0585,0.2200,0.8374,0.8374,1.6789,0.2021,0,0,0,
53.409,43.300,now,block2_A_now,1,1.4892,3.5221,1.6497,0.1200,-0.3710,0.1200,-0.0641,0,0.8354,0.0585,0.8354,0.0585,0.0000,0.0,31,0.8354,0.0585,0.2200,0.8374,0.8374,1.6789,0.2400,0,0,0,
53.509,43.400,now,block2_A_now,1,1.4881,3.5347,1.6560,0.1200,0.1110,0.1137,-0.0641,0,0.8354,0.0585,0.8354,0.0585,0.0000,0.0,31,0.8354,0.0585,0.2200,0.8374,0.8374,1.6789,0.2274,0,0,0,
53.610,43.501,now,block2_A_now,1,1.4874,3.5437,1.6467,0.0410,-0.1670,0.1074,-0.0641,0,0.8354,0.0585,0.8354,0.0585,0.0000,0.0,31,0.8354,0.0585,0.2200,0.8374,0.8374,1.6789,0.2147,0,0,0,
53.709,43.600,now,block2_A_now,1,1.4867,3.5532,1.6449,0.1420,0.0550,0.1074,-0.0641,0,0.8354,0.0585,0.8354,0.0585,0.0000,0.0,31,0.8354,0.0585,0.2200,0.8374,0.8374,1.6789,0.2021,0,0,0,
53.810,43.701,now,block2_A_now,1,1.4862,3.5599,1.6460,0.0500,0.1480,0.1011,-0.0641,0,0.8354,0.0585,0.8354,0.0585,0.0000,0.0,31,0.8354,0.0585,0.2200,0.8374,0.8374,1.6789,0.2021,0,0,0,
53.910,43.801,now,block2_A_now,1,1.4855,3.5698,1.6475,0.0820,0.2970,0.1200,-0.0385,0,0.8354,0.0585,0.8354,0.0585,0.0000,0.0,31,0.8354,0.0585,0.2200,0.8374,0.8374,1.6789,0.2400,0,0,0,
54.009,43.900,now,block2_A_now,1,1.4847,3.5800,1.6460,0.1390,0.1110,0.1200,-0.0641,0,0.8354,0.0585,0.8354,0.0585,0.0000,0.0,31,0.8354,0.0585,0.2200,0.8374,0.8374,1.6789,0.2274,0,0,0,
54.109,44.001,now,block2_A_now,1,1.4841,3.5899,1.6256,0.0980,-0.4270,0.1137,-0.0641,0,0.8354,0.0585,0.8354,0.0585,0.0000,0.0,31,0.8354,0.0585,0.2200,0.8374,0.8374,1.6789,0.2274,0,0,0,
54.210,44.101,now,block2_A_now,1,1.4835,3.6008,1.6153,0.1640,0.0370,0.1074,-0.0641,0,0.8354,0.0585,0.8354,0.0585,0.0000,0.0,31,0.8354,0.0585,0.2200,0.8374,0.8374,1.6789,0.2147,0,0,0,
54.309,44.200,now,block2_A_now,1,1.4831,3.6108,1.6049,0.1200,-0.3340,0.1011,-0.0641,0,0.8354,0.0585,0.8354,0.0585,0.0000,0.0,31,0.8354,0.0585,0.2200,0.8374,0.8374,1.5813,0.2021,0,0,0,
54.409,44.300,now,block2_A_now,1,1.4827,3.6224,1.5945,0.1710,-0.0370,0.1200,-0.0641,0,0.8354,0.0585,0.8354,0.0585,0.0000,0.0,31,0.8354,0.0585,0.2200,0.8374,0.8374,1.5813,0.2400,0,0,0,
54.509,44.400,now,block2_A_now,1,1.4825,3.6339,1.5854,0.0910,-0.2780,0.1137,-0.0385,0,0.8354,0.0585,0.8354,0.0585,0.0000,0.0,31,0.8354,0.0585,0.2200,0.8374,0.8374,1.5813,0.2274,0,0,0,
54.609,44.500,now,block2_A_now,1,1.4823,3.6447,1.5824,0.1610,-0.0920,0.1074,-0.0641,0,0.8354,0.0585,0.8354,0.0585,0.0000,0.0,31,0.8354,0.0585,0.2200,0.8374,0.8374,1.5813,0.2147,0,0,0,
54.709,44.600,now,block2_A_now,1,1.4823,3.6549,1.5672,0.1230,-0.3150,0.1074,-0.0385,0,0.8354,0.0585,0.8354,0.0585,0.0000,0.0,31,0.8354,0.0585,0.2200,0.8374,0.8374,1.5813,0.2021,0,0,0,
54.809,44.701,now,block2_A_now,1,1.4823,3.6639,1.5546,0.0380,-0.1850,0.1011,-0.0128,0,0.8354,0.0585,0.8354,0.0585,0.0000,0.0,31,0.8354,0.0585,0.2200,0.8374,0.8374,1.5813,0.2400,0,0,0,
54.909,44.800,now,block2_A_now,1,1.4825,3.6737,1.5505,0.1070,0.0370,0.1200,-0.0128,0,0.8354,0.0585,0.8354,0.0585,0.0000,0.0,31,0.8354,0.0585,0.2200,0.8374,0.8374,1.5813,0.2400,0,0,0,
55.009,44.900,now,block2_A_now,1,1.4827,3.6827,1.5423,0.1010,-0.2970,0.1137,-0.0128,0,0.8354,0.0585,0.8354,0.0585,0.0000,0.0,31,0.8354,0.0585,0.2200,0.8374,0.8374,1.5813,0.2274,0,0,0,
55.111,45.002,now,block2_A_now,1,1.4829,3.6898,1.5331,0.0410,-0.0550,0.1137,0.0000,0,0.8354,0.0585,0.8354,0.0585,0.0000,0.0,31,0.8354,0.0585,0.2200,0.8374,0.8374,1.5813,0.2147,0,0,0,
55.209,45.100,now,block2_A_now,1,1.4834,3.7002,1.5275,0.1140,0.2970,0.1074,0.0000,0,0.8354,0.0585,0.8354,0.0585,0.0000,0.0,31,0.8354,0.0585,0.2200,0.8374,0.8374,1.5813,0.2147,0,0,0,
55.309,45.200,now,block2_A_now,1,1.4838,3.7101,1.5194,0.0820,0.0370,0.1011,0.0128,0,0.8354,0.0585,0.8354,0.0585,0.0000,0.0,31,0.8354,0.0585,0.2200,0.8374,0.8374,1.4841,0.2021,0,0,0,
55.409,45.300,now,block2_A_now,1,1.4843,3.7185,1.5075,0.0820,-0.2220,0.1200,0.0128,0,0.8354,0.0585,0.8354,0.0585,0.0000,0.0,31,0.8354,0.0585,0.2200,0.8374,0.8374,1.4841,0.2400,0,0,0,
55.510,45.401,now,block2_A_now,1,1.4850,3.7286,1.4997,0.1550,-0.1670,0.1200,0.0128,0,0.8354,0.0585,0.8354,0.0585,0.0000,0.0,31,0.8354,0.0585,0.2200,0.8374,0.8374,1.4841,0.2274,0,0,0,
55.609,45.501,now,block2_A_now,1,1.4857,3.7385,1.4857,0.0950,-0.4080,0.1137,0.0385,0,0.8354,0.0585,0.8354,0.0585,0.0000,0.0,31,0.8354,0.0585,0.2200,0.8374,0.8374,1.4841,0.2402,0,0,0,
55.709,45.600,now,block2_A_now,1,1.4867,3.7501,1.4897,0.1330,0.1480,0.1200,0.2949,0,0.8354,0.0585,0.8354,0.0585,0.0000,0.0,31,0.8354,0.0585,0.2200,0.8374,0.8374,1.4841,0.2147,0,0,0,
55.809,45.700,now,block2_A_now,1,1.4877,3.7620,1.4893,0.1640,0.0000,0.1137,0.4231,0,0.8354,0.0585,0.8354,0.0585,0.0000,0.0,31,0.8354,0.0585,0.2200,0.8374,0.8374,1.4841,0.2274,0,0,0,
55.909,45.801,now,block2_A_now,1,1.4887,3.7742,1.4893,0.1230,0.3530,0.1200,0.1349,0,0.8354,0.0585,0.8354,0.0585,0.0000,0.0,31,0.8354,0.0585,0.2200,0.8374,0.8374,1.4841,0.2400,0,0,0,
56.010,45.902,now,block2_A_now,1,1.4898,3.7879,1.5034,0.0980,0.3150,0.1200,0.2436,0,0.8354,0.0585,0.8354,0.0585,0.0000,0.0,31,0.8354,0.0585,0.2200,0.8374,0.8374,1.4841,0.2400,0,0,0,
56.109,46.000,now,block2_A_now,1,1.4906,3.8016,1.5284,0.1260,0.4450,0.1200,0.3205,0,0.8354,0.0585,0.8354,0.0585,0.0000,0.0,31,0.8354,0.0585,0.2200,0.8374,0.8374,1.4841,0.2400,0,0,0,
56.210,46.101,now,block2_A_now,1,1.4910,3.8146,1.5488,0.1450,0.0000,0.1137,0.2436,0,0.8354,0.0585,0.8354,0.0585,0.0000,0.0,31,0.8354,0.0585,0.2200,0.8374,0.8374,1.4841,0.2147,0,0,0,
56.309,46.200,now,block2_A_now,1,1.4911,3.8272,1.5807,0.1010,0.3340,0.1200,0.0897,0,0.8354,0.0585,0.8354,0.0585,0.0000,0.0,31,0.8354,0.0585,0.2200,0.8374,0.8374,1.4841,0.2400,0,0,0,
56.409,46.300,now,block2_A_now,1,1.4909,3.8384,1.6122,0.0820,0.4830,0.1200,0.1154,0,0.8354,0.0585,0.8354,0.0585,0.0000,0.0,31,0.8354,0.0585,0.2200,0.8374,0.8374,1.3161,0.2274,0,0,0,
56.510,46.401,now,block2_A_now,1,1.4903,3.8494,1.6448,0.0310,0.1850,0.1137,0.1154,0,0.8354,0.0585,0.8354,0.0585,0.0000,0.0,31,0.8354,0.0585,0.2200,0.8374,0.8374,1.3161,0.2400,0,0,0,
56.609,46.500,now,block2_A_now,1,1.4894,3.8597,1.6732,0.0880,0.4830,0.1137,0.0641,0,0.8354,0.0585,0.8354,0.0585,0.0000,0.0,31,0.8354,0.0585,0.2200,0.8374,0.8374,1.3161,0.2147,0,0,0,
56.711,46.603,now,block2_A_now,1,1.4885,3.8687,1.6905,0.0950,0.5200,0.1074,0.0897,0,0.8354,0.0585,0.8354,0.0585,0.0000,0.0,31,0.8354,0.0585,0.2200,0.8374,0.8374,1.3161,0.2400,0,0,0,
56.809,46.700,now,block2_A_now,1,1.4876,3.8758,1.7002,0.0790,-0.0180,0.1200,0.0641,0,0.8354,0.0585,0.8354,0.0585,0.0000,0.0,31,0.8354,0.0585,0.2200,0.8374,0.8374,1.3161,0.2400,0,0,0,
56.909,46.801,now,block2_A_now,1,1.4865,3.8828,1.7239,0.1200,-0.1110,0.1200,0.0128,0,0.8354,0.0585,0.8354,0.0585,0.0000,0.0,31,0.8354,0.0585,0.2200,0.8374,0.8374,1.3161,0.2274,0,0,0,
57.009,46.900,now,block2_A_now,1,1.4854,3.8903,1.7428,0.0470,0.2780,0.1137,0.0128,0,0.8354,0.0585,0.8354,0.0585,0.0000,0.0,31,0.8354,0.0585,0.2200,0.8374,0.8374,1.3161,0.2274,0,0,0,
57.109,47.000,now,block2_A_now,1,1.4836,3.9002,1.7597,0.0850,0.5010,0.1074,0.0000,0,0.8354,0.0585,0.8354,0.0585,0.0000,0.0,31,0.8354,0.0585,0.2200,0.8374,0.8374,1.3161,0.2147,0,0,0,
57.209,47.100,now,block2_A_now,1,1.4818,3.9096,1.7737,0.0910,0.5010,0.1074,-0.0385,0,0.8354,0.0585,0.8354,0.0585,0.0000,0.0,31,0.8354,0.0585,0.2200,0.8374,0.8374,1.3161,0.2021,0,0,0,
57.309,47.200,now,block2_A_now,1,1.4794,3.9210,1.7911,0.1640,0.1110,0.1011,-0.1985,0,0.8354,0.0585,0.8354,0.0585,0.0000,0.0,31,0.8354,0.0585,0.2200,0.8374,0.8374,1.3161,0.2400,0,0,0,
57.411,47.302,now,block2_A_now,1,1.4768,3.9321,1.8027,0.0690,0.0740,0.1200,-0.0897,0,0.8354,0.0585,0.8354,0.0585,0.0000,0.0,31,0.8354,0.0585,0.2200,0.8374,0.8374,1.2181,0.2274,0,0,0,
57.509,47.400,now,block2_A_now,1,1.4737,3.9453,1.8156,0.1290,0.2780,0.1137,-0.1154,0,0.8354,0.0585,0.8354,0.0585,0.0000,0.0,31,0.8354,0.0585,0.2200,0.8374,0.8374,1.2181,0.2274,0,0,0,
57.609,47.501,now,block2_A_now,1,1.4703,3.9593,1.8078,0.1800,0.0550,0.1074,-0.1154,0,0.8354,0.0585,0.8354,0.0585,0.0000,0.0,31,0.8354,0.0585,0.2200,0.8374,0.8374,1.2181,0.2021,0,0,0,
57.709,47.600,now,block2_A_now,1,1.4671,3.9722,1.8078,0.1330,-0.0740,0.1011,-0.1154,0,0.8354,0.0585,0.8354,0.0585,0.0000,0.0,31,0.8354,0.0585,0.2200,0.8374,0.8374,1.2181,0.2400,0,0,0,
57.809,47.700,now,block2_A_now,1,1.4642,3.9847,1.8023,0.0950,0.1480,0.1200,-0.1410,0,0.8354,0.0585,0.8354,0.0585,0.0000,0.0,31,0.8354,0.0585,0.2200,0.8374,0.8374,1.2181,0.2274,0,0,0,
57.909,47.800,now,block2_A_now,1,1.4620,3.9945,1.7794,0.0600,-0.2410,0.1137,-0.0897,0,0.8354,0.0585,0.8354,0.0585,0.0000,0.0,31,0.8354,0.0585,0.2200,0.8374,0.8374,1.2181,0.2147,0,0,0,
58.009,47.900,now,block2_A_now,1,1.4596,4.0057,1.7654,0.1230,-0.3900,0.1074,-0.1154,0,0.8354,0.0585,0.8354,0.0585,0.0000,0.0,31,0.8354,0.0585,0.2200,0.8374,0.8374,1.2181,0.2021,0,0,0,
58.110,48.001,now,block2_A_now,1,1.4578,4.0156,1.7509,0.1070,-0.2970,0.1011,-0.0897,0,0.8354,0.0585,0.8354,0.0585,0.0000,0.0,31,0.8354,0.0585,0.2200,0.8374,0.8374,1.2181,0.2400,0,0,0,
58.214,48.105,now,block2_A_now,1,1.4564,4.0237,1.7386,0.0820,-0.1850,0.1200,-0.0897,0,0.8354,0.0585,0.8354,0.0585,0.0000,0.0,31,0.8354,0.0585,0.2200,0.8374,0.8374,1.2181,0.2400,0,0,0,
58.309,48.200,now,block2_A_now,1,1.4551,4.0319,1.7209,0.0820,-0.2970,0.1137,-0.0897,0,0.8354,0.0585,0.8354,0.0585,0.0000,0.0,31,0.8354,0.0585,0.2200,0.8374,0.8374,1.2181,0.2274,0,0,0,
58.409,48.300,now,block2_A_now,1,1.4538,4.0410,1.7009,0.1100,0.3150,0.1137,-0.0385,0,0.8354,0.0585,0.8354,0.0585,0.0000,0.0,31,0.8354,0.0585,0.2200,0.8374,0.8374,1.1202,0.2147,0,0,0,
58.509,48.400,now,block2_A_now,1,1.4528,4.0501,1.6768,0.1100,0.2410,0.1074,-0.0641,0,0.8354,0.0585,0.8354,0.0585,0.0000,0.0,31,0.8354,0.0585,0.2200,0.8374,0.8374,1.1202,0.2147,0,0,0,
58.609,48.501,now,block2_A_now,1,1.4518,4.0600,1.6597,0.1230,-0.0920,0.1011,-0.0641,0,0.8354,0.0585,0.8354,0.0585,0.0000,0.0,31,0.8354,0.0585,0.2200,0.8374,0.8374,1.1202,0.2021,0,0,0,
58.709,48.600,now,block2_A_now,1,1.4511,4.0699,1.6404,0.1070,0.1850,0.1200,-0.0128,0,0.8354,0.0585,0.8354,0.0585,0.0000,0.0,31,0.8354,0.0585,0.2200,0.8374,0.8374,1.1202,0.2400,0,0,0,
58.809,48.700,now,block2_A_now,1,1.4505,4.0799,1.6137,0.1230,-0.3530,0.1200,-0.0385,0,0.8354,0.0585,0.8354,0.0585,0.0000,0.0,31,0.8354,0.0585,0.2200,0.8374,0.8374,1.1202,0.2399,0,0,0,
58.909,48.800,now,block2_A_now,1,1.4502,4.0897,1.5977,0.0980,-0.3900,0.1137,-0.0128,0,0.8354,0.0585,0.8354,0.0585,0.0000,0.0,31,0.8354,0.0585,0.2200,0.8374,0.8374,1.1202,0.2147,0,0,0,
59.009,48.900,now,block2_A_now,1,1.4501,4.0970,1.5884,0.0500,0.1110,0.1074,-0.0128,0,0.8354,0.0585,0.8354,0.0585,0.0000,0.0,31,0.8354,0.0585,0.2200,0.8374,0.8374,1.1202,0.2147,0,0,0,
59.109,49.000,now,block2_A_now,1,1.4500,4.1058,1.5695,0.0630,-0.2220,0.1074,0.1600,0,0.8354,0.0585,0.8354,0.0585,0.0000,0.0,31,0.8354,0.0585,0.2200,0.8374,0.8374,1.1202,0.2021,0,0,0,
59.209,49.100,now,block2_A_now,1,1.4501,4.1152,1.5499,0.0380,-0.1850,0.1011,0.1600,0,0.8354,0.0585,0.8354,0.0585,0.0000,0.0,31,0.8354,0.0585,0.2200,0.8374,0.8374,1.1202,0.2400,0,0,0,
59.309,49.200,now,block2_A_now,1,1.4504,4.1277,1.5484,0.1260,0.2600,0.1200,0.0385,0,0.8354,0.0585,0.8354,0.0585,0.0000,0.0,31,0.8354,0.0585,0.2200,0.8374,0.8374,1.1202,0.2400,0,0,0,
59.409,49.300,now,block2_A_now,1,1.4506,4.1396,1.5525,0.1140,0.3710,0.1137,0.0385,0,0.8354,0.0585,0.8354,0.0585,0.0000,0.0,31,0.8354,0.0585,0.2200,0.8374,0.8374,1.1202,0.2274,0,0,0,
59.509,49.400,now,block2_A_now,1,1.4509,4.1534,1.5576,0.1290,0.3530,0.1074,0.0385,0,0.8354,0.0585,0.8354,0.0585,0.0000,0.0,31,0.8354,0.0585,0.2200,0.8374,0.8374,1.0228,0.2147,0,0,0,
59.609,49.500,now,block2_A_now,1,1.4511,4.1662,1.5602,0.1010,0.1110,0.1011,0.1410,0,0.8354,0.0585,0.8354,0.0585,0.0000,0.0,31,0.8354,0.0585,0.2200,0.8374,0.8374,1.0228,0.2400,0,0,0,
59.709,49.600,now,block2_A_now,1,1.4512,4.1781,1.5628,0.0820,0.0740,0.1200,0.0385,0,0.8354,0.0585,0.8354,0.0585,0.0000,0.0,31,0.8354,0.0585,0.2200,0.8374,0.8374,1.0228,0.2400,0,0,0,
59.809,49.701,now,block2_A_now,1,1.4513,4.1908,1.5687,0.1170,-0.3150,0.1137,0.0128,0,0.8354,0.0585,0.8354,0.0585,0.0000,0.0,31,0.8354,0.0585,0.2200,0.8374,0.8374,1.0228,0.2147,0,0,0,
59.909,49.800,now,block2_A_now,1,1.4513,4.2006,1.5791,0.0530,0.2040,0.1074,0.0128,0,0.8354,0.0585,0.8354,0.0585,0.0000,0.0,31,0.8354,0.0585,0.2200,0.8374,0.8374,1.0228,0.2147,0,0,0,
60.009,49.900,now,block2_A_now,1,1.4511,4.2106,1.5941,0.0950,-0.1110,0.1011,-0.0385,0,0.8354,0.0585,0.8354,0.0585,0.0000,0.0,31,0.8354,0.0585,0.2200,0.8374,0.8374,1.0228,0.2021,0,0,0,
60.109,50.000,now,block2_A_now,1,1.4508,4.2224,1.6063,0.1260,0.0370,0.1200,-0.0128,0,0.8354,0.0585,0.8354,0.0585,0.0000,0.0,31,0.8354,0.0585,0.2200,0.8374,0.8374,1.0228,0.2400,0,0,0,
60.209,50.100,now,block2_A_now,1,1.4504,4.2308,1.6211,0.0880,0.3710,0.1137,-0.0128,0,0.8354,0.0585,0.8354,0.0585,0.0000,0.0,31,0.8354,0.0585,0.2200,0.8374,0.8374,1.0228,0.2274,0,0,0,
60.309,50.200,now,block2_A_now,1,1.4499,4.2398,1.6363,0.0250,0.0740,0.1137,-0.1728,0,0.8354,0.0585,0.8354,0.0585,0.0000,0.0,31,0.8354,0.0585,0.2200,0.8374,0.8374,1.0228,0.2147,0,0,0,
60.409,50.300,now,block2_A_now,1,1.4493,4.2491,1.6441,0.1100,0.3530,0.1074,-0.0385,0,0.8354,0.0585,0.8354,0.0585,0.0000,0.0,31,0.8354,0.0585,0.2200,0.8374,0.8374,1.0228,0.2147,0,0,0,
60.509,50.401,now,block2_A_now,1,1.4486,4.2578,1.6466,0.0760,-0.3710,0.1011,-0.0385,0,0.8354,0.0585,0.8354,0.0585,0.0000,0.0,31,0.8354,0.0585,0.2200,0.8374,0.8374,0.9144,0.2021,0,0,0,
60.609,50.501,now,block2_A_now,1,1.4478,4.2679,1.6559,0.0600,0.1670,0.1011,-0.1154,0,0.8354,0.0585,0.8354,0.0585,0.0000,0.0,31,0.8354,0.0585,0.2200,0.8374,0.8374,0.9144,0.2400,0,0,0,
60.709,50.600,now,block2_A_now,1,1.4469,4.2785,1.6588,0.1520,-0.1110,0.1200,-0.1667,0,0.8354,0.0585,0.8354,0.0585,0.0000,0.0,31,0.8354,0.0585,0.2200,0.8374,0.8374,0.9144,0.2274,0,0,0,
60.809,50.700,now,block2_A_now,1,1.4459,4.2896,1.6601,0.1140,0.3710,0.1137,-0.0897,0,0.8354,0.0585,0.8354,0.0585,0.0000,0.0,31,0.8354,0.0585,0.2200,0.8374,0.8374,0.9144,0.2274,0,0,0,
60.909,50.800,now,block2_A_now,1,1.4450,4.3011,1.6467,0.1520,0.0000,0.1074,-0.0897,0,0.8354,0.0585,0.8354,0.0585,0.0000,0.0,31,0.8354,0.0585,0.2200,0.8374,0.8374,0.9144,0.2147,0,0,0,
61.009,50.901,now,block2_A_now,1,1.4440,4.3140,1.6508,0.1260,0.2600,0.1011,-0.0897,0,0.8354,0.0585,0.8354,0.0585,0.0000,0.0,31,0.8354,0.0585,0.2200,0.8374,0.8374,0.9144,0.2021,0,0,0,
61.109,51.001,now,block2_A_now,1,1.4429,4.3272,1.6504,0.1170,0.2040,0.1200,-0.1154,0,0.8354,0.0585,0.8354,0.0585,0.0000,0.0,31,0.8354,0.0585,0.2200,0.8374,0.8374,0.9144,0.2400,0,0,0,
61.209,51.100,now,block2_A_now,1,1.4419,4.3405,1.6448,0.1770,0.0370,0.1137,-0.0897,0,0.8354,0.0585,0.8354,0.0585,0.0000,0.0,31,0.8354,0.0585,0.2200,0.8374,0.8374,0.9144,0.2274,0,0,0,
61.309,51.200,now,block2_A_now,1,1.4411,4.3530,1.6359,0.1640,0.0000,0.1074,-0.1154,0,0.8354,0.0585,0.8354,0.0585,0.0000,0.0,31,0.8354,0.0585,0.2200,0.8374,0.8374,0.9144,0.2147,0,0,0,
61.409,51.300,now,block2_A_now,1,1.4404,4.3645,1.6278,0.1170,-0.0920,0.1011,-0.1154,0,0.8354,0.0585,0.8354,0.0585,0.0000,0.0,31,0.8354,0.0585,0.2200,0.8374,0.8374,0.9144,0.2021,0,0,0,
61.509,51.400,now,block2_A_now,1,1.4397,4.3763,1.6194,0.1260,0.0370,0.1200,-0.1667,0,0.8354,0.0585,0.8354,0.0585,0.0000,0.0,31,0.8354,0.0585,0.2200,0.8374,0.8374,0.7677,0.2389,0,0,0,
61.609,51.500,now,block2_A_now,1,1.4394,4.3852,1.6037,0.0690,-0.2600,0.1137,-0.0897,0,0.8354,0.0585,0.8354,0.0585,0.0000,0.0,31,0.8354,0.0585,0.2200,0.8374,0.8374,0.7677,0.2274,0,0,0,
61.709,51.600,now,block2_A_now,1,1.4391,4.3941,1.5840,0.0720,-0.4270,0.1137,-0.0641,0,0.8354,0.0585,0.8354,0.0585,0.0000,0.0,31,0.8354,0.0585,0.2200,0.8374,0.8374,0.7677,0.2147,0,0,0,
61.809,51.701,now,block2_A_now,1,1.4390,4.4030,1.5651,0.0530,-0.3150,0.1074,-0.0641,0,0.8354,0.0585,0.8354,0.0585,0.0000,0.0,31,0.8354,0.0585,0.2200,0.8374,0.8374,0.7677,0.2021,0,0,0,
61.909,51.801,now,block2_A_now,1,1.4391,4.4122,1.5566,0.1420,-0.0180,0.1011,-0.0385,0,0.8354,0.0585,0.8354,0.0585,0.0000,0.0,31,0.8354,0.0585,0.2200,0.8374,0.8374,0.7677,0.2021,0,0,0,
62.009,51.901,now,block2_A_now,1,1.4393,4.4223,1.5302,0.1260,-0.1110,0.1200,-0.0128,0,0.8354,0.0585,0.8354,0.0585,0.0000,0.0,31,0.8354,0.0585,0.2200,0.8374,0.8374,0.7677,0.2400,0,0,0,
62.110,52.001,now,block2_A_now,1,1.4398,4.4321,1.5182,0.1100,0.0920,0.1137,0.0000,0,0.8354,0.0585,0.8354,0.0585,0.0000,0.0,31,0.8354,0.0585,0.2200,0.8374,0.8374,0.7677,0.2274,0,0,0,
62.209,52.100,now,block2_A_now,1,1.4403,4.4415,1.5147,0.1010,-0.2970,0.1137,0.0128,0,0.8354,0.0585,0.8354,0.0585,0.0000,0.0,31,0.8354,0.0585,0.2200,0.8374,0.8374,0.7677,0.2147,0,0,0,
62.310,52.201,now,block2_A_now,1,1.4409,4.4510,1.4946,0.1170,-0.3530,0.1074,-0.0641,0,0.8354,0.0585,0.8354,0.0585,0.0000,0.0,31,0.8354,0.0585,0.2200,0.8374,0.8374,0.7677,0.2147,0,0,0,
62.409,52.300,now,block2_A_now,1,1.4417,4.4606,1.4792,0.0980,-0.5010,0.1011,-0.0385,0,0.8354,0.0585,0.8354,0.0585,0.0000,0.0,31,0.8354,0.0585,0.2200,0.8374,0.8374,0.7677,0.2021,0,0,0,
62.512,52.403,now,block2_A_now,1,1.4424,4.4681,1.4685,0.0150,-0.0550,0.1200,0.1667,0,0.8354,0.0585,0.8354,0.0585,0.0000,0.0,31,0.8354,0.0585,0.2200,0.8374,0.8374,0.7677,0.2400,0,0,0,
62.609,52.500,now,block2_A_now,1,1.4434,4.4768,1.4499,0.0410,-0.2040,0.1200,0.3010,0,0.8354,0.0585,0.8354,0.0585,0.0000,0.0,31,0.8354,0.0585,0.2200,0.8374,0.8374,0.6719,0.2274,0,0,0,
62.709,52.600,now,block2_A_now,1,1.4447,4.4872,1.4444,0.1390,0.1850,0.1137,0.1410,0,0.8354,0.0585,0.8354,0.0585,0.0000,0.0,31,0.8354,0.0585,0.2200,0.8374,0.8374,0.6719,0.2274,0,0,0,
62.809,52.700,now,block2_A_now,1,1.4462,4.4986,1.4273,0.1290,-0.1300,0.1074,0.1410,0,0.8354,0.0585,0.8354,0.0585,0.0000,0.0,31,0.8354,0.0585,0.2200,0.8374,0.8374,0.6719,0.2118,0,0,0,
62.909,52.800,now,block2_A_now,1,1.4479,4.5104,1.4247,0.1140,-0.0370,0.1074,0.1667,0,0.8354,0.0585,0.8354,0.0585,0.0000,0.0,31,0.8354,0.0585,0.2200,0.8374,0.8374,0.6719,0.2021,0,0,0,
63.009,52.901,now,block2_A_now,1,1.4496,4.5215,1.4285,0.1450,-0.1110,0.1200,0.1154,0,0.8354,0.0585,0.8354,0.0585,0.0000,0.0,31,0.8354,0.0585,0.2200,0.8374,0.8374,0.6719,0.2400,0,0,0,
63.109,53.000,now,block2_A_now,1,1.4514,4.5349,1.4344,0.1420,-0.2040,0.1200,0.1410,0,0.8354,0.0585,0.8354,0.0585,0.0000,0.0,31,0.8354,0.0585,0.2200,0.8374,0.8374,0.6719,0.2274,0,0,0,
63.209,53.100,now,block2_A_now,1,1.4532,4.5492,1.4451,0.1610,-0.0920,0.1137,0.1667,0,0.8354,0.0585,0.8354,0.0585,0.0000,0.0,31,0.8354,0.0585,0.2200,0.8374,0.8374,0.6719,0.2147,0,0,0,
63.309,53.200,now,block2_A_now,1,1.4548,4.5619,1.4579,0.0690,0.1850,0.1074,0.2179,0,0.8354,0.0585,0.8354,0.0585,0.0000,0.0,31,0.8354,0.0585,0.2200,0.8374,0.8374,0.6719,0.2040,0,0,0,
63.409,53.300,now,block2_A_now,1,1.4564,4.5763,1.4667,0.1830,0.0740,0.1200,0.1154,0,0.8354,0.0585,0.8354,0.0585,0.0000,0.0,31,0.8354,0.0585,0.2200,0.8374,0.8374,0.6719,0.2400,0,0,0,
63.509,53.400,now,block2_A_now,1,1.4573,4.5860,1.4849,0.0660,0.1670,0.1137,0.1667,0,0.8354,0.0585,0.8354,0.0585,0.0000,0.0,31,0.8354,0.0585,0.2200,0.8374,0.8374,0.6719,0.2274,0,0,0,
63.609,53.501,now,block2_A_now,1,1.4581,4.5959,1.5061,0.0410,0.1670,0.1074,0.0897,0,0.8354,0.0585,0.8354,0.0585,0.0000,0.0,31,0.8354,0.0585,0.2200,0.8374,0.8374,0.5007,0.2147,0,0,0,
63.719,53.610,now,block2_A_now,1,1.4587,4.6061,1.5239,0.0280,0.1670,0.1074,0.1154,0,0.8354,0.0585,0.8354,0.0585,0.0000,0.0,31,0.8354,0.0585,0.2200,0.8374,0.8374,0.5007,0.2021,0,0,0,
63.809,53.701,now,block2_A_now,1,1.4591,4.6142,1.5436,0.0470,0.2780,0.1011,0.0897,0,0.8354,0.0585,0.8354,0.0585,0.0000,0.0,31,0.8354,0.0585,0.2200,0.8374,0.8374,0.5007,0.2400,0,0,0,
63.909,53.800,now,block2_A_now,1,1.4592,4.6230,1.5625,0.0470,0.2410,0.1200,-0.0959,0,0.8354,0.0585,0.8354,0.0585,0.0000,0.0,31,0.8354,0.0585,0.2200,0.8374,0.8374,0.5007,0.2400,0,0,0,
64.009,53.900,now,block2_A_now,1,1.4592,4.6323,1.5822,0.0220,0.1300,0.1200,-0.2754,0,0.8354,0.0585,0.8354,0.0585,0.0000,0.0,31,0.8354,0.0585,0.2200,0.8374,0.8374,0.5007,0.2274,0,0,0,
64.109,54.000,now,block2_A_now,1,1.4591,4.6410,1.5982,0.0470,0.2410,0.1137,-0.1923,0,0.8354,0.0585,0.8354,0.0585,0.0000,0.0,31,0.8354,0.0585,0.2200,0.8374,0.8374,0.5007,0.2274,0,0,0,
64.209,54.100,now,block2_A_now,1,1.4587,4.6506,1.6248,0.0910,0.4270,0.1137,-0.3523,0,0.8354,0.0585,0.8354,0.0585,0.0000,0.0,31,0.8354,0.0585,0.2200,0.8374,0.8374,0.5007,0.2147,0,0,0,
64.309,54.200,now,block2_A_now,1,1.4582,4.6602,1.6404,0.0760,0.4080,0.1074,-0.2436,0,0.8354,0.0585,0.8354,0.0585,0.0000,0.0,31,0.8354,0.0585,0.2200,0.8374,0.8374,0.5007,0.2021,0,0,0,
64.409,54.300,now,block2_A_now,1,1.4574,4.6699,1.6496,0.1670,0.0550,0.1200,-0.0897,0,0.8354,0.0585,0.8354,0.0585,0.0000,0.0,31,0.8354,0.0585,0.2200,0.8374,0.8374,0.5007,0.2400,0,0,0,
64.509,54.400,now,block2_A_now,1,1.4565,4.6815,1.6533,0.1740,0.0180,0.1200,-0.2179,0,0.8354,0.0585,0.8354,0.0585,0.0000,0.0,31,0.8354,0.0585,0.2200,0.8374,0.8374,0.5007,0.2400,0,0,0,
64.609,54.500,now,block2_A_now,1,1.4553,4.6963,1.6515,0.1260,0.0370,0.1137,-0.1923,0,0.8354,0.0585,0.8354,0.0585,0.0000,0.0,31,0.8354,0.0585,0.2200,0.8374,0.8374,0.4017,0.2277,0,0,0,
64.709,54.600,now,block2_A_now,1,1.4542,4.7107,1.6329,0.1900,-0.1480,0.1074,-0.2179,0,0.8354,0.0585,0.8354,0.0585,0.0000,0.0,31,0.8354,0.0585,0.2200,0.8374,0.8374,0.4017,0.2147,0,0,0,
64.809,54.700,now,block2_A_now,1,1.4534,4.7248,1.6196,0.1930,-0.1300,0.1200,-0.1667,0,0.8354,0.0585,0.8354,0.0585,0.0000,0.0,31,0.8354,0.0585,0.2200,0.8374,0.8374,0.4017,0.2400,0,0,0,
64.910,54.801,now,block2_A_now,1,1.4529,4.7369,1.5940,0.0880,-0.3710,0.1137,-0.1923,0,0.8354,0.0585,0.8354,0.0585,0.0000,0.0,31,0.8354,0.0585,0.2200,0.8374,0.8374,0.4017,0.2274,0,0,0,
65.009,54.900,now,block2_A_now,1,1.4528,4.7472,1.5650,0.0980,-0.5750,0.1074,-0.1923,0,0.8354,0.0585,0.8354,0.0585,0.0000,0.0,31,0.8354,0.0585,0.2200,0.8374,0.8374,0.4017,0.2147,0,0,0,
65.109,55.001,now,block2_A_now,1,1.4528,4.7570,1.5454,0.0380,-0.2220,0.1011,-0.1410,0,0.8354,0.0585,0.8354,0.0585,0.0000,0.0,31,0.8354,0.0585,0.2200,0.8374,0.8374,0.4017,0.2021,0,0,0,
65.209,55.100,now,block2_A_now,1,1.4532,4.7665,1.5172,0.0410,-0.2410,0.1011,-0.1410,0,0.8354,0.0585,0.8354,0.0585,0.0000,0.0,31,0.8354,0.0585,0.2200,0.8374,0.8374,0.4017,0.2400,0,0,0,
65.309,55.200,now,block2_A_now,1,1.4537,4.7757,1.4953,0.0660,-0.3530,0.1200,-0.0897,0,0.8354,0.0585,0.8354,0.0585,0.0000,0.0,31,0.8354,0.0585,0.2200,0.8374,0.8374,0.4017,0.2400,0,0,0,
65.409,55.300,now,block2_A_now,1,1.4545,4.7845,1.4723,0.1200,-0.2220,0.1137,-0.0897,0,0.8354,0.0585,0.8354,0.0585,0.0000,0.0,31,0.8354,0.0585,0.2200,0.8374,0.8374,0.4017,0.2274,0,0,0,
65.509,55.400,now,block2_A_now,1,1.4555,4.7930,1.4444,0.1480,-0.0180,0.1137,-0.0897,0,0.8354,0.0585,0.8354,0.0585,0.0000,0.0,31,0.8354,0.0585,0.2200,0.8374,0.8374,0.4017,0.2274,0,0,0,
65.609,55.500,now,block2_A_now,1,1.4565,4.8007,1.4259,0.0880,-0.0740,0.1137,-0.0897,0,0.8354,0.0585,0.8354,0.0585,0.0000,0.0,31,0.8354,0.0585,0.2200,0.8374,0.8374,0.2928,0.2147,0,0,0,
65.709,55.601,now,block2_A_now,1,1.4578,4.8091,1.3977,0.0760,-0.4450,0.1011,-0.0897,0,0.8354,0.0585,0.8354,0.0585,0.0000,0.0,31,0.8354,0.0585,0.2200,0.8374,0.8374,0.2928,0.2021,0,0,0,
65.810,55.701,now,block2_A_now,1,1.4593,4.8176,1.3810,0.0880,-0.4830,0.1011,-0.0385,0,0.8354,0.0585,0.8354,0.0585,0.0000,0.0,31,0.8354,0.0585,0.2200,0.8374,0.8374,0.2928,0.1011,0,0,0,
65.909,55.800,now,block2_A_now,1,1.4607,4.8243,1.3677,0.0120,0.0740,0.0000,0.0000,0,0.8354,0.0585,0.8354,0.0585,0.0000,0.0,31,0.8354,0.0585,0.2200,0.8374,0.8374,0.2928,0.1011,0,0,0,
66.009,55.901,now,block2_A_now,1,1.4607,4.8243,1.3677,0.0000,0.0000,0.0000,0.0000,0,0.8354,0.0585,0.8354,0.0585,0.0000,0.0,31,0.8354,0.0585,0.2200,0.8374,0.8374,0.2928,0.1011,0,0,0,
66.109,56.000,now,block2_A_now,1,1.4610,4.8257,1.3555,0.0030,-0.0180,0.0000,0.0000,0,0.8354,0.0585,0.8354,0.0585,0.0000,0.0,31,0.8354,0.0585,0.2200,0.8374,0.8374,0.2928,0.1011,0,0,0,
66.209,56.100,now,block2_A_now,1,1.4618,4.8292,1.3344,0.0030,-0.0180,0.0000,0.0000,0,0.8354,0.0585,0.8354,0.0585,0.0000,0.0,31,0.8354,0.0585,0.2200,0.8374,0.8374,0.2928,0.1011,0,0,0,
66.309,56.200,now,block2_A_now,1,1.4618,4.8292,1.3344,0.0000,0.0000,0.0000,0.0000,0,0.8354,0.0585,0.8354,0.0585,0.0000,0.0,31,0.8354,0.0585,0.2200,0.8374,0.8374,0.2928,0.1011,0,0,0,
66.409,56.300,now,block2_A_now,1,1.4618,4.8292,1.3344,0.0000,0.0000,0.0000,0.0000,0,0.8354,0.0585,0.8354,0.0585,0.0000,0.0,31,0.8354,0.0585,0.2200,0.8374,0.8374,0.2928,0.1011,0,0,0,
66.509,56.400,now,block2_A_now,1,1.4618,4.8292,1.3344,0.0000,0.0000,0.0000,0.0000,0,0.8354,0.0585,0.8354,0.0585,0.0000,0.0,31,0.8354,0.0585,0.2200,0.8374,0.8374,0.2928,0.1011,0,0,0,
66.609,56.500,now,block2_A_now,1,1.4618,4.8292,1.3344,0.0000,0.0000,0.0000,0.0000,0,0.8354,0.0585,0.8354,0.0585,0.0000,0.0,31,0.8354,0.0585,0.2200,0.8374,0.8374,0.2928,0.1011,0,0,0,
66.709,56.600,now,block2_A_now,1,1.4618,4.8292,1.3344,0.0000,0.0000,0.0000,0.0000,0,0.8354,0.0585,0.8354,0.0585,0.0000,0.0,31,0.8354,0.0585,0.2200,0.8374,0.8374,0.2928,0.1011,0,0,0,
66.809,56.700,now,block2_A_now,1,1.4618,4.8292,1.3344,0.0000,0.0000,0.0000,0.0000,0,0.8354,0.0585,0.8354,0.0585,0.0000,0.0,31,0.8354,0.0585,0.2200,0.8374,0.8374,0.2928,0.1011,0,0,0,
66.909,56.800,now,block2_A_now,1,1.4618,4.8292,1.3344,0.0000,0.0000,0.0000,0.0000,0,0.8354,0.0585,0.8354,0.0585,0.0000,0.0,31,0.8354,0.0585,0.2200,0.8374,0.8374,0.2928,0.1011,0,0,0,
67.009,56.900,now,block2_A_now,1,1.4618,4.8292,1.3344,0.0000,0.0000,0.0000,0.0000,0,0.8354,0.0585,0.8354,0.0585,0.0000,0.0,31,0.8354,0.0585,0.2200,0.8374,0.8374,0.2928,0.1011,0,0,0,
67.109,57.000,now,block2_A_now,1,1.4618,4.8292,1.3344,0.0000,0.0000,0.0000,0.0000,0,0.8354,0.0585,0.8354,0.0585,0.0000,0.0,31,0.8354,0.0585,0.2200,0.8374,0.8374,0.2928,0.1011,0,0,0,
67.209,57.100,now,block2_A_now,1,1.4618,4.8292,1.3344,0.0000,0.0000,0.0000,0.0000,0,0.8354,0.0585,0.8354,0.0585,0.0000,0.0,31,0.8354,0.0585,0.2200,0.8374,0.8374,0.2928,0.1011,0,0,0,
67.309,57.200,now,block2_A_now,1,1.4618,4.8292,1.3344,0.0000,0.0000,0.0000,0.0000,0,0.8354,0.0585,0.8354,0.0585,0.0000,0.0,31,0.8354,0.0585,0.2200,0.8374,0.8374,0.2928,0.1011,0,0,0,
67.409,57.300,now,block2_A_now,1,1.4618,4.8292,1.3344,0.0000,0.0000,0.0000,0.0000,0,0.8354,0.0585,0.8354,0.0585,0.0000,0.0,31,0.8354,0.0585,0.2200,0.8374,0.8374,0.2928,0.1011,0,0,0,
67.509,57.400,now,block2_A_now,1,1.4618,4.8292,1.3344,0.0000,0.0000,0.0000,0.0000,0,0.8354,0.0585,0.8354,0.0585,0.0000,0.0,31,0.8354,0.0585,0.2200,0.8374,0.8374,0.2928,0.1011,0,0,0,
67.613,57.504,now,block2_A_now,1,1.4618,4.8292,1.3344,0.0000,0.0000,0.0000,0.0000,0,0.8354,0.0585,0.8354,0.0585,0.0000,0.0,31,0.8354,0.0585,0.2200,0.8374,0.8374,0.2928,0.1011,0,0,0,
67.710,57.601,now,block2_A_now,1,1.4618,4.8292,1.3344,0.0000,0.0000,0.0000,0.0000,0,0.8354,0.0585,0.8354,0.0585,0.0000,0.0,31,0.8354,0.0585,0.2200,0.8374,0.8374,0.2928,0.1011,0,0,0,
67.809,57.700,now,block2_A_now,1,1.4618,4.8292,1.3344,0.0000,0.0000,0.0000,0.0000,0,0.8354,0.0585,0.8354,0.0585,0.0000,0.0,31,0.8354,0.0585,0.2200,0.8374,0.8374,0.2928,0.1011,0,0,0,
67.909,57.800,now,block2_A_now,1,1.4618,4.8292,1.3344,0.0000,0.0000,0.0000,0.0000,0,0.8354,0.0585,0.8354,0.0585,0.0000,0.0,31,0.8354,0.0585,0.2200,0.8374,0.8374,0.2928,0.1011,0,0,0,
68.009,57.900,now,block2_A_now,1,1.4618,4.8292,1.3344,0.0000,0.0000,0.0000,0.0000,0,0.8354,0.0585,0.8354,0.0585,0.0000,0.0,31,0.8354,0.0585,0.2200,0.8374,0.8374,0.2928,0.1011,0,0,0,
68.109,58.000,now,block2_A_now,1,1.4618,4.8292,1.3344,0.0000,0.0000,0.0000,0.0000,0,0.8354,0.0585,0.8354,0.0585,0.0000,0.0,31,0.8354,0.0585,0.2200,0.8374,0.8374,0.2928,0.1011,0,0,0,
68.210,58.101,now,block2_A_now,1,1.4618,4.8292,1.3344,0.0000,0.0000,0.0000,0.0000,0,0.8354,0.0585,0.8354,0.0585,0.0000,0.0,31,0.8354,0.0585,0.2200,0.8374,0.8374,0.2928,0.1011,0,0,0,
68.309,58.200,now,block2_A_now,1,1.4618,4.8292,1.3344,0.0000,0.0000,0.0000,0.0000,0,0.8354,0.0585,0.8354,0.0585,0.0000,0.0,31,0.8354,0.0585,0.2200,0.8374,0.8374,0.2928,0.1011,0,0,0,
68.409,58.300,now,block2_A_now,1,1.4618,4.8292,1.3344,0.0000,0.0000,0.0000,0.0000,0,0.8354,0.0585,0.8354,0.0585,0.0000,0.0,31,0.8354,0.0585,0.2200,0.8374,0.8374,0.2928,0.1011,0,0,0,
68.509,58.400,now,block2_A_now,1,1.4618,4.8292,1.3344,0.0000,0.0000,0.0000,0.0000,0,0.8354,0.0585,0.8354,0.0585,0.0000,0.0,31,0.8354,0.0585,0.2200,0.8374,0.8374,0.2928,0.1011,0,0,0,
73.009,0.000,now,block2_A_now,1,1.4618,4.8292,1.3344,0.0000,0.0000,0.0000,-0.1600,0,0.8354,0.0585,0.8354,0.0585,0.0000,0.0,31,0.8354,0.0585,0.2200,0.8374,0.8374,5.3446,0.0000,0,0,0,
73.114,0.105,now,block2_A_now,1,1.4618,4.8292,1.3344,0.0000,0.0000,0.0000,-0.4800,0,0.8354,0.0585,0.8354,0.0585,0.0000,0.0,31,0.8354,0.0585,0.2200,0.8374,0.8374,5.3446,0.0000,0,0,0,
73.209,0.200,now,block2_A_now,1,1.4618,4.8292,1.3344,0.0000,0.0000,0.0000,-0.5000,0,0.8354,0.0585,0.8354,0.0585,0.0000,0.0,31,0.8354,0.0585,0.2200,0.8374,0.8374,5.3446,0.0000,0,0,0,
73.309,0.300,now,block2_A_now,1,1.4618,4.8292,1.3344,0.0000,0.0000,0.0000,-0.5000,0,0.8354,0.0585,0.8354,0.0585,0.0000,0.0,31,0.8354,0.0585,0.2200,0.8374,0.8374,5.3446,0.0000,0,0,0,
73.408,0.400,now,block2_A_now,1,1.4618,4.8292,1.3344,0.0000,0.0000,0.0000,-0.5000,0,0.8354,0.0585,0.8354,0.0585,0.0000,0.0,31,0.8354,0.0585,0.2200,0.8374,0.8374,5.3446,0.0000,0,0,0,
73.509,0.500,now,block2_A_now,1,1.4618,4.8292,1.3344,0.0000,0.0000,0.0000,-0.5000,0,0.8354,0.0585,0.8354,0.0585,0.0000,0.0,31,0.8354,0.0585,0.2200,0.8374,0.8374,5.3446,0.0000,0,0,0,
73.609,0.600,now,block2_A_now,1,1.4625,4.8321,1.3167,0.0000,0.0000,0.0000,-0.4487,0,0.8354,0.0585,0.8354,0.0585,0.0000,0.0,31,0.8354,0.0585,0.2200,0.8374,0.8374,5.3446,0.0000,0,0,0,
73.709,0.700,now,block2_A_now,1,1.4621,4.8307,1.2707,-0.0410,-0.4270,0.0000,-0.5000,0,0.8354,0.0585,0.8354,0.0585,0.0000,0.0,31,0.8354,0.0585,0.2200,0.8374,0.8374,5.3446,0.0003,0,0,0,
73.809,0.800,now,block2_A_now,1,1.4622,4.8310,1.1987,0.0120,-0.5200,0.0000,-0.5000,0,0.8354,0.0585,0.8354,0.0585,0.0000,0.0,31,0.8354,0.0585,0.2200,0.8374,0.8374,5.3446,0.0000,0,0,0,
73.909,0.900,now,block2_A_now,1,1.4621,4.8308,1.1284,0.0060,-0.7060,0.0000,-0.3718,0,0.8354,0.0585,0.8354,0.0585,0.0000,0.0,31,0.8354,0.0585,0.2200,0.8374,0.8374,5.3446,0.0000,0,0,0,
74.008,1.000,now,block2_A_now,1,1.4624,4.8313,1.0490,0.0030,-0.7980,0.0000,-0.5000,0,0.8354,0.0585,0.8354,0.0585,0.0000,0.0,31,0.8354,0.0585,0.2200,0.8374,0.8374,5.3446,0.0000,0,0,0,
74.112,1.103,now,block2_A_now,1,1.4624,4.8313,0.9782,0.0150,-0.3150,0.0000,-0.5000,0,0.8354,0.0585,0.8354,0.0585,0.0000,0.0,31,0.8354,0.0585,0.2200,0.8374,0.8374,5.3446,0.0011,0,0,0,
74.209,1.200,now,block2_A_now,1,1.4623,4.8311,0.9024,-0.0220,-0.5750,0.0000,-0.5000,0,0.8354,0.0585,0.8354,0.0585,0.0000,0.0,31,0.8354,0.0585,0.2200,0.8374,0.8374,5.3446,0.0009,0,0,0,
74.309,1.300,now,block2_A_now,1,1.4625,4.8313,0.8202,0.0250,-0.6310,0.0000,-0.5000,0,0.8354,0.0585,0.8354,0.0585,0.0000,0.0,31,0.8354,0.0585,0.2200,0.8374,0.8374,5.3446,0.0000,0,0,0,
74.409,1.400,now,block2_A_now,1,1.4611,4.8299,0.7505,-0.0060,-0.9660,0.0000,-0.5000,0,0.8354,0.0585,0.8354,0.0585,0.0000,0.0,31,0.8354,0.0585,0.2200,0.8374,0.8374,5.3446,0.0027,0,0,0,
74.509,1.500,now,block2_A_now,1,1.4624,4.8311,0.7045,0.0030,-0.2410,0.0000,-0.5000,0,0.8354,0.0585,0.8354,0.0585,0.0000,0.0,31,0.8354,0.0585,0.2200,0.8374,0.8374,5.3446,0.0000,0,0,0,
74.609,1.600,now,block2_A_now,1,1.4634,4.8319,0.6662,0.0090,-0.0550,0.0000,-0.5000,0,0.8354,0.0585,0.8354,0.0585,0.0000,0.0,31,0.8354,0.0585,0.2200,0.8374,0.8374,5.3446,0.0000,0,0,0,
74.709,1.700,now,block2_A_now,1,1.4641,4.8324,0.6259,0.0790,-0.4640,0.0000,-0.5000,0,0.8354,0.0585,0.8354,0.0585,0.0000,0.0,31,0.8354,0.0585,0.2200,0.8374,0.8374,5.3446,0.0000,0,0,0,
74.809,1.800,now,block2_A_now,1,1.4643,4.8325,0.5882,0.0660,-0.3900,0.0000,-0.5000,0,0.8354,0.0585,0.8354,0.0585,0.0000,0.0,31,0.8354,0.0585,0.2200,0.8374,0.8374,5.3446,0.0003,0,0,0,
74.908,1.900,now,block2_A_now,1,1.4631,4.8318,0.5637,0.0000,0.0000,0.0000,-0.5000,0,0.8354,0.0585,0.8354,0.0585,0.0000,0.0,31,0.8354,0.0585,0.2200,0.8374,0.8374,5.3446,0.0000,0,0,0,
75.009,2.000,now,block2_A_now,1,1.4627,4.8316,0.5316,-0.0310,-0.1850,0.0000,-0.5000,0,0.8354,0.0585,0.8354,0.0585,0.0000,0.0,31,0.8354,0.0585,0.2200,0.8374,0.8374,5.3446,0.0005,0,0,0,
75.109,2.100,now,block2_A_now,1,1.4644,4.8326,0.5187,0.0820,-0.4830,0.0000,-0.5000,0,0.8354,0.0585,0.8354,0.0585,0.0000,0.0,31,0.8354,0.0585,0.2200,0.8374,0.8374,5.3446,0.0000,0,0,0,
75.209,2.200,now,block2_A_now,1,1.4634,4.8320,0.4870,0.0150,-0.5010,0.0000,-0.5000,0,0.8354,0.0585,0.8354,0.0585,0.0000,0.0,31,0.8354,0.0585,0.2200,0.8374,0.8374,5.3446,0.0000,0,0,0,
75.309,2.300,now,block2_A_now,1,1.4626,4.8316,0.4461,-0.0440,-0.5570,0.0000,-0.5000,0,0.8354,0.0585,0.8354,0.0585,0.0000,0.0,31,0.8354,0.0585,0.2200,0.8374,0.8374,5.3446,0.0000,0,0,0,
75.410,2.401,now,block2_A_now,1,1.4616,4.8312,0.4022,0.0030,-0.4640,0.0000,-0.5000,0,0.8354,0.0585,0.8354,0.0585,0.0000,0.0,31,0.8354,0.0585,0.2200,0.8374,0.8374,5.3446,0.0070,0,0,0,
75.509,2.500,now,block2_A_now,1,1.4598,4.8305,0.3427,-0.0570,-0.7060,0.0000,-0.5000,0,0.8354,0.0585,0.8354,0.0585,0.0000,0.0,31,0.8354,0.0585,0.2200,0.8374,0.8374,5.3446,0.0008,0,0,0,
75.608,2.600,now,block2_A_now,1,1.4595,4.8304,0.3007,-0.0220,-0.2040,0.0000,-0.5000,0,0.8354,0.0585,0.8354,0.0585,0.0000,0.0,31,0.8354,0.0585,0.2200,0.8374,0.8374,5.3446,0.0005,0,0,0,
75.709,2.700,now,block2_A_now,1,1.4600,4.8305,0.2268,0.0280,-0.6870,0.0000,-0.5000,0,0.8354,0.0585,0.8354,0.0585,0.0000,0.0,31,0.8354,0.0585,0.2200,0.8374,0.8374,5.3446,0.0378,0,0,0,
75.811,2.802,now,block2_A_now,1,1.4592,4.8304,0.1819,-0.0760,-0.5200,0.0000,-0.5000,0,0.8354,0.0585,0.8354,0.0585,0.0000,0.0,31,0.8354,0.0585,0.2200,0.8374,0.8374,5.3446,0.0000,0,0,0,
75.908,2.900,now,block2_A_now,1,1.4617,4.8308,0.1185,0.0690,-0.5570,0.0000,-0.5000,0,0.8354,0.0585,0.8354,0.0585,0.0000,0.0,31,0.8354,0.0585,0.2200,0.8374,0.8374,5.3446,0.0379,0,0,0,
76.027,3.019,now,block2_A_now,1,1.4608,4.8307,0.0724,-0.0630,-0.5200,0.0000,-0.5000,0,0.8354,0.0585,0.8354,0.0585,0.0000,0.0,31,0.8354,0.0585,0.2200,0.8374,0.8374,5.3446,0.0000,0,0,0,
76.108,3.100,now,block2_A_now,1,1.4620,4.8308,0.0275,0.0630,-0.5200,0.0000,-0.5000,0,0.8354,0.0585,0.8354,0.0585,0.0000,0.0,31,0.8354,0.0585,0.2200,0.8374,0.8374,5.3446,0.0000,0,0,0,
76.209,3.200,now,block2_A_now,1,1.4612,4.8307,-0.0312,0.0000,-0.7800,0.0000,-0.5000,0,0.8354,0.0585,0.8354,0.0585,0.0000,0.0,31,0.8354,0.0585,0.2200,0.8374,0.8374,5.3446,0.0005,0,0,0,
76.309,3.301,now,block2_A_now,1,1.4610,4.8307,-0.0688,0.0000,-0.1480,0.0000,-0.5000,0,0.8354,0.0585,0.8354,0.0585,0.0000,0.0,31,0.8354,0.0585,0.2200,0.8374,0.8374,5.3446,0.0002,0,0,0,
76.409,3.400,now,block2_A_now,1,1.4589,4.8309,-0.1112,-0.0850,-0.5010,0.0126,-0.5000,0,0.8354,0.0585,0.8354,0.0585,0.0000,0.0,31,0.8354,0.0585,0.2200,0.8374,0.8374,5.3446,0.0126,0,0,0,
76.509,3.500,now,block2_A_now,1,1.4587,4.8310,-0.1605,-0.0150,-0.6130,0.0253,-0.5000,0,0.8354,0.0585,0.8354,0.0585,0.0000,0.0,31,0.8354,0.0585,0.2200,0.8374,0.8374,5.3446,0.0000,0,0,0,
76.609,3.600,now,block2_A_now,1,1.4599,4.8308,-0.2040,-0.0060,-0.5200,0.0000,-0.5000,0,0.8354,0.0585,0.8354,0.0585,0.0000,0.0,31,0.8354,0.0585,0.2200,0.8374,0.8374,5.3446,0.0000,0,0,0,
76.709,3.700,now,block2_A_now,1,1.4600,4.8307,-0.2500,0.0190,-0.1480,0.0000,-0.5000,0,0.8354,0.0585,0.8354,0.0585,0.0000,0.0,31,0.8354,0.0585,0.2200,0.8374,0.8374,5.3446,0.0507,0,0,0,
76.809,3.800,now,block2_A_now,1,1.4615,4.8303,-0.2881,0.0690,-0.4080,0.0000,-0.5000,0,0.8354,0.0585,0.8354,0.0585,0.0000,0.0,31,0.8354,0.0585,0.2200,0.8374,0.8374,5.3446,0.0000,0,0,0,
76.909,3.900,now,block2_A_now,1,1.4606,4.8306,-0.3475,-0.0190,-0.8540,0.0000,-0.5000,0,0.8354,0.0585,0.8354,0.0585,0.0000,0.0,31,0.8354,0.0585,0.2200,0.8374,0.8374,5.3446,0.0002,0,0,0,
77.009,4.000,now,block2_A_now,1,1.4604,4.8307,-0.3881,-0.0310,-0.4080,0.0000,-0.5000,0,0.8354,0.0585,0.8354,0.0585,0.0000,0.0,31,0.8354,0.0585,0.2200,0.8374,0.8374,5.3446,0.0007,0,0,0,
77.109,4.100,now,block2_A_now,1,1.4621,4.8299,-0.4352,0.0190,-0.7430,0.0000,-0.5000,0,0.8354,0.0585,0.8354,0.0585,0.0000,0.0,31,0.8354,0.0585,0.2200,0.8374,0.8374,5.3446,0.0017,0,0,0,
77.209,4.200,now,block2_A_now,1,1.4636,4.8292,-0.4804,0.0090,-0.2410,0.0000,-0.5000,0,0.8354,0.0585,0.8354,0.0585,0.0000,0.0,31,0.8354,0.0585,0.2200,0.8374,0.8374,5.3446,0.0379,0,0,0,
77.309,4.300,now,block2_A_now,1,1.4631,4.8295,-0.5202,0.0000,-0.0370,0.0000,-0.5000,1,4.2584,-3.6196,9.4634,-4.6494,5.3059,29.2,31,4.2584,-3.6196,0.2200,5.5889,5.5889,5.3446,0.0000,0,0,0,
77.409,4.400,now,block2_A_now,1,1.4643,4.8288,-0.5592,0.0760,-0.5200,0.0189,-0.5000,1,4.2584,-3.6196,9.4634,-4.6494,5.3059,29.2,31,4.2584,-3.6196,0.2200,5.5889,5.5889,5.3446,0.0000,0,0,0,
77.509,4.500,now,block2_A_now,1,1.4660,4.8277,-0.6051,0.0250,-0.1480,0.0189,-0.5000,1,4.3828,-3.4728,6.6749,-3.0054,2.3393,49.9,31,4.3828,-3.4728,0.2200,5.5919,5.5919,5.3446,0.0394,0,0,0,
77.609,4.600,now,block2_A_now,1,1.4664,4.8274,-0.6355,0.0030,-0.0180,0.0000,-0.5000,1,4.3823,-3.2847,5.8528,-1.9359,1.9954,79.4,31,4.3823,-3.2847,0.2200,5.4766,5.4766,5.3446,0.0379,0,0,0,
77.709,4.700,now,block2_A_now,1,1.4683,4.8259,-0.6823,0.0660,-0.4270,0.0189,-0.5000,1,4.3823,-3.2847,5.8528,-1.9359,1.9954,79.4,31,4.3823,-3.2847,0.2200,5.4766,5.4766,5.3446,0.2088,0,0,0,
77.809,4.801,now,block2_A_now,1,1.4676,4.8265,-0.7282,-0.0570,-0.4830,0.0505,-0.5000,1,4.3261,-3.0713,6.0110,-2.2098,1.8923,62.5,31,4.3261,-3.0713,0.2200,5.3054,5.3054,5.3446,0.2088,0,0,0,
77.909,4.900,now,block2_A_now,1,1.4693,4.8248,-0.7810,-0.0030,-0.5750,0.0758,-0.5000,1,4.3261,-3.0713,6.0110,-2.2098,1.8923,62.5,31,4.3261,-3.0713,0.2200,5.3054,5.3054,5.3446,0.2021,0,0,0,
78.009,5.000,now,block2_A_now,1,1.4695,4.8246,-0.8401,0.0120,-0.9280,0.1074,-0.5000,1,4.2749,-2.8276,6.0887,-2.1009,1.9539,55.3,31,4.2749,-2.8276,0.2200,5.1255,5.1255,5.3446,0.1483,0,0,0,
78.110,5.101,now,block2_A_now,1,1.4722,4.8216,-0.8991,0.0120,-0.5940,0.1011,-0.5000,1,4.2363,-2.5711,6.1632,-1.9522,2.0239,49.1,31,4.2363,-2.5711,0.2200,4.9555,4.9555,5.3468,0.1834,0,0,0,
78.209,5.200,now,block2_A_now,1,1.4778,4.8141,-0.9601,0.0820,-0.4830,0.1200,-0.4487,1,4.2363,-2.5711,6.1632,-1.9522,2.0239,49.1,31,4.2363,-2.5711,0.2200,4.9555,4.9555,5.3468,0.1895,0,0,0,
78.308,5.300,now,block2_A_now,1,1.4822,4.8074,-1.0401,0.1010,-0.6310,0.1137,-0.5000,1,3.1116,-2.7587,0.7967,2.5732,5.8127,155.0,31,3.1116,-2.7587,0.2200,4.1584,4.1584,5.3468,0.2274,0,0,0,
78.409,5.400,now,block2_A_now,1,1.4874,4.7979,-1.1039,0.1140,-0.6680,0.1137,-0.4487,1,3.1100,-2.6071,0.6189,2.3553,5.5525,156.6,31,3.1100,-2.6071,0.2200,4.0582,4.0582,5.3468,0.2270,0,0,0,
78.509,5.500,now,block2_A_now,1,1.4922,4.7878,-1.1694,0.1040,-0.6130,0.1074,-0.3462,1,3.1100,-2.6071,0.6189,2.3553,5.5525,156.6,31,3.1100,-2.6071,0.2200,4.0582,4.0582,5.3468,0.2021,0,0,0,
78.609,5.600,now,block2_A_now,1,1.4963,4.7774,-1.2349,0.1140,-0.6680,0.1200,-0.2949,1,3.1305,-2.4072,0.4341,1.8865,5.0701,159.7,31,3.1305,-2.4072,0.2200,3.9490,3.9490,5.3468,0.2400,0,0,0,
78.709,5.700,now,block2_A_now,1,1.4992,4.7683,-1.2915,0.1140,-0.6680,0.1200,-0.3205,1,3.1785,-2.1499,0.8840,1.8936,4.6491,153.6,31,3.1785,-2.1499,0.2200,3.8373,3.8373,5.3468,0.2394,0,0,0,
78.811,5.803,now,block2_A_now,1,1.5022,4.7572,-1.3261,0.1170,-0.6130,0.1137,-0.2692,1,3.1785,-2.1499,0.8840,1.8936,4.6491,153.6,31,3.1785,-2.1499,0.2200,3.8373,3.8373,5.3468,0.2274,0,0,0,
78.909,5.900,now,block2_A_now,1,1.5049,4.7458,-1.3677,0.1290,-0.5380,0.1074,-0.2179,1,3.2445,-1.8937,0.9909,1.7131,4.2529,152.3,31,3.2445,-1.8937,0.2200,3.7567,3.7567,5.3468,0.2147,0,0,0,
79.009,6.000,now,block2_A_now,1,1.5070,4.7346,-1.3985,0.1170,-0.5750,0.1074,-0.2436,1,3.3294,-1.6686,1.0641,1.1810,3.6403,155.1,31,3.3294,-1.6686,0.2200,3.7241,3.7241,5.3468,0.2400,0,0,0,
79.108,6.100,now,block2_A_now,1,1.5090,4.7228,-1.4227,0.0880,-0.2970,0.1200,-0.2436,1,3.3294,-1.6686,1.0641,1.1810,3.6403,155.1,31,3.3294,-1.6686,0.2200,3.7241,3.7241,5.2916,0.2400,0,0,0,
79.209,6.200,now,block2_A_now,1,1.5108,4.7104,-1.4424,0.1360,-0.1670,0.1200,-0.0323,1,3.4635,-1.4661,2.6725,0.4185,2.0438,135.7,31,3.4635,-1.4661,0.2200,3.7610,3.7610,5.2916,0.2274,0,0,0,
79.310,6.301,now,block2_A_now,1,1.5121,4.6994,-1.4658,0.0630,-0.2600,0.1137,0.0641,1,3.6450,-1.2686,3.9040,-0.0475,1.2483,97.2,31,3.4635,-1.4661,0.2200,3.8595,3.7610,5.2916,0.2274,0,0,0,
79.409,6.400,now,block2_A_now,1,1.5131,4.6891,-1.4854,0.0600,-0.0180,0.1137,0.1154,1,3.6450,-1.2686,3.9040,-0.0475,1.2483,97.2,31,3.6450,-1.2686,0.2200,3.8595,3.8595,5.2916,0.2021,0,0,0,
79.509,6.501,now,block2_A_now,1,1.5140,4.6774,-1.4992,0.0880,-0.3340,0.1200,0.0128,1,3.8461,-1.0980,4.8838,-0.2959,1.3116,53.6,31,3.8461,-1.0980,0.2200,3.9997,3.9997,5.2916,0.2400,0,0,0,
79.609,6.601,now,block2_A_now,1,1.5149,4.6650,-1.5081,0.1390,-0.2600,0.1200,0.1154,1,3.8461,-1.0980,4.8838,-0.2959,1.3116,53.6,31,3.8461,-1.0980,0.2200,3.9997,3.9997,5.2916,0.2400,0,0,0,
79.709,6.701,now,block2_A_now,1,1.5157,4.6518,-1.5083,0.1520,-0.0740,0.1137,0.1154,1,4.0329,-0.9622,5.4918,-0.4313,1.5525,33.4,31,4.0329,-0.9622,0.2200,4.1461,4.1461,5.2916,0.2274,0,0,0,
79.809,6.800,now,block2_A_now,1,1.5166,4.6394,-1.4923,0.1290,0.3530,0.1074,0.1154,1,4.1749,-0.8611,5.6894,-0.5047,1.5559,24.9,31,4.1749,-0.8611,0.2200,4.2628,4.2628,5.2916,0.2147,0,0,0,
79.909,6.900,now,block2_A_now,1,1.5176,4.6270,-1.4827,0.1170,0.0550,0.1200,0.0128,1,4.1749,-0.8611,5.6894,-0.5047,1.5559,24.9,31,4.1749,-0.8611,0.2200,4.2628,4.2628,5.2916,0.2400,0,0,0,
80.012,7.003,now,block2_A_now,1,1.5186,4.6166,-1.4595,0.1170,0.3900,0.1200,0.0385,1,4.2651,-0.7654,4.9596,-0.3692,0.7996,39.9,31,4.2651,-0.7654,0.2200,4.3332,4.3332,5.2916,0.2274,0,0,0,
80.122,7.114,now,block2_A_now,1,1.5198,4.6061,-1.4402,0.0660,0.3530,0.1137,-0.0959,1,4.2896,-0.6809,4.3995,-0.2928,0.4034,83.2,31,4.2896,-0.6809,0.2200,4.3433,4.3433,5.1587,0.2147,0,0,0,
80.209,7.200,now,block2_A_now,1,1.5209,4.5982,-1.4287,0.0250,0.1110,0.1074,-0.1215,1,4.2896,-0.6809,4.3995,-0.2928,0.4034,83.2,31,4.2896,-0.6809,0.2200,4.3433,4.3433,5.1587,0.2021,0,0,0,
80.309,7.300,now,block2_A_now,1,1.5222,4.5900,-1.4148,0.0630,0.1110,0.1011,-0.1410,1,4.2737,-0.6438,4.1245,-0.3255,0.3516,123.7,31,4.2737,-0.6438,0.2200,4.3219,4.3219,5.1587,0.2021,0,0,0,
80.413,7.405,now,block2_A_now,1,1.5235,4.5821,-1.3989,0.0720,0.2780,0.0758,-0.3267,1,4.2728,-0.6599,4.1758,-0.4529,0.2285,123.9,31,4.2728,-0.6599,0.2200,4.3235,4.3235,5.1587,0.2400,0,0,0,
80.509,7.500,now,block2_A_now,1,1.5250,4.5737,-1.3899,0.1170,0.3150,0.1200,-0.1410,1,4.2728,-0.6599,4.1758,-0.4529,0.2285,123.9,31,4.2728,-0.6599,0.2200,4.3235,4.3235,5.1587,0.2274,0,0,0,
80.609,7.600,now,block2_A_now,1,1.5262,4.5673,-1.3889,0.0950,-0.2220,0.1137,-0.1923,1,4.2612,-0.7075,4.1982,-0.5730,0.1485,124.5,31,4.2612,-0.7075,0.2200,4.3196,4.3196,5.1587,0.2274,0,0,0,
80.711,7.702,now,block2_A_now,1,1.5277,4.5592,-1.3811,0.0820,0.3710,0.1137,-0.1667,1,4.2171,-0.7787,4.1761,-0.6913,0.0966,125.6,31,4.2612,-0.7075,0.2200,4.2884,4.3196,5.1587,0.2147,0,0,0,
80.809,7.800,now,block2_A_now,1,1.5298,4.5481,-1.3788,0.1390,0.2220,0.1074,-0.1667,1,4.2171,-0.7787,4.1761,-0.6913,0.0966,125.6,31,4.2171,-0.7787,0.2200,4.2884,4.2884,5.1587,0.2147,0,0,0,
80.910,7.902,now,block2_A_now,1,1.5317,4.5382,-1.3858,0.0980,-0.1300,0.1011,-0.1923,1,4.1678,-0.8485,4.1411,-0.7917,0.0628,126.6,31,4.1678,-0.8485,0.2200,4.2533,4.2533,5.1587,0.2400,0,0,0,
81.009,8.001,now,block2_A_now,1,1.5345,4.5224,-1.4062,0.0790,-0.1670,0.1200,-0.1923,1,4.1678,-0.8485,4.1411,-0.7917,0.0628,126.6,31,4.1678,-0.8485,0.2200,4.2533,4.2533,5.1587,0.2274,0,0,0,
81.109,8.100,now,block2_A_now,1,1.5367,4.5085,-1.4274,0.1450,-0.3340,0.1137,-0.1667,1,4.1135,-0.8915,4.0962,-0.8545,0.0408,127.3,31,4.1135,-0.8915,0.2200,4.2090,4.2090,5.1587,0.2282,0,0,0,
81.210,8.201,now,block2_A_now,1,1.5384,4.4963,-1.4444,0.1550,-0.2040,0.1074,-0.1667,1,4.0495,-0.9032,4.0383,-0.8791,0.0265,127.7,31,4.0495,-0.9032,0.2200,4.1490,4.1490,5.0865,0.2147,0,0,0,
81.309,8.300,now,block2_A_now,1,1.5398,4.4842,-1.4608,0.1670,0.0180,0.1011,-0.0641,1,4.0495,-0.9032,4.0383,-0.8791,0.0265,127.7,31,4.0495,-0.9032,0.2200,4.1490,4.1490,5.0865,0.2400,0,0,0,
81.410,8.401,now,block2_A_now,1,1.5408,4.4738,-1.4831,0.1070,-0.0740,0.1200,-0.0385,1,4.0055,-0.8934,3.9982,-0.8778,0.0172,127.7,31,4.0055,-0.8934,0.2200,4.1039,4.1039,5.0865,0.2274,0,0,0,
81.512,8.503,now,block2_A_now,1,1.5416,4.4641,-1.4931,0.0440,0.0000,0.1137,0.0128,1,3.9493,-0.8543,3.7157,-0.7912,0.2419,177.1,31,3.9493,-0.8543,0.2200,4.0406,4.0406,5.0865,0.2274,0,0,0,
81.609,8.600,now,block2_A_now,1,1.5422,4.4547,-1.5152,0.0910,0.1300,0.1074,0.0385,1,3.9493,-0.8543,3.7157,-0.7912,0.2419,177.1,31,3.9493,-0.8543,0.2200,4.0406,4.0406,5.0865,0.2147,0,0,0,
81.709,8.700,now,block2_A_now,1,1.5425,4.4464,-1.5392,0.1580,-0.0740,0.1074,0.0385,1,3.8614,-0.7856,3.3564,-0.6231,0.5304,173.7,31,3.8614,-0.7856,0.2200,3.9405,3.9405,5.0865,0.2021,0,0,0,
81.809,8.800,now,block2_A_now,1,1.5427,4.4387,-1.5526,0.1200,0.2970,0.1011,0.0128,1,3.7621,-0.6994,3.0094,-0.4113,0.8059,169.6,31,3.7621,-0.6994,0.2200,3.8265,3.8265,5.0865,0.2021,0,0,0,
81.909,8.900,now,block2_A_now,1,1.5428,4.4321,-1.5790,0.0690,-0.4080,0.1200,0.0385,1,3.7621,-0.6994,3.0094,-0.4113,0.8059,169.6,31,3.7621,-0.6994,0.2200,3.8265,3.8265,5.0865,0.2400,0,0,0,
82.009,9.000,now,block2_A_now,1,1.5427,4.4242,-1.5931,0.0570,-0.3340,0.1200,0.0641,1,3.6650,-0.6042,2.7090,-0.2281,1.0274,167.9,31,3.6650,-0.6042,0.2200,3.7145,3.7145,5.0865,0.2274,0,0,0,
82.108,9.100,now,block2_A_now,1,1.5425,4.4166,-1.6060,0.0660,-0.3150,0.1137,0.2241,1,3.5652,-0.4979,2.4784,-0.0601,1.1716,166.0,31,3.5652,-0.4979,0.2200,3.5998,3.5998,5.0865,0.2274,0,0,0,
82.209,9.200,now,block2_A_now,1,1.5422,4.4065,-1.6075,0.1580,-0.0740,0.1137,0.0641,1,3.5652,-0.4979,2.4784,-0.0601,1.1716,166.0,31,3.5652,-0.4979,0.2200,3.5998,3.5998,4.9878,0.2147,0,0,0,
82.309,9.300,now,block2_A_now,1,1.5417,4.3944,-1.6111,0.1800,-0.0180,0.1074,-0.0385,1,3.4858,-0.3971,2.3336,0.0592,1.2394,164.9,31,3.4858,-0.3971,0.2200,3.5084,3.5084,4.9878,0.2021,0,0,0,
82.412,9.403,now,block2_A_now,1,1.5412,4.3814,-1.6070,0.1610,-0.0180,0.1011,-0.0385,1,3.4858,-0.3971,2.3336,0.0592,1.2394,164.9,31,3.4858,-0.3971,0.2200,3.5084,3.5084,4.9878,0.2400,0,0,0,
82.509,9.500,now,block2_A_now,1,1.5408,4.3687,-1.5989,0.1520,0.0000,0.1200,-0.0897,1,3.4148,-0.3081,2.2433,0.0986,1.2401,166.0,31,3.4148,-0.3081,0.2200,3.4287,3.4287,4.9878,0.2274,0,0,0,
82.609,9.600,now,block2_A_now,1,1.5405,4.3556,-1.5922,0.1610,-0.0550,0.1137,-0.0641,1,3.3513,-0.2393,2.2138,0.1041,1.1882,167.3,31,3.3513,-0.2393,0.2200,3.3598,3.3598,4.9878,0.2147,0,0,0,
82.709,9.700,now,block2_A_now,1,1.5402,4.3439,-1.5929,0.1010,0.2970,0.1074,-0.0641,1,3.3513,-0.2393,2.2138,0.1041,1.1882,167.3,31,3.3513,-0.2393,0.2200,3.3598,3.3598,4.9878,0.2021,0,0,0,
82.809,9.800,now,block2_A_now,1,1.5399,4.3332,-1.6035,0.0690,-0.1110,0.1011,-0.0641,1,3.2951,-0.1918,2.2137,0.1243,1.1266,167.0,31,3.2951,-0.1918,0.2200,3.3007,3.3007,4.9878,0.2400,0,0,0,
82.909,9.900,now,block2_A_now,1,1.5397,4.3232,-1.5879,0.0410,0.1670,0.1200,-0.1410,1,3.2312,-0.1596,2.2007,0.1553,1.0775,165.8,31,3.2312,-0.1596,0.2200,3.2352,3.2352,4.9878,0.2274,0,0,0,
83.009,10.000,now,block2_A_now,1,1.5394,4.3124,-1.5980,0.1580,0.0740,0.1137,-0.0128,1,3.2312,-0.1596,2.2007,0.1553,1.0775,165.8,31,3.2312,-0.1596,0.2200,3.2352,3.2352,4.9878,0.2274,0,0,0,
83.109,10.100,now,block2_A_now,1,1.5392,4.3038,-1.5847,0.0280,0.0550,0.1074,-0.1154,1,3.1631,-0.1395,2.1763,0.1735,1.0352,164.9,31,3.1631,-0.1395,0.2200,3.1661,3.1661,4.9878,0.2147,0,0,0,
83.209,10.200,now,block2_A_now,1,1.5391,4.2953,-1.5847,0.1480,-0.1300,0.1074,-0.0641,1,3.0966,-0.1286,2.1494,0.1949,1.0009,163.5,31,3.0966,-0.1286,0.2200,3.0993,3.0993,4.9878,0.2021,0,0,0,
83.309,10.300,now,block2_A_now,1,1.5390,4.2867,-1.5825,0.0340,-0.0920,0.1011,-0.0641,1,3.0966,-0.1286,2.1494,0.1949,1.0009,163.5,31,3.0966,-0.1286,0.2200,3.0993,3.0993,4.8490,0.2400,0,0,0,
83.409,10.400,now,block2_A_now,1,1.5389,4.2762,-1.5859,0.1230,0.0180,0.1200,0.0897,1,3.0317,-0.1225,2.1164,0.2083,0.9733,162.4,31,3.0317,-0.1225,0.2200,3.0342,3.0342,4.8490,0.2400,0,0,0,
83.509,10.500,now,block2_A_now,1,1.5387,4.2657,-1.5840,0.1450,0.0740,0.1200,0.0897,1,2.9621,-0.1166,2.0652,0.2089,0.9542,162.3,31,2.9621,-0.1166,0.2200,2.9644,2.9644,4.8490,0.2274,0,0,0,
83.609,10.600,now,block2_A_now,1,1.5386,4.2544,-1.5743,0.1100,0.4270,0.1137,0.0897,1,2.9621,-0.1166,2.0652,0.2089,0.9542,162.3,31,2.9621,-0.1166,0.2200,2.9644,2.9644,4.8490,0.2147,0,0,0,
83.709,10.700,now,block2_A_now,1,1.5386,4.2440,-1.5732,0.0530,-0.0920,0.1074,0.0897,1,2.8844,-0.1108,1.9651,0.1289,0.9500,167.6,31,2.8844,-0.1108,0.2200,2.8865,2.8865,4.8490,0.2021,0,0,0,
83.809,10.800,now,block2_A_now,1,1.5386,4.2330,-1.5661,0.1010,-0.2600,0.1011,0.0641,1,2.8844,-0.1108,1.9651,0.1289,0.9500,167.6,31,2.8844,-0.1108,0.2200,2.8865,2.8865,4.8490,0.2400,0,0,0,
83.909,10.900,now,block2_A_now,1,1.5387,4.2213,-1.5671,0.1360,-0.2410,0.1200,0.0641,1,2.8032,-0.1042,1.8650,0.1057,0.9614,169.5,31,2.8032,-0.1042,0.2200,2.8051,2.8051,4.8490,0.2274,0,0,0,
84.009,11.000,now,block2_A_now,1,1.5387,4.2114,-1.5709,0.1070,0.3710,0.1137,0.1410,1,2.7211,-0.0951,1.7775,0.1382,0.9720,168.1,31,2.7211,-0.0951,0.2200,2.7227,2.7227,4.8490,0.2274,0,0,0,
84.109,11.100,now,block2_A_now,1,1.5386,4.1994,-1.5806,0.1710,0.0000,0.1074,0.0897,1,2.7211,-0.0951,1.7775,0.1382,0.9720,168.1,31,2.7211,-0.0951,0.2200,2.7227,2.7227,4.8490,0.2147,0,0,0,
84.209,11.200,now,block2_A_now,1,1.5386,4.1900,-1.5716,0.0440,0.1480,0.1011,0.0897,1,2.6467,-0.0854,1.7213,0.1685,0.9596,166.5,31,2.6467,-0.0854,0.2200,2.6481,2.6481,4.8490,0.2021,0,0,0,
84.309,11.300,now,block2_A_now,1,1.5386,4.1780,-1.5616,0.1260,0.0370,0.1200,0.0641,1,2.5763,-0.0749,1.7027,0.1906,0.9131,164.8,31,2.5763,-0.0749,0.2200,2.5774,2.5774,4.7538,0.2400,0,0,0,
84.409,11.400,now,block2_A_now,1,1.5387,4.1693,-1.5447,0.0980,0.4640,0.1200,0.0641,1,2.5763,-0.0749,1.7027,0.1906,0.9131,164.8,31,2.5763,-0.0749,0.2200,2.5774,2.5774,4.7538,0.2274,0,0,0,
84.509,11.500,now,block2_A_now,1,1.5390,4.1595,-1.5443,0.0500,-0.0370,0.1137,0.0385,1,2.5176,-0.0680,1.6655,0.2091,0.8960,163.5,31,2.5176,-0.0680,0.2200,2.5185,2.5185,4.7538,0.2147,0,0,0,
84.614,11.605,now,block2_A_now,1,1.5393,4.1491,-1.5384,0.1140,-0.3710,0.1074,0.0128,1,2.4531,-0.0622,1.6254,0.2218,0.8750,162.5,31,2.4531,-0.0622,0.2200,2.4539,2.4539,4.7538,0.2147,0,0,0,
84.709,11.700,now,block2_A_now,1,1.5396,4.1404,-1.5333,0.0500,-0.0370,0.1011,0.0385,1,2.4531,-0.0622,1.6254,0.2218,0.8750,162.5,31,2.4531,-0.0622,0.2200,2.4539,2.4539,4.7538,0.2021,0,0,0,
84.809,11.800,now,block2_A_now,1,1.5401,4.1294,-1.5200,0.0470,0.0180,0.1200,0.0128,1,2.3860,-0.0606,1.5861,0.2428,0.8555,160.7,31,2.3860,-0.0606,0.2200,2.3868,2.3868,4.7538,0.2400,0,0,0,
84.910,11.901,now,block2_A_now,1,1.5408,4.1170,-1.5185,0.1140,-0.0370,0.1137,0.0000,1,2.3156,-0.0630,1.5398,0.2613,0.8408,158.9,31,2.3156,-0.0630,0.2200,2.3165,2.3165,4.7538,0.2274,0,0,0,
85.009,12.000,now,block2_A_now,1,1.5414,4.1057,-1.5152,0.1260,-0.2220,0.1137,-0.1410,1,2.3156,-0.0630,1.5398,0.2613,0.8408,158.9,31,2.3156,-0.0630,0.2200,2.3165,2.3165,4.7538,0.2147,0,0,0,
85.109,12.100,now,block2_A_now,1,1.5420,4.0959,-1.5067,0.0690,0.2600,0.1074,-0.0128,1,2.2477,-0.0699,1.4904,0.2649,0.8280,157.9,31,2.2477,-0.0699,0.2200,2.2488,2.2488,4.7538,0.2021,0,0,0,
85.209,12.200,now,block2_A_now,1,1.5426,4.0850,-1.5134,0.1420,0.1670,0.1011,0.0385,1,2.1837,-0.0793,1.4457,0.2580,0.8114,157.5,31,2.1837,-0.0793,0.2200,2.1852,2.1852,4.7538,0.2400,0,0,0,
85.309,12.300,now,block2_A_now,1,1.5432,4.0746,-1.5093,0.1330,0.0000,0.1200,-0.0128,1,2.1837,-0.0793,1.4457,0.2580,0.8114,157.5,31,2.1837,-0.0793,0.2200,2.1852,2.1852,4.6696,0.2400,0,0,0,
85.409,12.400,now,block2_A_now,1,1.5439,4.0638,-1.5163,0.0630,0.0000,0.1200,0.0897,1,2.1217,-0.0882,1.4082,0.2362,0.7838,157.9,31,2.1217,-0.0882,0.2200,2.1235,2.1235,4.6696,0.2274,0,0,0,
85.509,12.500,now,block2_A_now,1,1.5444,4.0546,-1.5034,0.0660,0.2780,0.1137,0.0641,1,2.1217,-0.0882,1.4082,0.2362,0.7838,157.9,31,2.1217,-0.0882,0.2200,2.1235,2.1235,4.6696,0.2147,0,0,0,
85.609,12.600,now,block2_A_now,1,1.5450,4.0449,-1.4978,0.1140,0.3340,0.1074,0.1154,1,2.0627,-0.0951,1.3748,0.2061,0.7510,159.0,31,2.0627,-0.0951,0.2200,2.0649,2.0649,4.6696,0.2147,0,0,0,
85.709,12.700,now,block2_A_now,1,1.5456,4.0368,-1.4923,0.0500,0.0740,0.1011,0.0641,1,2.0093,-0.0996,1.3465,0.1889,0.7228,159.3,31,2.0093,-0.0996,0.2200,2.0117,2.0117,4.6696,0.2400,0,0,0,
85.810,12.801,now,block2_A_now,1,1.5465,4.0259,-1.4897,0.0880,-0.0370,0.1200,0.0641,1,1.9542,-0.0973,1.3078,0.1914,0.7080,158.8,31,1.9542,-0.0973,0.2200,1.9567,1.9567,4.6696,0.2400,0,0,0,
85.909,12.900,now,block2_A_now,1,1.5473,4.0162,-1.4853,0.1710,0.0370,0.1200,0.0641,1,1.9542,-0.0973,1.3078,0.1914,0.7080,158.8,31,1.9542,-0.0973,0.2200,1.9567,1.9567,4.6696,0.2274,0,0,0,
86.009,13.000,now,block2_A_now,1,1.5480,4.0081,-1.4879,0.0340,-0.0180,0.1137,0.0641,1,1.9004,-0.0890,1.2637,0.2200,0.7078,156.8,31,1.9004,-0.0890,0.2200,1.9025,1.9025,4.6696,0.2147,0,0,0,
86.109,13.100,now,block2_A_now,1,1.5490,3.9965,-1.4853,0.1290,0.0550,0.1074,0.0641,1,1.9004,-0.0890,1.2637,0.2200,0.7078,156.8,31,1.9004,-0.0890,0.2200,1.9025,1.9025,4.6696,0.2147,0,0,0,
86.209,13.200,now,block2_A_now,1,1.5500,3.9850,-1.4797,0.1140,-0.3340,0.1011,0.0641,1,1.8449,-0.0731,1.2224,0.2759,0.7137,153.0,31,1.8449,-0.0731,0.2200,1.8464,1.8464,4.6696,0.2400,0,0,0,
86.319,13.311,now,block2_A_now,1,1.5511,3.9743,-1.4663,0.0530,0.0550,0.1200,0.0385,1,1.7929,-0.0544,1.1818,0.3279,0.7208,149.7,31,1.7929,-0.0544,0.2200,1.7938,1.7938,4.6091,0.2400,0,0,0,
86.409,13.400,now,block2_A_now,1,1.5523,3.9631,-1.4574,0.0660,0.0180,0.1137,-0.0446,1,1.7929,-0.0544,1.1818,0.3279,0.7208,149.7,31,1.7929,-0.0544,0.2200,1.7938,1.7938,4.6091,0.2274,0,0,0,
86.509,13.500,now,block2_A_now,1,1.5536,3.9521,-1.4489,0.1330,-0.1110,0.1074,-0.2497,1,1.7424,-0.0339,1.1488,0.3514,0.7077,148.1,31,1.7424,-0.0339,0.2200,1.7427,1.7427,4.6091,0.2147,0,0,0,
86.609,13.600,now,block2_A_now,1,1.5548,3.9433,-1.4329,0.0530,0.1300,0.1011,-0.1154,1,1.6896,-0.0137,1.0941,0.3695,0.7081,147.7,31,1.6896,-0.0137,0.2200,1.6896,1.6896,4.6091,0.2021,0,0,0,
86.709,13.700,now,block2_A_now,1,1.5561,3.9337,-1.4331,0.0980,0.3900,0.1011,-0.0897,1,1.6896,-0.0137,1.0941,0.3695,0.7081,147.7,31,1.6896,-0.0137,0.2200,1.6896,1.6896,4.6091,0.2400,0,0,0,
86.809,13.800,now,block2_A_now,1,1.5573,3.9245,-1.4312,0.1390,-0.1110,0.1200,-0.0128,1,1.6379,0.0030,1.0377,0.3787,0.7082,147.8,31,1.6379,0.0030,0.2200,1.6379,1.6379,4.6091,0.2400,0,0,0,
86.909,13.900,now,block2_A_now,1,1.5589,3.9130,-1.4309,0.1670,-0.0550,0.1137,-0.0128,1,1.5865,0.0179,0.9938,0.3864,0.6979,147.5,31,1.5865,0.0179,0.2200,1.5866,1.5866,4.6091,0.2274,0,0,0,
87.009,14.000,now,block2_A_now,1,1.5605,3.9020,-1.4283,0.0530,0.0550,0.1074,-0.0128,1,1.5865,0.0179,0.9938,0.3864,0.6979,147.5,31,1.5865,0.0179,0.2200,1.5866,1.5866,4.6091,0.2147,0,0,0,
87.109,14.100,now,block2_A_now,1,1.5623,3.8893,-1.4265,0.1140,0.0000,0.1011,-0.0128,1,1.5380,0.0292,0.9622,0.3980,0.6838,146.3,31,1.5380,0.0292,0.2200,1.5383,1.5383,4.6091,0.2021,0,0,0,
87.209,14.200,now,block2_A_now,1,1.5639,3.8787,-1.4276,0.1640,-0.0370,0.1011,-0.0128,1,1.4895,0.0384,0.9360,0.4217,0.6733,143.8,31,1.4895,0.0384,0.2200,1.4900,1.4900,4.6091,0.2400,0,0,0,
87.309,14.300,now,block2_A_now,1,1.5653,3.8689,-1.4192,0.0760,0.3340,0.1200,-0.0385,1,1.4895,0.0384,0.9360,0.4217,0.6733,143.8,31,1.4895,0.0384,0.2200,1.4900,1.4900,4.6091,0.2274,0,0,0,
87.408,14.400,now,block2_A_now,1,1.5669,3.8582,-1.4247,0.0820,-0.1480,0.1137,-0.0385,1,1.4377,0.0475,0.9053,0.4433,0.6634,141.5,31,1.4377,0.0475,0.2200,1.4385,1.4385,4.4878,0.2274,0,0,0,
87.509,14.500,now,block2_A_now,1,1.5685,3.8481,-1.4229,0.1420,-0.1670,0.1074,-0.3585,1,1.3875,0.0548,0.8786,0.4461,0.6420,140.2,31,1.3875,0.0548,0.2200,1.3886,1.3886,4.4878,0.2370,0,0,0,
87.609,14.600,now,block2_A_now,1,1.5701,3.8370,-1.4188,0.1360,0.2410,0.1137,-0.5000,1,1.3875,0.0548,0.8786,0.4461,0.6420,140.2,31,1.3875,0.0548,0.2200,1.3886,1.3886,4.4878,0.2147,0,0,0,
87.709,14.700,now,block2_A_now,1,1.5715,3.8272,-1.4347,0.0910,-0.3530,0.1011,-0.5000,1,1.3429,0.0584,1.0121,0.3128,0.4173,139.9,31,1.3429,0.0584,0.2200,1.3441,1.3441,4.4878,0.1895,0,0,0,
87.809,14.800,now,block2_A_now,1,1.5734,3.8131,-1.4485,0.1200,-0.1850,0.0947,-0.5000,1,1.3008,0.0622,1.0858,0.2276,0.2712,139.7,31,1.3008,0.0622,0.2200,1.3023,1.3023,4.4878,0.1907,0,0,0,
87.909,14.900,now,block2_A_now,1,1.5747,3.8007,-1.4837,0.1010,-0.3340,0.1200,-0.4744,1,1.3008,0.0622,1.0858,0.2276,0.2712,139.7,31,1.3008,0.0622,0.2200,1.3023,1.3023,4.4878,0.2280,0,0,0,
88.009,15.000,now,block2_A_now,1,1.5755,3.7879,-1.5305,0.1770,-0.3710,0.1137,-0.4744,1,1.2622,0.0684,1.1224,0.1759,0.1763,139.3,31,1.2622,0.0684,0.2200,1.2641,1.2641,4.4878,0.2172,0,0,0,
88.110,15.102,now,block2_A_now,1,1.5757,3.7766,-1.5876,0.1140,-0.6680,0.1074,-0.4487,1,1.2178,0.0877,1.1270,0.1576,0.1146,138.3,31,1.2178,0.0877,0.2200,1.2210,1.2210,4.4878,0.2400,0,0,0,
88.209,15.200,now,block2_A_now,1,1.5753,3.7656,-1.6523,0.1010,-0.5940,0.1200,-0.3205,1,1.2178,0.0877,1.1270,0.1576,0.1146,138.3,31,1.2178,0.0877,0.2200,1.2210,1.2210,4.4878,0.2400,0,0,0,
88.309,15.300,now,block2_A_now,1,1.5741,3.7544,-1.7183,0.1170,-0.6870,0.1200,-0.3779,1,1.1661,0.1257,0.8836,0.2946,0.3292,143.0,31,1.1661,0.1257,0.2200,1.1729,1.1729,4.4878,0.2400,0,0,0,
88.408,15.400,now,block2_A_now,1,1.5722,3.7437,-1.7826,0.1140,-0.6680,0.1137,-0.4487,1,1.1108,0.1784,0.6520,0.4162,0.5167,143.5,31,1.1108,0.1784,0.2200,1.1250,1.1250,4.3672,0.2400,0,0,0,
88.509,15.500,now,block2_A_now,1,1.5702,3.7354,-1.8331,0.0910,-0.5380,0.1074,-0.1923,1,1.1108,0.1784,0.6520,0.4162,0.5167,143.5,31,1.1108,0.1784,0.2200,1.1250,1.1250,4.3672,0.2147,0,0,0,
88.609,15.600,now,block2_A_now,1,1.5677,3.7269,-1.8855,0.0880,-0.5200,0.1137,-0.2949,1,1.0411,0.2465,0.4000,0.5241,0.6986,143.3,31,1.0411,0.2465,0.2200,1.0698,1.0698,4.3672,0.2021,0,0,0,
88.710,15.701,now,block2_A_now,1,1.5651,3.7192,-1.9333,0.0760,-0.4450,0.1011,0.0251,1,0.9578,0.3226,0.1348,0.5894,0.8651,143.4,31,1.0411,0.2465,0.2200,1.0106,1.0698,4.3672,0.2021,0,0,0,
88.809,15.800,now,block2_A_now,1,1.5609,3.7085,-1.9608,0.0790,-0.4270,0.1011,0.0385,1,0.9578,0.3226,0.1348,0.5894,0.8651,143.4,31,0.9578,0.3226,0.2200,1.0106,1.0106,4.3672,0.2400,0,0,0,
88.909,15.900,now,block2_A_now,1,1.5582,3.7023,-2.0005,0.0910,-0.5380,0.1137,0.1600,1,0.8728,0.3974,-0.1018,0.6181,0.9993,142.8,31,0.8728,0.3974,0.2200,0.9590,0.9590,4.3672,0.2274,0,0,0,
89.009,16.000,now,block2_A_now,1,1.5556,3.6967,-2.0372,0.0880,-0.5200,0.1137,-0.0190,1,0.7881,0.4674,-0.2989,0.6202,1.0977,141.3,31,0.7881,0.4674,0.2200,0.9163,0.9163,4.3672,0.2221,0,0,0,
89.109,16.100,now,block2_A_now,1,1.5515,3.6890,-2.0610,0.1140,-0.4080,0.1137,-0.3390,1,0.7881,0.4674,-0.2989,0.6202,1.0977,141.3,31,0.7881,0.4674,0.2200,0.9163,0.9163,4.3672,0.2260,0,0,0,
89.208,16.200,now,block2_A_now,1,1.5472,3.6809,-2.0666,0.0790,0.1670,0.1137,-0.3462,1,0.6987,0.5302,-0.4521,0.5824,1.1519,140.2,31,0.6987,0.5302,0.2200,0.8771,0.8771,4.3672,0.2021,0,0,0,
89.309,16.300,now,block2_A_now,1,1.5422,3.6719,-2.0814,0.0690,0.1110,0.1011,-0.3718,1,0.6987,0.5302,-0.4521,0.5824,1.1519,140.2,31,0.6987,0.5302,0.2200,0.8771,0.8771,4.3672,0.2021,0,0,0,
89.411,16.403,now,block2_A_now,1,1.5370,3.6625,-2.0785,0.0820,0.1480,0.1200,-0.1862,1,0.6987,0.5302,-0.4521,0.5824,1.1519,140.2,31,0.6987,0.5302,0.2200,0.8771,0.8771,4.2157,0.2400,0,0,0,
89.508,16.500,now,block2_A_now,1,1.5320,3.6538,-2.0959,0.0440,-0.1480,0.1137,0.1338,1,0.6987,0.5302,-0.4521,0.5824,1.1519,140.2,31,0.6987,0.5302,0.2200,0.8771,0.8771,4.2157,0.2274,0,0,0,
89.608,16.600,now,block2_A_now,1,1.5253,3.6423,-2.0947,0.1330,0.1480,0.1074,0.4231,1,0.6987,0.5302,-0.4521,0.5824,1.1519,140.2,31,0.6987,0.5302,0.2200,0.8771,0.8771,4.2157,0.2166,0,0,0,
89.709,16.700,now,block2_A_now,1,1.5208,3.6346,-2.1096,0.0790,-0.2780,0.1074,0.5000,1,0.6987,0.5302,-0.4521,0.5824,1.1519,140.2,31,0.6987,0.5302,0.2200,0.8771,0.8771,4.2157,0.2136,0,0,0,
89.811,16.802,now,block2_A_now,1,1.5146,3.6241,-2.1033,0.1520,-0.1480,0.0947,0.4231,1,0.6987,0.5302,-0.4521,0.5824,1.1519,140.2,31,0.6987,0.5302,0.2200,0.8771,0.8771,4.2157,0.2021,0,0,0,
89.909,16.900,now,block2_A_now,1,1.5089,3.6143,-2.0952,0.1290,0.0920,0.0947,0.4487,1,0.6987,0.5302,-0.4521,0.5824,1.1519,140.2,31,0.6987,0.5302,0.2200,0.8771,0.8771,4.2157,0.1903,0,0,0,
90.008,17.000,now,block2_A_now,1,1.5022,3.6027,-2.0820,0.1360,0.2780,0.1200,0.3144,1,0.6987,0.5302,-0.4521,0.5824,1.1519,140.2,31,0.6987,0.5302,0.2200,0.8771,0.8771,4.2157,0.2400,0,0,0,
90.108,17.100,now,block2_A_now,1,1.4961,3.5913,-2.0408,0.1200,0.5200,0.1137,-0.0056,1,0.6987,0.5302,-0.4521,0.5824,1.1519,140.2,31,0.6987,0.5302,0.2200,0.8771,0.8771,4.2157,0.2274,0,0,0,
90.209,17.200,now,block2_A_now,1,1.4902,3.5794,-2.0059,0.0850,0.4640,0.1200,-0.0385,0,0.6987,0.5302,-0.4521,0.5824,1.1519,140.2,31,0.6987,0.5302,0.2200,0.8771,0.8771,4.2157,0.2274,0,0,0,
90.308,17.300,now,block2_A_now,1,1.4854,3.5685,-1.9753,0.1260,0.3710,0.1137,-0.1410,0,0.6987,0.5302,-0.4521,0.5824,1.1519,140.2,31,0.6987,0.5302,0.2200,0.8771,0.8771,4.2157,0.2274,0,0,0,
90.408,17.400,now,block2_A_now,1,1.4824,3.5610,-1.9291,0.0570,0.3340,0.1074,-0.2241,0,0.6987,0.5302,-0.4521,0.5824,1.1519,140.2,31,0.6987,0.5302,0.2200,0.8771,0.8771,4.2157,0.2147,0,0,0,
90.510,17.501,now,block2_A_now,1,1.4787,3.5509,-1.9022,0.0880,0.5200,0.1011,-0.1154,0,0.6987,0.5302,-0.4521,0.5824,1.1519,140.2,31,0.6987,0.5302,0.2200,0.8771,0.8771,4.0297,0.2274,0,0,0,
90.610,17.601,now,block2_A_now,1,1.4757,3.5419,-1.8855,0.1040,0.4270,0.1200,-0.2436,0,0.6987,0.5302,-0.4521,0.5824,1.1519,140.2,31,0.6987,0.5302,0.2200,0.8771,0.8771,4.0297,0.2400,0,0,0,
90.712,17.703,now,block2_A_now,1,1.4741,3.5370,-1.8710,0.0820,-0.2600,0.1200,-0.1410,0,0.6987,0.5302,-0.4521,0.5824,1.1519,140.2,31,0.6987,0.5302,0.2200,0.8771,0.8771,4.0297,0.2364,0,0,0,
90.808,17.800,now,block2_A_now,1,1.4716,3.5287,-1.8573,0.1230,-0.2780,0.1137,-0.1667,0,0.6987,0.5302,-0.4521,0.5824,1.1519,140.2,31,0.6987,0.5302,0.2200,0.8771,0.8771,4.0297,0.2271,0,0,0,
90.908,17.900,now,block2_A_now,1,1.4691,3.5204,-1.8636,0.0880,0.0740,0.1200,-0.1667,0,0.6987,0.5302,-0.4521,0.5824,1.1519,140.2,31,0.6987,0.5302,0.2200,0.8771,0.8771,4.0297,0.2400,0,0,0,
91.008,18.000,now,block2_A_now,1,1.4657,3.5091,-1.8777,0.0950,-0.4450,0.1200,-0.0385,0,0.6987,0.5302,-0.4521,0.5824,1.1519,140.2,31,0.6987,0.5302,0.2200,0.8771,0.8771,4.0297,0.2400,0,0,0,
91.109,18.100,now,block2_A_now,1,1.4614,3.4957,-1.8999,0.1770,-0.2970,0.1137,-0.0128,0,0.6987,0.5302,-0.4521,0.5824,1.1519,140.2,31,0.6987,0.5302,0.2200,0.8771,0.8771,4.0297,0.2274,0,0,0,
91.208,18.200,now,block2_A_now,1,1.4569,3.4831,-1.9265,0.1450,-0.3340,0.1074,0.0385,0,0.6987,0.5302,-0.4521,0.5824,1.1519,140.2,31,0.6987,0.5302,0.2200,0.8771,0.8771,4.0297,0.2021,0,0,0,
91.309,18.300,now,block2_A_now,1,1.4526,3.4717,-1.9517,0.0980,-0.2780,0.1011,0.0385,0,0.6987,0.5302,-0.4521,0.5824,1.1519,140.2,31,0.6987,0.5302,0.2200,0.8771,0.8771,4.0297,0.2021,0,0,0,
91.408,18.400,now,block2_A_now,1,1.4484,3.4616,-1.9796,0.1170,-0.4270,0.0947,0.2497,0,0.6987,0.5302,-0.4521,0.5824,1.1519,140.2,31,0.6987,0.5302,0.2200,0.8771,0.8771,4.0297,0.2274,0,0,0,
91.509,18.500,now,block2_A_now,1,1.4437,3.4507,-1.9848,0.1740,-0.0550,0.1137,0.1154,0,0.6987,0.5302,-0.4521,0.5824,1.1519,140.2,31,0.6987,0.5302,0.2200,0.8771,0.8771,3.9642,0.2274,0,0,0,
91.608,18.600,now,block2_A_now,1,1.4405,3.4437,-1.9960,0.0630,-0.1110,0.1074,0.2949,0,0.6987,0.5302,-0.4521,0.5824,1.1519,140.2,31,0.6987,0.5302,0.2200,0.8771,0.8771,3.9642,0.2400,0,0,0,
91.709,18.700,now,block2_A_now,1,1.4374,3.4371,-2.0116,0.1260,0.0000,0.1074,0.4292,0,0.6987,0.5302,-0.4521,0.5824,1.1519,140.2,31,0.6987,0.5302,0.2200,0.8771,0.8771,3.9642,0.2400,0,0,0,
91.808,18.800,now,block2_A_now,1,1.4353,3.4327,-2.0190,0.1170,0.1300,0.1074,0.3974,0,0.6987,0.5302,-0.4521,0.5824,1.1519,140.2,31,0.6987,0.5302,0.2200,0.8771,0.8771,3.9642,0.2143,0,0,0,
91.908,18.900,now,block2_A_now,1,1.4324,3.4265,-2.0143,0.0470,0.1670,0.1200,0.3718,0,0.6987,0.5302,-0.4521,0.5824,1.1519,140.2,31,0.6987,0.5302,0.2200,0.8771,0.8771,3.9642,0.2400,0,0,0,
92.009,19.001,now,block2_A_now,1,1.4286,3.4184,-1.9940,0.0760,0.3710,0.1200,0.3974,0,0.6987,0.5302,-0.4521,0.5824,1.1519,140.2,31,0.6987,0.5302,0.2200,0.8771,0.8771,3.9642,0.2400,0,0,0,
92.109,19.101,now,block2_A_now,1,1.4227,3.4048,-1.9617,0.2020,0.1850,0.1137,0.3462,0,0.6987,0.5302,-0.4521,0.5824,1.1519,140.2,31,0.6987,0.5302,0.2200,0.8771,0.8771,3.9642,0.2274,0,0,0,
92.209,19.200,now,block2_A_now,1,1.4169,3.3900,-1.9171,0.1770,0.3340,0.1074,0.3462,0,0.6987,0.5302,-0.4521,0.5824,1.1519,140.2,31,0.6987,0.5302,0.2200,0.8771,0.8771,3.9642,0.2042,0,0,0,
92.309,19.300,now,block2_A_now,1,1.4125,3.3770,-1.8726,0.1450,0.3340,0.1200,0.1667,0,0.6987,0.5302,-0.4521,0.5824,1.1519,140.2,31,0.6987,0.5302,0.2200,0.8771,0.8771,3.9642,0.2416,0,0,0,
92.409,19.401,now,block2_A_now,1,1.4091,3.3651,-1.8285,0.1170,0.3530,0.1200,0.2692,0,0.6987,0.5302,-0.4521,0.5824,1.1519,140.2,31,0.6987,0.5302,0.2200,0.8771,0.8771,3.9642,0.2407,0,0,0,
92.512,19.503,now,block2_A_now,1,1.4068,3.3556,-1.7751,0.0790,0.3900,0.1137,0.2179,0,0.6987,0.5302,-0.4521,0.5824,1.1519,140.2,31,0.6987,0.5302,0.2200,0.8771,0.8771,3.8539,0.2274,0,0,0,
92.609,19.600,now,block2_A_now,1,1.4045,3.3441,-1.7370,0.0760,0.4450,0.1074,0.2436,0,0.6987,0.5302,-0.4521,0.5824,1.1519,140.2,31,0.6987,0.5302,0.2200,0.8771,0.8771,3.8539,0.2021,0,0,0,
92.708,19.700,now,block2_A_now,1,1.4031,3.3339,-1.6920,0.1450,0.0740,0.1011,0.1410,0,0.6987,0.5302,-0.4521,0.5824,1.1519,140.2,31,0.6987,0.5302,0.2200,0.8771,0.8771,3.8539,0.2400,0,0,0,
92.808,19.800,now,block2_A_now,1,1.4020,3.3245,-1.6630,0.0340,0.2040,0.1200,0.1154,0,0.6987,0.5302,-0.4521,0.5824,1.1519,140.2,31,0.6987,0.5302,0.2200,0.8771,0.8771,3.8539,0.2274,0,0,0,
92.910,19.901,now,block2_A_now,1,1.4014,3.3169,-1.6311,0.0980,-0.0920,0.1137,0.0897,0,0.6987,0.5302,-0.4521,0.5824,1.1519,140.2,31,0.6987,0.5302,0.2200,0.8771,0.8771,3.8539,0.2274,0,0,0,
93.013,20.004,now,block2_A_now,1,1.4010,3.3099,-1.6181,0.0250,0.1480,0.1074,0.0897,0,0.6987,0.5302,-0.4521,0.5824,1.1519,140.2,31,0.6987,0.5302,0.2200,0.8771,0.8771,3.8539,0.2147,0,0,0,
93.109,20.100,now,block2_A_now,1,1.4008,3.3044,-1.5859,0.0570,0.3340,0.1074,-0.0128,0,0.6987,0.5302,-0.4521,0.5824,1.1519,140.2,31,0.6987,0.5302,0.2200,0.8771,0.8771,3.8539,0.2147,0,0,0,
93.208,20.200,now,block2_A_now,1,1.4007,3.2961,-1.5701,0.0850,0.5010,0.1074,-0.0385,0,0.6987,0.5302,-0.4521,0.5824,1.1519,140.2,31,0.6987,0.5302,0.2200,0.8771,0.8771,3.8539,0.2021,0,0,0,
93.312,20.304,now,block2_A_now,1,1.4008,3.2875,-1.5597,0.0440,-0.1110,0.1011,-0.0385,0,0.6987,0.5302,-0.4521,0.5824,1.1519,140.2,31,0.6987,0.5302,0.2200,0.8771,0.8771,3.8539,0.2400,0,0,0,
93.409,20.400,now,block2_A_now,1,1.4010,3.2786,-1.5403,0.0530,0.2410,0.1200,-0.1410,0,0.6987,0.5302,-0.4521,0.5824,1.1519,140.2,31,0.6987,0.5302,0.2200,0.8771,0.8771,3.8539,0.2400,0,0,0,
93.508,20.500,now,block2_A_now,1,1.4013,3.2679,-1.5377,0.0720,-0.0180,0.1200,-0.0385,0,0.6987,0.5302,-0.4521,0.5824,1.1519,140.2,31,0.6987,0.5302,0.2200,0.8771,0.8771,3.8539,0.2274,0,0,0,
93.610,20.601,now,block2_A_now,1,1.4018,3.2534,-1.5440,0.0980,-0.2410,0.1074,-0.0128,0,0.6987,0.5302,-0.4521,0.5824,1.1519,140.2,31,0.6987,0.5302,0.2200,0.8771,0.8771,3.7438,0.2147,0,0,0,
93.712,20.704,now,block2_A_now,1,1.4022,3.2386,-1.5528,0.1290,-0.2410,0.1011,-0.0128,0,0.6987,0.5302,-0.4521,0.5824,1.1519,140.2,31,0.6987,0.5302,0.2200,0.8771,0.8771,3.7438,0.2021,0,0,0,
93.809,20.800,now,block2_A_now,1,1.4023,3.2254,-1.5682,0.1330,-0.3710,0.1200,-0.0128,0,0.6987,0.5302,-0.4521,0.5824,1.1519,140.2,31,0.6987,0.5302,0.2200,0.8771,0.8771,3.7438,0.2400,0,0,0,
93.908,20.900,now,block2_A_now,1,1.4024,3.2112,-1.5778,0.1100,-0.3900,0.1137,0.0000,0,0.6987,0.5302,-0.4521,0.5824,1.1519,140.2,31,0.6987,0.5302,0.2200,0.8771,0.8771,3.7438,0.2147,0,0,0,
94.009,21.000,now,block2_A_now,1,1.4023,3.1989,-1.5744,0.1550,0.1300,0.1074,0.0000,0,0.6987,0.5302,-0.4521,0.5824,1.1519,140.2,31,0.6987,0.5302,0.2200,0.8771,0.8771,3.7438,0.2021,0,0,0,
94.109,21.101,now,block2_A_now,1,1.4023,3.1889,-1.5811,0.0950,-0.4830,0.1011,0.0128,0,0.6987,0.5302,-0.4521,0.5824,1.1519,140.2,31,0.6987,0.5302,0.2200,0.8771,0.8771,3.7438,0.2021,0,0,0,
94.209,21.200,now,block2_A_now,1,1.4022,3.1823,-1.5900,0.0340,-0.2040,0.1200,0.0128,0,0.6987,0.5302,-0.4521,0.5824,1.1519,140.2,31,0.6987,0.5302,0.2200,0.8771,0.8771,3.7438,0.2400,0,0,0,
94.308,21.300,now,block2_A_now,1,1.4021,3.1737,-1.5853,0.1260,0.2600,0.1200,-0.0385,0,0.6987,0.5302,-0.4521,0.5824,1.1519,140.2,31,0.6987,0.5302,0.2200,0.8771,0.8771,3.7438,0.2274,0,0,0,
94.413,21.405,now,block2_A_now,1,1.4020,3.1673,-1.5988,0.1040,-0.3900,0.1137,0.0385,0,0.6987,0.5302,-0.4521,0.5824,1.1519,140.2,31,0.6987,0.5302,0.2200,0.8771,0.8771,3.7438,0.2274,0,0,0,
94.508,21.500,now,block2_A_now,1,1.4017,3.1596,-1.6027,0.0850,0.0920,0.1074,0.0385,0,0.6987,0.5302,-0.4521,0.5824,1.1519,140.2,31,0.6987,0.5302,0.2200,0.8771,0.8771,3.7438,0.2147,0,0,0,
94.608,21.600,now,block2_A_now,1,1.4015,3.1509,-1.6042,0.0910,-0.0550,0.1074,0.2179,0,0.6987,0.5302,-0.4521,0.5824,1.1519,140.2,31,0.6987,0.5302,0.2200,0.8771,0.8771,3.6479,0.2147,0,0,0,
94.712,21.703,now,block2_A_now,1,1.4010,3.1409,-1.6165,0.0530,-0.0550,0.1011,0.0641,0,0.6987,0.5302,-0.4521,0.5824,1.1519,140.2,31,0.6987,0.5302,0.2200,0.8771,0.8771,3.6479,0.2021,0,0,0,
94.808,21.800,now,block2_A_now,1,1.4005,3.1307,-1.6245,0.1580,-0.0740,0.1200,0.0385,0,0.6987,0.5302,-0.4521,0.5824,1.1519,140.2,31,0.6987,0.5302,0.2200,0.8771,0.8771,3.6479,0.2400,0,0,0,
94.910,21.901,now,block2_A_now,1,1.3999,3.1206,-1.6405,0.1170,-0.3150,0.1200,0.2241,0,0.6987,0.5302,-0.4521,0.5824,1.1519,140.2,31,0.6987,0.5302,0.2200,0.8771,0.8771,3.6479,0.2274,0,0,0,
95.008,22.000,now,block2_A_now,1,1.3992,3.1107,-1.6401,0.1140,0.1850,0.1137,0.1154,0,0.6987,0.5302,-0.4521,0.5824,1.1519,140.2,31,0.6987,0.5302,0.2200,0.8771,0.8771,3.6479,0.2147,0,0,0,
95.109,22.100,now,block2_A_now,1,1.3984,3.1004,-1.6449,0.1390,0.2220,0.1137,0.2497,0,0.6987,0.5302,-0.4521,0.5824,1.1519,140.2,31,0.6987,0.5302,0.2200,0.8771,0.8771,3.6479,0.2147,0,0,0,
95.208,22.200,now,block2_A_now,1,1.3974,3.0873,-1.6460,0.1230,0.1670,0.1011,0.1923,0,0.6987,0.5302,-0.4521,0.5824,1.1519,140.2,31,0.6987,0.5302,0.2200,0.8771,0.8771,3.6479,0.2021,0,0,0,
95.310,22.302,now,block2_A_now,1,1.3965,3.0752,-1.6391,0.0760,0.1110,0.1200,0.1410,0,0.6987,0.5302,-0.4521,0.5824,1.1519,140.2,31,0.6987,0.5302,0.2200,0.8771,0.8771,3.6479,0.2400,0,0,0,
95.408,22.400,now,block2_A_now,1,1.3957,3.0628,-1.6238,0.1230,0.4640,0.1137,0.1154,0,0.6987,0.5302,-0.4521,0.5824,1.1519,140.2,31,0.6987,0.5302,0.2200,0.8771,0.8771,3.6479,0.2274,0,0,0,
95.508,22.500,now,block2_A_now,1,1.3951,3.0508,-1.6137,0.1550,0.2040,0.1137,0.1154,0,0.6987,0.5302,-0.4521,0.5824,1.1519,140.2,31,0.6987,0.5302,0.2200,0.8771,0.8771,3.6479,0.2147,0,0,0,
95.608,22.600,now,block2_A_now,1,1.3948,3.0402,-1.5877,0.0850,0.4270,0.1011,0.0897,0,0.6987,0.5302,-0.4521,0.5824,1.1519,140.2,31,0.6987,0.5302,0.2200,0.8771,0.8771,3.5377,0.2021,0,0,0,
95.709,22.700,now,block2_A_now,1,1.3946,3.0293,-1.5829,0.0790,-0.0920,0.1200,0.0641,0,0.6987,0.5302,-0.4521,0.5824,1.1519,140.2,31,0.6987,0.5302,0.2200,0.8771,0.8771,3.5377,0.2400,0,0,0,
95.808,22.800,now,block2_A_now,1,1.3945,3.0203,-1.5714,0.0660,0.2410,0.1137,-0.0128,0,0.6987,0.5302,-0.4521,0.5824,1.1519,140.2,31,0.6987,0.5302,0.2200,0.8771,0.8771,3.5377,0.2274,0,0,0,
95.908,22.900,now,block2_A_now,1,1.3947,3.0109,-1.5429,0.0790,0.4270,0.1137,-0.1215,0,0.6987,0.5302,-0.4521,0.5824,1.1519,140.2,31,0.6987,0.5302,0.2200,0.8771,0.8771,3.5377,0.2147,0,0,0,
96.008,23.000,now,block2_A_now,1,1.3949,3.0027,-1.5240,0.0790,0.4640,0.1074,0.0000,0,0.6987,0.5302,-0.4521,0.5824,1.1519,140.2,31,0.6987,0.5302,0.2200,0.8771,0.8771,3.5377,0.2147,0,0,0,
96.108,23.100,now,block2_A_now,1,1.3952,2.9956,-1.5166,0.0120,0.0740,0.1011,-0.0128,0,0.6987,0.5302,-0.4521,0.5824,1.1519,140.2,31,0.6987,0.5302,0.2200,0.8771,0.8771,3.5377,0.2021,0,0,0,
96.211,23.202,now,block2_A_now,1,1.3958,2.9854,-1.5063,0.1330,-0.2220,0.1011,-0.0128,0,0.6987,0.5302,-0.4521,0.5824,1.1519,140.2,31,0.6987,0.5302,0.2200,0.8771,0.8771,3.5377,0.2399,0,0,0,
96.308,23.300,now,block2_A_now,1,1.3964,2.9769,-1.4936,0.1670,0.0550,0.1200,-0.1154,0,0.6987,0.5302,-0.4521,0.5824,1.1519,140.2,31,0.6987,0.5302,0.2200,0.8771,0.8771,3.5377,0.2343,0,0,0,
96.408,23.400,now,block2_A_now,1,1.3971,2.9685,-1.4885,0.0850,-0.3900,0.1137,-0.1410,0,0.6987,0.5302,-0.4521,0.5824,1.1519,140.2,31,0.6987,0.5302,0.2200,0.8771,0.8771,3.5377,0.2274,0,0,0,
96.509,23.500,now,block2_A_now,1,1.3979,2.9600,-1.4785,0.0410,0.1300,0.1137,-0.3010,0,0.6987,0.5302,-0.4521,0.5824,1.1519,140.2,31,0.6987,0.5302,0.2200,0.8771,0.8771,3.5377,0.2147,0,0,0,
96.610,23.601,now,block2_A_now,1,1.3988,2.9504,-1.4703,0.1360,-0.1300,0.1074,-0.1667,0,0.6987,0.5302,-0.4521,0.5824,1.1519,140.2,31,0.6987,0.5302,0.2200,0.8771,0.8771,3.5377,0.2147,0,0,0,
96.712,23.704,now,block2_A_now,1,1.4002,2.9369,-1.4715,0.1360,-0.1670,0.1011,-0.1667,0,0.6987,0.5302,-0.4521,0.5824,1.1519,140.2,31,0.6987,0.5302,0.2200,0.8771,0.8771,3.4419,0.2028,0,0,0,
96.808,23.800,now,block2_A_now,1,1.4015,2.9238,-1.4804,0.1290,-0.3150,0.1200,-0.1667,0,0.6987,0.5302,-0.4521,0.5824,1.1519,140.2,31,0.6987,0.5302,0.2200,0.8771,0.8771,3.4419,0.2400,0,0,0,
96.909,23.900,now,block2_A_now,1,1.4027,2.9097,-1.4945,0.1260,-0.1480,0.1137,-0.1667,0,0.6987,0.5302,-0.4521,0.5824,1.1519,140.2,31,0.6987,0.5302,0.2200,0.8771,0.8771,3.4419,0.2147,0,0,0,
97.010,24.002,now,block2_A_now,1,1.4038,2.8949,-1.5009,0.1740,-0.1670,0.1074,-0.1410,0,0.6987,0.5302,-0.4521,0.5824,1.1519,140.2,31,0.6987,0.5302,0.2200,0.8771,0.8771,3.4419,0.2021,0,0,0,
97.108,24.100,now,block2_A_now,1,1.4045,2.8834,-1.5172,0.0850,-0.2410,0.1011,-0.1410,0,0.6987,0.5302,-0.4521,0.5824,1.1519,140.2,31,0.6987,0.5302,0.2200,0.8771,0.8771,3.4419,0.2400,0,0,0,
97.212,24.203,now,block2_A_now,1,1.4051,2.8713,-1.5272,0.0850,0.1300,0.1200,-0.1410,0,0.6987,0.5302,-0.4521,0.5824,1.1519,140.2,31,0.6987,0.5302,0.2200,0.8771,0.8771,3.4419,0.2274,0,0,0,
97.310,24.301,now,block2_A_now,1,1.4054,2.8613,-1.5495,0.1200,-0.2220,0.1137,-0.1154,0,0.6987,0.5302,-0.4521,0.5824,1.1519,140.2,31,0.6987,0.5302,0.2200,0.8771,0.8771,3.4419,0.2274,0,0,0,
97.410,24.402,now,block2_A_now,1,1.4055,2.8520,-1.5695,0.0470,-0.0920,0.1074,-0.0641,0,0.6987,0.5302,-0.4521,0.5824,1.1519,140.2,31,0.6987,0.5302,0.2200,0.8771,0.8771,3.4419,0.2147,0,0,0,
97.509,24.500,now,block2_A_now,1,1.4055,2.8443,-1.5869,0.0380,-0.1480,0.1074,-0.0897,0,0.6987,0.5302,-0.4521,0.5824,1.1519,140.2,31,0.6987,0.5302,0.2200,0.8771,0.8771,3.4419,0.2021,0,0,0,
97.609,24.600,now,block2_A_now,1,1.4052,2.8359,-1.6047,0.0570,-0.2220,0.1011,-0.0897,0,0.6987,0.5302,-0.4521,0.5824,1.1519,140.2,31,0.6987,0.5302,0.2200,0.8771,0.8771,3.4419,0.2400,0,0,0,
97.709,24.700,now,block2_A_now,1,1.4049,2.8274,-1.6131,0.1010,-0.3710,0.1200,-0.0641,0,0.6987,0.5302,-0.4521,0.5824,1.1519,140.2,31,0.6987,0.5302,0.2200,0.8771,0.8771,3.3463,0.2400,0,0,0,
97.808,24.800,now,block2_A_now,1,1.4046,2.8206,-1.6239,0.0410,-0.0920,0.1137,-0.0128,0,0.6987,0.5302,-0.4521,0.5824,1.1519,140.2,31,0.6987,0.5302,0.2200,0.8771,0.8771,3.3463,0.2274,0,0,0,
97.908,24.900,now,block2_A_now,1,1.4041,2.8125,-1.6400,0.0690,-0.2600,0.1137,-0.0128,0,0.6987,0.5302,-0.4521,0.5824,1.1519,140.2,31,0.6987,0.5302,0.2200,0.8771,0.8771,3.3463,0.2147,0,0,0,
98.009,25.000,now,block2_A_now,1,1.4034,2.8042,-1.6533,0.0280,-0.0920,0.1074,-0.0385,0,0.6987,0.5302,-0.4521,0.5824,1.1519,140.2,31,0.6987,0.5302,0.2200,0.8771,0.8771,3.3463,0.2147,0,0,0,
98.109,25.100,now,block2_A_now,1,1.4025,2.7936,-1.6735,0.0850,-0.5010,0.1011,-0.0385,0,0.6987,0.5302,-0.4521,0.5824,1.1519,140.2,31,0.6987,0.5302,0.2200,0.8771,0.8771,3.3463,0.2021,0,0,0,
98.209,25.200,now,block2_A_now,1,1.4013,2.7822,-1.6869,0.1740,-0.0180,0.1200,0.0385,0,0.6987,0.5302,-0.4521,0.5824,1.1519,140.2,31,0.6987,0.5302,0.2200,0.8771,0.8771,3.3463,0.2400,0,0,0,
98.308,25.300,now,block2_A_now,1,1.4002,2.7727,-1.6880,0.0850,-0.0180,0.1200,0.0000,0,0.6987,0.5302,-0.4521,0.5824,1.1519,140.2,31,0.6987,0.5302,0.2200,0.8771,0.8771,3.3463,0.2274,0,0,0,
98.408,25.400,now,block2_A_now,1,1.3990,2.7633,-1.7087,0.1140,-0.2220,0.1137,0.0385,0,0.6987,0.5302,-0.4521,0.5824,1.1519,140.2,31,0.6987,0.5302,0.2200,0.8771,0.8771,3.3463,0.2274,0,0,0,
98.508,25.500,now,block2_A_now,1,1.3976,2.7539,-1.7261,0.0410,-0.1300,0.1074,0.0128,0,0.6987,0.5302,-0.4521,0.5824,1.1519,140.2,31,0.6987,0.5302,0.2200,0.8771,0.8771,3.3463,0.2147,0,0,0,
98.610,25.602,now,block2_A_now,1,1.3961,2.7449,-1.7420,0.0660,0.0180,0.1011,0.0385,0,0.6987,0.5302,-0.4521,0.5824,1.1519,140.2,31,0.6987,0.5302,0.2200,0.8771,0.8771,3.3463,0.2021,0,0,0,
98.708,25.700,now,block2_A_now,1,1.3944,2.7354,-1.7509,0.0530,-0.0550,0.1011,0.0385,0,0.6987,0.5302,-0.4521,0.5824,1.1519,140.2,31,0.6987,0.5302,0.2200,0.8771,0.8771,3.2509,0.2400,0,0,0,
98.808,25.800,now,block2_A_now,1,1.3923,2.7241,-1.7595,0.1040,0.2040,0.1200,0.0641,0,0.6987,0.5302,-0.4521,0.5824,1.1519,140.2,31,0.6987,0.5302,0.2200,0.8771,0.8771,3.2509,0.2400,0,0,0,
98.908,25.900,now,block2_A_now,1,1.3900,2.7121,-1.7551,0.1010,0.3710,0.1200,0.1410,0,0.6987,0.5302,-0.4521,0.5824,1.1519,140.2,31,0.6987,0.5302,0.2200,0.8771,0.8771,3.2509,0.2274,0,0,0,
99.008,26.000,now,block2_A_now,1,1.3876,2.6996,-1.7547,0.1070,0.1850,0.1074,0.0897,0,0.6987,0.5302,-0.4521,0.5824,1.1519,140.2,31,0.6987,0.5302,0.2200,0.8771,0.8771,3.2509,0.2147,0,0,0,
99.114,26.105,now,block2_A_now,1,1.3853,2.6872,-1.7612,0.1550,-0.0920,0.1011,0.0897,0,0.6987,0.5302,-0.4521,0.5824,1.1519,140.2,31,0.6987,0.5302,0.2200,0.8771,0.8771,3.2509,0.2021,0,0,0,
99.208,26.200,now,block2_A_now,1,1.3827,2.6737,-1.7622,0.1200,-0.1110,0.1200,0.0897,0,0.6987,0.5302,-0.4521,0.5824,1.1519,140.2,31,0.6987,0.5302,0.2200,0.8771,0.8771,3.2509,0.2400,0,0,0,
99.308,26.300,now,block2_A_now,1,1.3807,2.6632,-1.7526,0.1200,-0.0370,0.1137,0.0897,0,0.6987,0.5302,-0.4521,0.5824,1.1519,140.2,31,0.6987,0.5302,0.2200,0.8771,0.8771,3.2509,0.2274,0,0,0,
99.408,26.400,now,block2_A_now,1,1.3790,2.6538,-1.7303,0.0410,0.0920,0.1074,0.0897,0,0.6987,0.5302,-0.4521,0.5824,1.1519,140.2,31,0.6987,0.5302,0.2200,0.8771,0.8771,3.2509,0.2147,0,0,0,
99.509,26.500,now,block2_A_now,1,1.3776,2.6444,-1.7124,0.0340,0.0550,0.1074,0.0641,0,0.6987,0.5302,-0.4521,0.5824,1.1519,140.2,31,0.6987,0.5302,0.2200,0.8771,0.8771,3.2509,0.2147,0,0,0,
99.608,26.600,now,block2_A_now,1,1.3761,2.6337,-1.7013,0.1580,-0.0740,0.1011,0.0641,0,0.6987,0.5302,-0.4521,0.5824,1.1519,140.2,31,0.6987,0.5302,0.2200,0.8771,0.8771,3.2509,0.2400,0,0,0,
99.715,26.706,now,block2_A_now,1,1.3749,2.6234,-1.6883,0.0950,-0.2600,0.1200,0.0641,0,0.6987,0.5302,-0.4521,0.5824,1.1519,140.2,31,0.6987,0.5302,0.2200,0.8771,0.8771,3.0927,0.2274,0,0,0,
99.808,26.800,now,block2_A_now,1,1.3740,2.6149,-1.6694,0.0470,-0.0550,0.1137,0.0385,1,2.1360,2.3864,4.3467,1.3243,2.4526,-73.8,31,2.1360,2.3864,0.2200,3.2028,3.2028,3.0927,0.2274,0,0,0,
99.908,26.900,now,block2_A_now,1,1.3731,2.6056,-1.6523,0.0500,0.1850,0.1074,0.0385,1,2.1360,2.3864,4.3467,1.3243,2.4526,-73.8,31,2.1360,2.3864,0.2200,3.2028,3.2028,3.0927,0.2147,0,0,0,
100.008,27.000,now,block2_A_now,1,1.3724,2.5962,-1.6311,0.0600,0.3530,0.1011,0.0128,1,2.1688,2.3679,3.9095,1.5645,1.9171,-72.3,31,2.1688,2.3679,0.2200,3.2110,3.2110,3.0927,0.2021,0,0,0,
100.109,27.100,now,block2_A_now,1,1.3718,2.5860,-1.6237,0.1230,-0.2780,0.1011,0.0128,1,2.1688,2.3679,3.9095,1.5645,1.9171,-72.3,31,2.1688,2.3679,0.2200,3.2110,3.2110,3.0927,0.2400,0,0,0,
100.208,27.200,now,block2_A_now,1,1.3714,2.5769,-1.6189,0.1610,0.0550,0.1200,-0.0385,1,2.1688,2.3679,3.9095,1.5645,1.9171,-72.3,31,2.1688,2.3679,0.2200,3.2110,3.2110,3.0927,0.2400,0,0,0,
100.309,27.301,now,block2_A_now,1,1.3711,2.5696,-1.6104,0.0760,0.0740,0.1137,0.0000,1,2.1688,2.3679,3.9095,1.5645,1.9171,-72.3,31,2.1688,2.3679,0.2200,3.2110,3.2110,3.0927,0.2274,0,0,0,
100.408,27.400,now,block2_A_now,1,1.3707,2.5599,-1.5933,0.0910,0.4640,0.1137,-0.0128,1,2.1688,2.3679,3.9095,1.5645,1.9171,-72.3,31,2.1688,2.3679,0.2200,3.2110,3.2110,3.0927,0.2147,0,0,0,
100.509,27.500,now,block2_A_now,1,1.3705,2.5491,-1.5853,0.0850,-0.1670,0.1074,-0.0128,1,2.3806,1.9930,3.5141,1.7159,1.1668,-53.7,31,2.3806,1.9930,0.2200,3.1047,3.1047,3.0927,0.2147,0,0,0,
100.609,27.600,now,block2_A_now,1,1.3704,2.5389,-1.5765,0.0340,0.0550,0.1011,-0.0128,1,2.3806,1.9930,3.5141,1.7159,1.1668,-53.7,31,2.3806,1.9930,0.2200,3.1047,3.1047,3.0927,0.2400,0,0,0,
100.709,27.700,now,block2_A_now,1,1.3704,2.5269,-1.5639,0.1640,0.1850,0.1200,-0.0128,1,2.3862,1.9756,3.3551,1.7298,0.9996,-53.9,31,2.3862,1.9756,0.2200,3.0979,3.0979,3.0927,0.2400,0,0,0,
100.810,27.801,now,block2_A_now,1,1.3705,2.5134,-1.5653,0.1770,0.0370,0.1137,-0.0897,1,2.4017,1.9474,3.2392,1.7191,0.8681,-54.3,31,2.4017,1.9474,0.2200,3.0920,3.0920,2.9976,0.2274,0,0,0,
100.908,27.900,now,block2_A_now,1,1.3706,2.5011,-1.5669,0.1420,0.0550,0.1074,-0.0385,1,2.4017,1.9474,3.2392,1.7191,0.8681,-54.3,31,2.4017,1.9474,0.2200,3.0920,3.0920,2.9976,0.2147,0,0,0,
101.008,28.000,now,block2_A_now,1,1.3706,2.4876,-1.5712,0.1450,-0.0370,0.1011,-0.0385,1,2.4067,1.9123,2.9511,1.7639,0.5642,-53.7,31,2.4067,1.9123,0.2200,3.0740,3.0740,2.9976,0.2021,0,0,0,
101.109,28.100,now,block2_A_now,1,1.3705,2.4764,-1.5765,0.1330,0.2220,0.1200,-0.0128,1,2.3930,1.8806,2.7468,1.7842,0.3668,-53.4,31,2.3930,1.8806,0.2200,3.0435,3.0435,2.9976,0.2400,0,0,0,
101.208,28.200,now,block2_A_now,1,1.3705,2.4660,-1.5765,0.0980,-0.3900,0.1137,-0.0385,1,2.3930,1.8806,2.7468,1.7842,0.3668,-53.4,31,2.3930,1.8806,0.2200,3.0435,3.0435,2.9976,0.2274,0,0,0,
101.309,28.300,now,block2_A_now,1,1.3705,2.4574,-1.5665,0.0720,0.2780,0.1137,-0.0385,1,2.3805,1.8513,2.6105,1.7886,0.2384,-53.1,31,2.3805,1.8513,0.2200,3.0157,3.0157,2.9976,0.2147,0,0,0,
101.412,28.404,now,block2_A_now,1,1.3705,2.4495,-1.5772,0.0250,-0.0740,0.1074,-0.0385,1,2.3632,1.8294,2.5127,1.7887,0.1550,-53.0,31,2.3632,1.8294,0.2200,2.9886,2.9886,2.9976,0.2021,0,0,0,
101.509,28.500,now,block2_A_now,1,1.3704,2.4399,-1.5772,0.1550,0.0550,0.1011,-0.0385,1,2.3632,1.8294,2.5127,1.7887,0.1550,-53.0,31,2.3632,1.8294,0.2200,2.9886,2.9886,2.9976,0.2021,0,0,0,
101.608,28.600,now,block2_A_now,1,1.3704,2.4312,-1.5861,0.0950,-0.2970,0.1200,-0.0128,1,2.3388,1.8157,2.4359,1.7892,0.1007,-53.1,31,2.3388,1.8157,0.2200,2.9609,2.9609,2.9976,0.2400,0,0,0,
101.708,28.700,now,block2_A_now,1,1.3702,2.4245,-1.5962,0.0310,-0.0740,0.1200,-0.0128,1,2.3090,1.8104,2.3722,1.7932,0.0655,-53.3,31,2.3090,1.8104,0.2200,2.9341,2.9341,2.9976,0.2274,0,0,0,
101.808,28.800,now,block2_A_now,1,1.3699,2.4140,-1.6014,0.1330,0.2220,0.1137,-0.0128,1,2.3090,1.8104,2.3722,1.7932,0.0655,-53.3,31,2.3090,1.8104,0.2200,2.9341,2.9341,2.9028,0.2274,0,0,0,
101.908,28.900,now,block2_A_now,1,1.3695,2.4038,-1.6170,0.1480,-0.1300,0.1074,0.0128,1,2.2757,1.8155,2.3167,1.8043,0.0426,-53.8,31,2.2757,1.8155,0.2200,2.9111,2.9111,2.9028,0.2147,0,0,0,
102.009,29.000,now,block2_A_now,1,1.3691,2.3957,-1.6303,0.0980,-0.4270,0.1074,0.0000,1,2.2452,1.8278,2.2719,1.8205,0.0277,-54.4,31,2.2452,1.8278,0.2200,2.8951,2.8951,2.9028,0.2021,0,0,0,
102.108,29.100,now,block2_A_now,1,1.3684,2.3856,-1.6555,0.1640,-0.1110,0.1011,0.0385,1,2.2452,1.8278,2.2719,1.8205,0.0277,-54.4,31,2.2452,1.8278,0.2200,2.8951,2.8951,2.9028,0.2400,0,0,0,
102.208,29.200,now,block2_A_now,1,1.3675,2.3763,-1.6748,0.1010,-0.4450,0.1200,0.0385,1,2.2104,1.8483,2.2278,1.8436,0.0180,-55.1,31,2.2104,1.8483,0.2200,2.8814,2.8814,2.9028,0.2400,0,0,0,
102.309,29.300,now,block2_A_now,1,1.3664,2.3662,-1.6815,0.1360,0.0180,0.1137,0.0641,1,2.1744,1.8725,2.1856,1.8694,0.0117,-56.0,31,2.1744,1.8725,0.2200,2.8695,2.8695,2.9028,0.2274,0,0,0,
102.408,29.400,now,block2_A_now,1,1.3655,2.3576,-1.6856,0.0280,-0.0180,0.1074,0.0641,1,2.1744,1.8725,2.1856,1.8694,0.0117,-56.0,31,2.1744,1.8725,0.2200,2.8695,2.8695,2.9028,0.2147,0,0,0,
102.508,29.500,now,block2_A_now,1,1.3644,2.3479,-1.6845,0.0950,0.2600,0.1074,0.0641,1,2.1392,1.8977,2.1465,1.8957,0.0076,-56.8,31,2.1392,1.8977,0.2200,2.8596,2.8596,2.9028,0.2146,0,0,0,
102.608,29.600,now,block2_A_now,1,1.3633,2.3388,-1.6967,0.0720,-0.1670,0.1011,0.0641,1,2.1058,1.9229,2.1106,1.9216,0.0049,-57.6,31,2.1058,1.9229,0.2200,2.8517,2.8517,2.9028,0.2021,0,0,0,
102.709,29.700,now,block2_A_now,1,1.3620,2.3290,-1.7122,0.1360,-0.2410,0.1200,0.0897,1,2.1058,1.9229,2.1106,1.9216,0.0049,-57.6,31,2.1058,1.9229,0.2200,2.8517,2.8517,2.9028,0.2399,0,0,0,
102.809,29.800,now,block2_A_now,1,1.3604,2.3184,-1.7173,0.1260,-0.0740,0.1200,0.1154,1,2.0692,1.9483,2.0723,1.9474,0.0032,-58.5,31,2.0692,1.9483,0.2200,2.8420,2.8420,2.7919,0.2400,0,0,0,
102.908,29.900,now,block2_A_now,1,1.3588,2.3078,-1.7232,0.1040,0.3900,0.1137,0.0000,1,2.0324,1.9707,2.0344,1.9702,0.0021,-59.4,31,2.0324,1.9707,0.2200,2.8310,2.8310,2.7919,0.2147,0,0,0,
103.017,30.009,now,block2_A_now,1,1.3572,2.2969,-1.7158,0.1260,0.3710,0.1074,0.0000,1,1.9928,1.9918,1.9941,1.9914,0.0014,-60.2,31,2.0324,1.9707,0.2200,2.8175,2.8310,2.7919,0.2021,0,0,0,
103.108,30.100,now,block2_A_now,1,1.3555,2.2857,-1.7128,0.1480,0.2410,0.1011,0.0000,1,1.9928,1.9918,1.9941,1.9914,0.0014,-60.2,31,1.9928,1.9918,0.2200,2.8175,2.8175,2.7919,0.2400,0,0,0,
103.209,30.200,now,block2_A_now,1,1.3539,2.2740,-1.7117,0.1520,-0.1850,0.1200,0.0000,1,1.9575,2.0077,1.9584,2.0075,0.0009,0.0,31,1.9575,2.0077,0.2200,2.8041,2.8041,2.7919,0.2400,0,0,0,
103.309,30.300,now,block2_A_now,1,1.3523,2.2626,-1.6991,0.0690,0.1480,0.1137,0.0000,1,1.9344,2.0200,1.9349,2.0199,0.0006,0.0,31,1.9344,2.0200,0.2200,2.7968,2.7968,2.7919,0.2274,0,0,0,
103.411,30.403,now,block2_A_now,1,1.3508,2.2511,-1.6979,0.0850,-0.0180,0.1074,0.0000,1,1.9344,2.0200,1.9349,2.0199,0.0006,0.0,31,1.9344,2.0200,0.2200,2.7968,2.7968,2.7919,0.2147,0,0,0,
103.508,30.500,now,block2_A_now,1,1.3498,2.2427,-1.6839,0.0690,0.3340,0.1074,0.1410,1,1.9290,2.0254,1.9294,2.0253,0.0004,0.0,31,1.9290,2.0254,0.2200,2.7970,2.7970,2.7919,0.2021,0,0,0,
103.609,30.601,now,block2_A_now,1,1.3485,2.2316,-1.6757,0.1230,0.3150,0.1011,0.2179,1,1.9322,2.0187,1.9324,2.0186,0.0002,0.0,31,1.9322,2.0187,0.2200,2.7943,2.7943,2.7919,0.2400,0,0,0,
103.708,30.700,now,block2_A_now,1,1.3478,2.2243,-1.6709,0.0340,0.0920,0.1200,0.1410,1,1.9322,2.0187,1.9324,2.0186,0.0002,0.0,31,1.9322,2.0187,0.2200,2.7943,2.7943,2.7919,0.2400,0,0,0,
103.809,30.800,now,block2_A_now,1,1.3468,2.2142,-1.6550,0.0600,0.0550,0.1137,0.1923,1,1.9345,2.0027,1.9347,2.0026,0.0002,0.0,31,1.9345,2.0027,0.2200,2.7845,2.7845,2.7919,0.2274,0,0,0,
103.909,30.900,now,block2_A_now,1,1.3460,2.2044,-1.6431,0.1610,0.0920,0.1137,0.2497,1,1.9340,1.9830,1.9341,1.9829,0.0001,0.0,31,1.9340,1.9830,0.2200,2.7699,2.7699,2.6656,0.2274,0,0,0,
104.008,31.000,now,block2_A_now,1,1.3454,2.1949,-1.6301,0.1140,0.2600,0.1011,-0.0641,1,1.9340,1.9830,1.9341,1.9829,0.0001,0.0,31,1.9340,1.9830,0.2200,2.7699,2.7699,2.6656,0.2021,0,0,0,
104.108,31.100,now,block2_A_now,1,1.3448,2.1840,-1.6146,0.1140,0.0370,0.1011,-0.0385,1,1.9320,1.9612,1.9321,1.9611,0.0001,0.0,31,1.9320,1.9612,0.2200,2.7529,2.7529,2.6656,0.2400,0,0,0,
104.208,31.200,now,block2_A_now,1,1.3444,2.1725,-1.6025,0.1170,-0.0920,0.1200,-0.2179,1,1.9326,1.9364,1.9327,1.9364,0.0000,0.0,31,1.9326,1.9364,0.2200,2.7358,2.7358,2.6656,0.2400,0,0,0,
104.308,31.300,now,block2_A_now,1,1.3442,2.1625,-1.5780,0.0720,0.3150,0.1137,-0.2692,1,1.9326,1.9364,1.9327,1.9364,0.0000,0.0,31,1.9326,1.9364,0.2200,2.7358,2.7358,2.6656,0.2274,0,0,0,
104.408,31.400,now,block2_A_now,1,1.3441,2.1525,-1.5757,0.1230,-0.2410,0.1074,-0.0897,1,1.9409,1.9075,1.9409,1.9075,0.0000,0.0,31,1.9409,1.9075,0.2200,2.7213,2.7213,2.6656,0.2131,0,0,0,
104.508,31.500,now,block2_A_now,1,1.3441,2.1408,-1.5655,0.1170,0.4270,0.1074,-0.1923,1,1.9568,1.8748,1.9569,1.8748,0.0000,0.0,31,1.9568,1.8748,0.2200,2.7100,2.7100,2.6656,0.2021,0,0,0,
104.609,31.600,now,block2_A_now,1,1.3441,2.1322,-1.5506,0.0220,0.0920,0.1200,-0.3010,1,1.9791,1.8377,1.9791,1.8377,0.0000,0.0,31,1.9791,1.8377,0.2200,2.7007,2.7007,2.6656,0.2399,0,0,0,
104.708,31.700,now,block2_A_now,1,1.3444,2.1213,-1.5420,0.0600,0.0180,0.1200,-0.1923,1,1.9791,1.8377,1.9791,1.8377,0.0000,0.0,31,1.9791,1.8377,0.2200,2.7007,2.7007,2.6656,0.2274,0,0,0,
104.808,31.800,now,block2_A_now,1,1.3447,2.1106,-1.5388,0.1200,-0.0370,0.1137,-0.1410,1,2.0016,1.7993,2.0016,1.7993,0.0000,0.0,31,2.0016,1.7993,0.2200,2.6914,2.6914,2.6656,0.2274,0,0,0,
104.909,31.901,now,block2_A_now,1,1.3450,2.0981,-1.5510,0.1200,0.2600,0.1074,-0.1667,1,2.0210,1.7666,2.0210,1.7665,0.0000,0.0,31,2.0210,1.7666,0.2200,2.6842,2.6842,2.5228,0.2021,0,0,0,
105.008,32.000,now,block2_A_now,1,1.3452,2.0857,-1.5713,0.0850,-0.2410,0.1011,-0.0897,1,2.0210,1.7666,2.0210,1.7665,0.0000,0.0,31,2.0210,1.7666,0.2200,2.6842,2.6842,2.5228,0.2400,0,0,0,
105.108,32.100,now,block2_A_now,1,1.3451,2.0723,-1.5936,0.1740,-0.1300,0.1200,-0.0641,1,2.0252,1.7499,2.0252,1.7499,0.0000,0.0,31,2.0252,1.7499,0.2200,2.6765,2.6765,2.5228,0.2274,0,0,0,
105.209,32.200,now,block2_A_now,1,1.3447,2.0601,-1.6102,0.0790,-0.0920,0.1137,-0.0641,1,2.0076,1.7437,2.0076,1.7437,0.0000,0.0,31,2.0252,1.7499,0.2200,2.6591,2.6765,2.5228,0.2147,0,0,0,
105.310,32.301,now,block2_A_now,1,1.3443,2.0510,-1.6321,0.0470,-0.1670,0.1074,-0.0385,1,2.0076,1.7437,2.0076,1.7437,0.0000,0.0,31,2.0076,1.7437,0.2200,2.6591,2.6591,2.5228,0.2147,0,0,0,
105.409,32.400,now,block2_A_now,1,1.3436,2.0418,-1.6505,0.0380,-0.1480,0.1074,-0.0128,1,1.9767,1.7449,1.9767,1.7449,0.0000,0.0,31,1.9767,1.7449,0.2200,2.6366,2.6366,2.5228,0.2021,0,0,0,
105.513,32.504,now,block2_A_now,1,1.3429,2.0335,-1.6658,0.0310,-0.1480,0.1200,0.1472,1,1.9347,1.7594,1.9347,1.7594,0.0000,0.0,31,1.9347,1.7594,0.2200,2.6151,2.6151,2.5228,0.2400,0,0,0,
105.608,32.600,now,block2_A_now,1,1.3422,2.0263,-1.6730,0.0820,-0.4830,0.1200,-0.0897,1,1.9347,1.7594,1.9347,1.7594,0.0000,0.0,31,1.9347,1.7594,0.2200,2.6151,2.6151,2.5228,0.2387,0,0,0,
105.708,32.700,now,block2_A_now,1,1.3415,2.0193,-1.6782,0.0410,-0.1670,0.1137,-0.0128,1,1.8784,1.7910,1.8784,1.7910,0.0000,0.0,31,1.8784,1.7910,0.2200,2.5954,2.5954,2.5228,0.2274,0,0,0,
105.808,32.800,now,block2_A_now,1,1.3407,2.0126,-1.6882,0.0310,-0.1110,0.1137,-0.0385,1,1.8166,1.8283,1.5755,1.8970,0.2507,118.9,31,1.8166,1.8283,0.2200,2.5773,2.5773,2.5228,0.2274,0,0,0,
105.908,32.900,now,block2_A_now,1,1.3397,2.0040,-1.7012,0.0570,-0.3340,0.1074,0.0000,1,1.8166,1.8283,1.5755,1.8970,0.2507,118.9,31,1.8166,1.8283,0.2200,2.5773,2.5773,2.4753,0.2147,0,0,0,
106.008,33.000,now,block2_A_now,1,1.3385,1.9954,-1.7167,0.0690,-0.3340,0.1074,-0.0385,1,1.7555,1.8655,1.3287,1.9732,0.4402,119.1,31,1.7555,1.8655,0.2200,2.5616,2.5616,2.4753,0.2021,0,0,0,
106.108,33.100,now,block2_A_now,1,1.3372,1.9862,-1.7266,0.0950,-0.4450,0.1011,-0.0385,1,1.7555,1.8655,1.3287,1.9732,0.4402,119.1,31,1.7555,1.8655,0.2200,2.5616,2.5616,2.4753,0.2400,0,0,0,
106.211,33.202,now,block2_A_now,1,1.3355,1.9757,-1.7430,0.1670,-0.0180,0.1200,0.0000,1,1.7555,1.8655,1.3287,1.9732,0.4402,119.1,31,1.7555,1.8655,0.2200,2.5616,2.5616,2.4753,0.2400,0,0,0,
106.308,33.300,now,block2_A_now,1,1.3335,1.9646,-1.7523,0.0880,-0.1480,0.1137,0.0385,1,1.7555,1.8655,1.3287,1.9732,0.4402,119.1,31,1.7555,1.8655,0.2200,2.5616,2.5616,2.4753,0.2274,0,0,0,
106.409,33.400,now,block2_A_now,1,1.3316,1.9540,-1.7552,0.1260,0.1110,0.1074,0.0385,1,1.7555,1.8655,1.3287,1.9732,0.4402,119.1,31,1.7555,1.8655,0.2200,2.5616,2.5616,2.4753,0.2147,0,0,0,
106.509,33.500,now,block2_A_now,1,1.3291,1.9414,-1.7608,0.1260,0.3340,0.1074,0.0385,1,1.7555,1.8655,1.3287,1.9732,0.4402,119.1,31,1.7555,1.8655,0.2200,2.5616,2.5616,2.4753,0.2147,0,0,0,
106.609,33.600,now,block2_A_now,1,1.3267,1.9295,-1.7769,0.1290,-0.3150,0.1011,0.0641,1,1.7555,1.8655,1.3287,1.9732,0.4402,119.1,31,1.7555,1.8655,0.2200,2.5616,2.5616,2.4753,0.2021,0,0,0,
106.710,33.701,now,block2_A_now,1,1.3238,1.9153,-1.7730,0.1800,-0.0550,0.1200,0.0128,1,1.7555,1.8655,1.3287,1.9732,0.4402,119.1,31,1.7555,1.8655,0.2200,2.5616,2.5616,2.4753,0.2274,0,0,0,
106.809,33.800,now,block2_A_now,1,1.3216,1.9044,-1.7594,0.1420,0.2780,0.1137,0.0128,1,1.7555,1.8655,1.3287,1.9732,0.4402,119.1,31,1.7555,1.8655,0.2200,2.5616,2.5616,2.4753,0.2147,0,0,0,
106.909,33.900,now,block2_A_now,1,1.3198,1.8951,-1.7624,0.0470,0.1670,0.1074,0.0000,1,1.7555,1.8655,1.3287,1.9732,0.4402,119.1,31,1.7555,1.8655,0.2200,2.5616,2.5616,2.4753,0.2147,0,0,0,
107.009,34.000,now,block2_A_now,1,1.3176,1.8835,-1.7632,0.1140,-0.2220,0.1011,0.0000,0,1.7555,1.8655,1.3287,1.9732,0.4402,119.1,31,1.7555,1.8655,0.2200,2.5616,2.5616,2.3170,0.2400,0,0,0,
107.109,34.100,now,block2_A_now,1,1.3157,1.8737,-1.7539,0.0500,0.2220,0.1200,-0.0128,0,1.7555,1.8655,1.3287,1.9732,0.4402,119.1,31,1.7555,1.8655,0.2200,2.5616,2.5616,2.3170,0.2400,0,0,0,
107.220,34.211,now,block2_A_now,1,1.3143,1.8660,-1.7387,0.0690,0.4080,0.1137,0.0000,0,1.7555,1.8655,1.3287,1.9732,0.4402,119.1,31,1.7555,1.8655,0.2200,2.5616,2.5616,2.3170,0.2274,0,0,0,
107.309,34.300,now,block2_A_now,1,1.3128,1.8571,-1.7465,0.0980,-0.3530,0.1074,0.1154,0,1.7555,1.8655,1.3287,1.9732,0.4402,119.1,31,1.7555,1.8655,0.2200,2.5616,2.5616,2.3170,0.2147,0,0,0,
107.408,34.400,now,block2_A_now,1,1.3114,1.8491,-1.7398,0.1450,0.1110,0.1074,0.0000,0,1.7555,1.8655,1.3287,1.9732,0.4402,119.1,31,1.7555,1.8655,0.2200,2.5616,2.5616,2.3170,0.2147,0,0,0,
107.509,34.500,now,block2_A_now,1,1.3100,1.8406,-1.7402,0.0950,0.1850,0.1011,0.0128,0,1.7555,1.8655,1.3287,1.9732,0.4402,119.1,31,1.7555,1.8655,0.2200,2.5616,2.5616,2.3170,0.2021,0,0,0,
107.609,34.600,now,block2_A_now,1,1.3088,1.8337,-1.7331,0.0220,0.0920,0.1200,0.0641,0,1.7555,1.8655,1.3287,1.9732,0.4402,119.1,31,1.7555,1.8655,0.2200,2.5616,2.5616,2.3170,0.2400,0,0,0,
107.708,34.700,now,block2_A_now,1,1.3071,1.8228,-1.7257,0.1010,-0.1850,0.1200,-0.0385,0,1.7555,1.8655,1.3287,1.9732,0.4402,119.1,31,1.7555,1.8655,0.2200,2.5616,2.5616,2.3170,0.2400,0,0,0,
107.809,34.800,now,block2_A_now,1,1.3056,1.8132,-1.7141,0.0470,0.1670,0.1200,-0.0897,0,1.7555,1.8655,1.3287,1.9732,0.4402,119.1,31,1.7555,1.8655,0.2200,2.5616,2.5616,2.3170,0.2274,0,0,0,
107.909,34.900,now,block2_A_now,1,1.3039,1.8015,-1.7186,0.1420,-0.1670,0.1137,-0.1154,0,1.7555,1.8655,1.3287,1.9732,0.4402,119.1,31,1.7555,1.8655,0.2200,2.5616,2.5616,2.3170,0.2147,0,0,0,
108.009,35.000,now,block2_A_now,1,1.3023,1.7907,-1.7048,0.0880,0.1850,0.1074,-0.0641,0,1.7555,1.8655,1.3287,1.9732,0.4402,119.1,31,1.7555,1.8655,0.2200,2.5616,2.5616,2.2224,0.2021,0,0,0,
108.109,35.100,now,block2_A_now,1,1.3008,1.7793,-1.7042,0.1290,-0.0550,0.1011,-0.0897,0,1.7555,1.8655,1.3287,1.9732,0.4402,119.1,31,1.7555,1.8655,0.2200,2.5616,2.5616,2.2224,0.2400,0,0,0,
108.209,35.200,now,block2_A_now,1,1.2992,1.7671,-1.7022,0.1550,-0.0920,0.1200,-0.1600,0,1.7555,1.8655,1.3287,1.9732,0.4402,119.1,31,1.7555,1.8655,0.2200,2.5616,2.5616,2.2224,0.2392,0,0,0,
108.309,35.300,now,block2_A_now,1,1.2976,1.7552,-1.6942,0.1040,0.2040,0.1200,-0.1410,0,1.7555,1.8655,1.3287,1.9732,0.4402,119.1,31,1.7555,1.8655,0.2200,2.5616,2.5616,2.2224,0.2400,0,0,0,
108.409,35.400,now,block2_A_now,1,1.2960,1.7424,-1.7017,0.1450,-0.1110,0.1074,-0.1410,0,1.7555,1.8655,1.3287,1.9732,0.4402,119.1,31,1.7555,1.8655,0.2200,2.5616,2.5616,2.2224,0.2021,0,0,0,
108.509,35.500,now,block2_A_now,1,1.2945,1.7311,-1.7065,0.1520,-0.0370,0.1200,0.0385,0,1.7555,1.8655,1.3287,1.9732,0.4402,119.1,31,1.7555,1.8655,0.2200,2.5616,2.5616,2.2224,0.2400,0,0,0,
108.608,35.600,now,block2_A_now,1,1.2928,1.7184,-1.7013,0.1520,-0.1110,0.1200,-0.0385,0,1.7555,1.8655,1.3287,1.9732,0.4402,119.1,31,1.7555,1.8655,0.2200,2.5616,2.5616,2.2224,0.2274,0,0,0,
108.709,35.700,now,block2_A_now,1,1.2910,1.7056,-1.7111,0.1360,-0.0550,0.1137,-0.0385,0,1.7555,1.8655,1.3287,1.9732,0.4402,119.1,31,1.7555,1.8655,0.2200,2.5616,2.5616,2.2224,0.2147,0,0,0,
108.812,35.803,now,block2_A_now,1,1.2891,1.6915,-1.7037,0.1230,0.3150,0.1074,-0.0385,0,1.7555,1.8655,1.3287,1.9732,0.4402,119.1,31,1.7555,1.8655,0.2200,2.5616,2.5616,2.2224,0.2021,0,0,0,
108.908,35.900,now,block2_A_now,1,1.2875,1.6801,-1.7040,0.1200,0.1110,0.1200,-0.0128,0,1.7555,1.8655,1.3287,1.9732,0.4402,119.1,31,1.7555,1.8655,0.2200,2.5616,2.5616,2.2224,0.2400,0,0,0,
109.008,36.000,now,block2_A_now,1,1.2861,1.6699,-1.7126,0.1100,0.1670,0.1200,-0.0128,0,1.7555,1.8655,1.3287,1.9732,0.4402,119.1,31,1.7555,1.8655,0.2200,2.5616,2.5616,2.1110,0.2274,0,0,0,
109.109,36.100,now,block2_A_now,1,1.2849,1.6616,-1.7222,0.1010,-0.3710,0.1137,-0.0128,1,0.8135,0.4162,0.8135,0.4162,0.0000,0.0,31,0.8135,0.4162,0.2200,0.9138,0.9138,2.1110,0.2274,0,0,0,
109.213,36.205,now,block2_A_now,1,1.2839,1.6546,-1.7178,0.0440,0.1480,0.0568,-0.1728,1,0.8243,0.4103,0.8243,0.4103,0.0000,0.0,31,0.8135,0.4162,0.2200,0.9208,0.9138,2.1110,0.1137,0,0,0,
109.311,36.303,now,block2_A_now,1,1.2825,1.6454,-1.7200,0.0950,0.2970,0.0947,-0.4487,1,0.8243,0.4103,0.8243,0.4103,0.0000,0.0,31,0.8243,0.4103,0.2200,0.9208,0.9208,2.1110,0.1768,0,0,0,
109.409,36.400,now,block2_A_now,1,1.2813,1.6375,-1.7237,0.1100,-0.3530,0.0947,-0.4744,1,0.8392,0.4022,0.8392,0.4022,0.0000,0.0,31,0.8392,0.4022,0.2200,0.9306,0.9306,2.1110,0.1011,0,0,0,
109.513,36.505,now,block2_A_now,1,1.2802,1.6303,-1.7334,0.0690,-0.2970,0.0884,-0.3974,1,0.8713,0.3875,0.8713,0.3875,0.0000,0.0,31,0.8713,0.3875,0.2200,0.9536,0.9536,2.1110,0.1011,0,0,0,
109.608,36.600,now,block2_A_now,1,1.2785,1.6207,-1.7545,0.0980,-0.5380,0.1200,-0.3144,1,0.8713,0.3875,0.8713,0.3875,0.0000,0.0,31,0.8713,0.3875,0.2200,0.9536,0.9536,2.1110,0.2274,0,0,0,
109.709,36.700,now,block2_A_now,1,1.2767,1.6111,-1.7736,0.0880,-0.4830,0.1137,-0.0128,1,0.9074,0.3727,1.0607,0.2281,0.2107,-65.7,31,0.9074,0.3727,0.2200,0.9810,0.9810,2.1110,0.2274,0,0,0,
109.809,36.800,now,block2_A_now,1,1.2748,1.6027,-1.8099,0.1010,0.1110,0.1074,-0.1600,1,0.9386,0.3625,1.0383,0.2685,0.1370,-64.4,31,0.9386,0.3625,0.2200,1.0062,1.0062,2.1110,0.2147,0,0,0,
109.908,36.900,now,block2_A_now,1,1.2722,1.5923,-1.8455,0.0760,-0.4450,0.1011,-0.3462,1,0.9386,0.3625,1.0383,0.2685,0.1370,-64.4,31,0.9386,0.3625,0.2200,1.0062,1.0062,2.1110,0.2016,0,0,0,
110.008,37.000,now,block2_A_now,1,1.2695,1.5833,-1.8696,0.0600,-0.2040,0.0505,-0.1862,1,0.9652,0.3667,1.0299,0.3056,0.0890,-64.1,31,0.9652,0.3667,0.2200,1.0325,1.0325,2.1110,0.1644,0,0,0,
110.109,37.100,now,block2_A_now,1,1.2663,1.5737,-1.9028,0.1450,-0.1110,0.0442,-0.1349,1,0.9945,0.3846,1.0366,0.3449,0.0579,-64.5,31,0.9945,0.3846,0.2200,1.0663,1.0663,2.0259,0.0892,0,0,0,
110.208,37.200,now,block2_A_now,1,1.2641,1.5675,-1.9364,0.0660,-0.3900,0.0758,-0.0128,1,0.9945,0.3846,1.0366,0.3449,0.0579,-64.5,31,0.9945,0.3846,0.2200,1.0663,1.0663,2.0259,0.1389,0,0,0,
110.308,37.300,now,block2_A_now,1,1.2605,1.5585,-1.9646,0.1140,-0.1850,0.0695,-0.0128,1,1.0217,0.4142,1.0490,0.3884,0.0376,-65.4,31,1.0217,0.4142,0.2200,1.1024,1.1024,2.0259,0.1389,0,0,0,
110.409,37.400,now,block2_A_now,1,1.2581,1.5528,-1.9958,0.0880,-0.5200,0.1137,0.1600,1,1.0467,0.4410,1.0645,0.4242,0.0245,-66.2,31,1.0467,0.4410,0.2200,1.1358,1.1358,2.0259,0.1642,0,0,0,
110.512,37.504,now,block2_A_now,1,1.2558,1.5479,-2.0129,0.1140,0.0740,0.1137,0.3010,1,1.0467,0.4410,1.0645,0.4242,0.0245,-66.2,31,1.0467,0.4410,0.2200,1.1358,1.1358,2.0259,0.1642,0,0,0,
110.609,37.600,now,block2_A_now,1,1.2538,1.5437,-2.0230,0.0340,-0.2040,0.1200,0.3010,1,1.0738,0.4605,1.0853,0.4495,0.0159,-66.5,31,1.0738,0.4605,0.2200,1.1683,1.1683,2.0259,0.2400,0,0,0,
110.709,37.700,now,block2_A_now,1,1.2526,1.5412,-2.0397,0.0120,-0.0740,0.1074,0.3010,1,1.0990,0.4725,1.1065,0.4654,0.0103,-66.6,31,1.0990,0.4725,0.2200,1.1962,1.1962,2.0259,0.2124,0,0,0,
110.809,37.800,now,block2_A_now,1,1.2500,1.5360,-2.0308,0.0660,-0.3900,0.1011,0.3205,1,1.1255,0.4779,1.1304,0.4733,0.0067,-66.3,31,1.1255,0.4779,0.2200,1.2228,1.2228,2.0259,0.1994,0,0,0,
110.908,37.900,now,block2_A_now,1,1.2471,1.5301,-2.0316,0.0980,-0.3900,0.1011,0.3718,1,1.1255,0.4779,1.1304,0.4733,0.0067,-66.3,31,1.1255,0.4779,0.2200,1.2228,1.2228,2.0259,0.2021,0,0,0,
111.009,38.000,now,block2_A_now,1,1.2422,1.5199,-2.0120,0.1100,0.4640,0.1200,0.2887,1,1.1555,0.4766,1.1587,0.4736,0.0044,-65.7,31,1.1555,0.4766,0.2200,1.2500,1.2500,2.0259,0.2400,0,0,0,
111.110,38.102,now,block2_A_now,1,1.2360,1.5066,-1.9916,0.1670,0.0180,0.1200,0.4231,1,1.1851,0.4697,1.1872,0.4677,0.0028,-65.0,31,1.1851,0.4697,0.2200,1.2748,1.2748,1.9821,0.2274,0,0,0,
111.208,38.200,now,block2_A_now,1,1.2296,1.4917,-1.9430,0.1360,0.6870,0.1074,0.1031,1,1.1851,0.4697,1.1872,0.4677,0.0028,-65.0,31,1.1851,0.4697,0.2200,1.2748,1.2748,1.9821,0.2147,0,0,0,
111.308,38.300,now,block2_A_now,1,1.2245,1.4778,-1.8911,0.1450,0.6310,0.1011,-0.1410,1,1.2186,0.4516,1.2199,0.4504,0.0018,-63.7,31,1.2186,0.4516,0.2200,1.2996,1.2996,1.9821,0.2400,0,0,0,
111.410,38.401,now,block2_A_now,1,1.2204,1.4649,-1.8544,0.1480,0.2040,0.1200,0.0385,1,1.2588,0.4162,1.2597,0.4153,0.0012,-61.6,31,1.2588,0.4162,0.2200,1.3258,1.3258,1.9821,0.2274,0,0,0,
111.508,38.500,now,block2_A_now,1,1.2174,1.4541,-1.8166,0.1260,0.2970,0.1137,0.0000,1,1.2588,0.4162,1.2597,0.4153,0.0012,-61.6,31,1.2588,0.4162,0.2200,1.3258,1.3258,1.9821,0.2147,0,0,0,
111.610,38.601,now,block2_A_now,1,1.2147,1.4432,-1.7817,0.0880,0.5200,0.1074,-0.0641,1,1.3085,0.3608,1.5157,0.1907,0.2680,-54.8,31,1.3085,0.3608,0.2200,1.3574,1.3574,1.9821,0.2021,0,0,0,
111.709,38.700,now,block2_A_now,1,1.2128,1.4335,-1.7587,0.1100,0.3900,0.1011,-0.0641,1,1.3085,0.3608,1.5157,0.1907,0.2680,-54.8,31,1.3085,0.3608,0.2200,1.3574,1.3574,1.9821,0.2400,0,0,0,
111.808,38.800,now,block2_A_now,1,1.2119,1.4281,-1.7331,0.0340,-0.0920,0.1200,-0.1472,1,1.3564,0.2927,1.6865,-0.0568,0.4808,-58.8,31,1.3564,0.2927,0.2200,1.3876,1.3876,1.9821,0.2382,0,0,0,
111.912,38.903,now,block2_A_now,1,1.2107,1.4213,-1.7242,0.0250,0.1480,0.1200,-0.3205,1,1.4008,0.2077,1.7906,-0.3038,0.6431,-61.1,31,1.4008,0.2077,0.2200,1.4161,1.4161,1.9821,0.2400,0,0,0,
112.009,39.000,now,block2_A_now,1,1.2098,1.4146,-1.7093,0.0790,0.1300,0.1137,-0.3205,1,1.4008,0.2077,1.7906,-0.3038,0.6431,-61.1,31,1.4008,0.2077,0.2200,1.4161,1.4161,1.9821,0.2400,0,0,0,
112.111,39.103,now,block2_A_now,1,1.2086,1.4066,-1.7179,0.1260,-0.2970,0.1200,-0.1154,1,1.4318,0.1262,1.8460,-0.4856,0.7389,-60.9,31,1.4318,0.1262,0.2200,1.4374,1.4374,1.9409,0.2400,0,0,0,
112.210,39.201,now,block2_A_now,1,1.2067,1.3939,-1.7298,0.1740,-0.0180,0.1074,-0.0323,1,1.4318,0.1262,1.8460,-0.4856,0.7389,-60.9,31,1.4318,0.1262,0.2200,1.4374,1.4374,1.9409,0.2021,0,0,0,
112.308,39.300,now,block2_A_now,1,1.2039,1.3782,-1.7664,0.1640,-0.4080,0.1011,0.2877,1,1.4550,0.0507,1.8506,-0.5600,0.7276,-59.1,31,1.4550,0.0507,0.2200,1.4559,1.4559,1.9409,0.2429,0,0,0,
112.409,39.400,now,block2_A_now,1,1.2007,1.3635,-1.8066,0.1770,-0.3340,0.1137,0.3205,1,1.4668,-0.0122,1.5619,-0.3464,0.3475,-73.6,31,1.4668,-0.0122,0.2200,1.4668,1.4668,1.9409,0.2293,0,0,0,
112.510,39.502,now,block2_A_now,1,1.1976,1.3513,-1.8318,0.1200,-0.2220,0.1137,0.3462,1,1.4668,-0.0122,1.5619,-0.3464,0.3475,-73.6,31,1.4668,-0.0122,0.2200,1.4668,1.4668,1.9409,0.2286,0,0,0,
112.609,39.600,now,block2_A_now,1,1.1946,1.3403,-1.8585,0.0790,-0.3900,0.1074,0.4487,1,1.4608,-0.0515,1.5226,-0.2688,0.2259,-72.1,31,1.4608,-0.0515,0.2200,1.4617,1.4617,1.9409,0.2147,0,0,0,
112.708,39.700,now,block2_A_now,1,1.1920,1.3316,-1.8733,0.0760,-0.2600,0.1011,0.3205,1,1.4488,-0.0648,1.4890,-0.2060,0.1468,-71.6,31,1.4488,-0.0648,0.2200,1.4503,1.4503,1.9409,0.2021,0,0,0,
112.809,39.800,now,block2_A_now,1,1.1896,1.3240,-1.8729,0.1170,0.1670,0.1200,0.2436,1,1.4488,-0.0648,1.4890,-0.2060,0.1468,-71.6,31,1.4488,-0.0648,0.2200,1.4503,1.4503,1.9409,0.2356,0,0,0,
112.908,39.900,now,block2_A_now,1,1.1874,1.3169,-1.8700,0.0950,-0.4080,0.1200,0.3462,1,1.4393,-0.0626,1.4654,-0.1544,0.0954,-71.6,31,1.4393,-0.0626,0.2200,1.4407,1.4407,1.9409,0.2366,0,0,0,
113.011,40.003,now,block2_A_now,1,1.1850,1.3085,-1.8344,0.0910,0.5380,0.1200,0.3974,1,1.4400,-0.0636,1.4570,-0.1233,0.0620,-71.6,31,1.4400,-0.0636,0.2200,1.4414,1.4414,1.9409,0.2371,0,0,0,
113.115,40.106,now,block2_A_now,1,1.1820,1.2971,-1.7950,0.1200,0.7060,0.1137,0.3462,1,1.4400,-0.0636,1.4570,-0.1233,0.0620,-71.6,31,1.4400,-0.0636,0.2200,1.4414,1.4414,1.9409,0.2274,0,0,0,
113.209,40.201,now,block2_A_now,1,1.1792,1.2841,-1.7496,0.1070,0.5940,0.1011,0.2179,1,1.4467,-0.0742,1.4577,-0.1130,0.0403,-71.2,31,1.4467,-0.0742,0.2200,1.4486,1.4486,1.7530,0.2400,0,0,0,
113.308,40.300,now,block2_A_now,1,1.1775,1.2730,-1.6835,0.1170,0.6870,0.1200,0.1410,1,1.4516,-0.0999,1.4588,-0.1251,0.0262,-70.2,31,1.4516,-0.0999,0.2200,1.4550,1.4550,1.7530,0.2400,0,0,0,
113.415,40.407,now,block2_A_now,1,1.1763,1.2608,-1.6460,0.0910,0.5380,0.1137,0.1154,1,1.4516,-0.0999,1.4588,-0.1251,0.0262,-70.2,31,1.4516,-0.0999,0.2200,1.4550,1.4550,1.7530,0.2274,0,0,0,
113.508,40.500,now,block2_A_now,1,1.1758,1.2513,-1.5903,0.0850,0.5010,0.1137,0.1410,1,1.4547,-0.1509,1.4594,-0.1672,0.0170,-68.2,31,1.4547,-0.1509,0.2200,1.4625,1.4625,1.7530,0.2147,0,0,0,
113.609,40.601,now,block2_A_now,1,1.1758,1.2419,-1.5345,0.0690,0.4080,0.1011,-0.0959,1,1.4584,-0.2376,1.5918,-0.5456,0.3357,-57.3,31,1.4584,-0.2376,0.2200,1.4776,1.4776,1.7530,0.2021,0,0,0,
113.709,40.700,now,block2_A_now,1,1.1764,1.2315,-1.4994,0.1450,0.1110,0.1200,-0.0385,1,1.4584,-0.2376,1.5918,-0.5456,0.3357,-57.3,31,1.4584,-0.2376,0.2200,1.4776,1.4776,1.7530,0.2400,0,0,0,
113.808,40.800,now,block2_A_now,1,1.1770,1.2242,-1.4660,0.0950,0.5570,0.1200,0.0385,1,1.4574,-0.3528,1.6186,-0.9686,0.6366,-61.7,31,1.4574,-0.3528,0.2200,1.4995,1.4995,1.7530,0.2400,0,0,0,
113.908,40.900,now,block2_A_now,1,1.1776,1.2190,-1.4384,0.0440,0.0740,0.1137,0.0000,1,1.4429,-0.4817,1.5456,-1.3538,0.8781,-64.8,31,1.4429,-0.4817,0.2200,1.5212,1.5212,1.7530,0.2274,0,0,0,
114.009,41.000,now,block2_A_now,1,1.1788,1.2103,-1.4180,0.0660,0.0550,0.1137,-0.0385,1,1.4429,-0.4817,1.5456,-1.3538,0.8781,-64.8,31,1.4429,-0.4817,0.2200,1.5212,1.5212,1.7530,0.2274,0,0,0,
114.108,41.100,now,block2_A_now,1,1.1800,1.2024,-1.4332,0.0910,-0.4270,0.1074,-0.0385,1,1.4192,-0.6047,1.4543,-1.6611,1.0570,-65.0,31,1.4192,-0.6047,0.2200,1.5427,1.5427,1.7530,0.2147,0,0,0,
114.208,41.200,now,block2_A_now,1,1.1815,1.1910,-1.4414,0.0950,-0.2220,0.1011,-0.1154,1,1.3873,-0.7148,1.3327,-1.8462,1.1327,-65.5,31,1.3873,-0.7148,0.2200,1.5606,1.5606,1.5577,0.2021,0,0,0,
114.309,41.300,now,block2_A_now,1,1.1831,1.1787,-1.4566,0.1480,0.0920,0.1200,-0.1410,1,1.3873,-0.7148,1.3327,-1.8462,1.1327,-65.5,31,1.3873,-0.7148,0.2200,1.5606,1.5606,1.5577,0.2400,0,0,0,
114.408,41.400,now,block2_A_now,1,1.1845,1.1657,-1.4751,0.1040,-0.4270,0.1137,-0.1410,1,1.3534,-0.8091,1.2582,-1.8603,1.0555,-64.3,31,1.3534,-0.8091,0.2200,1.5768,1.5768,1.5577,0.2274,0,0,0,
114.508,41.500,now,block2_A_now,1,1.1858,1.1519,-1.4896,0.1390,-0.2970,0.1074,-0.0128,1,1.3310,-0.8778,1.4027,-1.4271,0.5539,-49.2,31,1.3310,-0.8778,0.2200,1.5944,1.5944,1.5577,0.2147,0,0,0,
114.609,41.601,now,block2_A_now,1,1.1867,1.1396,-1.5070,0.1170,-0.1300,0.1011,-0.0128,1,1.3310,-0.8778,1.4027,-1.4271,0.5539,-49.2,31,1.3310,-0.8778,0.2200,1.5944,1.5944,1.5577,0.2021,0,0,0,
114.710,41.701,now,block2_A_now,1,1.1873,1.1287,-1.5235,0.1040,-0.3150,0.1200,-0.0446,1,1.3276,-0.9090,1.4540,-1.0705,0.2051,-17.6,31,1.3276,-0.9090,0.2200,1.6090,1.6090,1.5577,0.2400,0,0,0,
114.809,41.800,now,block2_A_now,1,1.1877,1.1193,-1.5481,0.0820,-0.4830,0.1137,-0.0897,1,1.3255,-0.9038,1.4076,-1.0088,0.1333,-17.7,31,1.3255,-0.9038,0.2200,1.6043,1.6043,1.5577,0.2274,0,0,0,
114.908,41.900,now,block2_A_now,1,1.1879,1.1090,-1.5581,0.1480,-0.1670,0.1074,-0.0385,1,1.3255,-0.9038,1.4076,-1.0088,0.1333,-17.7,31,1.3255,-0.9038,0.2200,1.6043,1.6043,1.5577,0.2147,0,0,0,
115.009,42.000,now,block2_A_now,1,1.1880,1.1009,-1.5597,0.0600,0.2040,0.1074,-0.0641,1,1.3178,-0.8860,1.3711,-0.9542,0.0866,-18.0,31,1.3178,-0.8860,0.2200,1.5879,1.5879,1.5577,0.2147,0,0,0,
115.109,42.101,now,block2_A_now,1,1.1880,1.0924,-1.5827,0.1290,0.2040,0.1011,-0.0128,1,1.3079,-0.8656,1.3426,-0.9100,0.0563,-18.5,31,1.3079,-0.8656,0.2200,1.5684,1.5684,1.5577,0.2021,0,0,0,
115.209,42.200,now,block2_A_now,1,1.1879,1.0863,-1.5809,0.0910,0.4640,0.1011,-0.0641,1,1.3079,-0.8656,1.3426,-0.9100,0.0563,-18.5,31,1.3079,-0.8656,0.2200,1.5684,1.5684,1.4475,0.2021,0,0,0,
115.309,42.300,now,block2_A_now,1,1.1878,1.0778,-1.5902,0.0820,0.0740,0.1200,-0.0385,1,1.2990,-0.8440,1.3215,-0.8729,0.0366,-18.9,31,1.2990,-0.8440,0.2200,1.5491,1.5491,1.4475,0.2400,0,0,0,
115.408,42.400,now,block2_A_now,1,1.1875,1.0703,-1.6077,0.1420,0.1670,0.1137,-0.0128,1,1.2990,-0.8440,1.3215,-0.8729,0.0366,-18.9,31,1.2990,-0.8440,0.2200,1.5491,1.5491,1.4475,0.2274,0,0,0,
115.508,42.500,now,block2_A_now,1,1.1872,1.0621,-1.6177,0.0850,0.0920,0.1137,-0.0385,1,1.2876,-0.8233,1.3023,-0.8420,0.0238,-19.4,31,1.2876,-0.8233,0.2200,1.5283,1.5283,1.4475,0.2147,0,0,0,
115.609,42.600,now,block2_A_now,1,1.1867,1.0525,-1.6284,0.0760,-0.2600,0.1074,-0.0128,1,1.2768,-0.8047,1.2863,-0.8169,0.0155,-19.7,31,1.2768,-0.8047,0.2200,1.5092,1.5092,1.4475,0.2147,0,0,0,
115.708,42.700,now,block2_A_now,1,1.1861,1.0445,-1.6473,0.0720,-0.3150,0.1074,-0.0128,1,1.2768,-0.8047,1.2863,-0.8169,0.0155,-19.7,31,1.2768,-0.8047,0.2200,1.5092,1.5092,1.4475,0.2021,0,0,0,
115.808,42.800,now,block2_A_now,1,1.1851,1.0311,-1.6562,0.1140,-0.1480,0.1011,-0.0128,1,1.2677,-0.7904,1.2739,-0.7983,0.0101,-20.0,31,1.2677,-0.7904,0.2200,1.4940,1.4940,1.4475,0.2400,0,0,0,
115.909,42.900,now,block2_A_now,1,1.1842,1.0213,-1.6717,0.0660,-0.2040,0.1200,0.0128,1,1.2592,-0.7782,1.2632,-0.7833,0.0065,-20.2,31,1.2592,-0.7782,0.2200,1.4803,1.4803,1.4475,0.2400,0,0,0,
116.008,43.000,now,block2_A_now,1,1.1828,1.0082,-1.6821,0.0980,-0.1300,0.1137,0.0128,1,1.2592,-0.7782,1.2632,-0.7833,0.0065,-20.2,31,1.2592,-0.7782,0.2200,1.4803,1.4803,1.4475,0.2147,0,0,0,
116.108,43.100,now,block2_A_now,1,1.1813,0.9957,-1.6958,0.1520,-0.0370,0.1074,0.0385,1,1.2504,-0.7668,1.2530,-0.7702,0.0042,-20.4,31,1.2504,-0.7668,0.2200,1.4668,1.4668,1.4475,0.2021,0,0,0,
116.209,43.200,now,block2_A_now,1,1.1798,0.9836,-1.7004,0.1480,0.1300,0.1011,0.0385,1,1.2402,-0.7543,1.2419,-0.7565,0.0028,-20.6,31,1.2402,-0.7543,0.2200,1.4516,1.4516,1.4475,0.2021,0,0,0,
116.310,43.301,now,block2_A_now,1,1.1782,0.9719,-1.7142,0.1140,-0.1110,0.1200,0.0385,1,1.2402,-0.7543,1.2419,-0.7565,0.0028,-20.6,31,1.2402,-0.7543,0.2200,1.4516,1.4516,1.3514,0.2274,0,0,0,
116.408,43.400,now,block2_A_now,1,1.1767,0.9618,-1.7257,0.0720,-0.1300,0.1137,0.0641,1,1.2322,-0.7421,1.2333,-0.7435,0.0018,-20.9,31,1.2322,-0.7421,0.2200,1.4384,1.4384,1.3514,0.2147,0,0,0,
116.509,43.500,now,block2_A_now,1,1.1750,0.9510,-1.7219,0.1330,-0.2220,0.1074,0.0641,1,1.2259,-0.7316,1.2266,-0.7326,0.0012,-21.1,31,1.2259,-0.7316,0.2200,1.4276,1.4276,1.3514,0.2147,0,0,0,
116.608,43.600,now,block2_A_now,1,1.1738,0.9427,-1.7128,0.0850,0.3530,0.1011,0.0641,1,1.2259,-0.7316,1.2266,-0.7326,0.0012,-21.1,31,1.2259,-0.7316,0.2200,1.4276,1.4276,1.3514,0.2021,0,0,0,
116.709,43.700,now,block2_A_now,1,1.1722,0.9317,-1.7124,0.1290,0.2040,0.1011,0.0897,1,1.2187,-0.7226,1.2192,-0.7232,0.0008,0.0,31,1.2187,-0.7226,0.2200,1.4168,1.4168,1.3514,0.2021,0,0,0,
116.808,43.800,now,block2_A_now,1,1.1710,0.9232,-1.7039,0.0660,0.2410,0.1200,0.0641,1,1.2103,-0.7173,1.2106,-0.7177,0.0005,0.0,31,1.2103,-0.7173,0.2200,1.4069,1.4069,1.3514,0.2274,0,0,0,
116.914,43.905,now,block2_A_now,1,1.1699,0.9152,-1.6921,0.0470,0.2040,0.1137,0.1923,1,1.2103,-0.7173,1.2106,-0.7177,0.0005,0.0,31,1.2103,-0.7173,0.2200,1.4069,1.4069,1.3514,0.2274,0,0,0,
117.008,44.000,now,block2_A_now,1,1.1687,0.9048,-1.6781,0.0980,-0.3150,0.1074,0.0641,1,1.1993,-0.7171,1.1995,-0.7174,0.0003,0.0,31,1.1993,-0.7171,0.2200,1.3974,1.3974,1.3514,0.2147,0,0,0,
117.108,44.100,now,block2_A_now,1,1.1678,0.8946,-1.6573,0.1230,0.0920,0.1074,0.0385,1,1.1849,-0.7231,1.1851,-0.7233,0.0002,0.0,31,1.1849,-0.7231,0.2200,1.3881,1.3881,1.3514,0.2021,0,0,0,
117.209,44.200,now,block2_A_now,1,1.1670,0.8846,-1.6376,0.1010,0.4830,0.1011,0.0385,1,1.1849,-0.7231,1.1851,-0.7233,0.0002,0.0,31,1.1849,-0.7231,0.2200,1.3881,1.3881,1.3514,0.2400,0,0,0,
117.308,44.300,now,block2_A_now,1,1.1664,0.8747,-1.6154,0.0880,0.4830,0.1200,-0.0128,1,1.1688,-0.7351,1.1689,-0.7352,0.0001,0.0,31,1.1688,-0.7351,0.2200,1.3808,1.3808,1.2411,0.2274,0,0,0,
117.408,44.400,now,block2_A_now,1,1.1661,0.8664,-1.5990,0.0910,0.5010,0.1137,-0.0385,1,1.1512,-0.7532,1.1513,-0.7533,0.0001,0.0,31,1.1512,-0.7532,0.2200,1.3757,1.3757,1.2411,0.2274,0,0,0,
117.510,44.501,now,block2_A_now,1,1.1658,0.8571,-1.5875,0.0880,0.1850,0.1074,-0.0385,1,1.1512,-0.7532,1.1513,-0.7533,0.0001,0.0,31,1.1512,-0.7532,0.2200,1.3757,1.3757,1.2411,0.2147,0,0,0,
117.609,44.601,now,block2_A_now,1,1.1657,0.8483,-1.5678,0.0190,0.1110,0.1074,-0.0641,1,1.1315,-0.7769,1.1315,-0.7769,0.0001,0.0,31,1.1315,-0.7769,0.2200,1.3725,1.3725,1.2411,0.2021,0,0,0,
117.711,44.703,now,block2_A_now,1,1.1657,0.8384,-1.5562,0.0790,0.0180,0.1011,-0.0897,1,1.1086,-0.8010,1.1086,-0.8010,0.0000,0.0,31,1.1086,-0.8010,0.2200,1.3677,1.3677,1.2411,0.2021,0,0,0,
117.809,44.800,now,block2_A_now,1,1.1659,0.8305,-1.5503,0.1610,0.0180,0.1200,-0.0897,1,1.0833,-0.8243,1.0833,-0.8243,0.0000,0.0,31,1.0833,-0.8243,0.2200,1.3612,1.3612,1.2411,0.2400,0,0,0,
117.908,44.900,now,block2_A_now,1,1.1661,0.8212,-1.5413,0.1390,0.2600,0.1200,-0.0897,1,1.0833,-0.8243,1.0833,-0.8243,0.0000,0.0,31,1.0833,-0.8243,0.2200,1.3612,1.3612,1.2411,0.2274,0,0,0,
118.009,45.000,now,block2_A_now,1,1.1664,0.8095,-1.5391,0.1550,0.1670,0.1137,-0.0897,1,1.0556,-0.8466,1.0556,-0.8466,0.0000,0.0,31,1.0556,-0.8466,0.2200,1.3532,1.3532,1.2411,0.2147,0,0,0,
118.108,45.100,now,block2_A_now,1,1.1669,0.7966,-1.5368,0.1360,0.1300,0.1074,-0.1923,1,1.0556,-0.8466,1.0556,-0.8466,0.0000,0.0,31,1.0556,-0.8466,0.2200,1.3532,1.3532,1.2411,0.2021,0,0,0,
118.208,45.200,now,block2_A_now,1,1.1672,0.7828,-1.5483,0.1740,0.0550,0.1011,-0.1154,1,1.0272,-0.8661,1.0272,-0.8662,0.0000,0.0,31,1.0272,-0.8661,0.2200,1.3436,1.3436,1.2411,0.2400,0,0,0,
118.308,45.300,now,block2_A_now,1,1.1674,0.7696,-1.5609,0.1420,-0.0180,0.1200,-0.1154,1,0.9961,-0.8805,0.9962,-0.8805,0.0000,0.0,31,0.9961,-0.8805,0.2200,1.3295,1.3295,1.1450,0.2400,0,0,0,
118.411,45.402,now,block2_A_now,1,1.1676,0.7569,-1.5650,0.0600,-0.1300,0.1137,-0.0897,1,0.9961,-0.8805,0.9962,-0.8805,0.0000,0.0,31,0.9961,-0.8805,0.2200,1.3295,1.3295,1.1450,0.2147,0,0,0,
118.508,45.500,now,block2_A_now,1,1.1676,0.7452,-1.5762,0.0950,0.2220,0.1074,-0.0897,1,0.9687,-0.8891,0.9687,-0.8891,0.0000,0.0,31,0.9687,-0.8891,0.2200,1.3149,1.3149,1.1450,0.2021,0,0,0,
118.608,45.600,now,block2_A_now,1,1.1674,0.7343,-1.5936,0.1140,-0.4450,0.1011,-0.0641,1,0.9485,-0.8915,0.9485,-0.8915,0.0000,0.0,31,0.9485,-0.8915,0.2200,1.3017,1.3017,1.1450,0.2400,0,0,0,
118.709,45.700,now,block2_A_now,1,1.1672,0.7258,-1.6085,0.0470,-0.1300,0.1200,-0.0897,1,0.9485,-0.8915,0.9485,-0.8915,0.0000,0.0,31,0.9485,-0.8915,0.2200,1.3017,1.3017,1.1450,0.2400,0,0,0,
118.808,45.800,now,block2_A_now,1,1.1668,0.7174,-1.6256,0.0310,-0.1110,0.1137,-0.0641,1,0.9333,-0.8887,0.9333,-0.8887,0.0000,0.0,31,0.9333,-0.8887,0.2200,1.2887,1.2887,1.1450,0.2274,0,0,0,
118.909,45.900,now,block2_A_now,1,1.1663,0.7094,-1.6407,0.0340,-0.2040,0.1137,-0.0897,1,0.9207,-0.8824,0.9207,-0.8824,0.0000,0.0,31,0.9207,-0.8824,0.2200,1.2753,1.2753,1.1450,0.2147,0,0,0,
119.009,46.000,now,block2_A_now,1,1.1658,0.7009,-1.6507,0.0660,-0.3530,0.1074,-0.1667,1,0.9090,-0.8735,0.9090,-0.8735,0.0000,0.0,31,0.9090,-0.8735,0.2200,1.2607,1.2607,1.1450,0.2147,0,0,0,
119.108,46.100,now,block2_A_now,1,1.1649,0.6904,-1.6578,0.1290,-0.0550,0.1011,-0.0385,1,0.9090,-0.8735,0.9090,-0.8735,0.0000,0.0,31,0.9090,-0.8735,0.2200,1.2607,1.2607,1.1450,0.2021,0,0,0,
119.208,46.200,now,block2_A_now,1,1.1641,0.6817,-1.6727,0.1420,-0.2040,0.1011,-0.0641,1,0.8970,-0.8613,0.8970,-0.8613,0.0000,0.0,31,0.8970,-0.8613,0.2200,1.2436,1.2436,1.1450,0.2400,0,0,0,
119.309,46.300,now,block2_A_now,1,1.1631,0.6725,-1.6877,0.1140,-0.3710,0.1200,-0.0128,1,0.8880,-0.8474,0.8880,-0.8474,0.0000,0.0,31,0.8880,-0.8474,0.2200,1.2274,1.2274,1.0497,0.2400,0,0,0,
119.408,46.400,now,block2_A_now,1,1.1620,0.6632,-1.7076,0.0880,-0.5200,0.1137,-0.0128,1,0.8880,-0.8474,0.8880,-0.8474,0.0000,0.0,31,0.8880,-0.8474,0.2200,1.2274,1.2274,1.0497,0.2274,0,0,0,
119.511,46.503,now,block2_A_now,1,1.1606,0.6535,-1.7202,0.1390,-0.1110,0.1074,0.0000,1,0.8821,-0.8323,0.8821,-0.8323,0.0000,0.0,31,0.8821,-0.8323,0.2200,1.2128,1.2128,1.0497,0.2147,0,0,0,
119.612,46.604,now,block2_A_now,1,1.1591,0.6441,-1.7206,0.0980,0.0920,0.1011,0.0385,1,0.8778,-0.8163,0.8778,-0.8163,0.0000,0.0,31,0.8778,-0.8163,0.2200,1.1987,1.1987,1.0497,0.2021,0,0,0,
119.712,46.703,now,block2_A_now,1,1.1579,0.6362,-1.7392,0.0820,-0.2220,0.1011,0.0128,1,0.8778,-0.8163,0.8778,-0.8163,0.0000,0.0,31,0.8778,-0.8163,0.2200,1.1987,1.1987,1.0497,0.2400,0,0,0,
119.808,46.800,now,block2_A_now,1,1.1562,0.6269,-1.7584,0.0380,-0.1110,0.1200,0.0385,1,0.8749,-0.7993,0.8749,-0.7993,0.0000,0.0,31,0.8749,-0.7993,0.2200,1.1851,1.1851,1.0497,0.2400,0,0,0,
119.912,46.903,now,block2_A_now,1,1.1542,0.6168,-1.7770,0.0630,-0.3710,0.1137,0.0641,1,0.8711,-0.7813,0.8711,-0.7813,0.0000,0.0,31,0.8711,-0.7813,0.2200,1.1702,1.1702,1.0497,0.2274,0,0,0,
120.008,47.000,now,block2_A_now,1,1.1523,0.6075,-1.7800,0.1520,-0.0370,0.1137,0.0897,1,0.8711,-0.7813,0.8711,-0.7813,0.0000,0.0,31,0.8711,-0.7813,0.2200,1.1702,1.1702,1.0497,0.2147,0,0,0,
120.108,47.100,now,block2_A_now,1,1.1504,0.5984,-1.7974,0.1010,-0.4830,0.1074,0.0641,1,0.8678,-0.7620,0.8678,-0.7620,0.0000,0.0,31,0.8678,-0.7620,0.2200,1.1548,1.1548,1.0497,0.2147,0,0,0,
120.208,47.200,now,block2_A_now,1,1.1474,0.5856,-1.7943,0.1800,0.0920,0.1011,0.0641,1,0.8678,-0.7620,0.8678,-0.7620,0.0000,0.0,31,0.8678,-0.7620,0.2200,1.1548,1.1548,1.0497,0.2021,0,0,0,
120.308,47.300,now,block2_A_now,1,1.1446,0.5730,-1.7894,0.1830,0.0370,0.1200,0.0641,1,0.8678,-0.7620,0.8678,-0.7620,0.0000,0.0,31,0.8678,-0.7620,0.2200,1.1548,1.1548,1.0497,0.2400,0,0,0,
120.408,47.400,now,block2_A_now,1,1.1420,0.5614,-1.7772,0.1520,0.1850,0.1200,0.0385,1,0.8678,-0.7620,0.8678,-0.7620,0.0000,0.0,31,0.8678,-0.7620,0.2200,1.1548,1.1548,0.9387,0.2274,0,0,0,
120.509,47.500,now,block2_A_now,1,1.1398,0.5507,-1.7671,0.0630,0.1110,0.1074,-0.0128,1,0.8102,-0.7081,0.8102,-0.7081,0.0000,0.0,31,0.8102,-0.7081,0.2200,1.0760,1.0760,0.9387,0.2147,0,0,0,
120.609,47.600,now,block2_A_now,1,1.1373,0.5382,-1.7664,0.1710,0.0370,0.1011,0.0641,1,0.8102,-0.7081,0.8102,-0.7081,0.0000,0.0,31,0.8102,-0.7081,0.2200,1.0760,1.0760,0.9387,0.2021,0,0,0,
120.709,47.700,now,block2_A_now,1,1.1354,0.5279,-1.7374,0.1100,0.3900,0.1011,0.0128,1,0.8067,-0.7123,0.8067,-0.7123,0.0000,0.0,31,0.8067,-0.7123,0.2200,1.0762,1.0762,0.9387,0.2021,0,0,0,
120.808,47.800,now,block2_A_now,1,1.1339,0.5187,-1.7301,0.1170,-0.0180,0.0947,0.1154,1,0.8017,-0.7165,0.8017,-0.7165,0.0000,0.0,31,0.8017,-0.7165,0.2200,1.0752,1.0752,0.9387,0.1768,0,0,0,
120.909,47.900,now,block2_A_now,1,1.1328,0.5117,-1.7278,0.0660,-0.0920,0.1137,0.0385,1,0.8017,-0.7165,0.8017,-0.7165,0.0000,0.0,31,0.8017,-0.7165,0.2200,1.0752,1.0752,0.9387,0.2274,0,0,0,
121.009,48.001,now,block2_A_now,1,1.1315,0.5034,-1.7127,0.0500,0.1110,0.1074,0.0385,1,0.8017,-0.7165,0.8017,-0.7165,0.0000,0.0,31,0.8017,-0.7165,0.2200,1.0752,1.0752,0.9387,0.2147,0,0,0,
121.108,48.100,now,block2_A_now,1,1.1305,0.4960,-1.7039,0.0500,0.2600,0.1074,0.0385,1,0.8017,-0.7165,0.8017,-0.7165,0.0000,0.0,31,0.8017,-0.7165,0.2200,1.0752,1.0752,0.9387,0.2021,0,0,0,
121.209,48.201,now,block2_A_now,1,1.1295,0.4884,-1.6899,0.0440,0.1850,0.1011,-0.1215,1,0.8017,-0.7165,0.8017,-0.7165,0.0000,0.0,31,0.8017,-0.7165,0.2200,1.0752,1.0752,0.9387,0.2021,0,0,0,
121.309,48.300,now,block2_A_now,1,1.1285,0.4794,-1.6718,0.0880,0.4080,0.1200,-0.0385,1,0.8017,-0.7165,0.8017,-0.7165,0.0000,0.0,31,0.8017,-0.7165,0.2200,1.0752,1.0752,0.9387,0.2400,0,0,0,
121.408,48.400,now,block2_A_now,1,1.1275,0.4696,-1.6628,0.0880,-0.2970,0.1200,-0.0641,1,0.8017,-0.7165,0.8017,-0.7165,0.0000,0.0,31,0.8017,-0.7165,0.2200,1.0752,1.0752,0.8437,0.2274,0,0,0,
121.509,48.500,now,block2_A_now,1,1.1266,0.4586,-1.6485,0.1390,0.1850,0.1137,-0.0128,1,0.8017,-0.7165,0.8017,-0.7165,0.0000,0.0,31,0.8017,-0.7165,0.2200,1.0752,1.0752,0.8437,0.2147,0,0,0,
121.608,48.600,now,block2_A_now,1,1.1259,0.4493,-1.6392,0.0880,0.4450,0.1074,-0.0385,1,0.8017,-0.7165,0.8017,-0.7165,0.0000,0.0,31,0.8017,-0.7165,0.2200,1.0752,1.0752,0.8437,0.2021,0,0,0,
121.709,48.701,now,block2_A_now,1,1.1250,0.4372,-1.6378,0.1260,0.2600,0.1011,-0.0641,1,0.8017,-0.7165,0.8017,-0.7165,0.0000,0.0,31,0.8017,-0.7165,0.2200,1.0752,1.0752,0.8437,0.2400,0,0,0,
121.810,48.801,now,block2_A_now,1,1.1242,0.4243,-1.6248,0.1710,0.0370,0.1200,-0.0641,0,0.8017,-0.7165,0.8017,-0.7165,0.0000,0.0,31,0.8017,-0.7165,0.2200,1.0752,1.0752,0.8437,0.2400,0,0,0,
121.909,48.900,now,block2_A_now,1,1.1236,0.4119,-1.6240,0.1170,-0.0920,0.1137,-0.0641,0,0.8017,-0.7165,0.8017,-0.7165,0.0000,0.0,31,0.8017,-0.7165,0.2200,1.0752,1.0752,0.8437,0.2274,0,0,0,
122.008,49.000,now,block2_A_now,1,1.1230,0.4006,-1.6175,0.0630,0.0370,0.1074,-0.1154,0,0.8017,-0.7165,0.8017,-0.7165,0.0000,0.0,31,0.8017,-0.7165,0.2200,1.0752,1.0752,0.8437,0.2147,0,0,0,
122.109,49.100,now,block2_A_now,1,1.1225,0.3899,-1.6045,0.0600,0.0920,0.1011,-0.0897,0,0.8017,-0.7165,0.8017,-0.7165,0.0000,0.0,31,0.8017,-0.7165,0.2200,1.0752,1.0752,0.8437,0.2021,0,0,0,
122.209,49.200,now,block2_A_now,1,1.1221,0.3771,-1.6071,0.0470,-0.0180,0.1200,-0.0641,0,0.8017,-0.7165,0.8017,-0.7165,0.0000,0.0,31,0.8017,-0.7165,0.2200,1.0752,1.0752,0.8437,0.2400,0,0,0,
122.308,49.300,now,block2_A_now,1,1.1217,0.3653,-1.5982,0.0760,-0.1110,0.1137,-0.0641,0,0.8017,-0.7165,0.8017,-0.7165,0.0000,0.0,31,0.8017,-0.7165,0.2200,1.0752,1.0752,0.8437,0.2274,0,0,0,
122.409,49.400,now,block2_A_now,1,1.1214,0.3541,-1.6008,0.1390,-0.1850,0.1074,-0.0641,0,0.8017,-0.7165,0.8017,-0.7165,0.0000,0.0,31,0.8017,-0.7165,0.2200,1.0752,1.0752,0.6691,0.2147,0,0,0,
122.508,49.500,now,block2_A_now,1,1.1210,0.3427,-1.6150,0.1200,-0.3710,0.1074,-0.1154,0,0.8017,-0.7165,0.8017,-0.7165,0.0000,0.0,31,0.8017,-0.7165,0.2200,1.0752,1.0752,0.6691,0.2021,0,0,0,
122.609,49.600,now,block2_A_now,1,1.1203,0.3294,-1.6247,0.1550,0.0550,0.1200,-0.0641,0,0.8017,-0.7165,0.8017,-0.7165,0.0000,0.0,31,0.8017,-0.7165,0.2200,1.0752,1.0752,0.6691,0.2400,0,0,0,
122.709,49.700,now,block2_A_now,1,1.1198,0.3194,-1.6272,0.0600,-0.2410,0.1200,-0.1667,0,0.8017,-0.7165,0.8017,-0.7165,0.0000,0.0,31,0.8017,-0.7165,0.2200,1.0752,1.0752,0.6691,0.2400,0,0,0,
122.809,49.801,now,block2_A_now,1,1.1192,0.3104,-1.6385,0.0760,-0.4080,0.1200,-0.2436,0,0.8017,-0.7165,0.8017,-0.7165,0.0000,0.0,31,0.8017,-0.7165,0.2200,1.0752,1.0752,0.6691,0.2274,0,0,0,
122.909,49.900,now,block2_A_now,1,1.1185,0.2999,-1.6575,0.0880,-0.4830,0.1137,-0.1410,0,0.8017,-0.7165,0.8017,-0.7165,0.0000,0.0,31,0.8017,-0.7165,0.2200,1.0752,1.0752,0.6691,0.2274,0,0,0,
123.009,50.000,now,block2_A_now,1,1.1175,0.2892,-1.6779,0.1330,-0.2220,0.1074,-0.0897,0,0.8017,-0.7165,0.8017,-0.7165,0.0000,0.0,31,0.8017,-0.7165,0.2200,1.0752,1.0752,0.6691,0.2147,0,0,0,
123.109,50.100,now,block2_A_now,1,1.1160,0.2765,-1.7024,0.1260,-0.4080,0.1011,-0.0897,0,0.8017,-0.7165,0.8017,-0.7165,0.0000,0.0,31,0.8017,-0.7165,0.2200,1.0752,1.0752,0.6691,0.2021,0,0,0,
123.209,50.200,now,block2_A_now,1,1.1145,0.2653,-1.7227,0.1070,-0.5200,0.1200,-0.0897,0,0.8017,-0.7165,0.8017,-0.7165,0.0000,0.0,31,0.8017,-0.7165,0.2200,1.0752,1.0752,0.6691,0.2274,0,0,0,
123.316,50.308,now,block2_A_now,1,1.1128,0.2544,-1.7372,0.0790,-0.0180,0.1137,-0.0897,0,0.8017,-0.7165,0.8017,-0.7165,0.0000,0.0,31,0.8017,-0.7165,0.2200,1.0752,1.0752,0.6691,0.2147,0,0,0,
123.410,50.402,now,block2_A_now,1,1.1109,0.2435,-1.7427,0.1360,0.0180,0.1074,-0.0641,0,0.8017,-0.7165,0.8017,-0.7165,0.0000,0.0,31,0.8017,-0.7165,0.2200,1.0752,1.0752,0.5732,0.2147,0,0,0,
123.510,50.501,now,block2_A_now,1,1.1092,0.2338,-1.7482,0.0820,0.2220,0.1011,-0.0641,0,0.8017,-0.7165,0.8017,-0.7165,0.0000,0.0,31,0.8017,-0.7165,0.2200,1.0752,1.0752,0.5732,0.2400,0,0,0,
123.608,50.600,now,block2_A_now,1,1.1072,0.2232,-1.7660,0.1040,0.0920,0.1200,-0.0128,0,0.8017,-0.7165,0.8017,-0.7165,0.0000,0.0,31,0.8017,-0.7165,0.2200,1.0752,1.0752,0.5732,0.2400,0,0,0,
123.710,50.701,now,block2_A_now,1,1.1048,0.2118,-1.7879,0.1520,-0.1480,0.1137,0.0641,0,0.8017,-0.7165,0.8017,-0.7165,0.0000,0.0,31,0.8017,-0.7165,0.2200,1.0752,1.0752,0.5732,0.2274,0,0,0,
123.808,50.800,now,block2_A_now,1,1.1032,0.2049,-1.7975,0.1200,-0.2220,0.1137,-0.0128,0,0.8017,-0.7165,0.8017,-0.7165,0.0000,0.0,31,0.8017,-0.7165,0.2200,1.0752,1.0752,0.5732,0.2147,0,0,0,
123.909,50.900,now,block2_A_now,1,1.1013,0.1970,-1.8112,0.1010,-0.2970,0.1074,-0.0128,0,0.8017,-0.7165,0.8017,-0.7165,0.0000,0.0,31,0.8017,-0.7165,0.2200,1.0752,1.0752,0.5732,0.2147,0,0,0,
124.008,51.000,now,block2_A_now,1,1.0994,0.1893,-1.8215,0.0530,-0.0920,0.1011,0.0385,0,0.8017,-0.7165,0.8017,-0.7165,0.0000,0.0,31,0.8017,-0.7165,0.2200,1.0752,1.0752,0.5732,0.2021,0,0,0,
124.112,51.103,now,block2_A_now,1,1.0971,0.1807,-1.8393,0.1070,-0.0740,0.1011,0.0385,0,0.8017,-0.7165,0.8017,-0.7165,0.0000,0.0,31,0.8017,-0.7165,0.2200,1.0752,1.0752,0.5732,0.2400,0,0,0,
124.209,51.200,now,block2_A_now,1,1.0939,0.1691,-1.8389,0.1290,0.2780,0.1200,0.0385,0,0.8017,-0.7165,0.8017,-0.7165,0.0000,0.0,31,0.8017,-0.7165,0.2200,1.0752,1.0752,0.5732,0.2274,0,0,0,
124.308,51.300,now,block2_A_now,1,1.0911,0.1594,-1.8612,0.0910,-0.2040,0.1137,0.3205,0,0.8017,-0.7165,0.8017,-0.7165,0.0000,0.0,31,0.8017,-0.7165,0.2200,1.0752,1.0752,0.5732,0.2274,0,0,0,
124.410,51.401,now,block2_A_now,1,1.0874,0.1468,-1.8612,0.1170,-0.3530,0.1200,0.0005,0,0.8017,-0.7165,0.8017,-0.7165,0.0000,0.0,31,0.8017,-0.7165,0.2200,1.0752,1.0752,0.5732,0.2400,0,0,0,
124.509,51.500,now,block2_A_now,1,1.0831,0.1324,-1.8568,0.1800,0.0920,0.1137,-0.0897,0,0.8017,-0.7165,0.8017,-0.7165,0.0000,0.0,31,0.8017,-0.7165,0.2200,1.0752,1.0752,0.4618,0.2274,0,0,0,
124.608,51.600,now,block2_A_now,1,1.0798,0.1211,-1.8531,0.1800,0.0550,0.1074,-0.0897,0,0.8017,-0.7165,0.8017,-0.7165,0.0000,0.0,31,0.8017,-0.7165,0.2200,1.0752,1.0752,0.4618,0.2400,0,0,0,
124.708,51.700,now,block2_A_now,1,1.0765,0.1094,-1.8350,0.0980,0.3150,0.1200,-0.0385,0,0.8017,-0.7165,0.8017,-0.7165,0.0000,0.0,31,0.8017,-0.7165,0.2200,1.0752,1.0752,0.4618,0.2400,0,0,0,
124.808,51.800,now,block2_A_now,1,1.0729,0.0961,-1.8358,0.0760,-0.0370,0.1200,-0.1154,0,0.8017,-0.7165,0.8017,-0.7165,0.0000,0.0,31,0.8017,-0.7165,0.2200,1.0752,1.0752,0.4618,0.2274,0,0,0,
124.908,51.900,now,block2_A_now,1,1.0707,0.0883,-1.8294,0.0880,0.4450,0.1074,-0.0641,0,0.8017,-0.7165,0.8017,-0.7165,0.0000,0.0,31,0.8017,-0.7165,0.2200,1.0752,1.0752,0.4618,0.2147,0,0,0,
125.012,52.003,now,block2_A_now,1,1.0681,0.0782,-1.8347,0.0950,-0.2600,0.1074,-0.0641,0,0.8017,-0.7165,0.8017,-0.7165,0.0000,0.0,31,0.8017,-0.7165,0.2200,1.0752,1.0752,0.4618,0.2274,0,0,0,
125.109,52.100,now,block2_A_now,1,1.0661,0.0707,-1.8280,0.0440,0.1110,0.1200,-0.0897,0,0.8017,-0.7165,0.8017,-0.7165,0.0000,0.0,31,0.8017,-0.7165,0.2200,1.0752,1.0752,0.4618,0.2400,0,0,0,
125.208,52.200,now,block2_A_now,1,1.0639,0.0623,-1.8273,0.1290,0.1670,0.1200,-0.1154,0,0.8017,-0.7165,0.8017,-0.7165,0.0000,0.0,31,0.8017,-0.7165,0.2200,1.0752,1.0752,0.4618,0.2274,0,0,0,
125.308,52.300,now,block2_A_now,1,1.0617,0.0539,-1.8258,0.0880,-0.0370,0.1137,-0.1154,0,0.8017,-0.7165,0.8017,-0.7165,0.0000,0.0,31,0.8017,-0.7165,0.2200,1.0752,1.0752,0.4618,0.2274,0,0,0,
125.408,52.400,now,block2_A_now,1,1.0590,0.0435,-1.8254,0.1580,-0.1110,0.1074,-0.0897,0,0.8017,-0.7165,0.8017,-0.7165,0.0000,0.0,31,0.8017,-0.7165,0.2200,1.0752,1.0752,0.4618,0.2147,0,0,0,
125.508,52.500,now,block2_A_now,1,1.0563,0.0332,-1.8199,0.1520,0.1480,0.1011,-0.0897,0,0.8017,-0.7165,0.8017,-0.7165,0.0000,0.0,31,0.8017,-0.7165,0.2200,1.0752,1.0752,0.3510,0.2021,0,0,0,
125.608,52.600,now,block2_A_now,1,1.0529,0.0201,-1.8273,0.1670,0.0550,0.1200,-0.0641,0,0.8017,-0.7165,0.8017,-0.7165,0.0000,0.0,31,0.8017,-0.7165,0.2200,1.0752,1.0752,0.3510,0.2400,0,0,0,
125.708,52.700,now,block2_A_now,1,1.0498,0.0083,-1.8310,0.1230,-0.0550,0.1137,-0.0641,0,0.8017,-0.7165,0.8017,-0.7165,0.0000,0.0,31,0.8017,-0.7165,0.2200,1.0752,1.0752,0.3510,0.2400,0,0,0,
125.808,52.800,now,block2_A_now,1,1.0465,-0.0036,-1.8576,0.0880,-0.2220,0.1200,-0.1923,0,0.8017,-0.7165,0.8017,-0.7165,0.0000,0.0,31,0.8017,-0.7165,0.2200,1.0752,1.0752,0.3510,0.2274,0,0,0,
125.909,52.900,now,block2_A_now,1,1.0434,-0.0142,-1.8610,0.0690,0.0740,0.1137,-0.1667,0,0.8017,-0.7165,0.8017,-0.7165,0.0000,0.0,31,0.8017,-0.7165,0.2200,1.0752,1.0752,0.3510,0.2149,0,0,0,
126.008,53.000,now,block2_A_now,1,1.0400,-0.0252,-1.8695,0.1170,0.3150,0.1200,-0.0323,0,0.8017,-0.7165,0.8017,-0.7165,0.0000,0.0,31,0.8017,-0.7165,0.2200,1.0752,1.0752,0.3510,0.2400,0,0,0,
126.109,53.100,now,block2_A_now,1,1.0367,-0.0357,-1.8921,0.1140,-0.3340,0.1200,-0.0385,0,0.8017,-0.7165,0.8017,-0.7165,0.0000,0.0,31,0.8017,-0.7165,0.2200,1.0752,1.0752,0.3510,0.1263,0,0,0,
126.209,53.200,now,block2_A_now,1,1.0329,-0.0467,-1.9026,0.1420,0.0550,0.0000,0.0000,0,0.8017,-0.7165,0.8017,-0.7165,0.0000,0.0,31,0.8017,-0.7165,0.2200,1.0752,1.0752,0.3510,0.1263,0,0,0,
126.309,53.300,now,block2_A_now,1,1.0319,-0.0496,-1.9078,0.0000,0.0000,0.0000,0.0000,0,0.8017,-0.7165,0.8017,-0.7165,0.0000,0.0,31,0.8017,-0.7165,0.2200,1.0752,1.0752,0.3510,0.1263,0,0,0,
126.409,53.400,now,block2_A_now,1,1.0326,-0.0477,-1.9115,0.0280,-0.3530,0.0000,0.0000,0,0.8017,-0.7165,0.8017,-0.7165,0.0000,0.0,31,0.8017,-0.7165,0.2200,1.0752,1.0752,0.3510,0.1263,0,0,0,
126.509,53.500,now,block2_A_now,1,1.0311,-0.0518,-1.9011,0.0410,-0.1300,0.0000,0.0000,0,0.8017,-0.7165,0.8017,-0.7165,0.0000,0.0,31,0.8017,-0.7165,0.2200,1.0752,1.0752,0.3510,0.1263,0,0,0,
126.609,53.600,now,block2_A_now,1,1.0304,-0.0540,-1.9141,0.0000,0.0000,0.0000,0.0000,0,0.8017,-0.7165,0.8017,-0.7165,0.0000,0.0,31,0.8017,-0.7165,0.2200,1.0752,1.0752,0.3510,0.1263,0,0,0,
126.709,53.700,now,block2_A_now,1,1.0304,-0.0540,-1.9141,0.0000,0.0000,0.0000,0.0000,0,0.8017,-0.7165,0.8017,-0.7165,0.0000,0.0,31,0.8017,-0.7165,0.2200,1.0752,1.0752,0.3510,0.1263,0,0,0,
126.809,53.801,now,block2_A_now,1,1.0311,-0.0521,-1.9018,-0.0660,0.3900,0.0000,0.0000,0,0.8017,-0.7165,0.8017,-0.7165,0.0000,0.0,31,0.8017,-0.7165,0.2200,1.0752,1.0752,0.3510,0.1263,0,0,0,
126.909,53.900,now,block2_A_now,1,1.0312,-0.0516,-1.8989,0.0000,0.0000,0.0000,0.0000,0,0.8017,-0.7165,0.8017,-0.7165,0.0000,0.0,31,0.8017,-0.7165,0.2200,1.0752,1.0752,0.3510,0.1263,0,0,0,
127.009,54.000,now,block2_A_now,1,1.0312,-0.0516,-1.8989,0.0000,0.0000,0.0000,0.0000,0,0.8017,-0.7165,0.8017,-0.7165,0.0000,0.0,31,0.8017,-0.7165,0.2200,1.0752,1.0752,0.3510,0.1263,0,0,0,
127.109,54.100,now,block2_A_now,1,1.0312,-0.0516,-1.8989,0.0000,0.0000,0.0000,0.0000,0,0.8017,-0.7165,0.8017,-0.7165,0.0000,0.0,31,0.8017,-0.7165,0.2200,1.0752,1.0752,0.3510,0.1263,0,0,0,
127.209,54.200,now,block2_A_now,1,1.0312,-0.0516,-1.8989,0.0000,0.0000,0.0000,0.0000,0,0.8017,-0.7165,0.8017,-0.7165,0.0000,0.0,31,0.8017,-0.7165,0.2200,1.0752,1.0752,0.3510,0.1263,0,0,0,
127.309,54.300,now,block2_A_now,1,1.0312,-0.0516,-1.8989,0.0000,0.0000,0.0000,0.0000,0,0.8017,-0.7165,0.8017,-0.7165,0.0000,0.0,31,0.8017,-0.7165,0.2200,1.0752,1.0752,0.3510,0.1263,0,0,0,
127.410,54.401,now,block2_A_now,1,1.0312,-0.0516,-1.8989,0.0000,0.0000,0.0000,0.0000,0,0.8017,-0.7165,0.8017,-0.7165,0.0000,0.0,31,0.8017,-0.7165,0.2200,1.0752,1.0752,0.3510,0.1263,0,0,0,
127.509,54.500,now,block2_A_now,1,1.0312,-0.0516,-1.8989,0.0000,0.0000,0.0000,0.0000,0,0.8017,-0.7165,0.8017,-0.7165,0.0000,0.0,31,0.8017,-0.7165,0.2200,1.0752,1.0752,0.3510,0.1263,0,0,0,
127.609,54.600,now,block2_A_now,1,1.0312,-0.0516,-1.8989,0.0000,0.0000,0.0000,0.0000,0,0.8017,-0.7165,0.8017,-0.7165,0.0000,0.0,31,0.8017,-0.7165,0.2200,1.0752,1.0752,0.3510,0.1263,0,0,0,
127.709,54.700,now,block2_A_now,1,1.0312,-0.0516,-1.8989,0.0000,0.0000,0.0000,0.0000,0,0.8017,-0.7165,0.8017,-0.7165,0.0000,0.0,31,0.8017,-0.7165,0.2200,1.0752,1.0752,0.3510,0.1263,0,0,0,
127.809,54.800,now,block2_A_now,1,1.0312,-0.0516,-1.8989,0.0000,0.0000,0.0000,0.0000,0,0.8017,-0.7165,0.8017,-0.7165,0.0000,0.0,31,0.8017,-0.7165,0.2200,1.0752,1.0752,0.3510,0.1263,0,0,0,
127.909,54.900,now,block2_A_now,1,1.0312,-0.0516,-1.8989,0.0000,0.0000,0.0000,0.0000,0,0.8017,-0.7165,0.8017,-0.7165,0.0000,0.0,31,0.8017,-0.7165,0.2200,1.0752,1.0752,0.3510,0.1263,0,0,0,
128.009,55.000,now,block2_A_now,1,1.0312,-0.0516,-1.8989,0.0000,0.0000,0.0000,0.0000,0,0.8017,-0.7165,0.8017,-0.7165,0.0000,0.0,31,0.8017,-0.7165,0.2200,1.0752,1.0752,0.3510,0.1263,0,0,0,
128.109,55.100,now,block2_A_now,1,1.0312,-0.0516,-1.8989,0.0000,0.0000,0.0000,0.0000,0,0.8017,-0.7165,0.8017,-0.7165,0.0000,0.0,31,0.8017,-0.7165,0.2200,1.0752,1.0752,0.3510,0.1263,0,0,0,
128.209,55.200,now,block2_A_now,1,1.0312,-0.0516,-1.8989,0.0000,0.0000,0.0000,0.0000,0,0.8017,-0.7165,0.8017,-0.7165,0.0000,0.0,31,0.8017,-0.7165,0.2200,1.0752,1.0752,0.3510,0.1263,0,0,0,
128.309,55.301,now,block2_A_now,1,1.0312,-0.0516,-1.8989,0.0000,0.0000,0.0000,0.0000,0,0.8017,-0.7165,0.8017,-0.7165,0.0000,0.0,31,0.8017,-0.7165,0.2200,1.0752,1.0752,0.3510,0.1263,0,0,0,
128.409,55.400,now,block2_A_now,1,1.0312,-0.0516,-1.8989,0.0000,0.0000,0.0000,0.0000,0,0.8017,-0.7165,0.8017,-0.7165,0.0000,0.0,31,0.8017,-0.7165,0.2200,1.0752,1.0752,0.3510,0.1263,0,0,0,
128.509,55.500,now,block2_A_now,1,1.0312,-0.0516,-1.8989,0.0000,0.0000,0.0000,0.0000,0,0.8017,-0.7165,0.8017,-0.7165,0.0000,0.0,31,0.8017,-0.7165,0.2200,1.0752,1.0752,0.3510,0.1263,0,0,0,
128.609,55.600,now,block2_A_now,1,1.0312,-0.0516,-1.8989,0.0000,0.0000,0.0000,0.0000,0,0.8017,-0.7165,0.8017,-0.7165,0.0000,0.0,31,0.8017,-0.7165,0.2200,1.0752,1.0752,0.3510,0.1263,0,0,0,
128.709,55.700,now,block2_A_now,1,1.0312,-0.0516,-1.8989,0.0000,0.0000,0.0000,0.0000,0,0.8017,-0.7165,0.8017,-0.7165,0.0000,0.0,31,0.8017,-0.7165,0.2200,1.0752,1.0752,0.3510,0.1263,0,0,0,
128.809,55.800,now,block2_A_now,1,1.0312,-0.0516,-1.8989,0.0000,0.0000,0.0000,0.0000,0,0.8017,-0.7165,0.8017,-0.7165,0.0000,0.0,31,0.8017,-0.7165,0.2200,1.0752,1.0752,0.3510,0.1263,0,0,0,
128.909,55.900,now,block2_A_now,1,1.0312,-0.0516,-1.8989,0.0000,0.0000,0.0000,0.0000,0,0.8017,-0.7165,0.8017,-0.7165,0.0000,0.0,31,0.8017,-0.7165,0.2200,1.0752,1.0752,0.3510,0.1263,0,0,0,
129.009,56.000,now,block2_A_now,1,1.0312,-0.0516,-1.8989,0.0000,0.0000,0.0000,0.0000,0,0.8017,-0.7165,0.8017,-0.7165,0.0000,0.0,31,0.8017,-0.7165,0.2200,1.0752,1.0752,0.3510,0.1263,0,0,0,
129.109,56.100,now,block2_A_now,1,1.0312,-0.0516,-1.8989,0.0000,0.0000,0.0000,0.0000,0,0.8017,-0.7165,0.8017,-0.7165,0.0000,0.0,31,0.8017,-0.7165,0.2200,1.0752,1.0752,0.3510,0.1263,0,0,0,
129.209,56.200,now,block2_A_now,1,1.0312,-0.0516,-1.8989,0.0000,0.0000,0.0000,0.0000,0,0.8017,-0.7165,0.8017,-0.7165,0.0000,0.0,31,0.8017,-0.7165,0.2200,1.0752,1.0752,0.3510,0.1263,0,0,0,
129.309,56.300,now,block2_A_now,1,1.0312,-0.0516,-1.8989,0.0000,0.0000,0.0000,0.0000,0,0.8017,-0.7165,0.8017,-0.7165,0.0000,0.0,31,0.8017,-0.7165,0.2200,1.0752,1.0752,0.3510,0.1263,0,0,0,
129.409,56.400,now,block2_A_now,1,1.0312,-0.0516,-1.8989,0.0000,0.0000,0.0000,0.0000,0,0.8017,-0.7165,0.8017,-0.7165,0.0000,0.0,31,0.8017,-0.7165,0.2200,1.0752,1.0752,0.3510,0.1263,0,0,0,
197.609,0.000,now,block2_A_now,1,1.0312,-0.0516,-1.8989,0.0000,0.0000,0.0000,0.0641,0,0.8017,-0.7165,0.8017,-0.7165,0.0000,0.0,31,0.8017,-0.7165,0.2200,1.0752,1.0752,6.2142,0.0000,0,0,0,
197.709,0.100,now,block2_A_now,1,1.0312,-0.0516,-1.8989,0.0000,0.0000,0.0000,0.0641,0,0.8017,-0.7165,0.8017,-0.7165,0.0000,0.0,31,0.8017,-0.7165,0.2200,1.0752,1.0752,6.2142,0.0000,0,0,0,
197.811,0.203,now,block2_A_now,1,1.0312,-0.0516,-1.8989,0.0000,0.0000,0.0000,0.0641,0,0.8017,-0.7165,0.8017,-0.7165,0.0000,0.0,31,0.8017,-0.7165,0.2200,1.0752,1.0752,6.2142,0.0000,0,0,0,
197.909,0.300,now,block2_A_now,1,1.0312,-0.0516,-1.8989,0.0000,0.0000,0.0000,0.0641,0,0.8017,-0.7165,0.8017,-0.7165,0.0000,0.0,31,0.8017,-0.7165,0.2200,1.0752,1.0752,6.2142,0.0000,0,0,0,
198.009,0.400,now,block2_A_now,1,1.0312,-0.0516,-1.8989,0.0000,0.0000,0.0000,0.0641,0,0.8017,-0.7165,0.8017,-0.7165,0.0000,0.0,31,0.8017,-0.7165,0.2200,1.0752,1.0752,6.2142,0.0000,0,0,0,
198.109,0.500,now,block2_A_now,1,1.0312,-0.0516,-1.8989,0.0000,0.0000,0.0000,0.0641,0,0.8017,-0.7165,0.8017,-0.7165,0.0000,0.0,31,0.8017,-0.7165,0.2200,1.0752,1.0752,6.2142,0.0000,0,0,0,
198.209,0.600,now,block2_A_now,1,1.0312,-0.0516,-1.8989,0.0000,0.0000,0.0000,0.0641,0,0.8017,-0.7165,0.8017,-0.7165,0.0000,0.0,31,0.8017,-0.7165,0.2200,1.0752,1.0752,6.2142,0.0000,0,0,0,
198.309,0.700,now,block2_A_now,1,1.0312,-0.0516,-1.8989,0.0000,0.0000,0.0000,0.0641,0,0.8017,-0.7165,0.8017,-0.7165,0.0000,0.0,31,0.8017,-0.7165,0.2200,1.0752,1.0752,6.2142,0.0000,0,0,0,
198.409,0.800,now,block2_A_now,1,1.0312,-0.0516,-1.8989,0.0000,0.0000,0.0000,0.0641,0,0.8017,-0.7165,0.8017,-0.7165,0.0000,0.0,31,0.8017,-0.7165,0.2200,1.0752,1.0752,6.2142,0.0000,0,0,0,
198.508,0.900,now,block2_A_now,1,1.0312,-0.0516,-1.8989,0.0000,0.0000,0.0000,0.0641,0,0.8017,-0.7165,0.8017,-0.7165,0.0000,0.0,31,0.8017,-0.7165,0.2200,1.0752,1.0752,6.2142,0.0000,0,0,0,
198.609,1.000,now,block2_A_now,1,1.0312,-0.0516,-1.8989,0.0000,0.0000,0.0000,0.0641,0,0.8017,-0.7165,0.8017,-0.7165,0.0000,0.0,31,0.8017,-0.7165,0.2200,1.0752,1.0752,6.2142,0.0000,0,0,0,
198.709,1.100,now,block2_A_now,1,1.0312,-0.0516,-1.8989,0.0000,0.0000,0.0000,0.0641,0,0.8017,-0.7165,0.8017,-0.7165,0.0000,0.0,31,0.8017,-0.7165,0.2200,1.0752,1.0752,6.2142,0.0000,0,0,0,
198.809,1.200,now,block2_A_now,1,1.0312,-0.0516,-1.8989,0.0000,0.0000,0.0000,0.0641,0,0.8017,-0.7165,0.8017,-0.7165,0.0000,0.0,31,0.8017,-0.7165,0.2200,1.0752,1.0752,6.2142,0.0000,0,0,0,
198.909,1.300,now,block2_A_now,1,1.0312,-0.0516,-1.8989,0.0000,0.0000,0.0000,0.0641,0,0.8017,-0.7165,0.8017,-0.7165,0.0000,0.0,31,0.8017,-0.7165,0.2200,1.0752,1.0752,6.2142,0.0000,0,0,0,
199.009,1.400,now,block2_A_now,1,1.0312,-0.0516,-1.8989,0.0000,0.0000,0.0000,0.0641,0,0.8017,-0.7165,0.8017,-0.7165,0.0000,0.0,31,0.8017,-0.7165,0.2200,1.0752,1.0752,6.2142,0.0000,0,0,0,
199.109,1.500,now,block2_A_now,1,1.0312,-0.0516,-1.8989,0.0000,0.0000,0.0000,0.0641,0,0.8017,-0.7165,0.8017,-0.7165,0.0000,0.0,31,0.8017,-0.7165,0.2200,1.0752,1.0752,6.2142,0.0000,0,0,0,
199.209,1.600,now,block2_A_now,1,1.0312,-0.0516,-1.8989,0.0000,0.0000,0.0000,0.0641,0,0.8017,-0.7165,0.8017,-0.7165,0.0000,0.0,31,0.8017,-0.7165,0.2200,1.0752,1.0752,6.2142,0.0000,0,0,0,
199.309,1.700,now,block2_A_now,1,1.0312,-0.0516,-1.8989,0.0000,0.0000,0.0000,0.0641,0,0.8017,-0.7165,0.8017,-0.7165,0.0000,0.0,31,0.8017,-0.7165,0.2200,1.0752,1.0752,6.2142,0.0000,0,0,0,
199.409,1.800,now,block2_A_now,1,1.0312,-0.0516,-1.8989,0.0000,0.0000,0.0000,0.0641,0,0.8017,-0.7165,0.8017,-0.7165,0.0000,0.0,31,0.8017,-0.7165,0.2200,1.0752,1.0752,6.2142,0.0000,0,0,0,
199.508,1.900,now,block2_A_now,1,1.0312,-0.0516,-1.8989,0.0000,0.0000,0.0000,0.0641,0,0.8017,-0.7165,0.8017,-0.7165,0.0000,0.0,31,0.8017,-0.7165,0.2200,1.0752,1.0752,6.2142,0.0000,0,0,0,
199.609,2.000,now,block2_A_now,1,1.0312,-0.0516,-1.8989,0.0000,0.0000,0.0000,0.0641,0,0.8017,-0.7165,0.8017,-0.7165,0.0000,0.0,31,0.8017,-0.7165,0.2200,1.0752,1.0752,6.2142,0.0000,0,0,0,
199.709,2.100,now,block2_A_now,1,1.0312,-0.0516,-1.8989,0.0000,0.0000,0.0000,0.0641,0,0.8017,-0.7165,0.8017,-0.7165,0.0000,0.0,31,0.8017,-0.7165,0.2200,1.0752,1.0752,6.2142,0.0000,0,0,0,
199.809,2.200,now,block2_A_now,1,1.0312,-0.0516,-1.8989,0.0000,0.0000,0.0000,0.0641,0,0.8017,-0.7165,0.8017,-0.7165,0.0000,0.0,31,0.8017,-0.7165,0.2200,1.0752,1.0752,6.2142,0.0000,0,0,0,
199.909,2.300,now,block2_A_now,1,1.0312,-0.0516,-1.8989,0.0000,0.0000,0.0000,0.0641,0,0.8017,-0.7165,0.8017,-0.7165,0.0000,0.0,31,0.8017,-0.7165,0.2200,1.0752,1.0752,6.2142,0.0000,0,0,0,
200.009,2.400,now,block2_A_now,1,1.0312,-0.0516,-1.8989,0.0000,0.0000,0.0000,0.0641,0,0.8017,-0.7165,0.8017,-0.7165,0.0000,0.0,31,0.8017,-0.7165,0.2200,1.0752,1.0752,6.2142,0.0000,0,0,0,
200.109,2.500,now,block2_A_now,1,1.0312,-0.0516,-1.8989,0.0000,0.0000,0.0000,0.0641,0,0.8017,-0.7165,0.8017,-0.7165,0.0000,0.0,31,0.8017,-0.7165,0.2200,1.0752,1.0752,6.2142,0.0000,0,0,0,
200.209,2.600,now,block2_A_now,1,1.0312,-0.0516,-1.8989,0.0000,0.0000,0.0000,0.0641,0,0.8017,-0.7165,0.8017,-0.7165,0.0000,0.0,31,0.8017,-0.7165,0.2200,1.0752,1.0752,6.2142,0.0000,0,0,0,
200.309,2.700,now,block2_A_now,1,1.0312,-0.0516,-1.8989,0.0000,0.0000,0.0000,0.0641,0,0.8017,-0.7165,0.8017,-0.7165,0.0000,0.0,31,0.8017,-0.7165,0.2200,1.0752,1.0752,6.2142,0.0000,0,0,0,
200.409,2.800,now,block2_A_now,1,1.0312,-0.0516,-1.8989,0.0000,0.0000,0.0000,0.0641,0,0.8017,-0.7165,0.8017,-0.7165,0.0000,0.0,31,0.8017,-0.7165,0.2200,1.0752,1.0752,6.2142,0.0000,0,0,0,
200.524,2.915,now,block2_A_now,1,1.0312,-0.0516,-1.8989,0.0000,0.0000,0.0000,0.0641,0,0.8017,-0.7165,0.8017,-0.7165,0.0000,0.0,31,0.8017,-0.7165,0.2200,1.0752,1.0752,6.2142,0.0000,0,0,0,
200.609,3.000,now,block2_A_now,1,1.0312,-0.0516,-1.8989,0.0000,0.0000,0.0000,0.0641,0,0.8017,-0.7165,0.8017,-0.7165,0.0000,0.0,31,0.8017,-0.7165,0.2200,1.0752,1.0752,6.2142,0.0000,0,0,0,
200.709,3.100,now,block2_A_now,1,1.0312,-0.0516,-1.8989,0.0000,0.0000,0.0000,0.0641,0,0.8017,-0.7165,0.8017,-0.7165,0.0000,0.0,31,0.8017,-0.7165,0.2200,1.0752,1.0752,6.2142,0.0000,0,0,0,
200.809,3.200,now,block2_A_now,1,1.0312,-0.0516,-1.8989,0.0000,0.0000,0.0000,0.0641,0,0.8017,-0.7165,0.8017,-0.7165,0.0000,0.0,31,0.8017,-0.7165,0.2200,1.0752,1.0752,6.2142,0.0000,0,0,0,
200.909,3.300,now,block2_A_now,1,1.0312,-0.0516,-1.8989,0.0000,0.0000,0.0000,0.0641,0,0.8017,-0.7165,0.8017,-0.7165,0.0000,0.0,31,0.8017,-0.7165,0.2200,1.0752,1.0752,6.2142,0.0000,0,0,0,
201.009,3.400,now,block2_A_now,1,1.0312,-0.0516,-1.8989,0.0000,0.0000,0.0000,0.0641,0,0.8017,-0.7165,0.8017,-0.7165,0.0000,0.0,31,0.8017,-0.7165,0.2200,1.0752,1.0752,6.2142,0.0000,0,0,0,
201.109,3.500,now,block2_A_now,1,1.0312,-0.0516,-1.8989,0.0000,0.0000,0.0000,0.0641,0,0.8017,-0.7165,0.8017,-0.7165,0.0000,0.0,31,0.8017,-0.7165,0.2200,1.0752,1.0752,6.2142,0.0000,0,0,0,
201.209,3.600,now,block2_A_now,1,1.0312,-0.0516,-1.8989,0.0000,0.0000,0.0000,0.0641,0,0.8017,-0.7165,0.8017,-0.7165,0.0000,0.0,31,0.8017,-0.7165,0.2200,1.0752,1.0752,6.2142,0.0000,0,0,0,
201.309,3.701,now,block2_A_now,1,1.0312,-0.0516,-1.8989,0.0000,0.0000,0.0000,0.0641,0,0.8017,-0.7165,0.8017,-0.7165,0.0000,0.0,31,0.8017,-0.7165,0.2200,1.0752,1.0752,6.2142,0.0000,0,0,0,
201.409,3.800,now,block2_A_now,1,1.0312,-0.0516,-1.8989,0.0000,0.0000,0.0000,0.0641,0,0.8017,-0.7165,0.8017,-0.7165,0.0000,0.0,31,0.8017,-0.7165,0.2200,1.0752,1.0752,6.2142,0.0000,0,0,0,
201.512,3.904,now,block2_A_now,1,1.0312,-0.0516,-1.8989,0.0000,0.0000,0.0000,0.0641,0,0.8017,-0.7165,0.8017,-0.7165,0.0000,0.0,31,0.8017,-0.7165,0.2200,1.0752,1.0752,6.2142,0.0000,0,0,0,
201.609,4.000,now,block2_A_now,1,1.0312,-0.0516,-1.8989,0.0000,0.0000,0.0000,0.0641,0,0.8017,-0.7165,0.8017,-0.7165,0.0000,0.0,31,0.8017,-0.7165,0.2200,1.0752,1.0752,6.2123,0.0000,0,0,0,
201.709,4.100,now,block2_A_now,1,1.0312,-0.0516,-1.8989,0.0000,0.0000,0.0000,0.0641,0,0.8017,-0.7165,0.8017,-0.7165,0.0000,0.0,31,0.8017,-0.7165,0.2200,1.0752,1.0752,6.2123,0.0000,0,0,0,
201.809,4.200,now,block2_A_now,1,1.0312,-0.0516,-1.8989,0.0000,0.0000,0.0000,0.0641,0,0.8017,-0.7165,0.8017,-0.7165,0.0000,0.0,31,0.8017,-0.7165,0.2200,1.0752,1.0752,6.2123,0.0000,0,0,0,
201.909,4.300,now,block2_A_now,1,1.0312,-0.0516,-1.8989,0.0000,0.0000,0.0000,0.0641,0,0.8017,-0.7165,0.8017,-0.7165,0.0000,0.0,31,0.8017,-0.7165,0.2200,1.0752,1.0752,6.2123,0.0000,0,0,0,
202.009,4.400,now,block2_A_now,1,1.0312,-0.0516,-1.8989,0.0000,0.0000,0.0000,0.0641,0,0.8017,-0.7165,0.8017,-0.7165,0.0000,0.0,31,0.8017,-0.7165,0.2200,1.0752,1.0752,6.2123,0.0000,0,0,0,
202.109,4.500,now,block2_A_now,1,1.0312,-0.0516,-1.8989,0.0000,0.0000,0.0000,0.0641,0,0.8017,-0.7165,0.8017,-0.7165,0.0000,0.0,31,0.8017,-0.7165,0.2200,1.0752,1.0752,6.2123,0.0000,0,0,0,
202.209,4.600,now,block2_A_now,1,1.0312,-0.0516,-1.8989,0.0000,0.0000,0.0000,0.0641,0,0.8017,-0.7165,0.8017,-0.7165,0.0000,0.0,31,0.8017,-0.7165,0.2200,1.0752,1.0752,6.2123,0.0000,0,0,0,
202.309,4.700,now,block2_A_now,1,1.0312,-0.0516,-1.8989,0.0000,0.0000,0.0000,0.0641,0,0.8017,-0.7165,0.8017,-0.7165,0.0000,0.0,31,0.8017,-0.7165,0.2200,1.0752,1.0752,6.2123,0.0000,0,0,0,
202.409,4.800,now,block2_A_now,1,1.0312,-0.0516,-1.8989,0.0000,0.0000,0.0000,0.0641,0,0.8017,-0.7165,0.8017,-0.7165,0.0000,0.0,31,0.8017,-0.7165,0.2200,1.0752,1.0752,6.2123,0.0000,0,0,0,
202.509,4.900,now,block2_A_now,1,1.0312,-0.0516,-1.8989,0.0000,0.0000,0.0000,0.0641,0,0.8017,-0.7165,0.8017,-0.7165,0.0000,0.0,31,0.8017,-0.7165,0.2200,1.0752,1.0752,6.2123,0.0000,0,0,0,
202.609,5.000,now,block2_A_now,1,1.0312,-0.0516,-1.8989,0.0000,0.0000,0.0000,0.0641,0,0.8017,-0.7165,0.8017,-0.7165,0.0000,0.0,31,0.8017,-0.7165,0.2200,1.0752,1.0752,6.3412,0.0000,0,0,0,
202.710,5.101,now,block2_A_now,1,1.0312,-0.0516,-1.8989,0.0000,0.0000,0.0000,0.2241,0,0.8017,-0.7165,0.8017,-0.7165,0.0000,0.0,31,0.8017,-0.7165,0.2200,1.0752,1.0752,6.3412,0.0000,0,0,0,
202.809,5.200,now,block2_A_now,1,1.0312,-0.0516,-1.8989,0.0000,0.0000,0.0000,0.2692,0,0.8017,-0.7165,0.8017,-0.7165,0.0000,0.0,31,0.8017,-0.7165,0.2200,1.0752,1.0752,6.3412,0.0000,0,0,0,
202.909,5.300,now,block2_A_now,1,1.0312,-0.0516,-1.8989,0.0000,0.0000,0.0000,0.2692,0,0.8017,-0.7165,0.8017,-0.7165,0.0000,0.0,31,0.8017,-0.7165,0.2200,1.0752,1.0752,6.3412,0.0000,0,0,0,
203.009,5.400,now,block2_A_now,1,1.0303,-0.0544,-1.8814,0.0090,0.0550,0.0000,0.2692,0,0.8017,-0.7165,0.8017,-0.7165,0.0000,0.0,31,0.8017,-0.7165,0.2200,1.0752,1.0752,6.3412,0.0033,0,0,0,
203.109,5.500,now,block2_A_now,1,1.0303,-0.0547,-1.8455,0.0380,0.2220,0.0000,0.2949,0,0.8017,-0.7165,0.8017,-0.7165,0.0000,0.0,31,0.8017,-0.7165,0.2200,1.0752,1.0752,6.3412,0.0000,0,0,0,
203.209,5.600,now,block2_A_now,1,1.0304,-0.0540,-1.8095,-0.0220,0.2410,0.0000,0.2692,0,0.8017,-0.7165,0.8017,-0.7165,0.0000,0.0,31,0.8017,-0.7165,0.2200,1.0752,1.0752,6.3412,0.0000,0,0,0,
203.309,5.701,now,block2_A_now,1,1.0301,-0.0553,-1.7634,0.0120,0.8910,0.0000,0.2436,0,0.8017,-0.7165,0.8017,-0.7165,0.0000,0.0,31,0.8017,-0.7165,0.2200,1.0752,1.0752,6.3412,0.0000,0,0,0,
203.409,5.800,now,block2_A_now,1,1.0296,-0.0580,-1.7152,0.0000,0.3710,0.0000,0.4292,0,0.8017,-0.7165,0.8017,-0.7165,0.0000,0.0,31,0.8017,-0.7165,0.2200,1.0752,1.0752,6.3412,0.0016,0,0,0,
203.509,5.900,now,block2_A_now,1,1.0296,-0.0578,-1.6833,-0.0340,0.3530,0.0000,0.2436,0,0.8017,-0.7165,0.8017,-0.7165,0.0000,0.0,31,0.8017,-0.7165,0.2200,1.0752,1.0752,6.3412,0.0028,0,0,0,
203.616,6.008,now,block2_A_now,1,1.0294,-0.0598,-1.6442,0.0060,0.7800,0.0000,0.2179,0,0.8017,-0.7165,0.8017,-0.7165,0.0000,0.0,31,0.8017,-0.7165,0.2200,1.0752,1.0752,6.3254,0.0000,0,0,0,
203.709,6.100,now,block2_A_now,1,1.0293,-0.0611,-1.6112,-0.0060,0.7430,0.0000,0.4036,0,0.8017,-0.7165,0.8017,-0.7165,0.0000,0.0,31,0.8017,-0.7165,0.2200,1.0752,1.0752,6.3254,0.0000,0,0,0,
203.809,6.200,now,block2_A_now,1,1.0293,-0.0627,-1.5813,0.0720,0.4270,0.0000,0.4036,0,0.8017,-0.7165,0.8017,-0.7165,0.0000,0.0,31,0.8017,-0.7165,0.2200,1.0752,1.0752,6.3254,0.0000,0,0,0,
203.909,6.300,now,block2_A_now,1,1.0293,-0.0619,-1.5411,0.0690,0.4450,0.0000,0.4036,0,0.8017,-0.7165,0.8017,-0.7165,0.0000,0.0,31,0.8017,-0.7165,0.2200,1.0752,1.0752,6.3254,0.0058,0,0,0,
204.009,6.400,now,block2_A_now,1,1.0292,-0.0607,-1.5263,-0.0690,0.4080,0.0000,0.4744,0,0.8017,-0.7165,0.8017,-0.7165,0.0000,0.0,31,0.8017,-0.7165,0.2200,1.0752,1.0752,6.3254,0.0000,0,0,0,
204.109,6.500,now,block2_A_now,1,1.0293,-0.0628,-1.5054,-0.0060,0.0370,0.0000,0.4487,0,0.8017,-0.7165,0.8017,-0.7165,0.0000,0.0,31,0.8017,-0.7165,0.2200,1.0752,1.0752,6.3254,0.0000,0,0,0,
204.209,6.601,now,block2_A_now,1,1.0294,-0.0633,-1.4742,0.0000,0.1110,0.0000,0.3400,0,0.8017,-0.7165,0.8017,-0.7165,0.0000,0.0,31,0.8017,-0.7165,0.2200,1.0752,1.0752,6.3254,0.0024,0,0,0,
204.309,6.700,now,block2_A_now,1,1.0292,-0.0616,-1.4330,0.0060,0.9660,0.0000,0.4744,0,0.8017,-0.7165,0.8017,-0.7165,0.0000,0.0,31,0.8017,-0.7165,0.2200,1.0752,1.0752,6.3254,0.0000,0,0,0,
204.409,6.800,now,block2_A_now,1,1.0288,-0.0584,-1.4037,-0.0500,0.2970,0.0000,0.3144,0,0.8017,-0.7165,0.8017,-0.7165,0.0000,0.0,31,0.8017,-0.7165,0.2200,1.0752,1.0752,6.3254,0.0000,0,0,0,
204.509,6.900,now,block2_A_now,1,1.0286,-0.0576,-1.3666,-0.0060,0.0370,0.0000,0.3718,0,0.8017,-0.7165,0.8017,-0.7165,0.0000,0.0,31,0.8017,-0.7165,0.2200,1.0752,1.0752,6.3254,0.0015,0,0,0,
204.609,7.000,now,block2_A_now,1,1.0280,-0.0550,-1.3138,-0.0820,0.5200,0.0000,0.3974,0,0.8017,-0.7165,0.8017,-0.7165,0.0000,0.0,31,0.8017,-0.7165,0.2200,1.0752,1.0752,6.3254,0.0000,0,0,0,
204.709,7.100,now,block2_A_now,1,1.0279,-0.0549,-1.2771,-0.0250,0.1480,0.0000,0.5000,0,0.8017,-0.7165,0.8017,-0.7165,0.0000,0.0,31,0.8017,-0.7165,0.2200,1.0752,1.0752,6.3167,0.0000,0,0,0,
204.809,7.200,now,block2_A_now,1,1.0278,-0.0546,-1.2408,0.0000,0.0370,0.0000,0.3205,0,0.8017,-0.7165,0.8017,-0.7165,0.0000,0.0,31,0.8017,-0.7165,0.2200,1.0752,1.0752,6.3167,0.0000,0,0,0,
204.909,7.300,now,block2_A_now,1,1.0275,-0.0537,-1.1935,-0.0600,0.3900,0.0000,0.3144,0,0.8017,-0.7165,0.8017,-0.7165,0.0000,0.0,31,0.8017,-0.7165,0.2200,1.0752,1.0752,6.3167,0.0000,0,0,0,
205.009,7.400,now,block2_A_now,1,1.0270,-0.0525,-1.1547,-0.0600,0.3530,0.0000,0.4487,0,0.8017,-0.7165,0.8017,-0.7165,0.0000,0.0,31,0.8017,-0.7165,0.2200,1.0752,1.0752,6.3167,0.0000,0,0,0,
205.109,7.500,now,block2_A_now,1,1.0263,-0.0513,-1.1128,-0.0220,0.1670,0.0000,0.4231,0,0.8017,-0.7165,0.8017,-0.7165,0.0000,0.0,31,0.8017,-0.7165,0.2200,1.0752,1.0752,6.3167,0.0000,0,0,0,
205.210,7.602,now,block2_A_now,1,1.0265,-0.0517,-1.0761,-0.0150,0.1300,0.0000,0.4231,0,0.8017,-0.7165,0.8017,-0.7165,0.0000,0.0,31,0.8017,-0.7165,0.2200,1.0752,1.0752,6.3167,0.0000,0,0,0,
205.309,7.700,now,block2_A_now,1,1.0264,-0.0515,-1.0393,-0.0030,0.0550,0.0000,0.3974,0,0.8017,-0.7165,0.8017,-0.7165,0.0000,0.0,31,0.8017,-0.7165,0.2200,1.0752,1.0752,6.3167,0.0002,0,0,0,
205.409,7.800,now,block2_A_now,1,1.0264,-0.0514,-1.0037,0.0190,0.1480,0.0000,0.3974,0,0.8017,-0.7165,0.8017,-0.7165,0.0000,0.0,31,0.8017,-0.7165,0.2200,1.0752,1.0752,6.3167,0.0005,0,0,0,
205.509,7.900,now,block2_A_now,1,1.0263,-0.0512,-0.9743,0.0220,0.1300,0.0000,0.3462,0,0.8017,-0.7165,0.8017,-0.7165,0.0000,0.0,31,0.8017,-0.7165,0.2200,1.0752,1.0752,6.3167,0.0007,0,0,0,
205.609,8.000,now,block2_A_now,1,1.0266,-0.0516,-0.9350,0.0120,0.1480,0.0000,0.3462,0,0.8017,-0.7165,0.8017,-0.7165,0.0000,0.0,31,0.8017,-0.7165,0.2200,1.0752,1.0752,6.3167,0.0000,0,0,0,
205.708,8.100,now,block2_A_now,1,1.0268,-0.0519,-0.9013,0.0570,0.4080,0.0000,0.3205,0,0.8017,-0.7165,0.8017,-0.7165,0.0000,0.0,31,0.8017,-0.7165,0.2200,1.0752,1.0752,6.2177,0.0030,0,0,0,
205.809,8.200,now,block2_A_now,1,1.0264,-0.0513,-0.8638,0.0380,0.2970,0.0000,0.4744,0,0.8017,-0.7165,0.8017,-0.7165,0.0000,0.0,31,0.8017,-0.7165,0.2200,1.0752,1.0752,6.2177,0.0068,0,0,0,
205.909,8.300,now,block2_A_now,1,1.0266,-0.0515,-0.8204,-0.0090,0.2410,0.0000,0.4487,0,0.8017,-0.7165,0.8017,-0.7165,0.0000,0.0,31,0.8017,-0.7165,0.2200,1.0752,1.0752,6.2177,0.0000,0,0,0,
206.009,8.400,now,block2_A_now,1,1.0266,-0.0515,-0.7858,-0.0030,0.2410,0.0000,0.4487,1,1.4362,1.5527,2.1006,-0.1141,1.7944,-115.5,35,1.7613,0.7372,0.3172,2.1151,1.9093,6.2177,0.0000,0,0,0,
206.110,8.501,now,block2_A_now,1,1.0275,-0.0525,-0.7484,-0.0090,0.1670,0.0000,0.4231,1,1.4478,1.5127,1.9572,-0.0393,1.6335,-118.1,35,1.7005,0.7540,0.2890,2.0939,1.8602,6.2177,0.0007,0,0,0,
206.209,8.600,now,block2_A_now,1,1.0276,-0.0526,-0.7072,0.0060,0.4450,0.0000,0.3974,1,1.4478,1.5127,1.9572,-0.0393,1.6335,-118.1,35,1.7005,0.7540,0.2890,2.0939,1.8602,6.2177,0.0006,0,0,0,
206.309,8.700,now,block2_A_now,1,1.0282,-0.0531,-0.6663,0.0280,0.6130,0.0000,0.3718,1,1.4689,1.4549,1.8214,-0.0889,1.5835,-121.9,35,1.6489,0.7003,0.2803,2.0675,1.7914,6.2177,0.0005,0,0,0,
206.411,8.802,now,block2_A_now,1,1.0297,-0.0543,-0.6266,-0.0120,0.2970,0.0000,0.3462,1,1.5042,1.3796,1.6864,-0.1332,1.5237,-125.7,35,1.6033,0.6395,0.2698,2.0410,1.7261,6.2177,0.0045,0,0,0,
206.509,8.900,now,block2_A_now,1,1.0296,-0.0542,-0.5952,-0.0380,0.3710,0.0000,0.3462,1,1.5042,1.3796,1.6864,-0.1332,1.5237,-125.7,35,1.6033,0.6395,0.2698,2.0410,1.7261,6.2177,0.0036,0,0,0,
206.609,9.000,now,block2_A_now,1,1.0304,-0.0548,-0.5584,-0.0340,0.2410,0.0000,0.5000,1,1.5490,1.3010,1.5956,-0.1736,1.4753,-128.2,35,1.5823,0.5790,0.2611,2.0228,1.6849,6.2177,0.0040,0,0,0,
206.721,9.112,now,block2_A_now,1,1.0323,-0.0560,-0.5406,0.0060,0.0370,0.0000,0.5000,1,1.5925,1.2137,1.5348,-0.2122,1.4270,-129.6,35,1.5823,0.5790,0.2611,2.0023,1.6849,6.2141,0.0007,0,0,0,
206.809,9.200,now,block2_A_now,1,1.0329,-0.0563,-0.5028,0.0000,0.0000,0.0505,0.5000,1,1.5925,1.2137,1.5348,-0.2122,1.4270,-129.6,35,1.5737,0.5153,0.2524,2.0023,1.6559,6.2141,0.0000,0,0,0,
206.909,9.300,now,block2_A_now,1,1.0333,-0.0565,-0.4727,0.0000,0.0000,0.0000,0.3144,1,1.6313,1.1285,1.4863,-0.2454,1.3815,-130.7,35,1.5690,0.4552,0.2443,1.9836,1.6337,6.2141,0.0003,0,0,0,
207.009,9.400,now,block2_A_now,1,1.0337,-0.0567,-0.4415,0.0000,0.0000,0.0000,0.2949,1,1.6642,1.0385,1.4517,-0.2795,1.3351,-131.1,35,1.5675,0.3925,0.2360,1.9616,1.6159,6.2141,0.0000,0,0,0,
207.109,9.500,now,block2_A_now,1,1.0348,-0.0573,-0.4066,-0.0120,0.0740,0.0000,0.5000,1,1.6642,1.0385,1.4517,-0.2795,1.3351,-131.1,35,1.5675,0.3925,0.2360,1.9616,1.6159,6.2141,0.0608,0,0,0,
207.209,9.600,now,block2_A_now,1,1.0363,-0.0579,-0.3606,0.0760,0.5570,0.0000,0.4487,1,1.6951,0.9522,1.4289,-0.3130,1.2929,-131.2,35,1.5712,0.3319,0.2338,1.9442,1.6059,6.2141,0.0495,0,0,0,
207.309,9.701,now,block2_A_now,1,1.0370,-0.0581,-0.3182,0.0660,0.5750,0.0379,0.5000,1,1.7291,0.8608,1.4150,-0.3474,1.2483,-131.0,35,1.5811,0.2683,0.2333,1.9316,1.6037,6.2141,0.0844,0,0,0,
207.409,9.800,now,block2_A_now,1,1.0371,-0.0581,-0.2830,-0.0030,0.2410,0.0442,0.5000,1,1.7291,0.8608,1.4150,-0.3474,1.2483,-131.0,35,1.5811,0.2683,0.2333,1.9316,1.6037,6.2141,0.0494,0,0,0,
207.509,9.900,now,block2_A_now,1,1.0370,-0.0581,-0.2410,0.0310,0.2600,0.0442,0.5000,1,1.7670,0.7711,1.4028,-0.3805,1.2078,-131.1,35,1.5944,0.2059,0.2329,1.9279,1.6076,6.2141,0.2012,0,0,0,
207.609,10.000,now,block2_A_now,1,1.0392,-0.0586,-0.1943,0.0340,0.2410,0.0253,0.5000,1,1.8041,0.6725,1.3833,-0.4290,1.1791,-131.3,35,1.6038,0.1315,0.2326,1.9254,1.6091,6.2141,0.2028,0,0,0,
207.709,10.100,now,block2_A_now,1,1.0419,-0.0591,-0.1442,0.0340,0.2040,0.0189,0.5000,1,1.8041,0.6725,1.3833,-0.4290,1.1791,-131.3,35,1.6038,0.1315,0.2326,1.9254,1.6091,6.2141,0.1738,0,0,0,
207.809,10.200,now,block2_A_now,1,1.0467,-0.0596,-0.0792,0.0950,0.5940,0.1074,0.5000,1,1.8297,0.5603,1.3475,-0.5297,1.1919,-130.9,35,1.5988,0.0248,0.2327,1.9136,1.5990,6.2139,0.1990,0,0,0,
207.909,10.300,now,block2_A_now,1,1.0514,-0.0599,-0.0157,-0.0030,0.7610,0.1200,0.5000,1,1.8297,0.5603,1.3475,-0.5297,1.1919,-130.9,35,1.5988,0.0248,0.2327,1.9136,1.5990,6.2139,0.2271,0,0,0,
208.009,10.400,now,block2_A_now,1,1.0606,-0.0599,0.0430,0.1070,0.6310,0.1200,0.5000,1,1.8454,0.4402,1.2860,-0.6698,1.2429,-130.2,35,1.5766,-0.1053,0.2332,1.8972,1.5802,6.2139,0.2391,0,0,0,
208.114,10.505,now,block2_A_now,1,1.0713,-0.0591,0.1061,0.1100,0.6500,0.1137,0.5000,1,1.8420,0.2985,1.1418,-0.8439,1.3399,-130.7,35,1.5056,-0.2643,0.2369,1.8661,1.5286,6.2139,0.2400,0,0,0,
208.209,10.600,now,block2_A_now,1,1.0822,-0.0577,0.1707,0.0980,0.5750,0.1200,0.5000,1,1.8420,0.2985,1.1418,-0.8439,1.3399,-130.7,35,1.5056,-0.2643,0.2369,1.8661,1.5286,6.2139,0.2147,0,0,0,
208.309,10.700,now,block2_A_now,1,1.0952,-0.0551,0.2219,0.1520,0.5200,0.1074,0.4744,1,1.8090,0.1308,0.8999,-1.0244,1.4699,-132.3,35,1.3714,-0.4404,0.2600,1.8137,1.4404,6.2139,0.1895,0,0,0,
208.409,10.801,now,block2_A_now,1,1.1062,-0.0523,0.2847,0.0950,0.5570,0.0947,0.5000,1,1.8090,0.1308,0.8999,-1.0244,1.4699,-132.3,35,1.3714,-0.4404,0.2600,1.8137,1.4404,6.2139,0.2400,0,0,0,
208.509,10.900,now,block2_A_now,1,1.1165,-0.0490,0.3486,0.1230,0.7240,0.1200,0.5000,1,1.7576,-0.0426,0.6214,-1.1639,1.5963,-134.0,35,1.2099,-0.6001,0.2824,1.7581,1.3505,6.2139,0.2272,0,0,0,
208.609,11.000,now,block2_A_now,1,1.1263,-0.0452,0.4106,0.1170,0.6870,0.1074,0.4744,1,1.7019,-0.2065,0.3715,-1.2642,1.6996,-134.6,35,1.0596,-0.7354,0.3006,1.7143,1.2898,6.2139,0.2021,0,0,0,
208.709,11.100,now,block2_A_now,1,1.1358,-0.0408,0.4722,0.1140,0.6680,0.1011,0.4744,1,1.7019,-0.2065,0.3715,-1.2642,1.6996,-134.6,35,1.0596,-0.7354,0.3006,1.7143,1.2898,6.2139,0.1895,0,0,0,
208.809,11.200,now,block2_A_now,1,1.1435,-0.0366,0.5238,0.0880,0.5200,0.0947,0.4231,1,1.6303,-0.3660,0.1320,-1.3072,1.7694,-135.2,35,0.9055,-0.8401,0.3130,1.6709,1.2352,6.1771,0.2400,0,0,0,
208.909,11.300,now,block2_A_now,1,1.1512,-0.0320,0.5769,0.1100,0.6500,0.1200,0.4487,1,1.5584,-0.5124,-0.0586,-1.3196,1.8073,-135.3,35,0.7746,-0.9225,0.3196,1.6405,1.2046,6.1771,0.2274,0,0,0,
209.010,11.401,now,block2_A_now,1,1.1600,-0.0260,0.6085,0.1770,0.0370,0.1137,0.3974,1,1.4883,-0.6453,-0.1899,-1.3287,1.8120,-134.4,35,0.6734,-0.9947,0.3204,1.6221,1.2012,6.1771,0.2130,0,0,0,
209.109,11.500,now,block2_A_now,1,1.1676,-0.0205,0.6530,0.0660,0.3900,0.1137,0.5000,1,1.4883,-0.6453,-0.1899,-1.3287,1.8120,-134.4,35,0.6734,-0.9947,0.3204,1.6221,1.2012,6.1771,0.2021,0,0,0,
209.211,11.602,now,block2_A_now,1,1.1744,-0.0151,0.7043,0.1010,0.5940,0.1011,0.5000,1,1.4107,-0.7686,-0.2797,-1.3109,1.7753,-133.6,35,0.5885,-1.0483,0.3138,1.6065,1.2022,6.1771,0.2003,0,0,0,
209.314,11.706,now,block2_A_now,1,1.1801,-0.0101,0.7491,0.0500,0.2970,0.0947,0.4487,1,1.3415,-0.8795,-0.3149,-1.2969,1.7082,-132.6,35,0.5885,-1.0483,0.3138,1.6041,1.2022,6.1771,0.2359,0,0,0,
209.409,11.800,now,block2_A_now,1,1.1864,-0.0040,0.8010,0.0660,0.3900,0.1200,0.4744,1,1.3415,-0.8795,-0.3149,-1.2969,1.7082,-132.6,35,0.5347,-1.0968,0.3019,1.6041,1.2202,6.1771,0.2396,0,0,0,
209.509,11.900,now,block2_A_now,1,1.1942,0.0044,0.8309,0.1360,0.3530,0.1137,0.5000,1,1.2817,-0.9803,-0.2683,-1.2971,1.5820,-131.0,35,0.5259,-1.1459,0.2796,1.6136,1.2608,6.1771,0.2274,0,0,0,
209.609,12.001,now,block2_A_now,1,1.2000,0.0109,0.8806,0.1010,0.5940,0.1074,0.4231,1,1.2817,-0.9803,-0.2683,-1.2971,1.5820,-131.0,35,0.5259,-1.1459,0.2796,1.6136,1.2608,6.1771,0.2147,0,0,0,
209.709,12.100,now,block2_A_now,1,1.2060,0.0186,0.9383,0.1040,0.6130,0.1074,0.5000,1,1.2227,-1.0729,-0.2094,-1.2923,1.4487,-130.0,35,0.5238,-1.1892,0.2560,1.6267,1.2994,6.1771,0.2147,0,0,0,
209.809,12.200,now,block2_A_now,1,1.2135,0.0290,0.9769,0.1070,0.6310,0.1011,0.4744,1,3.8082,-0.8397,6.3823,-3.0908,3.4196,-28.7,35,5.0677,-1.9411,0.6045,3.8996,5.4267,6.0949,0.2400,0,1,0,
209.909,12.300,now,block2_A_now,1,1.2193,0.0380,1.0197,0.1800,0.0550,0.1200,0.2179,1,3.8082,-0.8397,6.3823,-3.0908,3.4196,-28.7,35,5.0677,-1.9411,0.6045,3.8996,5.4267,6.0949,0.2274,0,1,0,
210.010,12.401,now,block2_A_now,1,1.2246,0.0468,1.0612,0.0880,0.5200,0.1137,0.2692,1,3.8216,-0.9014,6.1900,-3.0872,3.2229,-29.4,35,4.9807,-1.9706,0.5698,3.9265,5.3563,6.0949,0.2147,0,1,0,
210.109,12.500,now,block2_A_now,1,1.2305,0.0581,1.1013,0.1710,0.0370,0.1074,0.1923,1,3.8216,-0.9014,6.1900,-3.0872,3.2229,-29.4,35,4.9807,-1.9706,0.5698,3.9265,5.3563,6.0949,0.2147,0,1,0,
210.209,12.600,now,block2_A_now,1,1.2352,0.0678,1.1570,0.0760,0.4450,0.1011,0.2179,1,3.8227,-1.0323,5.8300,-3.0822,2.8690,-30.5,35,4.8054,-2.0347,0.5072,3.9596,5.2185,6.0949,0.2021,0,0,0,
210.309,12.700,now,block2_A_now,1,1.2398,0.0788,1.1908,0.0790,0.3900,0.1200,0.1667,1,3.7983,-1.1858,5.4833,-3.1247,2.5688,-31.7,35,4.6242,-2.1335,0.4542,3.9791,5.0927,6.0949,0.2400,0,0,0,
210.410,12.801,now,block2_A_now,1,1.2440,0.0897,1.2301,0.1040,0.5380,0.1137,0.1923,1,3.7983,-1.1858,5.4833,-3.1247,2.5688,-31.7,35,4.6242,-2.1335,0.4542,3.9791,5.0927,6.0949,0.2274,0,0,0,
210.509,12.900,now,block2_A_now,1,1.2477,0.1004,1.2604,0.0910,0.5380,0.1074,0.1154,1,3.7555,-1.3616,5.1884,-3.1929,2.3253,-32.0,35,4.4576,-2.2569,0.4111,3.9947,4.9964,6.0949,0.2147,0,0,0,
210.609,13.000,now,block2_A_now,1,1.2520,0.1140,1.2723,0.1520,-0.1110,0.1074,0.0897,1,3.6953,-1.5339,4.9418,-3.2542,2.1244,-31.5,35,4.3050,-2.3757,0.3755,4.0010,4.9170,6.0949,0.2021,0,0,0,
210.709,13.101,now,block2_A_now,1,1.2548,0.1236,1.2916,0.0910,0.3530,0.1200,0.2436,1,3.6953,-1.5339,4.9418,-3.2542,2.1244,-31.5,35,4.3050,-2.3757,0.3755,4.0010,4.9170,6.0949,0.2400,0,0,0,
210.826,13.217,now,block2_A_now,1,1.2579,0.1348,1.3046,0.1230,-0.2040,0.1200,0.1154,1,3.6219,-1.6958,4.7230,-3.2920,1.9391,-30.3,35,4.1592,-2.4776,0.3428,3.9993,4.8413,5.9825,0.2274,0,0,0,
210.909,13.300,now,block2_A_now,1,1.2605,0.1444,1.3116,0.0660,-0.1300,0.1137,0.1667,1,3.5429,-1.8524,4.4685,-3.3164,1.7321,-30.1,35,3.9952,-2.5691,0.3062,3.9980,4.7499,5.9825,0.2147,0,0,0,
211.009,13.400,now,block2_A_now,1,1.2632,0.1546,1.3101,0.1140,-0.3340,0.1074,0.0897,1,3.5429,-1.8524,4.4685,-3.3164,1.7321,-30.1,35,3.9952,-2.5691,0.3062,3.9980,4.7499,5.9825,0.2147,0,0,0,
211.109,13.500,now,block2_A_now,1,1.2659,0.1650,1.3101,0.0980,0.1670,0.1011,0.1154,1,3.5203,-2.0002,4.3812,-3.4308,1.6696,-29.4,35,3.9406,-2.7007,0.2952,4.0489,4.7773,5.9825,0.2021,0,0,0,
211.209,13.600,now,block2_A_now,1,1.2685,0.1749,1.3205,0.1640,0.1110,0.1200,0.0897,1,3.4776,-2.1160,4.2146,-3.4268,1.5038,-29.3,35,3.8381,-2.7575,0.2659,4.0708,4.7259,5.9825,0.2400,0,0,0,
211.309,13.700,now,block2_A_now,1,1.2706,0.1830,1.3275,0.0690,0.1110,0.1200,0.0385,1,3.4776,-2.1160,4.2146,-3.4268,1.5038,-29.3,35,3.8381,-2.7575,0.2659,4.0708,4.7259,5.9825,0.2274,0,0,0,
211.409,13.800,now,block2_A_now,1,1.2732,0.1940,1.3360,0.1040,-0.3530,0.1137,0.0385,1,3.4004,-2.1966,3.9594,-3.3057,1.2420,-30.4,35,3.6751,-2.7390,0.2332,4.0482,4.5835,5.9825,0.2147,0,0,0,
211.512,13.903,now,block2_A_now,1,1.2758,0.2050,1.3508,0.1170,0.2040,0.1074,0.0385,1,3.4004,-2.1966,3.9594,-3.3057,1.2420,-30.4,35,3.6751,-2.7390,0.2332,4.0482,4.5835,5.9825,0.2147,0,0,0,
211.609,14.000,now,block2_A_now,1,1.2779,0.2146,1.3549,0.1550,0.0180,0.1011,0.0385,1,3.3121,-2.2527,3.6755,-2.9735,0.8073,-29.0,35,3.4906,-2.6052,0.2286,4.0056,4.3556,5.9825,0.2021,0,0,0,
211.709,14.101,now,block2_A_now,1,1.2798,0.2237,1.3720,0.1040,0.4640,0.1200,0.0641,1,3.2283,-2.2911,3.4645,-2.7596,0.5247,-27.9,31,3.2283,-2.2911,0.2200,3.9587,3.9587,5.9825,0.2400,0,0,0,
211.809,14.200,now,block2_A_now,1,1.2820,0.2343,1.3753,0.0980,0.2040,0.1200,-0.0128,1,3.2283,-2.2911,3.4645,-2.7596,0.5247,-27.9,31,3.2283,-2.2911,0.2200,3.9587,3.9587,5.9825,0.2274,0,0,0,
211.918,14.309,now,block2_A_now,1,1.2839,0.2445,1.3817,0.0950,-0.3710,0.1137,-0.0128,1,3.1550,-2.3189,3.3085,-2.6235,0.3411,-26.9,31,3.1550,-2.3189,0.2200,3.9155,3.9155,5.8902,0.2274,0,0,0,
212.009,14.400,now,block2_A_now,1,1.2859,0.2552,1.3916,0.0820,0.2220,0.1074,0.1410,1,3.0923,-2.3345,3.1921,-2.5325,0.2217,-26.2,31,3.0923,-2.3345,0.2200,3.8746,3.8746,5.8902,0.2147,0,0,0,
212.109,14.500,now,block2_A_now,1,1.2879,0.2662,1.3916,0.1140,0.1480,0.1011,0.1410,1,3.0923,-2.3345,3.1921,-2.5325,0.2217,-26.2,31,3.0923,-2.3345,0.2200,3.8746,3.8746,5.8902,0.2400,0,0,0,
212.209,14.600,now,block2_A_now,1,1.2898,0.2767,1.3963,0.1740,0.0180,0.1200,0.0385,1,3.0314,-2.3296,3.0963,-2.4583,0.1441,-25.7,31,3.0314,-2.3296,0.2200,3.8232,3.8232,5.8902,0.2400,0,0,0,
212.308,14.700,now,block2_A_now,1,1.2912,0.2844,1.3959,0.0440,-0.0370,0.1137,0.0385,1,2.9659,-2.3135,3.0080,-2.3972,0.0937,-25.3,31,2.9659,-2.3135,0.2200,3.7615,3.7615,5.8902,0.2274,0,0,0,
212.409,14.800,now,block2_A_now,1,1.2930,0.2950,1.3926,0.0790,-0.1670,0.1137,0.0385,1,2.9659,-2.3135,3.0080,-2.3972,0.0937,-25.3,31,2.9659,-2.3135,0.2200,3.7615,3.7615,5.8902,0.2147,0,0,0,
212.509,14.900,now,block2_A_now,1,1.2945,0.3034,1.3987,0.1100,0.3900,0.1074,0.0385,1,2.9055,-2.2915,2.9329,-2.3459,0.0609,-25.0,31,2.9055,-2.2915,0.2200,3.7004,3.7004,5.8902,0.2021,0,0,0,
212.609,15.000,now,block2_A_now,1,1.2959,0.3112,1.3931,0.0380,-0.1110,0.1011,0.0000,1,2.8542,-2.2594,2.8720,-2.2947,0.0396,-24.9,31,2.8542,-2.2594,0.2200,3.6402,3.6402,5.8902,0.2021,0,0,0,
212.709,15.100,now,block2_A_now,1,1.2976,0.3211,1.3950,0.1140,-0.2600,0.1011,0.0385,1,2.8542,-2.2594,2.8720,-2.2947,0.0396,-24.9,31,2.8542,-2.2594,0.2200,3.6402,3.6402,5.8902,0.2400,0,0,0,
212.809,15.200,now,block2_A_now,1,1.2992,0.3299,1.3950,0.1230,0.2780,0.1200,0.0385,1,2.8113,-2.2076,2.8229,-2.2306,0.0257,-25.1,31,2.8113,-2.2076,0.2200,3.5745,3.5745,5.8902,0.2274,0,0,0,
212.920,15.311,now,block2_A_now,1,1.3005,0.3371,1.3964,0.0690,0.1850,0.1137,0.0385,1,2.8113,-2.2076,2.8229,-2.2306,0.0257,-25.1,31,2.8113,-2.2076,0.2200,3.5745,3.5745,5.7778,0.2274,0,0,0,
213.009,15.400,now,block2_A_now,1,1.3028,0.3500,1.3898,0.0910,0.1670,0.1074,0.0385,1,2.7753,-2.1425,2.7264,-1.9549,0.1939,142.3,35,2.7527,-2.0504,0.2221,3.5061,3.4324,5.7778,0.2147,0,0,0,
213.109,15.500,now,block2_A_now,1,1.3046,0.3595,1.3937,0.1640,0.0740,0.1011,0.0641,1,2.7461,-2.0766,2.6504,-1.7070,0.3818,141.6,35,2.7008,-1.8954,0.2241,3.4429,3.2995,5.7778,0.2021,0,0,0,
213.209,15.600,now,block2_A_now,1,1.3059,0.3671,1.3930,0.0310,0.0000,0.1011,0.0385,1,2.7166,-2.0028,2.5728,-1.4952,0.5276,142.2,35,2.6478,-1.7540,0.2256,3.3751,3.1760,5.7778,0.2400,0,0,0,
213.309,15.700,now,block2_A_now,1,1.3077,0.3772,1.4038,0.1230,-0.2410,0.1200,0.0641,1,2.7166,-2.0028,2.5728,-1.4952,0.5276,142.2,35,2.6478,-1.7540,0.2256,3.3751,3.1760,5.7778,0.2400,0,0,0,
213.409,15.800,now,block2_A_now,1,1.3090,0.3851,1.4108,0.0950,0.3710,0.1137,0.0641,1,2.6875,-1.9389,2.5021,-1.3574,0.6104,143.5,35,2.5987,-1.6538,0.2265,3.3139,3.0803,5.7778,0.2274,0,0,0,
213.512,15.903,now,block2_A_now,1,1.3108,0.3964,1.4108,0.0850,-0.0180,0.1137,0.0385,1,2.6546,-1.8824,2.4274,-1.2633,0.6595,145.5,35,2.5456,-1.5787,0.2271,3.2543,2.9954,5.7778,0.2147,0,0,0,
213.609,16.000,now,block2_A_now,1,1.3125,0.4070,1.4201,0.0980,-0.2410,0.1074,0.0641,1,2.6546,-1.8824,2.4274,-1.2633,0.6595,145.5,35,2.5456,-1.5787,0.2271,3.2543,2.9954,5.7778,0.2274,0,0,0,
213.709,16.100,now,block2_A_now,1,1.3141,0.4182,1.4271,0.0850,0.2040,0.1074,-0.2559,1,2.6175,-1.8331,2.3603,-1.2056,0.6781,147.3,35,2.4938,-1.5252,0.2272,3.1955,2.9232,5.7778,0.2147,0,0,0,
213.810,16.201,now,block2_A_now,1,1.3157,0.4292,1.4293,0.1070,0.0000,0.1200,-0.4805,1,2.5778,-1.7918,2.3032,-1.1647,0.6845,148.4,35,2.4452,-1.4842,0.2273,3.1393,2.8604,5.7778,0.2127,0,0,0,
213.912,16.303,now,block2_A_now,1,1.3175,0.4412,1.4223,0.1740,0.0180,0.1200,-0.3462,1,2.5778,-1.7918,2.3032,-1.1647,0.6845,148.4,35,2.4452,-1.4842,0.2273,3.1393,2.8604,5.7778,0.2397,0,0,0,
214.009,16.400,now,block2_A_now,1,1.3193,0.4533,1.4186,0.1580,0.0740,0.1200,-0.3974,1,2.5376,-1.7562,2.2478,-1.1390,0.6818,149.8,35,2.3974,-1.4535,0.2273,3.0861,2.8036,5.6750,0.2147,0,0,0,
214.109,16.500,now,block2_A_now,1,1.3213,0.4663,1.4160,0.1610,0.1300,0.1074,-0.1154,1,2.4976,-1.7238,2.1949,-1.1195,0.6759,151.2,35,2.3510,-1.4274,0.2272,3.0347,2.7504,5.6750,0.2021,0,0,0,
214.209,16.600,now,block2_A_now,1,1.3234,0.4787,1.3889,0.1070,-0.3710,0.1200,-0.0641,1,2.4976,-1.7238,2.1949,-1.1195,0.6759,151.2,35,2.3510,-1.4274,0.2272,3.0347,2.7504,5.6750,0.2400,0,0,0,
214.309,16.700,now,block2_A_now,1,1.3260,0.4922,1.3614,0.1010,-0.2970,0.1200,-0.0641,1,2.4562,-1.6856,2.1346,-1.0845,0.6817,152.6,35,2.3002,-1.3908,0.2272,2.9789,2.6880,5.6750,0.2274,0,0,0,
214.409,16.800,now,block2_A_now,1,1.3287,0.5039,1.3291,0.1040,-0.5380,0.1137,-0.0641,1,2.4176,-1.6370,2.0635,-1.0125,0.7179,153.7,35,2.2457,-1.3307,0.2275,2.9197,2.6103,5.6750,0.2147,0,0,0,
214.514,16.905,now,block2_A_now,1,1.3316,0.5159,1.3131,0.1260,-0.0740,0.1074,0.0000,1,2.4176,-1.6370,2.0635,-1.0125,0.7179,153.7,35,2.2457,-1.3307,0.2275,2.9197,2.6103,5.6750,0.2021,0,0,0,
214.609,17.000,now,block2_A_now,1,1.3343,0.5256,1.2924,0.1070,0.3340,0.1011,-0.0385,1,2.3823,-1.5650,1.9705,-0.8857,0.7944,154.5,35,2.1823,-1.2318,0.2283,2.8504,2.5059,5.6750,0.1895,0,0,0,
214.709,17.100,now,block2_A_now,1,1.3369,0.5344,1.2786,0.1140,0.1850,0.1200,0.0000,1,2.3538,-1.4789,1.8840,-0.7237,0.8894,154.0,35,2.1250,-1.1087,0.2293,2.7798,2.3969,5.6750,0.2274,0,0,0,
214.811,17.202,now,block2_A_now,1,1.3395,0.5429,1.2635,0.1260,0.1480,0.1137,0.0385,1,2.3538,-1.4789,1.8840,-0.7237,0.8894,154.0,35,2.1250,-1.1087,0.2293,2.7798,2.3969,5.6750,0.2274,0,0,0,
214.909,17.300,now,block2_A_now,1,1.3414,0.5487,1.2419,0.0660,-0.3900,0.1074,0.0897,1,2.3285,-1.3787,1.7963,-0.5546,0.9810,153.5,35,2.0693,-0.9747,0.2302,2.7060,2.2874,5.6750,0.2147,0,0,0,
215.009,17.400,now,block2_A_now,1,1.3438,0.5556,1.2262,0.0660,-0.3900,0.1074,0.2692,1,2.3115,-1.2845,1.7228,-0.4104,1.0538,153.0,35,2.0251,-0.8558,0.2309,2.6444,2.1985,5.5836,0.2147,0,0,0,
215.109,17.501,now,block2_A_now,1,1.3463,0.5626,1.2244,0.0190,-0.0370,0.1074,0.1154,1,2.2933,-1.1882,1.6404,-0.3126,1.0922,154.1,35,1.9765,-0.7577,0.2312,2.5828,2.1167,5.5836,0.2021,0,0,0,
215.209,17.600,now,block2_A_now,1,1.3489,0.5698,1.2148,0.0760,-0.4080,0.1011,0.0897,1,2.2933,-1.1882,1.6404,-0.3126,1.0922,154.1,35,1.9765,-0.7577,0.2312,2.5828,2.1167,5.5836,0.2400,0,0,0,
215.309,17.700,now,block2_A_now,1,1.3517,0.5774,1.2229,0.0880,0.3340,0.1011,0.1667,1,2.2788,-1.1010,1.5807,-0.2552,1.0967,155.3,35,1.9405,-0.6843,0.2314,2.5309,2.0576,5.5836,0.2400,0,0,0,
215.412,17.803,now,block2_A_now,1,1.3556,0.5882,1.2334,0.1170,0.3530,0.1200,0.0897,1,2.2635,-1.0219,1.5739,-0.2342,1.0468,155.5,35,1.9289,-0.6340,0.2309,2.4834,2.0304,5.5836,0.2274,0,0,0,
215.509,17.900,now,block2_A_now,1,1.3594,0.5993,1.2478,0.1610,0.0180,0.1137,0.1410,1,2.2635,-1.0219,1.5739,-0.2342,1.0468,155.5,35,1.9289,-0.6340,0.2309,2.4834,2.0304,5.5836,0.2147,0,0,0,
215.609,18.000,now,block2_A_now,1,1.3635,0.6117,1.2602,0.1450,0.0370,0.1074,0.0641,1,2.2475,-0.9558,1.6131,-0.2302,0.9638,154.2,35,1.9387,-0.5994,0.2301,2.4423,2.0292,5.5836,0.2021,0,0,0,
215.709,18.100,now,block2_A_now,1,1.3677,0.6251,1.2726,0.1010,0.2970,0.1011,0.1410,1,2.2290,-0.9074,1.6611,-0.2296,0.8843,152.1,35,1.9515,-0.5754,0.2292,2.4066,2.0345,5.5836,0.2400,0,0,0,
215.809,18.200,now,block2_A_now,1,1.3714,0.6374,1.2882,0.1230,-0.0550,0.1200,0.0897,1,2.2290,-0.9074,1.6611,-0.2296,0.8843,152.1,35,1.9515,-0.5754,0.2292,2.4066,2.0345,5.5836,0.2274,0,0,0,
215.909,18.300,now,block2_A_now,1,1.3742,0.6474,1.3050,0.1070,0.3710,0.1137,0.0641,1,2.2080,-0.8777,1.7069,-0.2621,0.7938,150.8,35,1.9627,-0.5765,0.2282,2.3761,2.0456,5.5836,0.2147,0,0,0,
216.009,18.400,now,block2_A_now,1,1.3770,0.6577,1.3289,0.0690,0.3710,0.1074,0.0641,1,2.1822,-0.8629,1.8565,-0.4627,0.5160,150.7,35,2.0228,-0.6671,0.2253,2.3466,2.1299,5.4247,0.2021,0,0,0,
216.109,18.500,now,block2_A_now,1,1.3792,0.6667,1.3404,0.0950,0.4830,0.1011,0.0385,1,2.1822,-0.8629,1.8565,-0.4627,0.5160,150.7,35,2.0228,-0.6671,0.2253,2.3466,2.1299,5.4247,0.2400,0,0,0,
216.209,18.600,now,block2_A_now,1,1.3814,0.6760,1.3508,0.1670,0.0180,0.1200,0.0000,1,2.1520,-0.8585,1.9403,-0.5984,0.3354,150.9,35,2.0483,-0.7312,0.2235,2.3169,2.1750,5.4247,0.2400,0,0,0,
216.309,18.700,now,block2_A_now,1,1.3832,0.6842,1.3638,0.0760,-0.2220,0.1200,-0.0385,1,2.1174,-0.8588,1.9798,-0.6897,0.2180,151.2,31,2.1174,-0.8588,0.2200,2.2850,2.2850,5.4247,0.2274,0,0,0,
216.409,18.800,now,block2_A_now,1,1.3851,0.6939,1.3793,0.1550,0.0180,0.1137,-0.0128,1,2.1174,-0.8588,1.9798,-0.6897,0.2180,151.2,31,2.1174,-0.8588,0.2200,2.2850,2.2850,5.4247,0.2274,0,0,0,
216.509,18.900,now,block2_A_now,1,1.3867,0.7026,1.3981,0.1670,0.0550,0.1074,-0.0128,1,2.0792,-0.8587,1.9897,-0.7488,0.1417,151.6,31,2.0792,-0.8587,0.2200,2.2495,2.2495,5.4247,0.2147,0,0,0,
216.609,19.000,now,block2_A_now,1,1.3883,0.7122,1.4051,0.0910,-0.2410,0.1074,-0.0897,1,2.0405,-0.8575,1.9824,-0.7861,0.0921,151.9,31,2.0405,-0.8575,0.2200,2.2134,2.2134,5.4247,0.2021,0,0,0,
216.709,19.100,now,block2_A_now,1,1.3901,0.7230,1.4181,0.0630,0.1110,0.1011,-0.0641,1,2.0405,-0.8575,1.9824,-0.7861,0.0921,151.9,31,2.0405,-0.8575,0.2200,2.2134,2.2134,5.4247,0.2400,0,0,0,
216.809,19.200,now,block2_A_now,1,1.3918,0.7342,1.4203,0.0880,-0.0370,0.1200,-0.0641,1,2.0024,-0.8540,1.9646,-0.8075,0.0599,152.2,31,2.0024,-0.8540,0.2200,2.1769,2.1769,5.4247,0.2274,0,0,0,
216.909,19.300,now,block2_A_now,1,1.3938,0.7476,1.4192,0.0910,-0.1670,0.1137,-0.0641,1,1.9640,-0.8471,1.9394,-0.8169,0.0389,152.5,31,1.9640,-0.8471,0.2200,2.1389,2.1389,5.4247,0.2147,0,0,0,
217.013,19.404,now,block2_A_now,1,1.3955,0.7593,1.4218,0.0570,-0.0740,0.1074,-0.0641,1,1.9640,-0.8471,1.9394,-0.8169,0.0389,152.5,31,1.9640,-0.8471,0.2200,2.1389,2.1389,5.3331,0.2021,0,0,0,
217.109,19.500,now,block2_A_now,1,1.3977,0.7733,1.4206,0.1480,0.2410,0.1011,-0.0641,1,1.9278,-0.8393,1.9119,-0.8197,0.0253,152.7,31,1.9278,-0.8393,0.2200,2.1026,2.1026,5.3331,0.2400,0,0,0,
217.209,19.600,now,block2_A_now,1,1.3993,0.7841,1.4195,0.0410,-0.0180,0.1200,-0.0897,1,1.8935,-0.8300,1.8831,-0.8173,0.0164,152.8,31,1.8935,-0.8300,0.2200,2.0674,2.0674,5.3331,0.2274,0,0,0,
217.309,19.701,now,block2_A_now,1,1.4011,0.7955,1.4169,0.0600,-0.1670,0.1137,-0.0641,1,1.8935,-0.8300,1.8831,-0.8173,0.0164,152.8,31,1.8935,-0.8300,0.2200,2.0674,2.0674,5.3331,0.2147,0,0,0,
217.409,19.800,now,block2_A_now,1,1.4028,0.8060,1.4054,0.1200,0.2970,0.1074,-0.0385,1,1.8570,-0.8162,1.8503,-0.8079,0.0107,152.9,31,1.8570,-0.8162,0.2200,2.0284,2.0284,5.3331,0.2021,0,0,0,
217.509,19.900,now,block2_A_now,1,1.4046,0.8162,1.3865,0.0820,-0.2970,0.1011,-0.0385,1,1.8177,-0.7977,1.8133,-0.7923,0.0069,152.8,31,1.8177,-0.7977,0.2200,1.9850,1.9850,5.3331,0.2021,0,0,0,
217.609,20.000,now,block2_A_now,1,1.4063,0.8256,1.3824,0.1520,-0.1480,0.1200,-0.0067,1,1.8177,-0.7977,1.8133,-0.7923,0.0069,152.8,31,1.8177,-0.7977,0.2200,1.9850,1.9850,5.3331,0.2400,0,0,0,
217.709,20.100,now,block2_A_now,1,1.4080,0.8345,1.3876,0.0720,0.2040,0.1200,0.0128,1,1.7782,-0.7768,1.7753,-0.7733,0.0045,152.7,31,1.7782,-0.7768,0.2200,1.9405,1.9405,5.3331,0.2274,0,0,0,
217.813,20.205,now,block2_A_now,1,1.4097,0.8432,1.3728,0.0880,-0.1110,0.1137,0.0000,1,1.7371,-0.7508,1.7353,-0.7485,0.0029,152.5,31,1.7371,-0.7508,0.2200,1.8925,1.8925,5.3331,0.2274,0,0,0,
217.909,20.300,now,block2_A_now,1,1.4116,0.8527,1.3709,0.1390,-0.0370,0.1074,0.0128,1,1.7371,-0.7508,1.7353,-0.7485,0.0029,152.5,31,1.7371,-0.7508,0.2200,1.8925,1.8925,5.3331,0.2147,0,0,0,
218.012,20.403,now,block2_A_now,1,1.4134,0.8615,1.3705,0.0910,0.3150,0.1011,0.0385,1,1.6950,-0.7192,1.6938,-0.7177,0.0019,152.1,31,1.6950,-0.7192,0.2200,1.8412,1.8412,5.3331,0.2021,0,0,0,
218.109,20.501,now,block2_A_now,1,1.4151,0.8695,1.3616,0.0440,-0.0740,0.1011,0.0385,1,1.6516,-0.6810,1.5272,-0.4949,0.2238,146.2,35,1.5906,-0.5900,0.2223,1.7865,1.6965,5.2226,0.2400,0,0,0,
218.209,20.600,now,block2_A_now,1,1.4174,0.8800,1.3523,0.1170,0.2040,0.1200,0.0000,1,1.6516,-0.6810,1.5272,-0.4949,0.2238,146.2,35,1.5906,-0.5900,0.2223,1.7865,1.6965,5.2226,0.2400,0,0,0,
218.309,20.700,now,block2_A_now,1,1.4199,0.8912,1.3401,0.1040,-0.3530,0.1200,-0.0897,1,1.6120,-0.6432,1.3952,-0.3245,0.3855,146.0,35,1.5060,-0.4872,0.2240,1.7356,1.5829,5.2226,0.2274,0,0,0,
218.409,20.800,now,block2_A_now,1,1.4223,0.9017,1.3379,0.1550,0.0550,0.1137,-0.0385,1,1.5719,-0.5977,1.2809,-0.1813,0.5080,145.8,35,1.4298,-0.3938,0.2252,1.6817,1.4830,5.2226,0.2147,0,0,0,
218.509,20.900,now,block2_A_now,1,1.4248,0.9118,1.3305,0.0690,0.1850,0.1074,-0.0385,1,1.5719,-0.5977,1.2809,-0.1813,0.5080,145.8,35,1.4298,-0.3938,0.2252,1.6817,1.4830,5.2226,0.2147,0,0,0,
218.609,21.000,now,block2_A_now,1,1.4271,0.9209,1.3108,0.0570,-0.2600,0.1011,-0.0128,1,1.5315,-0.5458,1.1787,-0.0567,0.6031,145.4,35,1.3593,-0.3062,0.2262,1.6258,1.3933,5.2226,0.2400,0,0,0,
218.709,21.100,now,block2_A_now,1,1.4295,0.9302,1.3090,0.1670,-0.0550,0.1200,0.0385,1,1.4955,-0.4938,1.0997,0.0495,0.6722,144.3,35,1.3593,-0.3062,0.2262,1.5749,1.3933,5.2226,0.2400,0,0,0,
218.809,21.200,now,block2_A_now,1,1.4318,0.9387,1.3083,0.0630,-0.2220,0.1200,-0.0385,1,1.4955,-0.4938,1.0997,0.0495,0.6722,144.3,35,1.3022,-0.2277,0.2269,1.5749,1.3219,5.2226,0.2274,0,0,0,
218.909,21.300,now,block2_A_now,1,1.4346,0.9491,1.3117,0.1140,0.2970,0.1137,-0.0128,1,1.4623,-0.4396,1.0507,0.1390,0.7101,142.2,35,1.2609,-0.1565,0.2273,1.5270,1.2706,5.2226,0.2147,0,0,0,
219.013,21.405,now,block2_A_now,1,1.4376,0.9604,1.3023,0.0500,-0.0370,0.1074,-0.0128,1,1.4336,-0.3895,1.0194,0.1968,0.7178,140.4,35,1.2309,-0.1027,0.2274,1.4856,1.2352,5.2226,0.2021,0,0,0,
219.108,21.500,now,block2_A_now,1,1.4406,0.9711,1.2982,0.0880,0.1110,0.1011,0.0128,1,1.4336,-0.3895,1.0194,0.1968,0.7178,140.4,35,1.2309,-0.1027,0.2274,1.4856,1.2352,5.1372,0.2021,0,0,0,
219.209,21.600,now,block2_A_now,1,1.4434,0.9811,1.2960,0.0850,0.2780,0.1200,0.1154,1,1.4066,-0.3440,0.9861,0.2310,0.7124,139.9,35,1.2013,-0.0623,0.2273,1.4481,1.2029,5.1372,0.2274,0,0,0,
219.309,21.701,now,block2_A_now,1,1.4463,0.9909,1.2826,0.0570,-0.1110,0.1137,0.1154,1,1.3767,-0.3002,0.9427,0.2542,0.7041,140.4,35,1.1652,-0.0282,0.2273,1.4090,1.1656,5.1372,0.2274,0,0,0,
219.409,21.800,now,block2_A_now,1,1.4497,1.0022,1.2684,0.1550,0.0180,0.1074,0.1154,1,1.3767,-0.3002,0.9427,0.2542,0.7041,140.4,35,1.1652,-0.0282,0.2273,1.4090,1.1656,5.1372,0.2147,0,0,0,
219.508,21.900,now,block2_A_now,1,1.4527,1.0119,1.2647,0.1640,0.0740,0.1011,0.1410,1,1.3424,-0.2601,0.8872,0.2727,0.7008,141.5,35,1.1210,0.0017,0.2273,1.3674,1.1210,5.1372,0.2021,0,0,0,
219.615,22.006,now,block2_A_now,1,1.4558,1.0216,1.2703,0.0950,-0.2220,0.1011,0.0897,1,1.3081,-0.2270,0.8464,0.2852,0.6896,141.9,35,1.0833,0.0247,0.2272,1.3277,1.0836,5.1372,0.2400,0,0,0,
219.709,22.100,now,block2_A_now,1,1.4589,1.0320,1.2836,0.0630,0.1850,0.0947,0.1667,1,1.3081,-0.2270,0.8464,0.2852,0.6896,141.9,35,1.0833,0.0247,0.2272,1.3277,1.0836,5.1372,0.1768,0,0,0,
219.809,22.200,now,block2_A_now,1,1.4619,1.0421,1.2900,0.1140,-0.1480,0.0884,0.1154,1,1.2745,-0.1987,0.9744,0.1342,0.4482,140.9,35,1.1284,-0.0351,0.2247,1.2899,1.1290,5.1372,0.1768,0,0,0,
219.909,22.300,now,block2_A_now,1,1.4643,1.0507,1.3044,0.0690,0.2220,0.0821,0.1410,1,1.2438,-0.1780,1.0487,0.0384,0.2913,140.2,35,1.1488,-0.0716,0.2231,1.2564,1.1510,5.1372,0.1642,0,0,0,
220.009,22.400,now,block2_A_now,1,1.4672,1.0618,1.3167,0.1360,-0.1670,0.1074,0.1154,1,1.2438,-0.1780,1.0487,0.0384,0.2913,140.2,35,1.1488,-0.0716,0.2231,1.2564,1.1510,5.1372,0.2021,0,0,0,
220.108,22.500,now,block2_A_now,1,1.4688,1.0678,1.3294,0.0600,0.3530,0.1011,0.1410,1,1.2096,-0.1623,1.0828,-0.0216,0.1894,139.7,35,1.1479,-0.0932,0.2220,1.2205,1.1517,5.0570,0.2021,0,0,0,
220.209,22.600,now,block2_A_now,1,1.4713,1.0781,1.3443,0.1450,0.1480,0.1200,-0.0385,1,1.2096,-0.1623,1.0828,-0.0216,0.1894,139.7,35,1.1479,-0.0932,0.2220,1.2205,1.1517,5.0570,0.2400,0,0,0,
220.309,22.700,now,block2_A_now,1,1.4729,1.0855,1.3513,0.1040,-0.3530,0.1137,0.0128,1,1.1762,-0.1532,1.0938,-0.0618,0.1231,139.5,35,1.1361,-0.1083,0.2213,1.1862,1.1413,5.0570,0.2400,0,0,0,
220.409,22.800,now,block2_A_now,1,1.4745,1.0925,1.3668,0.0600,0.0920,0.1200,-0.0641,1,1.1463,-0.1507,1.0927,-0.0913,0.0800,139.5,31,1.1463,-0.1507,0.2200,1.1562,1.1562,5.0570,0.2387,0,0,0,
220.509,22.900,now,block2_A_now,1,1.4760,1.0998,1.3813,0.0790,0.4640,0.1074,0.0128,1,1.1463,-0.1507,1.0927,-0.0913,0.0800,139.5,31,1.1463,-0.1507,0.2200,1.1562,1.1562,5.0570,0.2274,0,0,0,
220.609,23.000,now,block2_A_now,1,1.4775,1.1074,1.3776,0.1140,-0.2970,0.1074,-0.2179,1,1.1187,-0.1516,1.0839,-0.1130,0.0520,139.8,31,1.1187,-0.1516,0.2200,1.1289,1.1289,5.0570,0.2147,0,0,0,
220.709,23.100,now,block2_A_now,1,1.4792,1.1164,1.3839,0.0820,-0.2970,0.1011,-0.0579,1,1.0932,-0.1552,1.0706,-0.1301,0.0338,140.1,31,1.0932,-0.1552,0.2200,1.1042,1.1042,5.0570,0.2400,0,0,0,
220.809,23.200,now,block2_A_now,1,1.4808,1.1256,1.3976,0.0530,0.0550,0.1011,-0.0897,1,1.0932,-0.1552,1.0706,-0.1301,0.0338,140.1,31,1.0932,-0.1552,0.2200,1.1042,1.1042,5.0570,0.2021,0,0,0,
220.909,23.300,now,block2_A_now,1,1.4828,1.1367,1.3958,0.0850,-0.0180,0.0947,-0.1410,1,1.0668,-0.1568,1.0521,-0.1404,0.0220,140.4,31,1.0668,-0.1568,0.2200,1.0782,1.0782,5.0570,0.1895,0,0,0,
221.009,23.400,now,block2_A_now,1,1.4850,1.1497,1.3952,0.0880,-0.1850,0.0947,-0.1154,1,1.0436,-0.1584,1.0340,-0.1478,0.0143,140.7,31,1.0436,-0.1584,0.2200,1.0556,1.0556,5.0570,0.1642,0,0,0,
221.109,23.500,now,block2_A_now,1,1.4872,1.1619,1.3993,0.1010,0.1480,0.0821,-0.1154,1,1.0436,-0.1584,1.0340,-0.1478,0.0143,140.7,31,1.0436,-0.1584,0.2200,1.0556,1.0556,5.0570,0.1642,0,0,0,
221.209,23.600,now,block2_A_now,1,1.4891,1.1727,1.3848,0.0410,-0.0180,0.0758,-0.0897,1,1.0197,-0.1548,1.0135,-0.1479,0.0093,140.7,31,1.0197,-0.1548,0.2200,1.0314,1.0314,5.0675,0.1516,0,0,0,
221.316,23.707,now,block2_A_now,1,1.4913,1.1842,1.3807,0.0880,0.0740,0.0758,-0.0897,1,0.9947,-0.1451,0.9907,-0.1406,0.0060,140.3,31,0.9947,-0.1451,0.2200,1.0052,1.0052,5.0675,0.1389,0,0,0,
221.409,23.800,now,block2_A_now,1,1.4929,1.1921,1.3703,0.1010,-0.3340,0.0884,0.0703,1,0.9947,-0.1451,0.9907,-0.1406,0.0060,140.3,31,0.9947,-0.1451,0.2200,1.0052,1.0052,5.0675,0.1263,0,0,0,
221.509,23.900,now,block2_A_now,1,1.4946,1.2003,1.3643,0.0220,-0.0920,0.0632,-0.0897,1,0.9703,-0.1321,0.9677,-0.1292,0.0039,139.8,31,0.9703,-0.1321,0.2200,0.9793,0.9793,5.0675,0.1263,0,0,0,
221.609,24.000,now,block2_A_now,1,1.4958,1.2060,1.3670,0.0150,0.0920,0.0568,-0.0641,1,0.9447,-0.1157,0.9430,-0.1138,0.0025,139.0,31,0.9447,-0.1157,0.2200,0.9518,0.9518,5.0675,0.1011,0,0,0,
221.711,24.102,now,block2_A_now,1,1.4964,1.2090,1.3487,0.0060,-0.0370,0.0568,-0.1154,1,0.9447,-0.1157,0.9430,-0.1138,0.0025,139.0,31,0.9447,-0.1157,0.2200,0.9518,0.9518,5.0675,0.1137,0,0,0,
221.809,24.200,now,block2_A_now,1,1.4972,1.2124,1.3421,0.0690,0.2970,0.0253,0.0128,1,0.9213,-0.0990,0.9202,-0.0977,0.0017,138.2,31,0.9213,-0.0990,0.2200,0.9266,0.9266,5.0675,0.0505,0,0,0,
221.910,24.301,now,block2_A_now,1,1.4982,1.2167,1.3387,0.0150,-0.0920,0.0189,0.1985,1,0.8995,-0.0807,0.8988,-0.0799,0.0011,137.2,31,0.8995,-0.0807,0.2200,0.9031,0.9031,5.0675,0.0505,0,0,0,
222.009,24.400,now,block2_A_now,1,1.4987,1.2190,1.3247,0.0630,-0.3710,0.0253,-0.0641,1,0.8995,-0.0807,0.8988,-0.0799,0.0011,137.2,31,0.8995,-0.0807,0.2200,0.9031,0.9031,5.0675,0.0505,0,0,0,
222.109,24.500,now,block2_A_now,1,1.4995,1.2221,1.3387,0.0120,0.0740,0.0189,-0.1154,1,0.8792,-0.0639,0.8787,-0.0634,0.0007,0.0,31,0.8792,-0.0639,0.2200,0.8815,0.8815,5.0675,0.0505,0,0,0,
222.208,24.600,now,block2_A_now,1,1.5002,1.2250,1.3209,0.0000,0.0000,0.1200,-0.0128,1,0.8576,-0.0477,0.8573,-0.0474,0.0005,0.0,31,0.8576,-0.0477,0.2200,0.8590,0.8590,5.0110,0.2400,0,0,0,
222.309,24.700,now,block2_A_now,1,1.5002,1.2250,1.3209,0.0000,0.0000,0.1200,0.1154,1,0.8576,-0.0477,0.8573,-0.0474,0.0005,0.0,31,0.8576,-0.0477,0.2200,0.8590,0.8590,5.0110,0.2320,0,0,0,
222.419,24.810,now,block2_A_now,1,1.5013,1.2290,1.3120,0.0850,0.2780,0.1200,0.1154,1,0.8365,-0.0342,0.8363,-0.0340,0.0003,0.0,31,0.8365,-0.0342,0.2200,0.8372,0.8372,5.0110,0.2400,0,0,0,
222.509,24.900,now,block2_A_now,1,1.5022,1.2324,1.3117,0.0850,-0.5010,0.1137,0.1154,1,0.8129,-0.0216,0.8128,-0.0215,0.0002,0.0,31,0.8129,-0.0216,0.2200,0.8132,0.8132,5.0110,0.2274,0,0,0,
222.609,25.000,now,block2_A_now,1,1.5038,1.2381,1.2939,0.1070,0.2220,0.1137,0.2241,1,0.8129,-0.0216,0.8128,-0.0215,0.0002,0.0,31,0.8129,-0.0216,0.2200,0.8132,0.8132,5.0110,0.2260,0,0,0,
222.709,25.100,now,block2_A_now,1,1.5061,1.2465,1.2868,0.1550,0.0550,0.1137,0.1154,1,0.7889,-0.0103,0.7888,-0.0102,0.0001,0.0,31,0.7889,-0.0103,0.2200,0.7890,0.7890,5.0110,0.2147,0,0,0,
222.809,25.200,now,block2_A_now,1,1.5091,1.2566,1.2768,0.0980,-0.2040,0.0821,0.1154,1,0.7640,0.0010,0.7640,0.0010,0.0001,0.0,31,0.7640,0.0010,0.2200,0.7640,0.7640,5.0110,0.1516,0,0,0,
222.909,25.300,now,block2_A_now,1,1.5126,1.2675,1.2601,0.1140,0.2220,0.0758,0.1410,1,0.7640,0.0010,0.7640,0.0010,0.0001,0.0,31,0.7640,0.0010,0.2200,0.7640,0.7640,5.0110,0.1516,0,0,0,
223.009,25.400,now,block2_A_now,1,1.5170,1.2812,1.2571,0.1770,-0.0370,0.0695,0.1410,1,0.7640,0.0010,0.7640,0.0010,0.0001,0.0,31,0.7640,0.0010,0.2200,0.7640,0.7640,5.0110,0.1395,0,0,0,
223.109,25.500,now,block2_A_now,1,1.5210,1.2935,1.2581,0.1360,-0.1300,0.0632,0.1410,1,0.7640,0.0010,0.7640,0.0010,0.0001,0.0,31,0.7640,0.0010,0.2200,0.7640,0.7640,5.0110,0.1263,0,0,0,
223.208,25.600,now,block2_A_now,1,1.5249,1.3053,1.2477,0.1710,0.0370,0.0316,-0.0128,1,0.7640,0.0010,0.7640,0.0010,0.0001,0.0,31,0.7640,0.0010,0.2200,0.7640,0.7640,4.9471,0.0632,0,0,0,
223.309,25.700,now,block2_A_now,1,1.5273,1.3125,1.2452,0.0190,0.0370,0.0253,-0.0128,1,0.7640,0.0010,0.7640,0.0010,0.0001,0.0,31,0.7640,0.0010,0.2200,0.7640,0.7640,4.9471,0.0475,0,0,0,
223.409,25.800,now,block2_A_now,1,1.5293,1.3185,1.2474,0.0120,0.0370,0.0000,-0.0385,1,0.7640,0.0010,0.7640,0.0010,0.0001,0.0,31,0.7640,0.0010,0.2200,0.7640,0.7640,4.9471,0.0379,0,0,0,
223.509,25.900,now,block2_A_now,1,1.5302,1.3211,1.2637,0.0000,0.0000,0.0189,-0.0641,1,0.7640,0.0010,0.7640,0.0010,0.0001,0.0,31,0.7640,0.0010,0.2200,0.7640,0.7640,4.9471,0.0000,0,0,0,
223.610,26.001,now,block2_A_now,1,1.5309,1.3235,1.2786,0.0850,0.5010,0.0189,-0.0128,1,0.7640,0.0010,0.7640,0.0010,0.0001,0.0,31,0.7640,0.0010,0.2200,0.7640,0.7640,4.9471,0.0379,0,0,0,
223.709,26.100,now,block2_A_now,1,1.5306,1.3223,1.2707,-0.0310,-0.1850,0.0189,-0.1154,1,0.7640,0.0010,0.7640,0.0010,0.0001,0.0,31,0.7640,0.0010,0.2200,0.7640,0.7640,4.9471,0.0379,0,0,0,
223.809,26.200,now,block2_A_now,1,1.5305,1.3220,1.2693,0.0000,0.0000,0.0000,-0.0897,0,0.7640,0.0010,0.7640,0.0010,0.0001,0.0,31,0.7640,0.0010,0.2200,0.7640,0.7640,4.9471,0.0000,0,0,0,
223.909,26.300,now,block2_A_now,1,1.5305,1.3220,1.2693,0.0000,0.0000,0.0000,-0.0897,0,0.7640,0.0010,0.7640,0.0010,0.0001,0.0,31,0.7640,0.0010,0.2200,0.7640,0.7640,4.9471,0.0000,0,0,0,
224.009,26.400,now,block2_A_now,1,1.5305,1.3220,1.2693,0.0000,0.0000,0.0253,-0.0385,0,0.7640,0.0010,0.7640,0.0010,0.0001,0.0,31,0.7640,0.0010,0.2200,0.7640,0.7640,4.9471,0.0505,0,0,0,
224.109,26.500,now,block2_A_now,1,1.5305,1.3220,1.2693,0.0000,0.0000,0.0253,-0.0385,0,0.7640,0.0010,0.7640,0.0010,0.0001,0.0,31,0.7640,0.0010,0.2200,0.7640,0.7640,4.9471,0.0505,0,0,0,
224.227,26.619,now,block2_A_now,1,1.5305,1.3220,1.2693,0.0000,0.0000,0.0000,-0.0897,0,0.7640,0.0010,0.7640,0.0010,0.0001,0.0,31,0.7640,0.0010,0.2200,0.7640,0.7640,4.9524,0.0000,0,0,0,
224.309,26.700,now,block2_A_now,1,1.5305,1.3220,1.2693,0.0000,0.0000,0.0000,-0.0897,0,0.7640,0.0010,0.7640,0.0010,0.0001,0.0,31,0.7640,0.0010,0.2200,0.7640,0.7640,4.9524,0.0000,0,0,0,
224.409,26.800,now,block2_A_now,1,1.5305,1.3220,1.2693,0.0000,0.0000,0.0000,-0.1410,0,0.7640,0.0010,0.7640,0.0010,0.0001,0.0,31,0.7640,0.0010,0.2200,0.7640,0.7640,4.9524,0.0000,0,0,0,
224.509,26.900,now,block2_A_now,1,1.5305,1.3220,1.2693,0.0000,0.0000,0.0000,-0.1410,0,0.7640,0.0010,0.7640,0.0010,0.0001,0.0,31,0.7640,0.0010,0.2200,0.7640,0.7640,4.9524,0.0000,0,0,0,
224.609,27.000,now,block2_A_now,1,1.5305,1.3220,1.2693,0.0000,0.0000,0.0000,-0.1410,0,0.7640,0.0010,0.7640,0.0010,0.0001,0.0,31,0.7640,0.0010,0.2200,0.7640,0.7640,4.9524,0.0000,0,0,0,
224.709,27.100,now,block2_A_now,1,1.5305,1.3220,1.2693,0.0000,0.0000,0.0000,-0.1410,0,0.7640,0.0010,0.7640,0.0010,0.0001,0.0,31,0.7640,0.0010,0.2200,0.7640,0.7640,4.9524,0.0000,0,0,0,
224.809,27.200,now,block2_A_now,1,1.5305,1.3220,1.2693,0.0000,0.0000,0.0000,-0.1154,0,0.7640,0.0010,0.7640,0.0010,0.0001,0.0,31,0.7640,0.0010,0.2200,0.7640,0.7640,4.9524,0.0000,0,0,0,
224.909,27.300,now,block2_A_now,1,1.5305,1.3220,1.2693,0.0000,0.0000,0.0000,-0.1154,0,0.7640,0.0010,0.7640,0.0010,0.0001,0.0,31,0.7640,0.0010,0.2200,0.7640,0.7640,4.9524,0.0000,0,0,0,
225.009,27.400,now,block2_A_now,1,1.5305,1.3220,1.2693,0.0000,0.0000,0.0000,-0.1410,0,0.7640,0.0010,0.7640,0.0010,0.0001,0.0,31,0.7640,0.0010,0.2200,0.7640,0.7640,4.9524,0.0000,0,0,0,
225.109,27.500,now,block2_A_now,1,1.5305,1.3220,1.2693,0.0000,0.0000,0.0000,-0.1410,0,0.7640,0.0010,0.7640,0.0010,0.0001,0.0,31,0.7640,0.0010,0.2200,0.7640,0.7640,4.9524,0.0000,0,0,0,
225.209,27.600,now,block2_A_now,1,1.5305,1.3220,1.2693,0.0000,0.0000,0.0126,-0.0641,0,0.7640,0.0010,0.7640,0.0010,0.0001,0.0,31,0.7640,0.0010,0.2200,0.7640,0.7640,4.9524,0.0253,0,0,0,
225.309,27.700,now,block2_A_now,1,1.5305,1.3220,1.2693,0.0000,0.0000,0.0126,-0.0641,0,0.7640,0.0010,0.7640,0.0010,0.0001,0.0,31,0.7640,0.0010,0.2200,0.7640,0.7640,4.9294,0.0253,0,0,0,
225.411,27.803,now,block2_A_now,1,1.5305,1.3220,1.2693,0.0000,0.0000,0.0126,-0.0641,0,0.7640,0.0010,0.7640,0.0010,0.0001,0.0,31,0.7640,0.0010,0.2200,0.7640,0.7640,4.9294,0.0253,0,0,0,
225.509,27.900,now,block2_A_now,1,1.5305,1.3220,1.2693,0.0000,0.0000,0.0126,-0.0641,0,0.7640,0.0010,0.7640,0.0010,0.0001,0.0,31,0.7640,0.0010,0.2200,0.7640,0.7640,4.9294,0.0253,0,0,0,
225.609,28.000,now,block2_A_now,1,1.5312,1.3244,1.2544,0.0000,0.0000,0.0000,-0.0385,0,0.7640,0.0010,0.7640,0.0010,0.0001,0.0,31,0.7640,0.0010,0.2200,0.7640,0.7640,4.9294,0.0000,0,0,0,
225.709,28.100,now,block2_A_now,1,1.5312,1.3244,1.2544,0.0000,0.0000,0.0000,-0.0128,0,0.7640,0.0010,0.7640,0.0010,0.0001,0.0,31,0.7640,0.0010,0.2200,0.7640,0.7640,4.9294,0.0000,0,0,0,
225.809,28.200,now,block2_A_now,1,1.5312,1.3244,1.2544,0.0000,0.0000,0.0000,0.0128,0,0.7640,0.0010,0.7640,0.0010,0.0001,0.0,31,0.7640,0.0010,0.2200,0.7640,0.7640,4.9294,0.0000,0,0,0,
225.909,28.300,now,block2_A_now,1,1.5307,1.3229,1.2485,0.0000,0.0000,0.0000,0.0128,0,0.7640,0.0010,0.7640,0.0010,0.0001,0.0,31,0.7640,0.0010,0.2200,0.7640,0.7640,4.9294,0.0000,0,0,0,
226.009,28.400,now,block2_A_now,1,1.5307,1.3229,1.2485,0.0000,0.0000,0.0000,0.0128,0,0.7640,0.0010,0.7640,0.0010,0.0001,0.0,31,0.7640,0.0010,0.2200,0.7640,0.7640,4.9294,0.0000,0,0,0,
226.109,28.500,now,block2_A_now,1,1.5307,1.3229,1.2485,0.0000,0.0000,0.0000,0.0128,0,0.7640,0.0010,0.7640,0.0010,0.0001,0.0,31,0.7640,0.0010,0.2200,0.7640,0.7640,4.9294,0.0000,0,0,0,
226.209,28.600,now,block2_A_now,1,1.5307,1.3229,1.2485,0.0000,0.0000,0.0000,0.0128,0,0.7640,0.0010,0.7640,0.0010,0.0001,0.0,31,0.7640,0.0010,0.2200,0.7640,0.7640,4.9294,0.0000,0,0,0,
226.309,28.700,now,block2_A_now,1,1.5307,1.3229,1.2485,0.0000,0.0000,0.0000,0.0128,0,0.7640,0.0010,0.7640,0.0010,0.0001,0.0,31,0.7640,0.0010,0.2200,0.7640,0.7640,4.8968,0.0000,0,0,0,
226.409,28.800,now,block2_A_now,1,1.5307,1.3229,1.2485,0.0000,0.0000,0.0189,-0.1472,0,0.7640,0.0010,0.7640,0.0010,0.0001,0.0,31,0.7640,0.0010,0.2200,0.7640,0.7640,4.8968,0.0379,0,0,0,
226.509,28.900,now,block2_A_now,1,1.5307,1.3229,1.2485,0.0000,0.0000,0.0189,-0.4672,0,0.7640,0.0010,0.7640,0.0010,0.0001,0.0,31,0.7640,0.0010,0.2200,0.7640,0.7640,4.8968,0.0379,0,0,0,
226.609,29.000,now,block2_A_now,1,1.5307,1.3229,1.2485,0.0000,0.0000,0.0189,-0.5000,0,0.7640,0.0010,0.7640,0.0010,0.0001,0.0,31,0.7640,0.0010,0.2200,0.7640,0.7640,4.8968,0.0379,0,0,0,
226.709,29.100,now,block2_A_now,1,1.5307,1.3229,1.2485,0.0000,0.0000,0.0189,-0.5000,0,0.7640,0.0010,0.7640,0.0010,0.0001,0.0,31,0.7640,0.0010,0.2200,0.7640,0.7640,4.8968,0.0379,0,0,0,
226.812,29.203,now,block2_A_now,1,1.5316,1.3254,1.2325,0.0120,-0.0740,0.0189,-0.5000,0,0.7640,0.0010,0.7640,0.0010,0.0001,0.0,31,0.7640,0.0010,0.2200,0.7640,0.7640,4.8968,0.1263,0,0,0,
226.909,29.300,now,block2_A_now,1,1.5316,1.3255,1.2322,0.0000,0.0000,0.0253,-0.5000,0,0.7640,0.0010,0.7640,0.0010,0.0001,0.0,31,0.7640,0.0010,0.2200,0.7640,0.7640,4.8968,0.0503,0,0,0,
227.010,29.401,now,block2_A_now,1,1.5320,1.3267,1.2244,0.0660,-0.3900,0.0253,-0.5000,0,0.7640,0.0010,0.7640,0.0010,0.0001,0.0,31,0.7640,0.0010,0.2200,0.7640,0.7640,4.8968,0.0503,0,0,0,
227.109,29.500,now,block2_A_now,1,1.5340,1.3318,1.1921,0.0790,-0.4640,0.0632,-0.4744,0,0.7640,0.0010,0.7640,0.0010,0.0001,0.0,31,0.7640,0.0010,0.2200,0.7640,0.7640,4.8968,0.1263,0,0,0,
227.209,29.600,now,block2_A_now,1,1.5367,1.3384,1.1475,0.0910,-0.6500,0.0632,-0.4487,0,0.7640,0.0010,0.7640,0.0010,0.0001,0.0,31,0.7640,0.0010,0.2200,0.7640,0.7640,4.8968,0.1263,0,0,0,
227.314,29.705,now,block2_A_now,1,1.5393,1.3436,1.0881,0.0850,-0.5010,0.0568,-0.4231,0,0.7640,0.0010,0.7640,0.0010,0.0001,0.0,31,0.7640,0.0010,0.2200,0.7640,0.7640,4.8381,0.1137,0,0,0,
227.409,29.800,now,block2_A_now,1,1.5429,1.3500,1.0194,0.1100,-0.6500,0.0758,-0.4487,0,0.7640,0.0010,0.7640,0.0010,0.0001,0.0,31,0.7640,0.0010,0.2200,0.7640,0.7640,4.8381,0.0884,0,0,0,
227.509,29.900,now,block2_A_now,1,1.5461,1.3548,0.9440,0.0850,-0.5380,0.0884,-0.2949,0,0.7640,0.0010,0.7640,0.0010,0.0001,0.0,31,0.7640,0.0010,0.2200,0.7640,0.7640,4.8381,0.1814,0,0,0,
227.609,30.000,now,block2_A_now,1,1.5492,1.3589,0.8738,0.0570,-0.5570,0.0000,-0.2949,0,0.7640,0.0010,0.7640,0.0010,0.0001,0.0,31,0.7640,0.0010,0.2200,0.7640,0.7640,4.8381,0.0884,0,0,0,
227.716,30.108,now,block2_A_now,1,1.5545,1.3650,0.8256,0.0790,-0.4640,0.0000,-0.2692,0,0.7640,0.0010,0.7640,0.0010,0.0001,0.0,31,0.7640,0.0010,0.2200,0.7640,0.7640,4.8381,0.0023,0,0,0,
227.809,30.200,now,block2_A_now,1,1.5573,1.3680,0.7651,0.0220,-0.2410,0.0442,-0.2179,0,0.7640,0.0010,0.7640,0.0010,0.0001,0.0,31,0.7640,0.0010,0.2200,0.7640,0.7640,4.8381,0.0884,0,0,0,
227.909,30.300,now,block2_A_now,1,1.5623,1.3726,0.7242,0.0660,-0.3900,0.1200,0.1021,0,0.7640,0.0010,0.7640,0.0010,0.0001,0.0,31,0.7640,0.0010,0.2200,0.7640,0.7640,4.8381,0.2399,0,0,0,
228.009,30.400,now,block2_A_now,1,1.5662,1.3760,0.6941,0.0500,-0.2970,0.1011,0.3974,0,0.7640,0.0010,0.7640,0.0010,0.0001,0.0,31,0.7640,0.0010,0.2200,0.7640,0.7640,4.8381,0.2310,0,0,0,
228.109,30.500,now,block2_A_now,1,1.5684,1.3778,0.6767,0.0150,-0.0920,0.1200,0.3974,0,0.7640,0.0010,0.7640,0.0010,0.0001,0.0,31,0.7640,0.0010,0.2200,0.7640,0.7640,4.8381,0.2270,0,0,0,
228.209,30.600,now,block2_A_now,1,1.5687,1.3780,0.6748,0.0150,-0.0920,0.1200,0.2887,0,0.7640,0.0010,0.7640,0.0010,0.0001,0.0,31,0.7640,0.0010,0.2200,0.7640,0.7640,4.8381,0.2281,0,0,0,
228.309,30.700,now,block2_A_now,1,1.5716,1.3804,0.6652,0.0570,0.3340,0.1200,0.2179,0,0.7640,0.0010,0.7640,0.0010,0.0001,0.0,31,0.7640,0.0010,0.2200,0.7640,0.7640,4.8381,0.2301,0,0,0,
228.411,30.802,now,block2_A_now,1,1.5758,1.3837,0.6964,0.0470,0.2780,0.1137,0.2179,0,0.7640,0.0010,0.7640,0.0010,0.0001,0.0,31,0.7640,0.0010,0.2200,0.7640,0.7640,4.7787,0.2400,0,0,0,
228.509,30.900,now,block2_A_now,1,1.5811,1.3883,0.7380,0.0910,0.5380,0.1200,0.2179,0,0.7640,0.0010,0.7640,0.0010,0.0001,0.0,31,0.7640,0.0010,0.2200,0.7640,0.7640,4.7787,0.2387,0,0,0,
228.609,31.000,now,block2_A_now,1,1.5868,1.3936,0.7839,0.1040,0.6130,0.1200,0.3523,0,0.7640,0.0010,0.7640,0.0010,0.0001,0.0,31,0.7640,0.0010,0.2200,0.7640,0.7640,4.7787,0.2354,0,0,0,
228.709,31.100,now,block2_A_now,1,1.5960,1.4031,0.8281,0.1170,0.6870,0.1137,0.4231,0,0.7640,0.0010,0.7640,0.0010,0.0001,0.0,31,0.7640,0.0010,0.2200,0.7640,0.7640,4.7787,0.1787,0,0,0,
228.810,31.202,now,block2_A_now,1,1.6063,1.4147,0.8667,0.1830,0.0740,0.1200,0.1349,0,0.7640,0.0010,0.7640,0.0010,0.0001,0.0,31,0.7640,0.0010,0.2200,0.7640,0.7640,4.7787,0.2400,0,0,0,
228.914,31.305,now,block2_A_now,1,1.6155,1.4259,0.9024,0.1740,0.2780,0.1200,0.0385,0,0.7640,0.0010,0.7640,0.0010,0.0001,0.0,31,0.7640,0.0010,0.2200,0.7640,0.7640,4.7787,0.2274,0,0,0,
229.009,31.400,now,block2_A_now,1,1.6237,1.4365,0.9335,0.0980,0.5010,0.1137,0.0385,0,0.7640,0.0010,0.7640,0.0010,0.0001,0.0,31,0.7640,0.0010,0.2200,0.7640,0.7640,4.7787,0.2147,0,0,0,
229.109,31.500,now,block2_A_now,1,1.6312,1.4469,0.9784,0.1040,0.6130,0.1137,-0.0128,0,0.7640,0.0010,0.7640,0.0010,0.0001,0.0,31,0.7640,0.0010,0.2200,0.7640,0.7640,4.7787,0.2274,0,0,0,
229.209,31.600,now,block2_A_now,1,1.6381,1.4574,0.9978,0.1770,0.1850,0.0947,0.0446,0,0.7640,0.0010,0.7640,0.0010,0.0001,0.0,31,0.7640,0.0010,0.2200,0.7640,0.7640,4.7787,0.2400,0,0,0,
229.309,31.700,now,block2_A_now,1,1.6433,1.4656,1.0205,0.1710,0.0740,0.1200,-0.0897,0,0.7640,0.0010,0.7640,0.0010,0.0001,0.0,31,0.7640,0.0010,0.2200,0.7640,0.7640,4.7787,0.1642,0,0,0,
229.409,31.800,now,block2_A_now,1,1.6466,1.4709,1.0334,0.0150,0.0920,0.1200,0.0128,0,0.7640,0.0010,0.7640,0.0010,0.0001,0.0,31,0.7640,0.0010,0.2200,0.7640,0.7640,4.6788,0.2400,0,0,0,
229.509,31.900,now,block2_A_now,1,1.6507,1.4778,1.0386,0.0250,0.1480,0.1200,0.0000,0,0.7640,0.0010,0.7640,0.0010,0.0001,0.0,31,0.7640,0.0010,0.2200,0.7640,0.7640,4.6788,0.2147,0,0,0,
229.609,32.000,now,block2_A_now,1,1.6552,1.4854,1.0371,0.1550,0.0180,0.1137,0.0000,0,0.7640,0.0010,0.7640,0.0010,0.0001,0.0,31,0.7640,0.0010,0.2200,0.7640,0.7640,4.6788,0.2274,0,0,0,
229.709,32.100,now,block2_A_now,1,1.6593,1.4924,1.0337,0.0760,-0.2600,0.1137,0.0000,0,0.7640,0.0010,0.7640,0.0010,0.0001,0.0,31,0.7640,0.0010,0.2200,0.7640,0.7640,4.6788,0.2147,0,0,0,
229.809,32.200,now,block2_A_now,1,1.6650,1.5019,1.0204,0.1710,-0.0370,0.1074,0.0000,0,0.7640,0.0010,0.7640,0.0010,0.0001,0.0,31,0.7640,0.0010,0.2200,0.7640,0.7640,4.6788,0.2400,0,0,0,
229.909,32.300,now,block2_A_now,1,1.6710,1.5114,1.0039,0.1330,-0.2970,0.1200,-0.0385,0,0.7640,0.0010,0.7640,0.0010,0.0001,0.0,31,0.7640,0.0010,0.2200,0.7640,0.7640,4.6788,0.2400,0,0,0,
230.009,32.400,now,block2_A_now,1,1.6764,1.5198,0.9824,0.0850,-0.5010,0.1200,0.0641,0,0.7640,0.0010,0.7640,0.0010,0.0001,0.0,31,0.7640,0.0010,0.2200,0.7640,0.7640,4.6788,0.2400,0,0,0,
230.109,32.500,now,block2_A_now,1,1.6821,1.5284,0.9743,0.1580,0.0740,0.1200,0.1985,0,0.7640,0.0010,0.7640,0.0010,0.0001,0.0,31,0.7640,0.0010,0.2200,0.7640,0.7640,4.6788,0.2274,0,0,0,
230.209,32.600,now,block2_A_now,1,1.6874,1.5362,0.9643,0.1070,-0.3710,0.1200,0.0000,0,0.7640,0.0010,0.7640,0.0010,0.0001,0.0,31,0.7640,0.0010,0.2200,0.7640,0.7640,4.6788,0.2400,0,0,0,
230.309,32.700,now,block2_A_now,1,1.6922,1.5430,0.9583,0.0820,-0.4450,0.1200,-0.0128,0,0.7640,0.0010,0.7640,0.0010,0.0001,0.0,31,0.7640,0.0010,0.2200,0.7640,0.7640,4.6788,0.2274,0,0,0,
230.409,32.800,now,block2_A_now,1,1.6974,1.5504,0.9579,0.1040,0.3900,0.1137,0.0641,0,0.7640,0.0010,0.7640,0.0010,0.0001,0.0,31,0.7640,0.0010,0.2200,0.7640,0.7640,4.5567,0.2274,0,0,0,
230.509,32.901,now,block2_A_now,1,1.7034,1.5587,0.9442,0.1010,0.1850,0.1200,0.0128,0,0.7640,0.0010,0.7640,0.0010,0.0001,0.0,31,0.7640,0.0010,0.2200,0.7640,0.7640,4.5567,0.2400,0,0,0,
230.609,33.000,now,block2_A_now,1,1.7102,1.5681,0.9301,0.1070,-0.2600,0.1200,-0.0128,0,0.7640,0.0010,0.7640,0.0010,0.0001,0.0,31,0.7640,0.0010,0.2200,0.7640,0.7640,4.5567,0.2400,0,0,0,
230.709,33.100,now,block2_A_now,1,1.7169,1.5770,0.9327,0.1260,0.0740,0.1200,-0.0641,0,0.7640,0.0010,0.7640,0.0010,0.0001,0.0,31,0.7640,0.0010,0.2200,0.7640,0.7640,4.5567,0.2274,0,0,0,
230.809,33.200,now,block2_A_now,1,1.7243,1.5869,0.9264,0.1550,0.0550,0.1137,-0.0641,0,0.7640,0.0010,0.7640,0.0010,0.0001,0.0,31,0.7640,0.0010,0.2200,0.7640,0.7640,4.5567,0.2147,0,0,0,
230.909,33.300,now,block2_A_now,1,1.7308,1.5956,0.9183,0.0820,-0.0740,0.1200,0.0128,0,0.7640,0.0010,0.7640,0.0010,0.0001,0.0,31,0.7640,0.0010,0.2200,0.7640,0.7640,4.5567,0.2400,0,0,0,
231.009,33.400,now,block2_A_now,1,1.7381,1.6051,0.9123,0.0570,-0.1110,0.1200,-0.0128,0,0.7640,0.0010,0.7640,0.0010,0.0001,0.0,31,0.7640,0.0010,0.2200,0.7640,0.7640,4.5567,0.2274,0,0,0,
231.109,33.500,now,block2_A_now,1,1.7455,1.6145,0.9030,0.0660,-0.0550,0.1200,0.0641,0,0.7640,0.0010,0.7640,0.0010,0.0001,0.0,31,0.7640,0.0010,0.2200,0.7640,0.7640,4.5567,0.2400,0,0,0,
231.209,33.600,now,block2_A_now,1,1.7523,1.6232,0.9038,0.0850,0.1670,0.1137,0.0641,0,0.7640,0.0010,0.7640,0.0010,0.0001,0.0,31,0.7640,0.0010,0.2200,0.7640,0.7640,4.5567,0.2400,0,0,0,
231.309,33.700,now,block2_A_now,1,1.7601,1.6330,0.9053,0.1260,0.2600,0.1200,0.0897,0,0.7640,0.0010,0.7640,0.0010,0.0001,0.0,31,0.7640,0.0010,0.2200,0.7640,0.7640,4.5567,0.2400,0,0,0,
231.409,33.800,now,block2_A_now,1,1.7682,1.6432,0.9001,0.1610,0.0920,0.1137,0.0897,0,0.7640,0.0010,0.7640,0.0010,0.0001,0.0,31,0.7640,0.0010,0.2200,0.7640,0.7640,4.5567,0.2147,0,0,0,
231.509,33.901,now,block2_A_now,1,1.7754,1.6524,0.9030,0.1520,-0.1480,0.1200,0.0128,0,0.7640,0.0010,0.7640,0.0010,0.0001,0.0,31,0.7640,0.0010,0.2200,0.7640,0.7640,4.3982,0.2400,0,0,0,
231.609,34.000,now,block2_A_now,1,1.7818,1.6606,0.9107,0.0760,0.2970,0.1200,0.2179,0,0.7640,0.0010,0.7640,0.0010,0.0001,0.0,31,0.7640,0.0010,0.2200,0.7640,0.7640,4.3982,0.2400,0,0,0,
231.709,34.100,now,block2_A_now,1,1.7885,1.6693,0.9178,0.1140,0.2600,0.1200,0.1154,0,0.7640,0.0010,0.7640,0.0010,0.0001,0.0,31,0.7640,0.0010,0.2200,0.7640,0.7640,4.3982,0.2400,0,0,0,
231.809,34.200,now,block2_A_now,1,1.7955,1.6786,0.9327,0.1710,0.0000,0.1137,0.1410,0,0.7640,0.0010,0.7640,0.0010,0.0001,0.0,31,0.7640,0.0010,0.2200,0.7640,0.7640,4.3982,0.2147,0,0,0,
231.909,34.300,now,block2_A_now,1,1.8023,1.6879,0.9514,0.0850,0.1300,0.1074,0.1154,0,0.7640,0.0010,0.7640,0.0010,0.0001,0.0,31,0.7640,0.0010,0.2200,0.7640,0.7640,4.3982,0.2400,0,0,0,
232.009,34.400,now,block2_A_now,1,1.8087,1.6969,0.9574,0.1330,-0.2220,0.1200,0.1667,0,0.7640,0.0010,0.7640,0.0010,0.0001,0.0,31,0.7640,0.0010,0.2200,0.7640,0.7640,4.3982,0.2400,0,0,0,
232.116,34.508,now,block2_A_now,1,1.8151,1.7061,0.9678,0.0790,0.0180,0.1200,0.2179,0,0.7640,0.0010,0.7640,0.0010,0.0001,0.0,31,0.7640,0.0010,0.2200,0.7640,0.7640,4.3982,0.2274,0,0,0,
232.209,34.600,now,block2_A_now,1,1.8209,1.7146,0.9934,0.0850,0.4640,0.1137,0.1410,0,0.7640,0.0010,0.7640,0.0010,0.0001,0.0,31,0.7640,0.0010,0.2200,0.7640,0.7640,4.3982,0.2274,0,0,0,
232.309,34.700,now,block2_A_now,1,1.8270,1.7242,1.0082,0.1710,0.1110,0.1074,0.1154,0,0.7640,0.0010,0.7640,0.0010,0.0001,0.0,31,0.7640,0.0010,0.2200,0.7640,0.7640,4.3982,0.2147,0,0,0,
232.409,34.800,now,block2_A_now,1,1.8331,1.7338,1.0193,0.1200,0.3710,0.1011,0.1410,0,0.7640,0.0010,0.7640,0.0010,0.0001,0.0,31,0.7640,0.0010,0.2200,0.7640,0.7640,4.3982,0.2021,0,0,0,
232.509,34.901,now,block2_A_now,1,1.8376,1.7413,1.0420,0.0600,0.2410,0.1200,0.1667,0,0.7640,0.0010,0.7640,0.0010,0.0001,0.0,31,0.7640,0.0010,0.2200,0.7640,0.7640,4.2903,0.2400,0,0,0,
232.609,35.000,now,block2_A_now,1,1.8425,1.7498,1.0587,0.0440,0.2220,0.1200,0.1154,0,0.7640,0.0010,0.7640,0.0010,0.0001,0.0,31,0.7640,0.0010,0.2200,0.7640,0.7640,4.2903,0.2274,0,0,0,
232.709,35.100,now,block2_A_now,1,1.8470,1.7579,1.0835,0.0600,0.3530,0.1137,0.1154,0,0.7640,0.0010,0.7640,0.0010,0.0001,0.0,31,0.7640,0.0010,0.2200,0.7640,0.7640,4.2903,0.2147,0,0,0,
232.809,35.200,now,block2_A_now,1,1.8512,1.7659,1.0998,0.0720,0.0180,0.1074,0.1154,0,0.7640,0.0010,0.7640,0.0010,0.0001,0.0,31,0.7640,0.0010,0.2200,0.7640,0.7640,4.2903,0.2147,0,0,0,
232.909,35.300,now,block2_A_now,1,1.8562,1.7759,1.1143,0.1140,-0.3340,0.1074,0.0641,0,0.7640,0.0010,0.7640,0.0010,0.0001,0.0,31,0.7640,0.0010,0.2200,0.7640,0.7640,4.2903,0.2400,0,0,0,
233.009,35.400,now,block2_A_now,1,1.8610,1.7859,1.1306,0.1710,0.0740,0.1011,0.0897,0,0.7640,0.0010,0.7640,0.0010,0.0001,0.0,31,0.7640,0.0010,0.2200,0.7640,0.7640,4.2903,0.2400,0,0,0,
233.109,35.500,now,block2_A_now,1,1.8649,1.7946,1.1511,0.1140,0.0370,0.1200,0.0897,0,0.7640,0.0010,0.7640,0.0010,0.0001,0.0,31,0.7640,0.0010,0.2200,0.7640,0.7640,4.2903,0.2274,0,0,0,
233.209,35.600,now,block2_A_now,1,1.8688,1.8033,1.1581,0.0690,0.1110,0.1137,0.0641,0,0.7640,0.0010,0.7640,0.0010,0.0001,0.0,31,0.7640,0.0010,0.2200,0.7640,0.7640,4.2903,0.2147,0,0,0,
233.309,35.700,now,block2_A_now,1,1.8727,1.8126,1.1851,0.1010,0.4080,0.1074,0.0897,0,0.7640,0.0010,0.7640,0.0010,0.0001,0.0,31,0.7640,0.0010,0.2200,0.7640,0.7640,4.2903,0.2021,0,0,0,
233.409,35.800,now,block2_A_now,1,1.8763,1.8216,1.2000,0.0910,0.4640,0.1074,-0.0446,0,0.7640,0.0010,0.7640,0.0010,0.0001,0.0,31,0.7640,0.0010,0.2200,0.7640,0.7640,4.2903,0.2021,0,0,0,
233.509,35.900,now,block2_A_now,1,1.8805,1.8327,1.2178,0.1550,-0.0550,0.1200,0.0897,0,0.7640,0.0010,0.7640,0.0010,0.0001,0.0,31,0.7640,0.0010,0.2200,0.7640,0.7640,4.1333,0.2400,0,0,0,
233.609,36.000,now,block2_A_now,1,1.8841,1.8428,1.2282,0.1070,-0.2220,0.1137,0.1154,0,0.7640,0.0010,0.7640,0.0010,0.0001,0.0,31,0.7640,0.0010,0.2200,0.7640,0.7640,4.1333,0.2274,0,0,0,
233.709,36.100,now,block2_A_now,1,1.8879,1.8536,1.2539,0.0980,0.5010,0.1074,0.2179,0,0.7640,0.0010,0.7640,0.0010,0.0001,0.0,31,0.7640,0.0010,0.2200,0.7640,0.7640,4.1333,0.2147,0,0,0,
233.809,36.200,now,block2_A_now,1,1.8914,1.8642,1.2580,0.1640,0.0740,0.1011,0.1667,0,0.7640,0.0010,0.7640,0.0010,0.0001,0.0,31,0.7640,0.0010,0.2200,0.7640,0.7640,4.1333,0.2021,0,0,0,
233.909,36.300,now,block2_A_now,1,1.8947,1.8747,1.2751,0.0790,0.3150,0.1200,0.1667,0,0.7640,0.0010,0.7640,0.0010,0.0001,0.0,31,0.7640,0.0010,0.2200,0.7640,0.7640,4.1333,0.2400,0,0,0,
234.009,36.400,now,block2_A_now,1,1.8978,1.8852,1.2902,0.1260,-0.2600,0.1200,0.1410,0,0.7640,0.0010,0.7640,0.0010,0.0001,0.0,31,0.7640,0.0010,0.2200,0.7640,0.7640,4.1333,0.2274,0,0,0,
234.109,36.500,now,block2_A_now,1,1.9008,1.8958,1.3054,0.1070,0.3710,0.1137,0.1667,0,0.7640,0.0010,0.7640,0.0010,0.0001,0.0,31,0.7640,0.0010,0.2200,0.7640,0.7640,4.1333,0.2147,0,0,0,
234.209,36.600,now,block2_A_now,1,1.9036,1.9066,1.3176,0.1260,-0.1850,0.1200,0.3205,0,0.7640,0.0010,0.7640,0.0010,0.0001,0.0,31,0.7640,0.0010,0.2200,0.7640,0.7640,4.1333,0.2400,0,0,0,
234.309,36.700,now,block2_A_now,1,1.9064,1.9174,1.3173,0.0760,0.0370,0.1137,0.2436,0,0.7640,0.0010,0.7640,0.0010,0.0001,0.0,31,0.7640,0.0010,0.2200,0.7640,0.7640,4.1333,0.2400,0,0,0,
234.409,36.800,now,block2_A_now,1,1.9087,1.9263,1.3399,0.1010,0.5200,0.1200,0.1154,0,0.7640,0.0010,0.7640,0.0010,0.0001,0.0,31,0.7640,0.0010,0.2200,0.7640,0.7640,4.1333,0.2400,0,0,0,
234.520,36.911,now,block2_A_now,1,1.9111,1.9366,1.3459,0.1200,-0.2970,0.1137,0.0897,0,0.7640,0.0010,0.7640,0.0010,0.0001,0.0,31,0.7640,0.0010,0.2200,0.7640,0.7640,4.0220,0.2400,0,0,0,
234.611,37.002,now,block2_A_now,1,1.9132,1.9464,1.3499,0.0530,-0.1300,0.1137,0.1215,0,0.7640,0.0010,0.7640,0.0010,0.0001,0.0,31,0.7640,0.0010,0.2200,0.7640,0.7640,4.0220,0.2147,0,0,0,
234.709,37.100,now,block2_A_now,1,1.9152,1.9558,1.3685,0.1200,0.2220,0.1074,0.0641,0,0.7640,0.0010,0.7640,0.0010,0.0001,0.0,31,0.7640,0.0010,0.2200,0.7640,0.7640,4.0220,0.2021,0,0,0,
234.809,37.201,now,block2_A_now,1,1.9175,1.9671,1.3766,0.0910,-0.0920,0.1011,0.0385,0,0.7640,0.0010,0.7640,0.0010,0.0001,0.0,31,0.7640,0.0010,0.2200,0.7640,0.7640,4.0220,0.2400,0,0,0,
234.909,37.300,now,block2_A_now,1,1.9191,1.9756,1.3937,0.0410,0.0920,0.1200,0.0128,0,0.7640,0.0010,0.7640,0.0010,0.0001,0.0,31,0.7640,0.0010,0.2200,0.7640,0.7640,4.0220,0.2400,0,0,0,
235.010,37.401,now,block2_A_now,1,1.9212,1.9875,1.4052,0.1330,0.3340,0.1137,0.0641,0,0.7640,0.0010,0.7640,0.0010,0.0001,0.0,31,0.7640,0.0010,0.2200,0.7640,0.7640,4.0220,0.2274,0,0,0,
235.109,37.500,now,block2_A_now,1,1.9230,1.9984,1.4138,0.1610,0.1300,0.1074,0.0641,0,0.7640,0.0010,0.7640,0.0010,0.0001,0.0,31,0.7640,0.0010,0.2200,0.7640,0.7640,4.0220,0.2147,0,0,0,
235.209,37.600,now,block2_A_now,1,1.9247,2.0096,1.4219,0.0950,0.1850,0.1137,0.0641,0,0.7640,0.0010,0.7640,0.0010,0.0001,0.0,31,0.7640,0.0010,0.2200,0.7640,0.7640,4.0220,0.2021,0,0,0,
235.309,37.700,now,block2_A_now,1,1.9265,2.0216,1.4275,0.0950,-0.0370,0.1011,0.0385,0,0.7640,0.0010,0.7640,0.0010,0.0001,0.0,31,0.7640,0.0010,0.2200,0.7640,0.7640,4.0220,0.2400,0,0,0,
235.412,37.803,now,block2_A_now,1,1.9281,2.0329,1.4390,0.1100,-0.0180,0.1200,-0.0641,0,0.7640,0.0010,0.7640,0.0010,0.0001,0.0,31,0.7640,0.0010,0.2200,0.7640,0.7640,4.0220,0.2400,0,0,0,
235.509,37.900,now,block2_A_now,1,1.9294,2.0435,1.4416,0.0600,0.0180,0.1137,-0.0641,0,0.7640,0.0010,0.7640,0.0010,0.0001,0.0,31,0.7640,0.0010,0.2200,0.7640,0.7640,4.0220,0.2274,0,0,0,
235.610,38.001,now,block2_A_now,1,1.9309,2.0549,1.4498,0.1140,-0.2220,0.1137,-0.1410,0,0.7640,0.0010,0.7640,0.0010,0.0001,0.0,31,0.7640,0.0010,0.2200,0.7640,0.7640,3.9285,0.2021,0,0,0,
235.709,38.100,now,block2_A_now,1,1.9324,2.0678,1.4557,0.1670,-0.0550,0.1011,0.0385,0,0.7640,0.0010,0.7640,0.0010,0.0001,0.0,31,0.7640,0.0010,0.2200,0.7640,0.7640,3.9285,0.2400,0,0,0,
235.809,38.200,now,block2_A_now,1,1.9338,2.0794,1.4487,0.1740,-0.0180,0.1200,-0.0385,0,0.7640,0.0010,0.7640,0.0010,0.0001,0.0,31,0.7640,0.0010,0.2200,0.7640,0.7640,3.9285,0.2274,0,0,0,
235.909,38.300,now,block2_A_now,1,1.9351,2.0904,1.4435,0.0950,-0.3340,0.1137,-0.0385,0,0.7640,0.0010,0.7640,0.0010,0.0001,0.0,31,0.7640,0.0010,0.2200,0.7640,0.7640,3.9285,0.2147,0,0,0,
236.009,38.400,now,block2_A_now,1,1.9365,2.1013,1.4502,0.1360,0.2040,0.1074,-0.0128,0,0.7640,0.0010,0.7640,0.0010,0.0001,0.0,31,0.7640,0.0010,0.2200,0.7640,0.7640,3.9285,0.2147,0,0,0,
236.109,38.500,now,block2_A_now,1,1.9376,2.1101,1.4398,0.0630,-0.2220,0.1011,0.0897,0,0.7640,0.0010,0.7640,0.0010,0.0001,0.0,31,0.7640,0.0010,0.2200,0.7640,0.7640,3.9285,0.2021,0,0,0,
236.209,38.600,now,block2_A_now,1,1.9388,2.1186,1.4190,0.0410,-0.2410,0.1011,0.1410,0,0.7640,0.0010,0.7640,0.0010,0.0001,0.0,31,0.7640,0.0010,0.2200,0.7640,0.7640,3.9285,0.2400,0,0,0,
236.309,38.700,now,block2_A_now,1,1.9402,2.1281,1.4234,0.1390,-0.0740,0.1200,0.2179,0,0.7640,0.0010,0.7640,0.0010,0.0001,0.0,31,0.7640,0.0010,0.2200,0.7640,0.7640,3.9285,0.2389,0,0,0,
236.409,38.800,now,block2_A_now,1,1.9413,2.1360,1.4259,0.0380,-0.0370,0.1137,0.1410,0,0.7640,0.0010,0.7640,0.0010,0.0001,0.0,31,0.7640,0.0010,0.2200,0.7640,0.7640,3.9285,0.2274,0,0,0,
236.509,38.900,now,block2_A_now,1,1.9424,2.1431,1.4177,0.0760,-0.2220,0.1137,0.1410,0,0.7640,0.0010,0.7640,0.0010,0.0001,0.0,31,0.7640,0.0010,0.2200,0.7640,0.7640,3.9285,0.2147,0,0,0,
236.613,39.004,now,block2_A_now,1,1.9439,2.1523,1.4169,0.1360,0.2040,0.1074,0.2179,0,0.7640,0.0010,0.7640,0.0010,0.0001,0.0,31,0.7640,0.0010,0.2200,0.7640,0.7640,3.8002,0.2147,0,0,0,
236.709,39.100,now,block2_A_now,1,1.9453,2.1619,1.4162,0.1230,-0.2410,0.1011,0.0000,0,0.7640,0.0010,0.7640,0.0010,0.0001,0.0,31,0.7640,0.0010,0.2200,0.7640,0.7640,3.8002,0.2021,0,0,0,
236.809,39.200,now,block2_A_now,1,1.9470,2.1732,1.4307,0.0880,0.2600,0.1200,0.0641,0,0.7640,0.0010,0.7640,0.0010,0.0001,0.0,31,0.7640,0.0010,0.2200,0.7640,0.7640,3.8002,0.2400,0,0,0,
236.909,39.301,now,block2_A_now,1,1.9487,2.1847,1.4314,0.0910,0.0180,0.1200,-0.1154,0,0.7640,0.0010,0.7640,0.0010,0.0001,0.0,31,0.7640,0.0010,0.2200,0.7640,0.7640,3.8002,0.2274,0,0,0,
237.009,39.400,now,block2_A_now,1,1.9502,2.1961,1.4396,0.1260,-0.2600,0.1137,-0.0641,0,0.7640,0.0010,0.7640,0.0010,0.0001,0.0,31,0.7640,0.0010,0.2200,0.7640,0.7640,3.8002,0.2147,0,0,0,
237.109,39.500,now,block2_A_now,1,1.9515,2.2067,1.4566,0.0410,0.0550,0.1074,-0.0641,0,0.7640,0.0010,0.7640,0.0010,0.0001,0.0,31,0.7640,0.0010,0.2200,0.7640,0.7640,3.8002,0.2021,0,0,0,
237.209,39.600,now,block2_A_now,1,1.9528,2.2182,1.4711,0.1200,0.4080,0.1011,-0.0641,0,0.7640,0.0010,0.7640,0.0010,0.0001,0.0,31,0.7640,0.0010,0.2200,0.7640,0.7640,3.8002,0.2400,0,0,0,
237.309,39.700,now,block2_A_now,1,1.9539,2.2292,1.4770,0.1100,-0.1300,0.1200,-0.1667,0,0.7640,0.0010,0.7640,0.0010,0.0001,0.0,31,0.7640,0.0010,0.2200,0.7640,0.7640,3.8002,0.2400,0,0,0,
237.412,39.803,now,block2_A_now,1,1.9547,2.2390,1.4936,0.1070,0.1850,0.1137,-0.1092,0,0.7640,0.0010,0.7640,0.0010,0.0001,0.0,31,0.7640,0.0010,0.2200,0.7640,0.7640,3.8002,0.2274,0,0,0,
237.509,39.900,now,block2_A_now,1,1.9555,2.2493,1.5037,0.0570,-0.0370,0.1074,-0.0385,0,0.7640,0.0010,0.7640,0.0010,0.0001,0.0,31,0.7640,0.0010,0.2200,0.7640,0.7640,3.8002,0.2147,0,0,0,
237.618,40.009,now,block2_A_now,1,1.9561,2.2606,1.5104,0.1520,-0.1480,0.1074,-0.2179,0,0.7640,0.0010,0.7640,0.0010,0.0001,0.0,31,0.7640,0.0010,0.2200,0.7640,0.7640,3.7050,0.2147,0,0,0,
237.710,40.101,now,block2_A_now,1,1.9567,2.2707,1.5170,0.1230,0.1300,0.1200,-0.0385,0,0.7640,0.0010,0.7640,0.0010,0.0001,0.0,31,0.7640,0.0010,0.2200,0.7640,0.7640,3.7050,0.2400,0,0,0,
237.809,40.200,now,block2_A_now,1,1.9573,2.2807,1.5035,0.0380,-0.0740,0.1200,-0.1154,0,0.7640,0.0010,0.7640,0.0010,0.0001,0.0,31,0.7640,0.0010,0.2200,0.7640,0.7640,3.7050,0.2274,0,0,0,
237.909,40.300,now,block2_A_now,1,1.9582,2.2930,1.5009,0.0950,-0.1480,0.1137,-0.0897,0,0.7640,0.0010,0.7640,0.0010,0.0001,0.0,31,0.7640,0.0010,0.2200,0.7640,0.7640,3.7050,0.2147,0,0,0,
238.009,40.400,now,block2_A_now,1,1.9591,2.3048,1.4857,0.1740,-0.0550,0.1074,-0.0897,0,0.7640,0.0010,0.7640,0.0010,0.0001,0.0,31,0.7640,0.0010,0.2200,0.7640,0.7640,3.7050,0.2147,0,0,0,
238.109,40.500,now,block2_A_now,1,1.9601,2.3159,1.4709,0.0850,-0.3900,0.1011,-0.0641,0,0.7640,0.0010,0.7640,0.0010,0.0001,0.0,31,0.7640,0.0010,0.2200,0.7640,0.7640,3.7050,0.2400,0,0,0,
238.210,40.601,now,block2_A_now,1,1.9613,2.3279,1.4605,0.1420,0.0180,0.1200,-0.0385,0,0.7640,0.0010,0.7640,0.0010,0.0001,0.0,31,0.7640,0.0010,0.2200,0.7640,0.7640,3.7050,0.2400,0,0,0,
238.312,40.703,now,block2_A_now,1,1.9624,2.3375,1.4477,0.0720,-0.2040,0.1137,-0.0385,0,0.7640,0.0010,0.7640,0.0010,0.0001,0.0,31,0.7640,0.0010,0.2200,0.7640,0.7640,3.7050,0.2274,0,0,0,
238.409,40.800,now,block2_A_now,1,1.9635,2.3457,1.4347,0.0850,-0.3900,0.1074,0.0128,0,0.7640,0.0010,0.7640,0.0010,0.0001,0.0,31,0.7640,0.0010,0.2200,0.7640,0.7640,3.7050,0.2147,0,0,0,
238.509,40.900,now,block2_A_now,1,1.9645,2.3533,1.4319,0.0790,-0.2780,0.1074,-0.0128,0,0.7640,0.0010,0.7640,0.0010,0.0001,0.0,31,0.7640,0.0010,0.2200,0.7640,0.7640,3.7050,0.2021,0,0,0,
238.609,41.000,now,block2_A_now,1,1.9656,2.3612,1.4271,0.0910,0.3900,0.1011,-0.0128,0,0.7640,0.0010,0.7640,0.0010,0.0001,0.0,31,0.7640,0.0010,0.2200,0.7640,0.7640,3.7050,0.2021,0,0,0,
238.711,41.102,now,block2_A_now,1,1.9671,2.3710,1.4223,0.1230,0.1300,0.1011,-0.1667,0,0.7640,0.0010,0.7640,0.0010,0.0001,0.0,31,0.7640,0.0010,0.2200,0.7640,0.7640,3.5953,0.2400,0,0,0,
238.809,41.200,now,block2_A_now,1,1.9683,2.3792,1.4134,0.0880,-0.4080,0.1200,-0.0641,0,0.7640,0.0010,0.7640,0.0010,0.0001,0.0,31,0.7640,0.0010,0.2200,0.7640,0.7640,3.5953,0.2400,0,0,0,
238.909,41.300,now,block2_A_now,1,1.9698,2.3877,1.3977,0.0790,-0.3530,0.1200,-0.0897,0,0.7640,0.0010,0.7640,0.0010,0.0001,0.0,31,0.7640,0.0010,0.2200,0.7640,0.7640,3.5953,0.2274,0,0,0,
239.009,41.400,now,block2_A_now,1,1.9715,2.3978,1.3988,0.1040,0.2780,0.1137,-0.0641,0,0.7640,0.0010,0.7640,0.0010,0.0001,0.0,31,0.7640,0.0010,0.2200,0.7640,0.7640,3.5953,0.2147,0,0,0,
239.109,41.500,now,block2_A_now,1,1.9732,2.4071,1.3880,0.0910,0.0550,0.1074,-0.0897,0,0.7640,0.0010,0.7640,0.0010,0.0001,0.0,31,0.7640,0.0010,0.2200,0.7640,0.7640,3.5953,0.2147,0,0,0,
239.209,41.600,now,block2_A_now,1,1.9752,2.4175,1.3699,0.0630,-0.1110,0.1074,-0.1154,0,0.7640,0.0010,0.7640,0.0010,0.0001,0.0,31,0.7640,0.0010,0.2200,0.7640,0.7640,3.5953,0.2021,0,0,0,
239.309,41.700,now,block2_A_now,1,1.9776,2.4291,1.3657,0.1390,0.1480,0.1200,-0.0385,0,0.7640,0.0010,0.7640,0.0010,0.0001,0.0,31,0.7640,0.0010,0.2200,0.7640,0.7640,3.5953,0.2400,0,0,0,
239.409,41.800,now,block2_A_now,1,1.9798,2.4392,1.3483,0.0980,-0.3900,0.1200,-0.0641,0,0.7640,0.0010,0.7640,0.0010,0.0001,0.0,31,0.7640,0.0010,0.2200,0.7640,0.7640,3.5953,0.2274,0,0,0,
239.509,41.900,now,block2_A_now,1,1.9824,2.4503,1.3349,0.1710,0.0000,0.1137,-0.0385,0,0.7640,0.0010,0.7640,0.0010,0.0001,0.0,31,0.7640,0.0010,0.2200,0.7640,0.7640,3.5953,0.2147,0,0,0,
239.609,42.000,now,block2_A_now,1,1.9846,2.4596,1.3260,0.1070,-0.2970,0.1074,-0.0385,0,0.7640,0.0010,0.7640,0.0010,0.0001,0.0,31,0.7640,0.0010,0.2200,0.7640,0.7640,3.5953,0.2021,0,0,0,
239.708,42.100,now,block2_A_now,1,1.9875,2.4709,1.3153,0.1740,-0.0180,0.1011,0.0000,0,0.7640,0.0010,0.7640,0.0010,0.0001,0.0,31,0.7640,0.0010,0.2200,0.7640,0.7640,3.5008,0.2400,0,0,0,
239.809,42.200,now,block2_A_now,1,1.9899,2.4802,1.3075,0.1140,-0.3340,0.1200,0.0385,0,0.7640,0.0010,0.7640,0.0010,0.0001,0.0,31,0.7640,0.0010,0.2200,0.7640,0.7640,3.5008,0.2400,0,0,0,
239.909,42.300,now,block2_A_now,1,1.9928,2.4908,1.3001,0.1740,-0.0180,0.1137,0.1154,0,0.7640,0.0010,0.7640,0.0010,0.0001,0.0,31,0.7640,0.0010,0.2200,0.7640,0.7640,3.5008,0.2274,0,0,0,
240.009,42.400,now,block2_A_now,1,1.9957,2.5010,1.3008,0.0440,0.1110,0.1137,0.0385,0,0.7640,0.0010,0.7640,0.0010,0.0001,0.0,31,0.7640,0.0010,0.2200,0.7640,0.7640,3.5008,0.2147,0,0,0,
240.109,42.501,now,block2_A_now,1,1.9990,2.5130,1.3011,0.1200,0.2970,0.1074,0.0385,0,0.7640,0.0010,0.7640,0.0010,0.0001,0.0,31,0.7640,0.0010,0.2200,0.7640,0.7640,3.5008,0.2021,0,0,0,
240.209,42.600,now,block2_A_now,1,2.0022,2.5244,1.3045,0.1290,0.2410,0.1011,0.0385,0,0.7640,0.0010,0.7640,0.0010,0.0001,0.0,31,0.7640,0.0010,0.2200,0.7640,0.7640,3.5008,0.2400,0,0,0,
240.309,42.700,now,block2_A_now,1,2.0049,2.5344,1.3093,0.1450,-0.0370,0.1200,0.0897,0,0.7640,0.0010,0.7640,0.0010,0.0001,0.0,31,0.7640,0.0010,0.2200,0.7640,0.7640,3.5008,0.2274,0,0,0,
240.409,42.800,now,block2_A_now,1,2.0071,2.5427,1.3126,0.0720,-0.2410,0.1137,0.0897,0,0.7640,0.0010,0.7640,0.0010,0.0001,0.0,31,0.7640,0.0010,0.2200,0.7640,0.7640,3.5008,0.2147,0,0,0,
240.509,42.900,now,block2_A_now,1,2.0098,2.5531,1.3261,0.0980,0.3530,0.1074,0.1154,0,0.7640,0.0010,0.7640,0.0010,0.0001,0.0,31,0.7640,0.0010,0.2200,0.7640,0.7640,3.5008,0.2147,0,0,0,
240.609,43.000,now,block2_A_now,1,2.0122,2.5631,1.3361,0.1010,-0.3340,0.1011,0.0641,0,0.7640,0.0010,0.7640,0.0010,0.0001,0.0,31,0.7640,0.0010,0.2200,0.7640,0.7640,3.5008,0.2021,0,0,0,
240.709,43.100,now,block2_A_now,1,2.0143,2.5725,1.3521,0.0380,0.1110,0.1011,0.1667,0,0.7640,0.0010,0.7640,0.0010,0.0001,0.0,31,0.7640,0.0010,0.2200,0.7640,0.7640,3.3910,0.2400,0,0,0,
240.809,43.201,now,block2_A_now,1,2.0165,2.5829,1.3662,0.1100,-0.2780,0.1200,-0.0128,0,0.7640,0.0010,0.7640,0.0010,0.0001,0.0,31,0.7640,0.0010,0.2200,0.7640,0.7640,3.3910,0.2400,0,0,0,
240.910,43.301,now,block2_A_now,1,2.0186,2.5930,1.3736,0.1290,-0.2040,0.1200,-0.0897,0,0.7640,0.0010,0.7640,0.0010,0.0001,0.0,31,0.7640,0.0010,0.2200,0.7640,0.7640,3.3910,0.2274,0,0,0,
241.009,43.400,now,block2_A_now,1,2.0201,2.6013,1.3899,0.0600,0.0180,0.1137,-0.0897,0,0.7640,0.0010,0.7640,0.0010,0.0001,0.0,31,0.7640,0.0010,0.2200,0.7640,0.7640,3.3910,0.2147,0,0,0,
241.109,43.500,now,block2_A_now,1,2.0216,2.6095,1.3999,0.0660,0.3530,0.1074,-0.0641,0,0.7640,0.0010,0.7640,0.0010,0.0001,0.0,31,0.7640,0.0010,0.2200,0.7640,0.7640,3.3910,0.2147,0,0,0,
241.209,43.600,now,block2_A_now,1,2.0237,2.6215,1.4133,0.1450,0.1110,0.1011,-0.1154,0,0.7640,0.0010,0.7640,0.0010,0.0001,0.0,31,0.7640,0.0010,0.2200,0.7640,0.7640,3.3910,0.2400,0,0,0,
241.309,43.701,now,block2_A_now,1,2.0252,2.6313,1.4289,0.0910,0.2410,0.1200,-0.0385,0,0.7640,0.0010,0.7640,0.0010,0.0001,0.0,31,0.7640,0.0010,0.2200,0.7640,0.7640,3.3910,0.2400,0,0,0,
241.409,43.800,now,block2_A_now,1,2.0264,2.6403,1.4426,0.0950,0.4830,0.1200,-0.1667,0,0.7640,0.0010,0.7640,0.0010,0.0001,0.0,31,0.7640,0.0010,0.2200,0.7640,0.7640,3.3910,0.2274,0,0,0,
241.511,43.902,now,block2_A_now,1,2.0280,2.6520,1.4334,0.1450,-0.0740,0.1137,-0.2497,0,0.7640,0.0010,0.7640,0.0010,0.0001,0.0,31,0.7640,0.0010,0.2200,0.7640,0.7640,3.3910,0.2147,0,0,0,
241.609,44.000,now,block2_A_now,1,2.0297,2.6644,1.4374,0.1740,0.0180,0.1074,-0.0897,0,0.7640,0.0010,0.7640,0.0010,0.0001,0.0,31,0.7640,0.0010,0.2200,0.7640,0.7640,3.3910,0.2021,0,0,0,
241.709,44.101,now,block2_A_now,1,2.0314,2.6772,1.4330,0.1860,-0.0180,0.1200,-0.0641,0,0.7640,0.0010,0.7640,0.0010,0.0001,0.0,31,0.7640,0.0010,0.2200,0.7640,0.7640,3.3910,0.2400,0,0,0,
241.809,44.200,now,block2_A_now,1,2.0332,2.6898,1.4245,0.1420,0.0920,0.1200,-0.0897,0,0.7640,0.0010,0.7640,0.0010,0.0001,0.0,31,0.7640,0.0010,0.2200,0.7640,0.7640,3.2974,0.2274,0,0,0,
241.909,44.300,now,block2_A_now,1,2.0349,2.7016,1.4267,0.1450,0.2220,0.1137,-0.1154,0,0.7640,0.0010,0.7640,0.0010,0.0001,0.0,31,0.7640,0.0010,0.2200,0.7640,0.7640,3.2974,0.2147,0,0,0,
242.009,44.400,now,block2_A_now,1,2.0366,2.7122,1.4088,0.0500,-0.1110,0.1074,-0.1410,0,0.7640,0.0010,0.7640,0.0010,0.0001,0.0,31,0.7640,0.0010,0.2200,0.7640,0.7640,3.2974,0.2021,0,0,0,
242.109,44.500,now,block2_A_now,1,2.0385,2.7241,1.3965,0.1070,-0.2970,0.1011,-0.0641,0,0.7640,0.0010,0.7640,0.0010,0.0001,0.0,31,0.7640,0.0010,0.2200,0.7640,0.7640,3.2974,0.2400,0,0,0,
242.209,44.600,now,block2_A_now,1,2.0403,2.7337,1.3773,0.0530,-0.2410,0.1200,-0.0641,0,0.7640,0.0010,0.7640,0.0010,0.0001,0.0,31,0.7640,0.0010,0.2200,0.7640,0.7640,3.2974,0.2274,0,0,0,
242.309,44.700,now,block2_A_now,1,2.0425,2.7448,1.3787,0.1140,0.2970,0.1137,-0.0128,0,0.7640,0.0010,0.7640,0.0010,0.0001,0.0,31,0.7640,0.0010,0.2200,0.7640,0.7640,3.2974,0.2274,0,0,0,
242.409,44.800,now,block2_A_now,1,2.0443,2.7535,1.3639,0.1070,0.1480,0.1074,-0.0128,0,0.7640,0.0010,0.7640,0.0010,0.0001,0.0,31,0.7640,0.0010,0.2200,0.7640,0.7640,3.2974,0.2147,0,0,0,
242.509,44.900,now,block2_A_now,1,2.0461,2.7623,1.3572,0.1260,-0.2600,0.1074,-0.0641,0,0.7640,0.0010,0.7640,0.0010,0.0001,0.0,31,0.7640,0.0010,0.2200,0.7640,0.7640,3.2974,0.2021,0,0,0,
242.609,45.000,now,block2_A_now,1,2.0476,2.7689,1.3498,0.0250,-0.0370,0.1011,-0.0385,0,0.7640,0.0010,0.7640,0.0010,0.0001,0.0,31,0.7640,0.0010,0.2200,0.7640,0.7640,3.2974,0.2400,0,0,0,
242.709,45.100,now,block2_A_now,1,2.0494,2.7767,1.3419,0.0310,-0.1480,0.1200,-0.0128,0,0.7640,0.0010,0.7640,0.0010,0.0001,0.0,31,0.7640,0.0010,0.2200,0.7640,0.7640,3.2974,0.2400,0,0,0,
242.810,45.201,now,block2_A_now,1,2.0519,2.7874,1.3290,0.1450,0.1110,0.1200,-0.0385,0,0.7640,0.0010,0.7640,0.0010,0.0001,0.0,31,0.7640,0.0010,0.2200,0.7640,0.7640,3.2048,0.2400,0,0,0,
242.909,45.300,now,block2_A_now,1,2.0544,2.7970,1.3178,0.1330,0.0370,0.1137,0.0385,0,0.7640,0.0010,0.7640,0.0010,0.0001,0.0,31,0.7640,0.0010,0.2200,0.7640,0.7640,3.2048,0.2147,0,0,0,
243.009,45.400,now,block2_A_now,1,2.0567,2.8056,1.3052,0.0980,-0.4640,0.1074,0.0641,0,0.7640,0.0010,0.7640,0.0010,0.0001,0.0,31,0.7640,0.0010,0.2200,0.7640,0.7640,3.2048,0.2021,0,0,0,
243.109,45.500,now,block2_A_now,1,2.0598,2.8171,1.2985,0.1770,-0.0370,0.1011,0.2497,0,0.7640,0.0010,0.7640,0.0010,0.0001,0.0,31,0.7640,0.0010,0.2200,0.7640,0.7640,3.2048,0.2021,0,0,0,
243.209,45.600,now,block2_A_now,1,2.0625,2.8266,1.2822,0.0980,-0.3900,0.1200,0.1154,0,0.7640,0.0010,0.7640,0.0010,0.0001,0.0,31,0.7640,0.0010,0.2200,0.7640,0.7640,3.2048,0.2400,0,0,0,
243.310,45.701,now,block2_A_now,1,2.0655,2.8364,1.2722,0.1610,-0.0180,0.1200,0.3462,0,0.7640,0.0010,0.7640,0.0010,0.0001,0.0,31,0.7640,0.0010,0.2200,0.7640,0.7640,3.2048,0.2390,0,0,0,
243.409,45.800,now,block2_A_now,1,2.0682,2.8455,1.2700,0.0850,-0.1670,0.1200,0.4231,0,0.7640,0.0010,0.7640,0.0010,0.0001,0.0,31,0.7640,0.0010,0.2200,0.7640,0.7640,3.2048,0.2406,0,0,0,
243.509,45.900,now,block2_A_now,1,2.0716,2.8565,1.2741,0.1330,0.0370,0.1137,0.3718,0,0.7640,0.0010,0.7640,0.0010,0.0001,0.0,31,0.7640,0.0010,0.2200,0.7640,0.7640,3.2048,0.2147,0,0,0,
243.609,46.000,now,block2_A_now,1,2.0758,2.8703,1.2837,0.1040,0.3150,0.1137,0.4231,0,0.7640,0.0010,0.7640,0.0010,0.0001,0.0,31,0.7640,0.0010,0.2200,0.7640,0.7640,3.2048,0.2400,0,0,0,
243.709,46.100,now,block2_A_now,1,2.0802,2.8856,1.3033,0.1230,0.2410,0.1200,0.2692,0,0.7640,0.0010,0.7640,0.0010,0.0001,0.0,31,0.7640,0.0010,0.2200,0.7640,0.7640,3.2048,0.2400,0,0,0,
243.808,46.200,now,block2_A_now,1,2.0836,2.8987,1.3418,0.1200,0.6310,0.1200,0.3718,0,0.7640,0.0010,0.7640,0.0010,0.0001,0.0,31,0.7640,0.0010,0.2200,0.7640,0.7640,2.9931,0.2400,0,0,0,
243.909,46.300,now,block2_A_now,1,2.0865,2.9114,1.3758,0.0980,0.5750,0.1074,0.2118,0,0.7640,0.0010,0.7640,0.0010,0.0001,0.0,31,0.7640,0.0010,0.2200,0.7640,0.7640,2.9931,0.2021,0,0,0,
244.009,46.400,now,block2_A_now,1,2.0888,2.9239,1.4170,0.0950,0.5570,0.1200,0.0897,0,0.7640,0.0010,0.7640,0.0010,0.0001,0.0,31,0.7640,0.0010,0.2200,0.7640,0.7640,2.9931,0.2400,0,0,0,
244.109,46.500,now,block2_A_now,1,2.0902,2.9347,1.4620,0.1580,-0.0370,0.1137,0.0641,0,0.7640,0.0010,0.7640,0.0010,0.0001,0.0,31,0.7640,0.0010,0.2200,0.7640,0.7640,2.9931,0.2274,0,0,0,
244.209,46.600,now,block2_A_now,1,2.0911,2.9442,1.5076,0.1010,0.5940,0.1137,0.0897,0,0.7640,0.0010,0.7640,0.0010,0.0001,0.0,31,0.7640,0.0010,0.2200,0.7640,0.7640,2.9931,0.2147,0,0,0,
244.309,46.700,now,block2_A_now,1,2.0914,2.9526,1.5374,0.1330,-0.2220,0.1074,-0.1667,0,0.7640,0.0010,0.7640,0.0010,0.0001,0.0,31,0.7640,0.0010,0.2200,0.7640,0.7640,2.9931,0.2021,0,0,0,
244.409,46.800,now,block2_A_now,1,2.0916,2.9614,1.5695,0.0630,0.3710,0.1011,0.0128,0,0.7640,0.0010,0.7640,0.0010,0.0001,0.0,31,0.7640,0.0010,0.2200,0.7640,0.7640,2.9931,0.2021,0,0,0,
244.509,46.900,now,block2_A_now,1,2.0915,2.9694,1.5836,0.0850,-0.2040,0.1200,-0.0897,0,0.7640,0.0010,0.7640,0.0010,0.0001,0.0,31,0.7640,0.0010,0.2200,0.7640,0.7640,2.9931,0.2399,0,0,0,
244.609,47.000,now,block2_A_now,1,2.0914,2.9748,1.6122,0.0500,0.2970,0.1200,-0.0897,0,0.7640,0.0010,0.7640,0.0010,0.0001,0.0,31,0.7640,0.0010,0.2200,0.7640,0.7640,2.9931,0.2400,0,0,0,
244.709,47.100,now,block2_A_now,1,2.0911,2.9823,1.6163,0.0570,0.1110,0.1137,-0.1154,0,0.7640,0.0010,0.7640,0.0010,0.0001,0.0,31,0.7640,0.0010,0.2200,0.7640,0.7640,2.9931,0.2274,0,0,0,
244.809,47.201,now,block2_A_now,1,2.0905,2.9931,1.6178,0.1610,-0.0920,0.1137,-0.0897,0,0.7640,0.0010,0.7640,0.0010,0.0001,0.0,31,0.7640,0.0010,0.2200,0.7640,0.7640,2.9931,0.2147,0,0,0,
244.909,47.300,now,block2_A_now,1,2.0900,3.0056,1.6134,0.1710,-0.0740,0.1074,-0.0897,0,0.7640,0.0010,0.7640,0.0010,0.0001,0.0,31,0.7640,0.0010,0.2200,0.7640,0.7640,2.8794,0.2021,0,0,0,
245.009,47.400,now,block2_A_now,1,2.0895,3.0184,1.6000,0.1330,0.0370,0.1011,-0.0897,0,0.7640,0.0010,0.7640,0.0010,0.0001,0.0,31,0.7640,0.0010,0.2200,0.7640,0.7640,2.8794,0.2400,0,0,0,
245.109,47.500,now,block2_A_now,1,2.0893,3.0323,1.5733,0.0760,-0.2600,0.1200,-0.1410,0,0.7640,0.0010,0.7640,0.0010,0.0001,0.0,31,0.7640,0.0010,0.2200,0.7640,0.7640,2.8794,0.2274,0,0,0,
245.209,47.600,now,block2_A_now,1,2.0893,3.0459,1.5551,0.1330,-0.4080,0.1137,-0.1154,0,0.7640,0.0010,0.7640,0.0010,0.0001,0.0,31,0.7640,0.0010,0.2200,0.7640,0.7640,2.8794,0.2147,0,0,0,
245.309,47.701,now,block2_A_now,1,2.0895,3.0586,1.5484,0.1390,0.1480,0.1074,-0.0897,0,0.7640,0.0010,0.7640,0.0010,0.0001,0.0,31,0.7640,0.0010,0.2200,0.7640,0.7640,2.8794,0.2021,0,0,0,
245.410,47.801,now,block2_A_now,1,2.0898,3.0689,1.5283,0.1010,-0.3710,0.1011,-0.1154,0,0.7640,0.0010,0.7640,0.0010,0.0001,0.0,31,0.7640,0.0010,0.2200,0.7640,0.7640,2.8794,0.2400,0,0,0,
245.509,47.900,now,block2_A_now,1,2.0902,3.0772,1.5240,0.0120,-0.0740,0.1200,-0.0641,0,0.7640,0.0010,0.7640,0.0010,0.0001,0.0,31,0.7640,0.0010,0.2200,0.7640,0.7640,2.8794,0.2274,0,0,0,
245.609,48.000,now,block2_A_now,1,2.0907,3.0868,1.5099,0.0410,-0.2410,0.1137,-0.0641,0,0.7640,0.0010,0.7640,0.0010,0.0001,0.0,31,0.7640,0.0010,0.2200,0.7640,0.7640,2.8794,0.2274,0,0,0,
245.712,48.103,now,block2_A_now,1,2.0912,3.0958,1.5065,0.1640,0.0000,0.1074,-0.0128,0,0.7640,0.0010,0.7640,0.0010,0.0001,0.0,31,0.7640,0.0010,0.2200,0.7640,0.7640,2.8794,0.2147,0,0,0,
245.809,48.200,now,block2_A_now,1,2.0916,3.1019,1.5017,0.0790,0.3150,0.1074,-0.0641,0,0.7640,0.0010,0.7640,0.0010,0.0001,0.0,31,0.7640,0.0010,0.2200,0.7640,0.7640,2.8794,0.2021,0,0,0,
245.909,48.300,now,block2_A_now,1,2.0922,3.1098,1.4913,0.1070,0.1850,0.1011,-0.0641,0,0.7640,0.0010,0.7640,0.0010,0.0001,0.0,31,0.7640,0.0010,0.2200,0.7640,0.7640,2.7868,0.2021,0,0,0,
246.009,48.400,now,block2_A_now,1,2.0929,3.1182,1.4868,0.1260,-0.2600,0.1011,-0.0641,0,0.7640,0.0010,0.7640,0.0010,0.0001,0.0,31,0.7640,0.0010,0.2200,0.7640,0.7640,2.7868,0.2400,0,0,0,
246.109,48.500,now,block2_A_now,1,2.0936,3.1256,1.4809,0.1040,-0.0550,0.1200,-0.0385,0,0.7640,0.0010,0.7640,0.0010,0.0001,0.0,31,0.7640,0.0010,0.2200,0.7640,0.7640,2.7868,0.2400,0,0,0,
246.209,48.600,now,block2_A_now,1,2.0943,3.1333,1.4737,0.0410,0.0550,0.1137,-0.0128,0,0.7640,0.0010,0.7640,0.0010,0.0001,0.0,31,0.7640,0.0010,0.2200,0.7640,0.7640,2.7868,0.2274,0,0,0,
246.310,48.701,now,block2_A_now,1,2.0953,3.1427,1.4526,0.0280,-0.1670,0.1137,-0.0385,0,0.7640,0.0010,0.7640,0.0010,0.0001,0.0,31,0.7640,0.0010,0.2200,0.7640,0.7640,2.7868,0.2147,0,0,0,
246.409,48.800,now,block2_A_now,1,2.0966,3.1537,1.4440,0.1330,0.1850,0.1074,-0.0128,0,0.7640,0.0010,0.7640,0.0010,0.0001,0.0,31,0.7640,0.0010,0.2200,0.7640,0.7640,2.7868,0.2021,0,0,0,
246.509,48.900,now,block2_A_now,1,2.0979,3.1630,1.4333,0.0410,-0.0920,0.1011,-0.0128,0,0.7640,0.0010,0.7640,0.0010,0.0001,0.0,31,0.7640,0.0010,0.2200,0.7640,0.7640,2.7868,0.2021,0,0,0,
246.609,49.000,now,block2_A_now,1,2.0993,3.1726,1.4138,0.0410,-0.1300,0.1200,0.0128,0,0.7640,0.0010,0.7640,0.0010,0.0001,0.0,31,0.7640,0.0010,0.2200,0.7640,0.7640,2.7868,0.2400,0,0,0,
246.709,49.100,now,block2_A_now,1,2.1012,3.1844,1.4108,0.1100,0.0920,0.1200,0.0385,0,0.7640,0.0010,0.7640,0.0010,0.0001,0.0,31,0.7640,0.0010,0.2200,0.7640,0.7640,2.7868,0.2274,0,0,0,
246.809,49.200,now,block2_A_now,1,2.1029,3.1943,1.3907,0.0340,-0.0920,0.1137,0.0385,0,0.7640,0.0010,0.7640,0.0010,0.0001,0.0,31,0.7640,0.0010,0.2200,0.7640,0.7640,2.7868,0.2147,0,0,0,
246.909,49.300,now,block2_A_now,1,2.1049,3.2047,1.3792,0.1070,0.2600,0.1074,0.0641,0,0.7640,0.0010,0.7640,0.0010,0.0001,0.0,31,0.7640,0.0010,0.2200,0.7640,0.7640,2.6923,0.2021,0,0,0,
247.009,49.401,now,block2_A_now,1,2.1066,3.2135,1.3688,0.0600,-0.0920,0.1011,0.0641,0,0.7640,0.0010,0.7640,0.0010,0.0001,0.0,31,0.7640,0.0010,0.2200,0.7640,0.7640,2.6923,0.2021,0,0,0,
247.110,49.501,now,block2_A_now,1,2.1090,3.2251,1.3607,0.0440,-0.0370,0.1200,0.0897,0,0.7640,0.0010,0.7640,0.0010,0.0001,0.0,31,0.7640,0.0010,0.2200,0.7640,0.7640,2.6923,0.2400,0,0,0,
247.209,49.600,now,block2_A_now,1,2.1116,3.2365,1.3536,0.0980,0.0180,0.1137,0.0897,0,0.7640,0.0010,0.7640,0.0010,0.0001,0.0,31,0.7640,0.0010,0.2200,0.7640,0.7640,2.6923,0.2274,0,0,0,
247.309,49.700,now,block2_A_now,1,2.1141,3.2486,1.3629,0.1330,-0.0370,0.1137,0.0897,0,0.7640,0.0010,0.7640,0.0010,0.0001,0.0,31,0.7640,0.0010,0.2200,0.7640,0.7640,2.6923,0.2147,0,0,0,
247.409,49.800,now,block2_A_now,1,2.1164,3.2595,1.3670,0.0950,-0.1850,0.1074,0.0897,0,0.7640,0.0010,0.7640,0.0010,0.0001,0.0,31,0.7640,0.0010,0.2200,0.7640,0.7640,2.6923,0.2021,0,0,0,
247.509,49.900,now,block2_A_now,1,2.1188,3.2713,1.3830,0.1360,0.2780,0.1011,0.1154,0,0.7640,0.0010,0.7640,0.0010,0.0001,0.0,31,0.7640,0.0010,0.2200,0.7640,0.7640,2.6923,0.2400,0,0,0,
247.609,50.000,now,block2_A_now,1,2.1208,3.2825,1.3967,0.1580,0.1480,0.1200,0.0897,0,0.7640,0.0010,0.7640,0.0010,0.0001,0.0,31,0.7640,0.0010,0.2200,0.7640,0.7640,2.6923,0.2274,0,0,0,
247.709,50.100,now,block2_A_now,1,2.1226,3.2926,1.4104,0.1610,0.0550,0.1137,0.0897,0,0.7640,0.0010,0.7640,0.0010,0.0001,0.0,31,0.7640,0.0010,0.2200,0.7640,0.7640,2.6923,0.2147,0,0,0,
247.809,50.200,now,block2_A_now,1,2.1241,3.3026,1.4304,0.0950,0.4080,0.1074,0.0897,0,0.7640,0.0010,0.7640,0.0010,0.0001,0.0,31,0.7640,0.0010,0.2200,0.7640,0.7640,2.6923,0.2147,0,0,0,
247.909,50.300,now,block2_A_now,1,2.1253,3.3114,1.4475,0.0790,0.3900,0.1011,0.0385,0,0.7640,0.0010,0.7640,0.0010,0.0001,0.0,31,0.7640,0.0010,0.2200,0.7640,0.7640,2.5812,0.2021,0,0,0,
248.009,50.400,now,block2_A_now,1,2.1262,3.3194,1.4641,0.0880,0.4450,0.1200,0.0385,0,0.7640,0.0010,0.7640,0.0010,0.0001,0.0,31,0.7640,0.0010,0.2200,0.7640,0.7640,2.5812,0.2400,0,0,0,
248.109,50.501,now,block2_A_now,1,2.1272,3.3283,1.4819,0.0910,0.5380,0.1200,-0.1215,0,0.7640,0.0010,0.7640,0.0010,0.0001,0.0,31,0.7640,0.0010,0.2200,0.7640,0.7640,2.5812,0.2274,0,0,0,
248.209,50.600,now,block2_A_now,1,2.1279,3.3366,1.5035,0.0790,0.4640,0.1137,-0.1472,0,0.7640,0.0010,0.7640,0.0010,0.0001,0.0,31,0.7640,0.0010,0.2200,0.7640,0.7640,2.5812,0.2274,0,0,0,
248.309,50.700,now,block2_A_now,1,2.1285,3.3456,1.5128,0.0190,0.0740,0.1074,-0.0641,0,0.7640,0.0010,0.7640,0.0010,0.0001,0.0,31,0.7640,0.0010,0.2200,0.7640,0.7640,2.5812,0.2147,0,0,0,
248.409,50.800,now,block2_A_now,1,2.1290,3.3551,1.5235,0.1170,-0.2040,0.1074,-0.0385,0,0.7640,0.0010,0.7640,0.0010,0.0001,0.0,31,0.7640,0.0010,0.2200,0.7640,0.7640,2.5812,0.2021,0,0,0,
248.511,50.902,now,block2_A_now,1,2.1294,3.3645,1.5335,0.1140,-0.2220,0.1011,-0.0641,0,0.7640,0.0010,0.7640,0.0010,0.0001,0.0,31,0.7640,0.0010,0.2200,0.7640,0.7640,2.5812,0.2021,0,0,0,
248.609,51.000,now,block2_A_now,1,2.1297,3.3736,1.5461,0.0630,0.1480,0.1200,-0.0385,0,0.7640,0.0010,0.7640,0.0010,0.0001,0.0,31,0.7640,0.0010,0.2200,0.7640,0.7640,2.5812,0.2400,0,0,0,
248.709,51.100,now,block2_A_now,1,2.1299,3.3842,1.5509,0.1170,-0.2040,0.1200,-0.0641,0,0.7640,0.0010,0.7640,0.0010,0.0001,0.0,31,0.7640,0.0010,0.2200,0.7640,0.7640,2.5812,0.2274,0,0,0,
248.809,51.200,now,block2_A_now,1,2.1301,3.3951,1.5543,0.1390,-0.1850,0.1137,-0.0641,0,0.7640,0.0010,0.7640,0.0010,0.0001,0.0,31,0.7640,0.0010,0.2200,0.7640,0.7640,2.5812,0.2147,0,0,0,
248.909,51.300,now,block2_A_now,1,2.1303,3.4083,1.5561,0.1480,-0.2040,0.1074,-0.0641,0,0.7640,0.0010,0.7640,0.0010,0.0001,0.0,31,0.7640,0.0010,0.2200,0.7640,0.7640,2.5812,0.2021,0,0,0,
249.009,51.400,now,block2_A_now,1,2.1305,3.4202,1.5496,0.1550,-0.0920,0.1011,-0.0897,0,0.7640,0.0010,0.7640,0.0010,0.0001,0.0,31,0.7640,0.0010,0.2200,0.7640,0.7640,6.2765,0.0101,0,0,0,
249.109,51.500,now,block2_A_now,1,2.1307,3.4316,1.5444,0.1670,-0.0920,0.0000,0.2303,0,0.7640,0.0010,0.7640,0.0010,0.0001,0.0,31,0.7640,0.0010,0.2200,0.7640,0.7640,6.2765,0.0000,0,0,0,
249.209,51.600,now,block2_A_now,1,2.1310,3.4427,1.5337,0.1170,-0.3900,0.0000,-0.0385,0,0.7640,0.0010,0.7640,0.0010,0.0001,0.0,31,0.7640,0.0010,0.2200,0.7640,0.7640,6.2765,0.0000,0,0,0,
249.309,51.700,now,block2_A_now,1,2.1314,3.4528,1.5312,0.0980,0.3900,0.0000,-0.0385,0,0.7640,0.0010,0.7640,0.0010,0.0001,0.0,31,0.7640,0.0010,0.2200,0.7640,0.7640,6.2765,0.0000,0,0,0,
249.409,51.800,now,block2_A_now,1,2.1316,3.4578,1.5245,0.0030,-0.0180,0.0000,-0.1985,0,0.7640,0.0010,0.7640,0.0010,0.0001,0.0,31,0.7640,0.0010,0.2200,0.7640,0.7640,6.2765,0.0000,0,0,0,
249.509,51.900,now,block2_A_now,1,2.1319,3.4648,1.5239,0.0060,0.0000,0.0000,-0.1923,0,0.7640,0.0010,0.7640,0.0010,0.0001,0.0,31,0.7640,0.0010,0.2200,0.7640,0.7640,6.2765,0.0000,0,0,0,
249.615,52.007,now,block2_A_now,1,2.1318,3.4631,1.5139,-0.0760,-0.4450,0.0000,-0.1923,0,0.7640,0.0010,0.7640,0.0010,0.0001,0.0,31,0.7640,0.0010,0.2200,0.7640,0.7640,6.2765,0.0000,0,0,0,
249.709,52.100,now,block2_A_now,1,2.1318,3.4622,1.5083,0.0000,0.0000,0.0000,-0.1923,0,0.7640,0.0010,0.7640,0.0010,0.0001,0.0,31,0.7640,0.0010,0.2200,0.7640,0.7640,6.2765,0.0000,0,0,0,
249.809,52.201,now,block2_A_now,1,2.1317,3.4603,1.5001,0.0000,0.0000,0.0000,-0.1923,0,0.7640,0.0010,0.7640,0.0010,0.0001,0.0,31,0.7640,0.0010,0.2200,0.7640,0.7640,6.2765,0.0000,0,0,0,
249.909,52.300,now,block2_A_now,1,2.1317,3.4603,1.5001,0.0000,0.0000,0.0000,-0.1923,0,0.7640,0.0010,0.7640,0.0010,0.0001,0.0,31,0.7640,0.0010,0.2200,0.7640,0.7640,6.2765,0.0000,0,0,0,
250.008,52.400,now,block2_A_now,1,2.1317,3.4603,1.5001,0.0000,0.0000,0.0000,-0.1923,0,0.7640,0.0010,0.7640,0.0010,0.0001,0.0,31,0.7640,0.0010,0.2200,0.7640,0.7640,6.3203,0.0000,0,0,0,
250.109,52.500,now,block2_A_now,1,2.1317,3.4603,1.5001,0.0000,0.0000,0.0000,-0.0323,0,0.7640,0.0010,0.7640,0.0010,0.0001,0.0,31,0.7640,0.0010,0.2200,0.7640,0.7640,6.3203,0.0000,0,0,0,
250.209,52.600,now,block2_A_now,1,2.1317,3.4603,1.5001,0.0000,0.0000,0.0000,0.2436,0,0.7640,0.0010,0.7640,0.0010,0.0001,0.0,31,0.7640,0.0010,0.2200,0.7640,0.7640,6.3203,0.0000,0,0,0,
250.309,52.701,now,block2_A_now,1,2.1317,3.4603,1.5001,0.0000,0.0000,0.0000,0.2436,0,0.7640,0.0010,0.7640,0.0010,0.0001,0.0,31,0.7640,0.0010,0.2200,0.7640,0.7640,6.3203,0.0000,0,0,0,
250.409,52.800,now,block2_A_now,1,2.1317,3.4603,1.5001,0.0000,0.0000,0.0000,0.2436,0,0.7640,0.0010,0.7640,0.0010,0.0001,0.0,31,0.7640,0.0010,0.2200,0.7640,0.7640,6.3203,0.0000,0,0,0,
250.509,52.900,now,block2_A_now,1,2.1317,3.4603,1.5001,0.0000,0.0000,0.0000,0.2436,0,0.7640,0.0010,0.7640,0.0010,0.0001,0.0,31,0.7640,0.0010,0.2200,0.7640,0.7640,6.3203,0.0000,0,0,0,
250.609,53.001,now,block2_A_now,1,2.1317,3.4603,1.5001,0.0000,0.0000,0.0000,0.2436,0,0.7640,0.0010,0.7640,0.0010,0.0001,0.0,31,0.7640,0.0010,0.2200,0.7640,0.7640,6.3203,0.0000,0,0,0,
250.709,53.100,now,block2_A_now,1,2.1317,3.4603,1.5001,0.0000,0.0000,0.0000,0.2436,0,0.7640,0.0010,0.7640,0.0010,0.0001,0.0,31,0.7640,0.0010,0.2200,0.7640,0.7640,6.3203,0.0000,0,0,0,
250.809,53.200,now,block2_A_now,1,2.1317,3.4603,1.5001,0.0000,0.0000,0.0000,0.2436,0,0.7640,0.0010,0.7640,0.0010,0.0001,0.0,31,0.7640,0.0010,0.2200,0.7640,0.7640,6.3203,0.0000,0,0,0,
250.909,53.300,now,block2_A_now,1,2.1317,3.4603,1.5001,0.0000,0.0000,0.0000,0.2436,0,0.7640,0.0010,0.7640,0.0010,0.0001,0.0,31,0.7640,0.0010,0.2200,0.7640,0.7640,6.3203,0.0000,0,0,0,
251.008,53.400,now,block2_A_now,1,2.1318,3.4628,1.5150,0.0000,0.0000,0.0000,0.2436,0,0.7640,0.0010,0.7640,0.0010,0.0001,0.0,31,0.7640,0.0010,0.2200,0.7640,0.7640,6.3203,0.0000,0,0,0,
251.109,53.500,now,block2_A_now,1,2.1317,3.4611,1.5250,-0.0850,0.5010,0.0000,0.2692,0,0.7640,0.0010,0.7640,0.0010,0.0001,0.0,31,0.7640,0.0010,0.2200,0.7640,0.7640,6.3203,0.0000,0,0,0,
251.209,53.600,now,block2_A_now,1,2.1317,3.4596,1.5339,0.0000,0.0000,0.0000,0.4292,0,0.7640,0.0010,0.7640,0.0010,0.0001,0.0,31,0.7640,0.0010,0.2200,0.7640,0.7640,6.3203,0.0000,0,0,0,
251.309,53.700,now,block2_A_now,1,2.1317,3.4596,1.5339,0.0000,0.0000,0.0000,0.2179,0,0.7640,0.0010,0.7640,0.0010,0.0001,0.0,31,0.7640,0.0010,0.2200,0.7640,0.7640,6.3203,0.0000,0,0,0,
251.412,53.803,now,block2_A_now,1,2.1317,3.4596,1.5339,0.0000,0.0000,0.0000,0.2179,0,0.7640,0.0010,0.7640,0.0010,0.0001,0.0,31,0.7640,0.0010,0.2200,0.7640,0.7640,6.3203,0.0000,0,0,0,
251.509,53.900,now,block2_A_now,1,2.1317,3.4596,1.5339,0.0000,0.0000,0.0000,0.2179,0,0.7640,0.0010,0.7640,0.0010,0.0001,0.0,31,0.7640,0.0010,0.2200,0.7640,0.7640,6.3203,0.0000,0,0,0,
251.609,54.000,now,block2_A_now,1,2.1317,3.4598,1.5684,-0.0150,0.1300,0.0000,0.2179,0,0.7640,0.0010,0.7640,0.0010,0.0001,0.0,31,0.7640,0.0010,0.2200,0.7640,0.7640,6.3203,0.0009,0,0,0,
251.709,54.100,now,block2_A_now,1,2.1317,3.4626,1.5877,0.0600,0.4640,0.0000,0.2179,0,0.7640,0.0010,0.7640,0.0010,0.0001,0.0,31,0.7640,0.0010,0.2200,0.7640,0.7640,6.3203,0.0000,0,0,0,
251.809,54.200,now,block2_A_now,1,2.1317,3.4623,1.6182,0.0660,0.3900,0.0000,0.3523,0,0.7640,0.0010,0.7640,0.0010,0.0001,0.0,31,0.7640,0.0010,0.2200,0.7640,0.7640,6.3203,0.0000,0,0,0,
251.909,54.300,now,block2_A_now,1,2.1316,3.4630,1.6650,0.0280,0.2040,0.0000,0.3523,0,0.7640,0.0010,0.7640,0.0010,0.0001,0.0,31,0.7640,0.0010,0.2200,0.7640,0.7640,6.3203,0.0000,0,0,0,
252.024,54.415,now,block2_A_now,1,2.1317,3.4626,1.7032,-0.0190,0.2220,0.0000,0.4487,0,0.7640,0.0010,0.7640,0.0010,0.0001,0.0,31,0.7640,0.0010,0.2200,0.7640,0.7640,6.3203,0.0000,0,0,0,
252.109,54.500,now,block2_A_now,1,2.1315,3.4636,1.7332,-0.0760,0.4830,0.0000,0.4231,0,0.7640,0.0010,0.7640,0.0010,0.0001,0.0,31,0.7640,0.0010,0.2200,0.7640,0.7640,6.3203,0.0010,0,0,0,
252.224,54.615,now,block2_A_now,1,2.1315,3.4641,1.7684,-0.0720,0.5380,0.0000,0.3974,0,0.7640,0.0010,0.7640,0.0010,0.0001,0.0,31,0.7640,0.0010,0.2200,0.7640,0.7640,6.3203,0.0000,0,0,0,
252.309,54.700,now,block2_A_now,1,2.1314,3.4645,1.8154,0.0030,0.7980,0.0000,0.3718,0,0.7640,0.0010,0.7640,0.0010,0.0001,0.0,31,0.7640,0.0010,0.2200,0.7640,0.7640,6.3203,0.0000,0,0,0,
252.410,54.801,now,block2_A_now,1,2.1310,3.4659,1.8607,-0.0220,0.3900,0.0000,0.2949,0,0.7640,0.0010,0.7640,0.0010,0.0001,0.0,31,0.7640,0.0010,0.2200,0.7640,0.7640,6.3203,0.0000,0,0,0,
252.509,54.900,now,block2_A_now,1,2.1314,3.4646,1.8974,0.0060,0.0740,0.0000,0.3462,0,0.7640,0.0010,0.7640,0.0010,0.0001,0.0,31,0.7640,0.0010,0.2200,0.7640,0.7640,6.3203,0.0000,0,0,0,
252.609,55.000,now,block2_A_now,1,2.1312,3.4651,1.9487,0.0190,0.8540,0.0000,0.3462,0,0.7640,0.0010,0.7640,0.0010,0.0001,0.0,31,0.7640,0.0010,0.2200,0.7640,0.7640,6.3203,0.0000,0,0,0,
252.709,55.100,now,block2_A_now,1,2.1316,3.4642,1.9975,0.0030,0.9840,0.0000,0.4487,0,0.7640,0.0010,0.7640,0.0010,0.0001,0.0,31,0.7640,0.0010,0.2200,0.7640,0.7640,6.3203,0.0000,0,0,0,
252.809,55.200,now,block2_A_now,1,2.1318,3.4638,2.0440,0.0220,0.5010,0.0000,0.3462,0,0.7640,0.0010,0.7640,0.0010,0.0001,0.0,31,0.7640,0.0010,0.2200,0.7640,0.7640,6.3203,0.0019,0,0,0,
252.909,55.300,now,block2_A_now,1,2.1315,3.4645,2.0841,-0.0280,0.2410,0.0000,0.4487,0,0.7640,0.0010,0.7640,0.0010,0.0001,0.0,31,0.7640,0.0010,0.2200,0.7640,0.7640,6.3203,0.0004,0,0,0,
253.009,55.401,now,block2_A_now,1,2.1310,3.4653,2.1174,-0.0060,0.2220,0.0000,0.4231,0,0.7640,0.0010,0.7640,0.0010,0.0001,0.0,31,0.7640,0.0010,0.2200,0.7640,0.7640,6.3203,0.0026,0,0,0,
253.109,55.500,now,block2_A_now,1,2.1318,3.4641,2.1527,-0.0190,0.1480,0.0000,0.4231,0,0.7640,0.0010,0.7640,0.0010,0.0001,0.0,31,0.7640,0.0010,0.2200,0.7640,0.7640,6.3202,0.0000,0,0,0,
253.209,55.600,now,block2_A_now,1,2.1318,3.4642,2.1865,-0.0340,0.2410,0.0000,0.3974,0,0.7640,0.0010,0.7640,0.0010,0.0001,0.0,31,0.7640,0.0010,0.2200,0.7640,0.7640,6.3202,0.0000,0,0,0,
253.309,55.700,now,block2_A_now,1,2.1317,3.4643,2.2176,-0.0280,0.3530,0.0000,0.3718,0,0.7640,0.0010,0.7640,0.0010,0.0001,0.0,31,0.7640,0.0010,0.2200,0.7640,0.7640,6.3202,0.0047,0,0,0,
253.409,55.800,now,block2_A_now,1,2.1321,3.4639,2.2603,-0.0250,0.2220,0.0000,0.3462,0,0.7640,0.0010,0.7640,0.0010,0.0001,0.0,31,0.7640,0.0010,0.2200,0.7640,0.7640,6.3202,0.0000,0,0,0,
253.509,55.900,now,block2_A_now,1,2.1319,3.4641,2.2959,-0.0310,0.2600,0.0000,0.3205,0,0.7640,0.0010,0.7640,0.0010,0.0001,0.0,31,0.7640,0.0010,0.2200,0.7640,0.7640,6.3202,0.0000,0,0,0,
253.609,56.000,now,block2_A_now,1,2.1317,3.4644,2.3286,-0.0150,0.3530,0.0000,0.4805,0,0.7640,0.0010,0.7640,0.0010,0.0001,0.0,31,0.7640,0.0010,0.2200,0.7640,0.7640,6.3202,0.0049,0,0,0,
253.709,56.100,now,block2_A_now,1,2.1324,3.4637,2.3646,-0.0220,0.3150,0.0000,0.4744,0,0.7640,0.0010,0.7640,0.0010,0.0001,0.0,31,0.7640,0.0010,0.2200,0.7640,0.7640,6.3202,0.0000,0,0,0,
253.809,56.200,now,block2_A_now,1,2.1321,3.4640,2.3980,-0.0220,0.2780,0.0000,0.4487,0,0.7640,0.0010,0.7640,0.0010,0.0001,0.0,31,0.7640,0.0010,0.2200,0.7640,0.7640,6.3202,0.0045,0,0,0,
253.909,56.300,now,block2_A_now,1,2.1323,3.4638,2.4322,0.0060,0.5940,0.0000,0.4487,0,0.7640,0.0010,0.7640,0.0010,0.0001,0.0,31,0.7640,0.0010,0.2200,0.7640,0.7640,6.3202,0.0000,0,0,0,
254.009,56.400,now,block2_A_now,1,2.1327,3.4634,2.4670,0.0150,0.3900,0.0000,0.3974,0,0.7640,0.0010,0.7640,0.0010,0.0001,0.0,31,0.7640,0.0010,0.2200,0.7640,0.7640,6.3202,0.0049,0,0,0,
254.109,56.501,now,block2_A_now,1,2.1325,3.4635,2.5103,0.0090,0.1300,0.0000,0.3974,0,0.7640,0.0010,0.7640,0.0010,0.0001,0.0,31,0.7640,0.0010,0.2200,0.7640,0.7640,6.3202,0.0000,0,0,0,
254.209,56.600,now,block2_A_now,1,2.1328,3.4633,2.5434,0.0000,0.1110,0.0000,0.3974,0,0.7640,0.0010,0.7640,0.0010,0.0001,0.0,31,0.7640,0.0010,0.2200,0.7640,0.7640,6.3202,0.0007,0,0,0,
254.309,56.700,now,block2_A_now,1,2.1340,3.4626,2.5894,-0.0760,0.5200,0.0000,0.3718,0,0.7640,0.0010,0.7640,0.0010,0.0001,0.0,31,0.7640,0.0010,0.2200,0.7640,0.7640,6.3202,0.0008,0,0,0,
254.409,56.800,now,block2_A_now,1,2.1343,3.4624,2.6306,-0.0440,0.2600,0.0000,0.5000,0,0.7640,0.0010,0.7640,0.0010,0.0001,0.0,31,0.7640,0.0010,0.2200,0.7640,0.7640,6.3202,0.0000,0,0,0,
254.511,56.902,now,block2_A_now,1,2.1343,3.4624,2.6718,0.0150,0.2410,0.0000,0.5000,0,0.7640,0.0010,0.7640,0.0010,0.0001,0.0,31,0.7640,0.0010,0.2200,0.7640,0.7640,6.3202,0.0033,0,0,0,
254.609,57.000,now,block2_A_now,1,2.1326,3.4633,2.7112,0.0690,0.5570,0.0000,0.5000,0,0.7640,0.0010,0.7640,0.0010,0.0001,0.0,31,0.7640,0.0010,0.2200,0.7640,0.7640,6.3202,0.0046,0,0,0,
254.709,57.100,now,block2_A_now,1,2.1346,3.4624,2.7419,0.0030,0.0550,0.0000,0.5000,0,0.7640,0.0010,0.7640,0.0010,0.0001,0.0,31,0.7640,0.0010,0.2200,0.7640,0.7640,6.3202,0.1889,0,0,0,
254.811,57.202,now,block2_A_now,1,2.1348,3.4624,2.7689,0.0000,0.0000,0.0000,0.5000,0,0.7640,0.0010,0.7640,0.0010,0.0001,0.0,31,0.7640,0.0010,0.2200,0.7640,0.7640,6.3202,0.0000,0,0,0,
254.909,57.300,now,block2_A_now,1,2.1346,3.4624,2.8041,0.0220,0.1300,0.0000,0.5000,0,0.7640,0.0010,0.7640,0.0010,0.0001,0.0,31,0.7640,0.0010,0.2200,0.7640,0.7640,6.3202,0.1414,0,0,0,
255.009,57.400,now,block2_A_now,1,2.1344,3.4625,2.8328,0.0000,0.0000,0.0000,0.4231,0,0.7640,0.0010,0.7640,0.0010,0.0001,0.0,31,0.7640,0.0010,0.2200,0.7640,0.7640,6.3202,0.1548,0,0,0,
255.117,57.509,now,block2_A_now,1,2.1337,3.4627,2.8777,0.0850,0.5010,0.0000,0.4487,0,0.7640,0.0010,0.7640,0.0010,0.0001,0.0,31,0.7640,0.0010,0.2200,0.7640,0.7640,6.3443,0.1219,0,0,0,
255.209,57.600,now,block2_A_now,1,2.1330,3.4629,2.9333,-0.0530,0.5380,0.0316,0.5000,0,0.7640,0.0010,0.7640,0.0010,0.0001,0.0,31,0.7640,0.0010,0.2200,0.7640,0.7640,6.3443,0.0636,0,0,0,
255.309,57.700,now,block2_A_now,1,2.1305,3.4633,2.9927,-0.0340,0.7240,0.1137,0.5000,0,0.7640,0.0010,0.7640,0.0010,0.0001,0.0,31,0.7640,0.0010,0.2200,0.7640,0.7640,6.3443,0.0632,0,0,0,
255.409,57.800,now,block2_A_now,1,2.1252,3.4640,3.0429,0.0310,0.2970,0.0947,0.5000,0,0.7640,0.0010,0.7640,0.0010,0.0001,0.0,31,0.7640,0.0010,0.2200,0.7640,0.7640,6.3443,0.1892,0,0,0,
255.509,57.900,now,block2_A_now,1,2.1206,3.4643,3.0955,0.0850,0.5010,0.0947,0.5000,0,0.7640,0.0010,0.7640,0.0010,0.0001,0.0,31,0.7640,0.0010,0.2200,0.7640,0.7640,6.3443,0.2391,0,0,0,
255.609,58.000,now,block2_A_now,1,2.1156,3.4644,-3.1290,0.0440,0.2600,0.1137,0.5000,0,0.7640,0.0010,0.7640,0.0010,0.0001,0.0,31,0.7640,0.0010,0.2200,0.7640,0.7640,6.3443,0.2003,0,0,0,
255.709,58.100,now,block2_A_now,1,2.1103,3.4642,-3.0633,0.0690,0.7800,0.1074,0.5000,0,0.7640,0.0010,0.7640,0.0010,0.0001,0.0,31,0.7640,0.0010,0.2200,0.7640,0.7640,6.3443,0.2351,0,0,0,
255.809,58.200,now,block2_A_now,1,2.1004,3.4632,-3.0034,0.1170,0.6870,0.1200,0.5000,0,0.7640,0.0010,0.7640,0.0010,0.0001,0.0,31,0.7640,0.0010,0.2200,0.7640,0.7640,6.3443,0.2147,0,0,0,
255.909,58.300,now,block2_A_now,1,2.0911,3.4617,-2.9482,0.0760,0.4450,0.1137,0.5000,0,0.7640,0.0010,0.7640,0.0010,0.0001,0.0,31,0.7640,0.0010,0.2200,0.7640,0.7640,6.3443,0.2147,0,0,0,
256.013,58.404,now,block2_A_now,1,2.0806,3.4594,-2.8850,0.0980,0.5750,0.1074,0.4744,0,0.7640,0.0010,0.7640,0.0010,0.0001,0.0,31,0.7640,0.0010,0.2200,0.7640,0.7640,6.3443,0.1895,0,0,0,
256.109,58.500,now,block2_A_now,1,2.0676,3.4557,-2.8398,0.1230,0.6130,0.0947,0.5000,0,0.7640,0.0010,0.7640,0.0010,0.0001,0.0,31,0.7640,0.0010,0.2200,0.7640,0.7640,6.3443,0.2444,0,0,0,
256.210,58.601,now,block2_A_now,1,2.0577,3.4523,-2.7777,0.0820,0.4830,0.1200,0.5000,1,2.2677,2.2403,5.0046,2.3372,2.7386,-42.6,35,3.6068,2.2877,0.4841,3.1877,4.2712,6.2957,0.2274,0,0,0,
256.309,58.700,now,block2_A_now,1,2.0486,3.4486,-2.7205,0.0760,0.4450,0.1137,0.4744,1,2.2677,2.2403,5.0046,2.3372,2.7386,-42.6,35,3.6068,2.2877,0.4841,3.1877,4.2712,6.2957,0.2138,0,0,0,
256.409,58.800,now,block2_A_now,1,2.0407,3.4449,-2.6686,0.0690,0.4080,0.1011,0.5000,1,2.3261,2.2244,4.8225,2.2144,2.4964,-44.0,35,3.5479,2.2223,0.4414,3.2186,4.1864,6.2957,0.2015,0,0,0,
256.509,58.900,now,block2_A_now,1,2.0327,3.4406,-2.6155,0.0820,0.4830,0.0947,0.5000,1,2.4309,2.1883,4.8658,2.1412,2.4354,-43.1,35,3.6224,2.1660,0.4306,3.2708,4.2206,6.2957,0.1884,0,0,0,
256.609,59.000,now,block2_A_now,1,2.0250,3.4359,-2.5621,0.1010,0.5940,0.1200,0.5000,1,2.4309,2.1883,4.8658,2.1412,2.4354,-43.1,35,3.6224,2.1660,0.4306,3.2708,4.2206,6.2957,0.2379,0,0,0,
256.709,59.100,now,block2_A_now,1,2.0150,3.4290,-2.5268,0.1170,0.2410,0.1137,0.4744,1,2.5683,2.1329,4.9782,2.0604,2.4110,-41.4,35,3.7474,2.0967,0.4262,3.3385,4.2941,6.2957,0.2149,0,0,0,
256.811,59.203,now,block2_A_now,1,2.0080,3.4239,-2.4774,0.0980,0.5750,0.1074,0.4744,1,2.7081,2.0625,5.0910,1.9984,2.3838,-38.8,35,3.7474,2.0967,0.4262,3.4040,4.2941,6.2957,0.2147,0,0,0,
256.909,59.300,now,block2_A_now,1,2.0020,3.4190,-2.4317,0.0600,0.3530,0.1011,0.4487,1,2.7081,2.0625,5.0910,1.9984,2.3838,-38.8,35,3.8739,2.0281,0.4214,3.4040,4.3727,6.2957,0.2021,0,0,0,
257.009,59.400,now,block2_A_now,1,1.9950,3.4127,-2.3764,0.0850,0.5010,0.1011,0.3974,1,2.8564,1.9728,5.1875,1.9619,2.3311,-34.9,35,3.9970,1.9617,0.4121,3.4715,4.4525,6.2957,0.2392,0,0,0,
257.112,59.504,now,block2_A_now,1,1.9866,3.4043,-2.3353,0.0850,0.3150,0.1200,0.4231,1,2.9980,1.8585,5.2312,1.8714,2.2332,-31.5,35,3.9970,1.9617,0.4121,3.5274,4.4525,6.2957,0.2400,0,0,0,
257.212,59.603,now,block2_A_now,1,1.9809,3.3981,-2.2874,0.0660,0.3900,0.1137,0.3974,1,2.9980,1.8585,5.2312,1.8714,2.2332,-31.5,35,4.0908,1.8588,0.3948,3.5274,4.4933,6.2041,0.2270,0,0,0,
257.309,59.700,now,block2_A_now,1,1.9728,3.3884,-2.2495,0.1390,-0.0740,0.1137,0.2692,1,3.1154,1.7253,5.2099,1.7923,2.0956,-27.1,35,4.1406,1.7502,0.3705,3.5612,4.4953,6.2041,0.2147,0,0,0,
257.409,59.800,now,block2_A_now,1,1.9671,3.3810,-2.2005,0.0690,0.4080,0.1074,0.3205,1,3.2076,1.5785,5.1220,1.6664,1.9165,-23.6,35,4.1406,1.7502,0.3705,3.5750,4.4953,6.2041,0.2021,0,0,0,
257.511,59.903,now,block2_A_now,1,1.9599,3.3710,-2.1585,0.0950,0.5570,0.1011,0.2949,1,3.2076,1.5785,5.1220,1.6664,1.9165,-23.6,35,4.1447,1.6139,0.3388,3.5750,4.4479,6.2041,0.2400,0,0,0,
257.609,60.000,now,block2_A_now,1,1.9539,3.3617,-2.1270,0.1140,0.4450,0.1200,0.1923,1,3.2813,1.4205,4.9728,1.4869,1.6928,-21.2,35,4.1092,1.4476,0.2993,3.5755,4.3567,6.2041,0.2400,0,0,0,
257.709,60.100,now,block2_A_now,1,1.9488,3.3529,-2.0888,0.1670,0.0920,0.1200,0.1154,1,3.2813,1.4205,4.9728,1.4869,1.6928,-21.2,35,4.1092,1.4476,0.2993,3.5755,4.3567,6.2041,0.2274,0,0,0,
257.809,60.200,now,block2_A_now,1,1.9428,3.3421,-2.0654,0.1330,-0.0370,0.1137,0.1410,1,3.3301,1.2556,4.7551,1.3239,1.4267,-17.9,35,4.0276,1.2843,0.2522,3.5589,4.2274,6.2041,0.2147,0,0,0,
257.909,60.300,now,block2_A_now,1,1.9375,3.3319,-2.0316,0.1200,0.4830,0.1074,0.1154,1,3.3517,1.0809,4.1540,1.0252,0.8042,-21.8,35,3.7942,1.0173,0.2297,3.5217,3.9282,6.2041,0.2021,0,0,0,
258.014,60.405,now,block2_A_now,1,1.9326,3.3218,-2.0064,0.0850,0.2410,0.1200,0.2436,1,3.3517,1.0809,4.1540,1.0252,0.8042,-21.8,35,3.7942,1.0173,0.2297,3.5217,3.9282,6.2041,0.2400,0,0,0,
258.109,60.500,now,block2_A_now,1,1.9268,3.3090,-1.9897,0.1550,0.1670,0.1200,0.1154,1,3.3819,0.8942,3.6416,0.7714,0.2873,-40.1,35,3.5664,0.7712,0.2249,3.4981,3.6489,6.2041,0.2274,0,0,0,
258.209,60.600,now,block2_A_now,1,1.9219,3.2979,-1.9745,0.1010,0.0000,0.1137,0.0897,1,3.3830,0.6903,3.1013,0.5416,0.3185,-163.7,35,3.2924,0.5434,0.2237,3.4527,3.3370,6.0923,0.2147,0,0,0,
258.312,60.703,now,block2_A_now,1,1.9171,3.2864,-1.9615,0.1100,-0.0180,0.1074,0.0897,1,3.3830,0.6903,3.1013,0.5416,0.3185,-163.7,35,3.2924,0.5434,0.2237,3.4527,3.3370,6.0923,0.2021,0,0,0,
258.409,60.800,now,block2_A_now,1,1.9137,3.2777,-1.9396,0.1010,0.4450,0.1011,0.0897,1,3.3342,0.4891,2.5140,0.3661,0.8293,-179.8,35,2.9664,0.3562,0.2282,3.3698,2.9877,6.0923,0.2400,0,0,0,
258.509,60.900,now,block2_A_now,1,1.9096,3.2673,-1.9300,0.1360,-0.0180,0.1200,0.0897,1,3.2570,0.3154,2.0088,0.2965,1.2483,175.3,35,2.6674,0.2390,0.2329,3.2722,2.6781,6.0923,0.2400,0,0,0,
258.609,61.000,now,block2_A_now,1,1.9063,3.2583,-1.9271,0.0570,-0.0370,0.1137,0.1154,1,3.2570,0.3154,2.0088,0.2965,1.2483,175.3,35,2.6674,0.2390,0.2329,3.2722,2.6781,6.0923,0.2274,0,0,0,
258.709,61.100,now,block2_A_now,1,1.9032,3.2499,-1.9123,0.0380,0.1850,0.1137,0.1410,1,3.1638,0.1769,1.7703,0.2734,1.3969,172.8,35,2.4941,0.1702,0.2420,3.1688,2.4999,6.0923,0.2147,0,0,0,
258.809,61.201,now,block2_A_now,1,1.8994,3.2389,-1.9000,0.1260,0.0000,0.1074,0.1154,1,3.0812,0.0713,1.7284,0.2292,1.3620,172.0,35,2.4264,0.1091,0.2370,3.0820,2.4288,6.0923,0.2021,0,0,0,
258.909,61.300,now,block2_A_now,1,1.8966,3.2308,-1.8841,0.0950,0.4830,0.1011,0.1154,1,3.0812,0.0713,1.7284,0.2292,1.3620,172.0,35,2.4264,0.1091,0.2370,3.0820,2.4288,6.0923,0.2400,0,0,0,
259.016,61.407,now,block2_A_now,1,1.8941,3.2229,-1.8759,0.0790,0.2040,0.1200,0.0128,1,3.0201,-0.0095,1.8145,0.1477,1.2158,172.8,35,2.4346,0.0408,0.2328,3.0201,2.4350,6.0923,0.2400,0,0,0,
259.109,61.500,now,block2_A_now,1,1.8904,3.2113,-1.8682,0.0720,0.2780,0.1200,0.0385,1,3.0201,-0.0095,1.8145,0.1477,1.2158,172.8,35,2.4346,0.0408,0.2328,3.0201,2.4350,6.0923,0.2400,0,0,0,
259.209,61.600,now,block2_A_now,1,1.8873,3.2012,-1.8727,0.1640,0.0000,0.1137,0.0128,1,2.9765,-0.0680,1.9349,0.0923,1.0539,172.6,35,2.4695,-0.0076,0.2311,2.9773,2.4696,6.0923,0.2274,0,0,0,
259.311,61.702,now,block2_A_now,1,1.8839,3.1904,-1.8690,0.1390,0.2600,0.1074,0.0385,1,2.9451,-0.1090,2.0277,0.0422,0.9297,172.8,35,2.4980,-0.0468,0.2298,2.9471,2.4984,5.9818,0.2147,0,0,0,
259.411,61.802,now,block2_A_now,1,1.8808,3.1805,-1.8796,0.0570,-0.0740,0.1011,0.0385,1,2.9451,-0.1090,2.0277,0.0422,0.9297,172.8,35,2.4980,-0.0468,0.2298,2.9471,2.4984,5.9818,0.2021,0,0,0,
259.509,61.901,now,block2_A_now,1,1.8768,3.1678,-1.8774,0.1200,0.0740,0.1200,0.0385,1,2.9249,-0.1359,2.3286,-0.0377,0.6043,173.3,35,2.6343,-0.0955,0.2264,2.9281,2.6360,5.9818,0.2400,0,0,0,
259.609,62.000,now,block2_A_now,1,1.8730,3.1556,-1.8684,0.1330,0.0740,0.1200,-0.0128,1,2.9053,-0.1492,2.5177,-0.0854,0.3928,173.6,35,2.7164,-0.1229,0.2241,2.9092,2.7192,5.9818,0.2274,0,0,0,
259.709,62.100,now,block2_A_now,1,1.8699,3.1455,-1.8696,0.1140,-0.2970,0.1074,0.0641,1,2.9053,-0.1492,2.5177,-0.0854,0.3928,173.6,35,2.7164,-0.1229,0.2241,2.9092,2.7192,5.9818,0.2147,0,0,0,
259.810,62.201,now,block2_A_now,1,1.8665,3.1342,-1.8636,0.0980,-0.3150,0.1074,-0.0128,1,2.8878,-0.1538,2.6358,-0.1123,0.2553,173.7,35,2.7650,-0.1367,0.2227,2.8918,2.7683,5.9818,0.2021,0,0,0,
259.912,62.303,now,block2_A_now,1,1.8630,3.1225,-1.8574,0.1040,0.1670,0.1011,-0.0128,1,2.8680,-0.1528,2.7042,-0.1258,0.1660,173.7,35,2.7650,-0.1367,0.2227,2.8720,2.7683,5.9818,0.2400,0,0,0,
260.009,62.400,now,block2_A_now,1,1.8597,3.1114,-1.8655,0.1640,-0.0370,0.1200,0.0385,1,2.8680,-0.1528,2.7042,-0.1258,0.1660,173.7,35,2.7882,-0.1417,0.2217,2.8720,2.7918,5.9818,0.2274,0,0,0,
260.109,62.500,now,block2_A_now,1,1.8573,3.1034,-1.8584,0.0600,0.2040,0.1137,0.0385,1,2.8462,-0.1494,2.7398,-0.1318,0.1079,173.6,35,2.7943,-0.1422,0.2211,2.8501,2.7980,5.9818,0.2147,0,0,0,
260.212,62.603,now,block2_A_now,1,1.8544,3.0937,-1.8588,0.1260,-0.0740,0.1074,0.0385,1,2.8178,-0.1446,2.7486,-0.1332,0.0701,173.6,35,2.7840,-0.1399,0.2207,2.8215,2.7876,5.9818,0.2147,0,0,0,
260.309,62.700,now,block2_A_now,1,1.8520,3.0854,-1.8461,0.0980,0.3900,0.1011,0.0641,1,2.8178,-0.1446,2.7486,-0.1332,0.0701,173.6,35,2.7840,-0.1399,0.2207,2.8215,2.7876,5.8792,0.2021,0,0,0,
260.409,62.801,now,block2_A_now,1,1.8492,3.0756,-1.8493,0.0760,-0.1850,0.1200,0.0897,1,2.7796,-0.1386,2.7346,-0.1312,0.0456,173.5,35,2.7576,-0.1355,0.2205,2.7830,2.7610,5.8792,0.2400,0,0,0,
260.509,62.901,now,block2_A_now,1,1.8464,3.0657,-1.8293,0.0820,0.3710,0.1200,0.1154,1,2.7357,-0.1325,2.7065,-0.1276,0.0296,173.4,35,2.7215,-0.1305,0.2203,2.7389,2.7246,5.8792,0.2274,0,0,0,
260.609,63.000,now,block2_A_now,1,1.8437,3.0555,-1.8397,0.1100,-0.2410,0.1137,0.0641,1,2.7357,-0.1325,2.7065,-0.1276,0.0296,173.4,35,2.7215,-0.1305,0.2203,2.7389,2.7246,5.8792,0.2147,0,0,0,
260.709,63.100,now,block2_A_now,1,1.8409,3.0453,-1.8289,0.0660,-0.0180,0.1074,0.1410,1,2.6885,-0.1262,2.4675,-0.0521,0.2332,164.1,35,2.5800,-0.0913,0.2224,2.6915,2.5816,5.8792,0.2147,0,0,0,
260.809,63.200,now,block2_A_now,1,1.8384,3.0357,-1.8318,0.1390,0.1480,0.1011,0.0897,1,2.6419,-0.1190,2.4982,-0.0708,0.1516,164.0,35,2.5714,-0.0963,0.2215,2.6446,2.5732,5.8792,0.2021,0,0,0,
260.909,63.300,now,block2_A_now,1,1.8357,3.0256,-1.8353,0.1010,-0.4080,0.1200,0.0897,1,2.6419,-0.1190,2.4982,-0.0708,0.1516,164.0,35,2.5714,-0.0963,0.2215,2.6446,2.5732,5.8792,0.2400,0,0,0,
261.009,63.400,now,block2_A_now,1,1.8329,3.0152,-1.8360,0.0820,0.0740,0.1200,0.0385,1,2.5965,-0.1110,2.3030,-0.0050,0.3121,162.6,35,2.4526,-0.0601,0.2232,2.5989,2.4534,5.8792,0.2400,0,0,0,
261.109,63.500,now,block2_A_now,1,1.8303,3.0054,-1.8349,0.1580,-0.0740,0.1137,0.0128,1,2.5479,-0.1010,2.1344,0.0285,0.4333,164.9,35,2.3456,-0.0376,0.2244,2.5499,2.3459,5.8792,0.2274,0,0,0,
261.215,63.606,now,block2_A_now,1,1.8278,2.9961,-1.8233,0.1040,0.4640,0.1137,-0.0385,1,2.5479,-0.1010,2.1344,0.0285,0.4333,164.9,35,2.3456,-0.0376,0.2244,2.5499,2.3459,5.8792,0.2147,0,0,0,
261.309,63.700,now,block2_A_now,1,1.8253,2.9865,-1.8292,0.0760,-0.1480,0.1074,-0.1667,1,2.4956,-0.0864,1.9975,0.0691,0.5217,164.7,35,2.2519,-0.0103,0.2253,2.4971,2.2519,5.7783,0.2021,0,0,0,
261.409,63.800,now,block2_A_now,1,1.8226,2.9760,-1.8285,0.1010,-0.4080,0.1011,-0.0128,1,2.4444,-0.0669,1.8974,0.1170,0.5771,163.0,35,2.1766,0.0227,0.2259,2.4453,2.1767,5.7783,0.2400,0,0,0,
261.509,63.900,now,block2_A_now,1,1.8195,2.9646,-1.8315,0.1260,-0.1850,0.1200,0.0385,1,2.4444,-0.0669,1.8974,0.1170,0.5771,163.0,35,2.1766,0.0227,0.2259,2.4453,2.1767,5.7783,0.2274,0,0,0,
261.609,64.000,now,block2_A_now,1,1.8163,2.9522,-1.8245,0.1040,0.2780,0.1137,0.0000,1,2.3998,-0.0449,1.8326,0.1697,0.6064,160.3,35,2.1218,0.0589,0.2263,2.4002,2.1226,5.7783,0.2147,0,0,0,
261.710,64.101,now,block2_A_now,1,1.8130,2.9399,-1.8279,0.1260,0.0000,0.1074,0.0000,1,2.3569,-0.0190,1.7922,0.2324,0.6182,156.5,35,2.0797,0.1022,0.2265,2.3570,2.0822,5.7783,0.2147,0,0,0,
261.809,64.200,now,block2_A_now,1,1.8102,2.9292,-1.8306,0.1640,-0.0740,0.1011,0.0000,1,2.3569,-0.0190,1.7922,0.2324,0.6182,156.5,35,2.0797,0.1022,0.2265,2.3570,2.0822,5.7783,0.2400,0,0,0,
261.909,64.300,now,block2_A_now,1,1.8081,2.9212,-1.8265,0.0310,0.0000,0.1200,0.0385,1,2.3175,0.0069,1.7566,0.2824,0.6249,153.7,35,2.0421,0.1399,0.2266,2.3175,2.0469,5.7783,0.2400,0,0,0,
262.011,64.403,now,block2_A_now,1,1.8053,2.9104,-1.8276,0.0880,-0.0370,0.1137,0.0641,1,2.2771,0.0328,1.7236,0.3206,0.6239,151.7,35,2.0056,0.1722,0.2266,2.2774,2.0129,5.7783,0.2364,0,0,0,
262.109,64.500,now,block2_A_now,1,1.8027,2.9005,-1.8157,0.1140,0.3340,0.1200,-0.2559,1,2.2771,0.0328,1.7236,0.3206,0.6239,151.7,35,2.0056,0.1722,0.2266,2.2774,2.0129,5.7783,0.2274,0,0,0,
262.209,64.600,now,block2_A_now,1,1.7999,2.8891,-1.8104,0.1290,0.3150,0.1200,-0.2692,1,2.2364,0.0566,1.6963,0.3529,0.6161,149.8,35,1.9715,0.2004,0.2265,2.2371,1.9817,5.7783,0.2400,0,0,0,
262.319,64.710,now,block2_A_now,1,1.7973,2.8784,-1.8108,0.0910,-0.2040,0.1200,-0.5000,1,2.2364,0.0566,1.6963,0.3529,0.6161,149.8,35,1.9715,0.2004,0.2265,2.2371,1.9817,5.7783,0.2274,0,0,0,
262.409,64.800,now,block2_A_now,1,1.7944,2.8665,-1.8075,0.0880,-0.1480,0.1074,-0.3400,1,2.1918,0.0777,1.6533,0.3761,0.6156,149.0,35,1.9280,0.2230,0.2265,2.1932,1.9408,5.7656,0.2274,0,0,0,
262.509,64.900,now,block2_A_now,1,1.7908,2.8521,-1.8261,0.1450,-0.3710,0.1137,-0.0200,1,2.1470,0.0945,1.6109,0.4013,0.6177,147.7,35,1.8843,0.2440,0.2266,2.1491,1.9001,5.7656,0.2147,0,0,0,
262.609,65.000,now,block2_A_now,1,1.7870,2.8376,-1.8391,0.1360,-0.3530,0.1074,0.0385,1,2.1470,0.0945,1.6109,0.4013,0.6177,147.7,35,1.8843,0.2440,0.2266,2.1491,1.9001,5.7656,0.2021,0,0,0,
262.709,65.100,now,block2_A_now,1,1.7827,2.8222,-1.8528,0.1710,-0.2220,0.1011,0.0385,1,2.0957,0.1136,1.5520,0.4405,0.6345,145.9,35,1.8292,0.2728,0.2268,2.0988,1.8495,5.7656,0.2400,0,0,0,
262.810,65.201,now,block2_A_now,1,1.7791,2.8101,-1.8799,0.1040,-0.5380,0.1200,0.0385,1,2.0359,0.1416,1.4496,0.4858,0.6798,145.6,35,1.7490,0.3099,0.2273,2.0409,1.7762,5.7656,0.2274,0,0,0,
262.909,65.300,now,block2_A_now,1,1.7755,2.7992,-1.8951,0.1710,-0.1110,0.1137,0.1985,1,2.0359,0.1416,1.4496,0.4858,0.6798,145.6,35,1.7490,0.3099,0.2273,2.0409,1.7762,5.7656,0.2147,0,0,0,
263.009,65.400,now,block2_A_now,1,1.7730,2.7918,-1.8969,0.0980,0.3150,0.1074,0.0385,1,1.9732,0.1781,1.3239,0.5442,0.7454,145.4,35,1.6558,0.3577,0.2279,1.9813,1.6940,5.7656,0.2147,0,0,0,
263.112,65.503,now,block2_A_now,1,1.7707,2.7851,-1.9069,0.0880,0.2220,0.1074,-0.0128,1,1.9732,0.1781,1.3239,0.5442,0.7454,145.4,35,1.6558,0.3577,0.2279,1.9813,1.6940,5.7656,0.2021,0,0,0,
263.209,65.600,now,block2_A_now,1,1.7686,2.7794,-1.9095,0.0880,0.4830,0.1011,0.0385,1,1.8958,0.2308,1.1576,0.6234,0.8361,145.0,35,1.5350,0.4238,0.2289,1.9098,1.5925,5.7656,0.2021,0,0,0,
263.309,65.700,now,block2_A_now,1,1.7672,2.7753,-1.9239,0.0030,-0.0180,0.1200,0.0641,1,1.8219,0.2887,1.0045,0.7113,0.9202,143.7,35,1.4224,0.4963,0.2298,1.8446,1.5065,5.7656,0.2400,0,0,0,
263.409,65.800,now,block2_A_now,1,1.7646,2.7684,-1.9314,0.0820,-0.4080,0.1200,0.0641,1,1.8219,0.2887,1.0045,0.7113,0.9202,143.7,35,1.4224,0.4963,0.2298,1.8446,1.5065,5.6040,0.2400,0,0,0,
263.509,65.900,now,block2_A_now,1,1.7622,2.7621,-1.9358,0.1070,-0.3340,0.1137,-0.0446,1,1.7490,0.3525,0.8785,0.8094,0.9830,140.9,35,1.3232,0.5764,0.2304,1.7842,1.4433,5.6040,0.2390,0,0,0,
263.609,66.000,now,block2_A_now,1,1.7591,2.7539,-1.9280,0.0910,0.3150,0.1200,-0.1154,1,1.7490,0.3525,0.8785,0.8094,0.9830,140.9,35,1.3232,0.5764,0.2304,1.7842,1.4433,5.6040,0.2400,0,0,0,
263.709,66.100,now,block2_A_now,1,1.7548,2.7425,-1.9227,0.1100,0.1300,0.1200,-0.0897,1,1.6786,0.4186,0.7715,0.8912,1.0228,138.5,35,1.2349,0.6502,0.2308,1.7300,1.3956,5.6040,0.2399,0,0,0,
263.809,66.200,now,block2_A_now,1,1.7507,2.7310,-1.9142,0.1140,-0.0370,0.1200,-0.1154,1,1.6140,0.4801,0.7151,0.9289,1.0047,136.9,35,1.1746,0.7006,0.2306,1.6839,1.3677,5.6040,0.2400,0,0,0,
263.909,66.300,now,block2_A_now,1,1.7465,2.7192,-1.9071,0.1100,0.2780,0.1200,-0.1410,1,1.6140,0.4801,0.7151,0.9289,1.0047,136.9,35,1.1746,0.7006,0.2306,1.6839,1.3677,5.6040,0.2400,0,0,0,
264.009,66.401,now,block2_A_now,1,1.7419,2.7061,-1.9034,0.1230,0.3150,0.1200,-0.2949,1,1.5568,0.5326,0.7079,0.9299,0.9372,136.0,35,1.1420,0.7283,0.2299,1.6454,1.3545,5.6040,0.2400,0,0,0,
264.109,66.500,now,block2_A_now,1,1.7376,2.6936,-1.8978,0.1170,0.3900,0.1200,-0.3267,1,1.5081,0.5749,0.7033,0.9393,0.8834,134.8,35,1.1148,0.7543,0.2293,1.6140,1.3460,5.6040,0.2274,0,0,0,
264.212,66.603,now,block2_A_now,1,1.7331,2.6806,-1.9033,0.1580,-0.1480,0.1137,-0.3267,1,1.5081,0.5749,0.7033,0.9393,0.8834,134.8,35,1.1148,0.7543,0.2293,1.6140,1.3460,5.6040,0.2400,0,0,0,
264.309,66.700,now,block2_A_now,1,1.7289,2.6684,-1.9052,0.1640,-0.1110,0.1200,-0.1410,1,1.4561,0.6117,0.6625,0.9685,0.8702,133.0,35,1.0680,0.7868,0.2291,1.5794,1.3266,5.6040,0.2400,0,0,0,
264.409,66.800,now,block2_A_now,1,1.7246,2.6561,-1.9108,0.1200,-0.2220,0.1137,-0.1410,1,1.4030,0.6417,0.6157,0.9951,0.8630,131.2,35,1.0179,0.8149,0.2291,1.5428,1.3039,5.5205,0.2147,0,0,0,
264.509,66.900,now,block2_A_now,1,1.7206,2.6450,-1.9227,0.1550,0.0920,0.1200,-0.0385,1,1.4030,0.6417,0.6157,0.9951,0.8630,131.2,35,1.0179,0.8149,0.2291,1.5428,1.3039,5.5205,0.2274,0,0,0,
264.609,67.000,now,block2_A_now,1,1.7168,2.6348,-1.9456,0.1040,-0.5010,0.1200,-0.0897,1,1.3445,0.6681,0.5639,1.0238,0.8578,129.1,35,0.9626,0.8420,0.2290,1.5014,1.2789,5.5205,0.2400,0,0,0,
264.709,67.100,now,block2_A_now,1,1.7125,2.6239,-1.9549,0.1580,-0.1480,0.1137,-0.0385,1,1.2812,0.6930,0.4988,1.0471,0.8589,127.2,35,0.8984,0.8663,0.2290,1.4566,1.2480,5.5205,0.2274,0,0,0,
264.809,67.201,now,block2_A_now,1,1.7088,2.6151,-1.9664,0.0820,-0.3710,0.1074,-0.0641,1,1.2812,0.6930,0.4988,1.0471,0.8589,127.2,35,0.8984,0.8663,0.2290,1.4566,1.2480,5.5205,0.2400,0,0,0,
264.911,67.302,now,block2_A_now,1,1.7050,2.6060,-1.9912,0.0880,-0.4450,0.1200,-0.0385,1,1.2195,0.7157,0.4265,1.0581,0.8638,126.2,35,0.8317,0.8839,0.2290,1.4140,1.2137,5.5205,0.2400,0,0,0,
265.009,67.400,now,block2_A_now,1,1.7005,2.5961,-1.9983,0.1670,0.0180,0.1200,0.0641,1,1.8434,2.2777,0.9232,2.5626,0.9633,111.8,35,1.3932,2.4171,0.2299,2.9302,2.7898,5.5205,0.2400,0,0,0,
265.109,67.500,now,block2_A_now,1,1.6967,2.5878,-2.0120,0.1610,0.0180,0.1200,0.0000,1,1.8434,2.2777,0.9232,2.5626,0.9633,111.8,35,1.3932,2.4171,0.2299,2.9302,2.7898,5.5205,0.2274,0,0,0,
265.209,67.600,now,block2_A_now,1,1.6930,2.5802,-2.0206,0.0980,0.0180,0.1137,0.0128,1,1.8241,2.2846,0.9257,2.5631,0.9406,111.4,35,1.3846,2.4208,0.2296,2.9235,2.7888,5.5205,0.2274,0,0,0,
265.309,67.700,now,block2_A_now,1,1.6886,2.5710,-2.0351,0.0950,-0.5200,0.1074,0.0128,1,0.9066,0.9319,-0.1839,1.2692,1.1414,117.0,35,0.3730,1.0969,0.2317,1.3001,1.1586,5.5205,0.2147,0,0,0,
265.443,67.834,now,block2_A_now,1,1.6846,2.5632,-2.0500,0.0660,0.1300,0.1074,0.0641,1,0.9066,0.9319,-0.1839,1.2692,1.1414,117.0,35,0.3730,1.0969,0.2317,1.3001,1.1586,5.4085,0.2400,0,0,0,
265.509,67.900,now,block2_A_now,1,1.6799,2.5544,-2.0608,0.0570,0.0370,0.1200,0.0897,1,0.8874,0.9411,-0.0271,1.2333,0.9600,115.6,35,0.4399,1.0838,0.2298,1.2935,1.1697,5.4085,0.2400,0,0,0,
265.610,68.001,now,block2_A_now,1,1.6755,2.5463,-2.0704,0.0570,-0.0740,0.1200,0.0897,1,0.8516,0.9579,-0.0057,1.2238,0.8976,114.4,35,0.4322,1.0882,0.2292,1.2817,1.1709,5.4085,0.2274,0,0,0,
265.709,68.101,now,block2_A_now,1,1.6717,2.5394,-2.0858,0.0760,-0.3710,0.1137,0.0897,1,0.8516,0.9579,-0.0057,1.2238,0.8976,114.4,35,0.4322,1.0882,0.2292,1.2817,1.1709,5.4085,0.2147,0,0,0,
265.809,68.200,now,block2_A_now,1,1.6663,2.5298,-2.0928,0.1450,-0.2220,0.1137,0.1410,1,0.8516,0.9579,-0.0057,1.2238,0.8976,114.4,35,0.4322,1.0882,0.2292,1.2817,1.1709,5.4085,0.2147,0,0,0,
265.909,68.300,now,block2_A_now,1,1.6607,2.5201,-2.0939,0.1770,0.0000,0.1074,0.0897,1,0.8516,0.9579,-0.0057,1.2238,0.8976,114.4,35,0.4322,1.0882,0.2292,1.2817,1.1709,5.4085,0.2021,0,0,0,
266.010,68.402,now,block2_A_now,1,1.6550,2.5103,-2.0939,0.1830,0.0370,0.1200,0.1410,1,0.8516,0.9579,-0.0057,1.2238,0.8976,114.4,35,0.4322,1.0882,0.2292,1.2817,1.1709,5.4085,0.2400,0,0,0,
266.109,68.500,now,block2_A_now,1,1.6487,2.4994,-2.0929,0.1450,-0.1480,0.1137,0.1667,1,0.8516,0.9579,-0.0057,1.2238,0.8976,114.4,35,0.4322,1.0882,0.2292,1.2817,1.1709,5.4085,0.2400,0,0,0,
266.209,68.600,now,block2_A_now,1,1.6426,2.4886,-2.0848,0.0440,0.0740,0.1200,0.0641,1,0.8516,0.9579,-0.0057,1.2238,0.8976,114.4,35,0.4322,1.0882,0.2292,1.2817,1.1709,5.4085,0.2274,0,0,0,
266.309,68.700,now,block2_A_now,1,1.6355,2.4761,-2.0805,0.1670,0.1300,0.1137,0.0641,1,0.8516,0.9579,-0.0057,1.2238,0.8976,114.4,35,0.4322,1.0882,0.2292,1.2817,1.1709,5.4085,0.2147,0,0,0,
266.409,68.801,now,block2_A_now,1,1.6301,2.4662,-2.0631,0.0790,0.4270,0.1074,0.0385,1,0.8516,0.9579,-0.0057,1.2238,0.8976,114.4,35,0.4322,1.0882,0.2292,1.2817,1.1709,5.4085,0.2400,0,0,0,
266.509,68.900,now,block2_A_now,1,1.6251,2.4568,-2.0516,0.1450,-0.1110,0.1200,0.0385,1,0.8516,0.9579,-0.0057,1.2238,0.8976,114.4,35,0.4322,1.0882,0.2292,1.2817,1.1709,5.2964,0.2400,0,0,0,
266.609,69.000,now,block2_A_now,1,1.6208,2.4483,-2.0397,0.0600,-0.0920,0.1200,0.0641,0,0.8516,0.9579,-0.0057,1.2238,0.8976,114.4,35,0.4322,1.0882,0.2292,1.2817,1.1709,5.2964,0.2274,0,0,0,
266.709,69.100,now,block2_A_now,1,1.6165,2.4397,-2.0206,0.0470,0.1670,0.1137,0.0641,0,0.8516,0.9579,-0.0057,1.2238,0.8976,114.4,35,0.4322,1.0882,0.2292,1.2817,1.1709,5.2964,0.2400,0,0,0,
266.809,69.200,now,block2_A_now,1,1.6129,2.4321,-2.0005,0.0440,0.2600,0.1200,-0.0385,0,0.8516,0.9579,-0.0057,1.2238,0.8976,114.4,35,0.4322,1.0882,0.2292,1.2817,1.1709,5.2964,0.2274,0,0,0,
266.909,69.300,now,block2_A_now,1,1.6089,2.4232,-1.9919,0.1070,-0.3710,0.1137,-0.0385,0,0.8516,0.9579,-0.0057,1.2238,0.8976,114.4,35,0.4322,1.0882,0.2292,1.2817,1.1709,5.2964,0.2274,0,0,0,
267.009,69.401,now,block2_A_now,1,1.6046,2.4135,-1.9849,0.0850,0.0180,0.1074,-0.0385,0,0.8516,0.9579,-0.0057,1.2238,0.8976,114.4,35,0.4322,1.0882,0.2292,1.2817,1.1709,5.2964,0.2400,0,0,0,
267.109,69.500,now,block2_A_now,1,1.6007,2.4044,-1.9630,0.0820,0.2600,0.1200,-0.0385,0,0.8516,0.9579,-0.0057,1.2238,0.8976,114.4,35,0.4322,1.0882,0.2292,1.2817,1.1709,5.2964,0.2400,0,0,0,
267.209,69.601,now,block2_A_now,1,1.5970,2.3955,-1.9511,0.0500,0.2220,0.1200,-0.0128,0,0.8516,0.9579,-0.0057,1.2238,0.8976,114.4,35,0.4322,1.0882,0.2292,1.2817,1.1709,5.2964,0.2400,0,0,0,
267.309,69.700,now,block2_A_now,1,1.5935,2.3866,-1.9471,0.1610,-0.0550,0.1200,-0.0385,0,0.8516,0.9579,-0.0057,1.2238,0.8976,114.4,35,0.4322,1.0882,0.2292,1.2817,1.1709,5.2964,0.2274,0,0,0,
267.409,69.800,now,block2_A_now,1,1.5894,2.3760,-1.9263,0.1070,0.2600,0.1137,-0.0385,0,0.8516,0.9579,-0.0057,1.2238,0.8976,114.4,35,0.4322,1.0882,0.2292,1.2817,1.1709,5.2964,0.2147,0,0,0,
267.509,69.900,now,block2_A_now,1,1.5854,2.3652,-1.9263,0.0850,-0.1670,0.1074,-0.0897,0,0.8516,0.9579,-0.0057,1.2238,0.8976,114.4,35,0.4322,1.0882,0.2292,1.2817,1.1709,5.1845,0.2400,0,0,0,
267.609,70.000,now,block2_A_now,1,1.5811,2.3533,-1.9178,0.1580,-0.0370,0.1200,-0.0897,0,0.8516,0.9579,-0.0057,1.2238,0.8976,114.4,35,0.4322,1.0882,0.2292,1.2817,1.1709,5.1845,0.2400,0,0,0,
267.709,70.100,now,block2_A_now,1,1.5766,2.3410,-1.9141,0.1830,0.0370,0.1200,-0.0641,1,1.7798,1.9880,2.6488,2.4174,0.9693,-21.9,35,2.2050,2.1981,0.2302,2.6683,3.1134,5.1845,0.2274,0,0,0,
267.811,70.202,now,block2_A_now,1,1.5729,2.3303,-1.9107,0.1420,0.2040,0.1200,-0.1154,1,1.7798,1.9880,2.6488,2.4174,0.9693,-21.9,35,2.2050,2.1981,0.2302,2.6683,3.1134,5.1845,0.2400,0,0,0,
267.909,70.300,now,block2_A_now,1,1.5688,2.3188,-1.9077,0.1480,0.2410,0.1200,-0.1410,1,1.7682,2.0065,2.3330,2.2856,0.6301,-22.3,35,2.0446,2.1431,0.2267,2.6744,2.9619,5.1845,0.2274,0,0,0,
268.018,70.409,now,block2_A_now,1,1.5650,2.3082,-1.9087,0.1010,0.2220,0.1200,-0.0897,1,1.7622,2.0355,2.1293,2.2169,0.4095,-22.8,35,2.0446,2.1431,0.2267,2.6923,2.9619,5.1845,0.2400,0,0,0,
268.109,70.500,now,block2_A_now,1,1.5608,2.2962,-1.9135,0.0440,-0.0370,0.1137,-0.1154,1,1.7622,2.0355,2.1293,2.2169,0.4095,-22.8,35,1.9418,2.1242,0.2243,2.6923,2.8780,5.1845,0.2413,0,0,0,
268.209,70.600,now,block2_A_now,1,1.5567,2.2848,-1.9209,0.1230,0.2410,0.1200,-0.1667,1,1.7622,2.0355,2.1293,2.2169,0.4095,-22.8,35,1.9418,2.1242,0.2243,2.6923,2.8780,5.1845,0.2274,0,0,0,
268.309,70.700,now,block2_A_now,1,1.5529,2.2747,-1.9372,0.1070,-0.5200,0.1137,-0.1154,1,1.7622,2.0355,2.1293,2.2169,0.4095,-22.8,35,1.9418,2.1242,0.2243,2.6923,2.8780,5.1845,0.2400,0,0,0,
268.409,70.800,now,block2_A_now,1,1.5494,2.2656,-1.9579,0.0880,-0.4830,0.1200,-0.1154,1,1.7622,2.0355,2.1293,2.2169,0.4095,-22.8,35,1.9418,2.1242,0.2243,2.6923,2.8780,5.1845,0.2400,0,0,0,
268.509,70.901,now,block2_A_now,1,1.5443,2.2534,-1.9639,0.1330,0.1480,0.1200,-0.1410,1,1.7622,2.0355,2.1293,2.2169,0.4095,-22.8,35,1.9418,2.1242,0.2243,2.6923,2.8780,5.0300,0.2400,0,0,0,
268.609,71.000,now,block2_A_now,1,1.5400,2.2435,-1.9935,0.1290,-0.3900,0.1200,-0.2179,1,1.7622,2.0355,2.1293,2.2169,0.4095,-22.8,35,1.9418,2.1242,0.2243,2.6923,2.8780,5.0300,0.2400,0,0,0,
268.711,71.102,now,block2_A_now,1,1.5357,2.2341,-2.0169,0.0850,-0.3530,0.1137,0.0385,1,1.7622,2.0355,2.1293,2.2169,0.4095,-22.8,35,1.9418,2.1242,0.2243,2.6923,2.8780,5.0300,0.2274,0,0,0,
268.809,71.200,now,block2_A_now,1,1.5310,2.2244,-2.0347,0.0950,-0.0740,0.1074,0.0641,1,1.7622,2.0355,2.1293,2.2169,0.4095,-22.8,35,1.9418,2.1242,0.2243,2.6923,2.8780,5.0300,0.2377,0,0,0,
268.909,71.301,now,block2_A_now,1,1.5258,2.2143,-2.0511,0.1480,0.0920,0.1200,0.1667,1,1.7622,2.0355,2.1293,2.2169,0.4095,-22.8,35,1.9418,2.1242,0.2243,2.6923,2.8780,5.0300,0.2021,0,0,0,
269.009,71.400,now,block2_A_now,1,1.5214,2.2059,-2.0618,0.1010,-0.1850,0.1137,0.1923,1,1.7622,2.0355,2.1293,2.2169,0.4095,-22.8,35,1.9418,2.1242,0.2243,2.6923,2.8780,5.0300,0.2274,0,0,0,
269.110,71.501,now,block2_A_now,1,1.5169,2.1977,-2.0848,0.1070,-0.4450,0.1137,0.2949,0,1.7622,2.0355,2.1293,2.2169,0.4095,-22.8,35,1.9418,2.1242,0.2243,2.6923,2.8780,5.0300,0.2274,0,0,0,
269.209,71.601,now,block2_A_now,1,1.5128,2.1905,-2.0978,0.0250,-0.0370,0.1137,0.3523,0,1.7622,2.0355,2.1293,2.2169,0.4095,-22.8,35,1.9418,2.1242,0.2243,2.6923,2.8780,5.0300,0.2147,0,0,0,
269.309,71.700,now,block2_A_now,1,1.5081,2.1825,-2.1126,0.0470,-0.2410,0.1074,0.2692,0,1.7622,2.0355,2.1293,2.2169,0.4095,-22.8,35,1.9418,2.1242,0.2243,2.6923,2.8780,5.0300,0.2021,0,0,0,
269.409,71.801,now,block2_A_now,1,1.5026,2.1734,-2.1149,0.1010,-0.1850,0.1011,0.3205,0,1.7622,2.0355,2.1293,2.2169,0.4095,-22.8,35,1.9418,2.1242,0.2243,2.6923,2.8780,5.0300,0.2017,0,0,0,
269.509,71.900,now,block2_A_now,1,1.4961,2.1625,-2.1074,0.1420,-0.1670,0.1200,0.3779,0,1.7622,2.0355,2.1293,2.2169,0.4095,-22.8,35,1.9418,2.1242,0.2243,2.6923,2.8780,5.0300,0.2400,0,0,0,
269.609,72.000,now,block2_A_now,1,1.4898,2.1518,-2.0856,0.1330,0.3340,0.1200,0.2949,0,1.7622,2.0355,2.1293,2.2169,0.4095,-22.8,35,1.9418,2.1242,0.2243,2.6923,2.8780,4.8680,0.2400,0,0,0,
269.709,72.100,now,block2_A_now,1,1.4838,2.1409,-2.0592,0.1450,0.2970,0.1200,0.0641,0,1.7622,2.0355,2.1293,2.2169,0.4095,-22.8,35,1.9418,2.1242,0.2243,2.6923,2.8780,4.8680,0.2274,0,0,0,
269.809,72.200,now,block2_A_now,1,1.4782,2.1301,-2.0220,0.1010,0.4080,0.1137,0.0385,0,1.7622,2.0355,2.1293,2.2169,0.4095,-22.8,35,1.9418,2.1242,0.2243,2.6923,2.8780,4.8680,0.2147,0,0,0,
269.909,72.300,now,block2_A_now,1,1.4729,2.1189,-1.9975,0.1520,-0.0370,0.1074,-0.0128,0,1.7622,2.0355,2.1293,2.2169,0.4095,-22.8,35,1.9418,2.1242,0.2243,2.6923,2.8780,4.8680,0.2021,0,0,0,
270.009,72.401,now,block2_A_now,1,1.4688,2.1097,-1.9627,0.0820,0.4450,0.1200,0.0128,0,1.7622,2.0355,2.1293,2.2169,0.4095,-22.8,35,1.9418,2.1242,0.2243,2.6923,2.8780,4.8680,0.2400,0,0,0,
270.109,72.500,now,block2_A_now,1,1.4651,2.1006,-1.9382,0.0500,0.2970,0.1200,-0.0385,0,1.7622,2.0355,2.1293,2.2169,0.4095,-22.8,35,1.9418,2.1242,0.2243,2.6923,2.8780,4.8680,0.2274,0,0,0,
270.209,72.600,now,block2_A_now,1,1.4617,2.0915,-1.9182,0.0720,0.4270,0.1200,-0.0897,0,1.7622,2.0355,2.1293,2.2169,0.4095,-22.8,35,1.9418,2.1242,0.2243,2.6923,2.8780,4.8680,0.2400,0,0,0,
270.309,72.700,now,block2_A_now,1,1.4587,2.0830,-1.8997,0.0470,0.2040,0.1200,-0.2497,0,1.7622,2.0355,2.1293,2.2169,0.4095,-22.8,35,1.9418,2.1242,0.2243,2.6923,2.8780,4.8680,0.2274,0,0,0,
270.411,72.802,now,block2_A_now,1,1.4561,2.0751,-1.8842,0.0950,-0.1480,0.1137,-0.1410,0,1.7622,2.0355,2.1293,2.2169,0.4095,-22.8,35,1.9418,2.1242,0.2243,2.6923,2.8780,4.8680,0.2261,0,0,0,
270.509,72.900,now,block2_A_now,1,1.4539,2.0680,-1.8634,0.1230,-0.2410,0.1137,-0.1410,0,1.7622,2.0355,2.1293,2.2169,0.4095,-22.8,35,1.9418,2.1242,0.2243,2.6923,2.8780,4.8680,0.2123,0,0,0,
270.609,73.000,now,block2_A_now,1,1.4509,2.0581,-1.8594,0.0880,0.1850,0.1200,-0.1410,0,1.7622,2.0355,2.1293,2.2169,0.4095,-22.8,35,1.9418,2.1242,0.2243,2.6923,2.8780,4.7560,0.2400,0,0,0,
270.709,73.100,now,block2_A_now,1,1.4473,2.0460,-1.8661,0.1710,0.0740,0.1137,-0.0897,0,1.7622,2.0355,2.1293,2.2169,0.4095,-22.8,35,1.9418,2.1242,0.2243,2.6923,2.8780,4.7560,0.2400,0,0,0,
270.809,73.201,now,block2_A_now,1,1.4434,2.0334,-1.8735,0.1710,0.0000,0.1200,-0.1410,0,1.7622,2.0355,2.1293,2.2169,0.4095,-22.8,35,1.9418,2.1242,0.2243,2.6923,2.8780,4.7560,0.2274,0,0,0,
270.910,73.301,now,block2_A_now,1,1.4389,2.0195,-1.8865,0.1580,0.1480,0.1137,-0.1154,0,1.7622,2.0355,2.1293,2.2169,0.4095,-22.8,35,1.9418,2.1242,0.2243,2.6923,2.8780,4.7560,0.2147,0,0,0,
271.009,73.400,now,block2_A_now,1,1.4347,2.0072,-1.9173,0.0850,-0.3530,0.1200,-0.1154,0,1.7622,2.0355,2.1293,2.2169,0.4095,-22.8,35,1.9418,2.1242,0.2243,2.6923,2.8780,4.7560,0.2400,0,0,0,
271.109,73.500,now,block2_A_now,1,1.4300,1.9943,-1.9347,0.1420,-0.2040,0.1200,-0.0385,0,1.7622,2.0355,2.1293,2.2169,0.4095,-22.8,35,1.9418,2.1242,0.2243,2.6923,2.8780,4.7560,0.2274,0,0,0,
271.209,73.600,now,block2_A_now,1,1.4261,1.9844,-1.9581,0.1230,-0.3900,0.1200,-0.0385,0,1.7622,2.0355,2.1293,2.2169,0.4095,-22.8,35,1.9418,2.1242,0.2243,2.6923,2.8780,4.7560,0.2400,0,0,0,
271.309,73.700,now,block2_A_now,1,1.4223,1.9752,-1.9731,0.0530,-0.2780,0.1200,-0.0897,0,1.7622,2.0355,2.1293,2.2169,0.4095,-22.8,35,1.9418,2.1242,0.2243,2.6923,2.8780,4.7560,0.2274,0,0,0,
271.409,73.800,now,block2_A_now,1,1.4189,1.9672,-1.9905,0.0500,-0.2970,0.1137,-0.0897,0,1.7622,2.0355,2.1293,2.2169,0.4095,-22.8,35,1.9418,2.1242,0.2243,2.6923,2.8780,4.7560,0.2147,0,0,0,
271.509,73.900,now,block2_A_now,1,1.4149,1.9581,-2.0086,0.0850,-0.5010,0.1074,-0.0641,0,1.7622,2.0355,2.1293,2.2169,0.4095,-22.8,35,1.9418,2.1242,0.2243,2.6923,2.8780,4.7560,0.2400,0,0,0,
271.639,74.031,now,block2_A_now,1,1.4119,1.9518,-2.0164,0.0220,-0.0920,0.1200,0.0000,0,1.7622,2.0355,2.1293,2.2169,0.4095,-22.8,35,1.9418,2.1242,0.2243,2.6923,2.8780,4.6443,0.2400,0,0,0,
271.709,74.100,now,block2_A_now,1,1.4074,1.9423,-2.0346,0.0280,-0.0550,0.1200,-0.0128,0,1.7622,2.0355,2.1293,2.2169,0.4095,-22.8,35,1.9418,2.1242,0.2243,2.6923,2.8780,4.6443,0.2400,0,0,0,
271.809,74.200,now,block2_A_now,1,1.4036,1.9347,-2.0490,0.0720,-0.2040,0.1200,0.0000,0,1.7622,2.0355,2.1293,2.2169,0.4095,-22.8,35,1.9418,2.1242,0.2243,2.6923,2.8780,4.6443,0.2274,0,0,0,
271.909,74.300,now,block2_A_now,1,1.3990,1.9260,-2.0568,0.1170,0.0920,0.1137,0.0128,0,1.7622,2.0355,2.1293,2.2169,0.4095,-22.8,35,1.9418,2.1242,0.2243,2.6923,2.8780,4.6443,0.2147,0,0,0,
272.012,74.403,now,block2_A_now,1,1.3944,1.9176,-2.0794,0.1360,0.0180,0.1074,0.0385,0,1.7622,2.0355,2.1293,2.2169,0.4095,-22.8,35,1.9418,2.1242,0.2243,2.6923,2.8780,4.6443,0.2147,0,0,0,
272.109,74.500,now,block2_A_now,1,1.3900,1.9098,-2.0954,0.0690,-0.2220,0.1200,0.0897,0,1.7622,2.0355,2.1293,2.2169,0.4095,-22.8,35,1.9418,2.1242,0.2243,2.6923,2.8780,4.6443,0.2400,0,0,0,
272.209,74.601,now,block2_A_now,1,1.3851,1.9014,-2.1101,0.1010,0.0370,0.1200,0.0385,0,1.7622,2.0355,2.1293,2.2169,0.4095,-22.8,35,1.9418,2.1242,0.2243,2.6923,2.8780,4.6443,0.2400,0,0,0,
272.309,74.700,now,block2_A_now,1,1.3790,1.8913,-2.1223,0.0820,0.0370,0.1200,0.0897,0,1.7622,2.0355,2.1293,2.2169,0.4095,-22.8,35,1.9418,2.1242,0.2243,2.6923,2.8780,4.6443,0.2274,0,0,0,
272.411,74.802,now,block2_A_now,1,1.3721,1.8803,-2.1309,0.1550,-0.2410,0.1200,0.0385,0,1.7622,2.0355,2.1293,2.2169,0.4095,-22.8,35,1.9418,2.1242,0.2243,2.6923,2.8780,4.6443,0.2400,0,0,0,
272.509,74.900,now,block2_A_now,1,1.3652,1.8693,-2.1346,0.1420,-0.2780,0.1137,0.0641,0,1.7622,2.0355,2.1293,2.2169,0.4095,-22.8,35,1.9418,2.1242,0.2243,2.6923,2.8780,4.6443,0.2274,0,0,0,
272.609,75.000,now,block2_A_now,1,1.3577,1.8572,-2.1338,0.1420,-0.2040,0.1074,0.0641,0,1.7622,2.0355,2.1293,2.2169,0.4095,-22.8,35,1.9418,2.1242,0.2243,2.6923,2.8780,4.6443,0.2400,0,0,0,
272.709,75.100,now,block2_A_now,1,1.3505,1.8458,-2.1308,0.1610,0.1670,0.1200,0.0641,0,1.7622,2.0355,2.1293,2.2169,0.4095,-22.8,35,1.9418,2.1242,0.2243,2.6923,2.8780,4.5326,0.2400,0,0,0,
272.809,75.200,now,block2_A_now,1,1.3441,1.8356,-2.1256,0.1710,-0.0370,0.1200,0.0641,0,1.7622,2.0355,2.1293,2.2169,0.4095,-22.8,35,1.9418,2.1242,0.2243,2.6923,2.8780,4.5326,0.2274,0,0,0,
272.910,75.301,now,block2_A_now,1,1.3381,1.8257,-2.1119,0.1070,0.0370,0.1137,0.0641,0,1.7622,2.0355,2.1293,2.2169,0.4095,-22.8,35,1.9418,2.1242,0.2243,2.6923,2.8780,4.5326,0.2147,0,0,0,
273.009,75.400,now,block2_A_now,1,1.3329,1.8170,-2.1052,0.1040,-0.2410,0.1074,0.0641,0,1.7622,2.0355,2.1293,2.2169,0.4095,-22.8,35,1.9418,2.1242,0.2243,2.6923,2.8780,4.5326,0.2021,0,0,0,
273.109,75.500,now,block2_A_now,1,1.3279,1.8085,-2.0881,0.0600,0.1300,0.1200,0.2497,0,1.7622,2.0355,2.1293,2.2169,0.4095,-22.8,35,1.9418,2.1242,0.2243,2.6923,2.8780,4.5326,0.2400,0,0,0,
273.209,75.600,now,block2_A_now,1,1.3234,1.8004,-2.0692,0.0220,0.1300,0.1200,0.0897,0,1.7622,2.0355,2.1293,2.2169,0.4095,-22.8,35,1.9418,2.1242,0.2243,2.6923,2.8780,4.5326,0.2274,0,0,0,
273.310,75.701,now,block2_A_now,1,1.3197,1.7935,-2.0522,0.0530,0.3150,0.1137,0.1154,0,1.7622,2.0355,2.1293,2.2169,0.4095,-22.8,35,1.9418,2.1242,0.2243,2.6923,2.8780,4.5326,0.2400,0,0,0,
273.412,75.803,now,block2_A_now,1,1.3149,1.7842,-2.0300,0.0690,0.4080,0.1200,0.0000,0,1.7622,2.0355,2.1293,2.2169,0.4095,-22.8,35,1.9418,2.1242,0.2243,2.6923,2.8780,4.5326,0.2274,0,0,0,
273.509,75.900,now,block2_A_now,1,1.3107,1.7757,-2.0166,0.0910,-0.0550,0.1137,-0.0641,1,0.8335,0.7343,0.8335,0.7343,0.0000,0.0,31,0.8335,0.7343,0.2200,1.1108,1.1108,4.5326,0.2274,0,0,0,
273.613,76.004,now,block2_A_now,1,1.3066,1.7671,-2.0100,0.1390,-0.1110,0.1137,-0.0385,1,0.8526,0.7173,1.0548,0.5632,0.2543,-77.4,31,0.8335,0.7343,0.2200,1.1142,1.1108,4.5326,0.2274,0,0,0,
273.709,76.100,now,block2_A_now,1,1.3024,1.7579,-1.9896,0.1040,0.0550,0.1074,-0.0385,1,0.8526,0.7173,1.0548,0.5632,0.2543,-77.4,35,0.9522,0.6427,0.2227,1.1142,1.1488,4.4201,0.2400,0,0,0,
273.809,76.200,now,block2_A_now,1,1.2990,1.7500,-1.9733,0.0380,0.0740,0.1200,0.0128,1,0.8869,0.6879,1.2646,0.3740,0.4911,-77.5,35,1.0731,0.5360,0.2253,1.1224,1.1996,4.4201,0.2400,0,0,0,
273.909,76.301,now,block2_A_now,1,1.2955,1.7417,-1.9514,0.0410,0.2040,0.1137,-0.0385,1,0.8869,0.6879,1.2646,0.3740,0.4911,-77.5,35,1.0731,0.5360,0.2253,1.1224,1.1996,4.4201,0.2274,0,0,0,
274.009,76.400,now,block2_A_now,1,1.2917,1.7321,-1.9410,0.1260,-0.2600,0.1137,-0.0385,1,0.9352,0.6427,1.4184,0.1522,0.6886,-79.9,35,1.1749,0.4059,0.2273,1.1347,1.2430,4.4201,0.2274,0,0,0,
274.110,76.501,now,block2_A_now,1,1.2878,1.7217,-1.9354,0.0530,-0.0550,0.1137,-0.0897,1,0.9876,0.5876,1.5352,-0.0330,0.8277,-79.3,35,1.2592,0.2872,0.2287,1.1492,1.2915,4.4201,0.2147,0,0,0,
274.209,76.600,now,block2_A_now,1,1.2841,1.7119,-1.9064,0.0820,0.4080,0.1200,-0.0128,1,0.9876,0.5876,1.5352,-0.0330,0.8277,-79.3,35,1.2592,0.2872,0.2287,1.1492,1.2915,4.4201,0.2400,0,0,0,
274.309,76.700,now,block2_A_now,1,1.2804,1.7012,-1.8947,0.1200,0.4080,0.1200,-0.2754,1,1.0356,0.5312,1.5967,-0.1833,0.9085,-79.0,35,1.3143,0.1850,0.2294,1.1638,1.3273,4.4201,0.2400,0,0,0,
274.409,76.800,now,block2_A_now,1,1.2766,1.6897,-1.8863,0.1450,0.2220,0.1200,-0.2179,1,1.0769,0.4700,1.5395,-0.3146,0.9108,-83.1,35,1.3104,0.0898,0.2295,1.1750,1.3134,4.4201,0.2274,0,0,0,
274.509,76.900,now,block2_A_now,1,1.2722,1.6765,-1.8864,0.1170,0.2780,0.1200,-0.1923,1,1.0769,0.4700,1.5395,-0.3146,0.9108,-83.1,35,1.3104,0.0898,0.2295,1.1750,1.3134,4.4201,0.2400,0,0,0,
274.609,77.000,now,block2_A_now,1,1.2676,1.6629,-1.9008,0.1480,-0.0180,0.1137,-0.2179,1,1.1076,0.4121,1.4545,-0.3968,0.8801,-87.2,35,1.2861,0.0194,0.2294,1.1817,1.2862,4.4201,0.2274,0,0,0,
274.709,77.100,now,block2_A_now,1,1.2632,1.6501,-1.9153,0.1580,0.0370,0.1200,-0.1410,1,1.1306,0.3545,1.4357,-0.4329,0.8445,-86.2,35,1.2858,-0.0287,0.2290,1.1849,1.2861,4.3125,0.2400,0,0,0,
274.809,77.200,now,block2_A_now,1,1.2590,1.6387,-1.9337,0.1230,-0.3900,0.1200,-0.2692,1,1.1306,0.3545,1.4357,-0.4329,0.8445,-86.2,35,1.2858,-0.0287,0.2290,1.1849,1.2861,4.3125,0.2274,0,0,0,
274.909,77.300,now,block2_A_now,1,1.2552,1.6286,-1.9482,0.0950,0.0370,0.1137,-0.2179,1,1.1494,0.3044,1.4781,-0.4167,0.7925,-80.3,35,1.3116,-0.0485,0.2284,1.1890,1.3125,4.3125,0.2147,0,0,0,
275.010,77.401,now,block2_A_now,1,1.2512,1.6187,-1.9620,0.1200,0.2220,0.1074,-0.2179,1,1.1656,0.2614,1.5433,-0.3463,0.7155,-70.8,35,1.3488,-0.0388,0.2275,1.1946,1.3493,4.3125,0.2147,0,0,0,
275.109,77.500,now,block2_A_now,1,1.2465,1.6076,-1.9787,0.1610,-0.0550,0.1011,-0.2949,1,1.1656,0.2614,1.5433,-0.3463,0.7155,-70.8,35,1.3488,-0.0388,0.2275,1.1946,1.3493,4.3125,0.2021,0,0,0,
275.209,77.600,now,block2_A_now,1,1.2428,1.5995,-2.0044,0.1550,0.0920,0.0947,-0.1667,1,1.1802,0.2293,1.4257,-0.1656,0.4650,-69.1,35,1.2992,0.0342,0.2249,1.2022,1.2997,4.3125,0.1895,0,0,0,
275.312,77.703,now,block2_A_now,1,1.2390,1.5915,-2.0351,0.0660,-0.3530,0.0947,-0.2436,1,1.2014,0.2059,1.3610,-0.0508,0.3023,-67.9,35,1.2788,0.0791,0.2232,1.2190,1.2813,4.3125,0.2358,0,0,0,
275.409,77.800,now,block2_A_now,1,1.2351,1.5837,-2.0534,0.0310,-0.1850,0.1200,-0.1667,1,1.2014,0.2059,1.3610,-0.0508,0.3023,-67.9,35,1.2788,0.0791,0.2232,1.2190,1.2813,4.3125,0.2382,0,0,0,
275.509,77.900,now,block2_A_now,1,1.2306,1.5752,-2.0830,0.0660,-0.3900,0.1200,-0.1410,1,1.2254,0.1919,1.3291,0.0251,0.1965,-67.0,35,1.2757,0.1095,0.2221,1.2404,1.2804,4.3125,0.2274,0,0,0,
275.609,78.000,now,block2_A_now,1,1.2257,1.5665,-2.1020,0.0980,-0.5380,0.1137,-0.1410,1,1.2514,0.1856,1.3188,0.0771,0.1277,-66.6,35,1.2841,0.1320,0.2213,1.2651,1.2909,4.3125,0.2147,0,0,0,
275.710,78.102,now,block2_A_now,1,1.2203,1.5575,-2.1205,0.0850,-0.4640,0.1200,-0.0128,1,1.2514,0.1856,1.3188,0.0771,0.1277,-66.6,35,1.2841,0.1320,0.2213,1.2651,1.2909,4.2997,0.2400,0,0,0,
275.809,78.200,now,block2_A_now,1,1.2155,1.5497,-2.1402,0.0600,-0.3150,0.1200,-0.0385,1,1.2767,0.1862,1.3205,0.1157,0.0830,-66.4,35,1.2979,0.1514,0.2209,1.2902,1.3067,4.2997,0.2021,0,0,0,
275.909,78.300,now,block2_A_now,1,1.2097,1.5410,-2.1702,0.0880,-0.3340,0.1011,-0.1410,1,1.3070,0.1925,1.3355,0.1467,0.0540,-66.5,31,1.3070,0.1925,0.2200,1.3211,1.3211,4.2997,0.1895,0,0,0,
276.009,78.400,now,block2_A_now,1,1.2039,1.5328,-2.1976,0.1010,-0.4450,0.0947,-0.1154,1,1.3070,0.1925,1.3355,0.1467,0.0540,-66.5,31,1.3070,0.1925,0.2200,1.3211,1.3211,4.2997,0.2400,0,0,0,
276.109,78.500,now,block2_A_now,1,1.1990,1.5260,-2.2114,0.0850,-0.3530,0.1200,-0.0641,1,1.3373,0.2050,1.3558,0.1752,0.0351,-66.9,31,1.3373,0.2050,0.2200,1.3529,1.3529,4.2997,0.2400,0,0,0,
276.209,78.600,now,block2_A_now,1,1.1929,1.5182,-2.2337,0.1640,-0.1110,0.1200,-0.0897,1,1.3669,0.2225,1.3789,0.2031,0.0228,-67.4,31,1.3669,0.2225,0.2200,1.3849,1.3849,4.2997,0.2400,0,0,0,
276.309,78.700,now,block2_A_now,1,1.1880,1.5121,-2.2553,0.1200,0.2220,0.1137,-0.0641,1,1.3669,0.2225,1.3789,0.2031,0.0228,-67.4,31,1.3669,0.2225,0.2200,1.3849,1.3849,4.2997,0.2274,0,0,0,
276.409,78.800,now,block2_A_now,1,1.1827,1.5057,-2.2734,0.0570,0.0000,0.1074,-0.0385,1,1.3933,0.2406,1.4011,0.2280,0.0148,-67.9,31,1.3933,0.2406,0.2200,1.4139,1.4139,4.2997,0.2147,0,0,0,
276.511,78.903,now,block2_A_now,1,1.1777,1.4997,-2.2916,0.0310,-0.1850,0.1074,-0.0641,1,1.4201,0.2587,1.4251,0.2505,0.0096,-68.5,31,1.4201,0.2587,0.2200,1.4434,1.4434,4.2997,0.2021,0,0,0,
276.609,79.000,now,block2_A_now,1,1.1712,1.4924,-2.2975,0.1390,0.1480,0.1011,-0.0128,1,1.4201,0.2587,1.4251,0.2505,0.0096,-68.5,31,1.4201,0.2587,0.2200,1.4434,1.4434,4.2997,0.2021,0,0,0,
276.709,79.100,now,block2_A_now,1,1.1638,1.4841,-2.3123,0.0790,-0.1670,0.0947,0.0128,1,1.4539,0.2737,1.4572,0.2684,0.0063,-68.8,31,1.4539,0.2737,0.2200,1.4794,1.4794,4.2997,0.1895,0,0,0,
276.809,79.200,now,block2_A_now,1,1.1566,1.4764,-2.3175,0.1100,0.3150,0.0947,-0.0385,1,1.4919,0.2850,1.4941,0.2816,0.0041,-69.0,31,1.4919,0.2850,0.2200,1.5189,1.5189,4.2153,0.2021,0,0,0,
276.909,79.300,now,block2_A_now,1,1.1493,1.4686,-2.3260,0.0500,-0.0740,0.1011,0.2815,1,1.4919,0.2850,1.4941,0.2816,0.0041,-69.0,31,1.4919,0.2850,0.2200,1.5189,1.5189,4.2153,0.2023,0,0,0,
277.009,79.400,now,block2_A_now,1,1.1419,1.4607,-2.3238,0.0530,0.0920,0.1011,0.4231,1,1.5353,0.2918,1.5367,0.2896,0.0026,-68.9,31,1.5353,0.2918,0.2200,1.5628,1.5628,4.2153,0.2400,0,0,0,
277.112,79.503,now,block2_A_now,1,1.1336,1.4518,-2.3272,0.0850,0.0920,0.1200,0.4231,1,1.5753,0.2957,1.5762,0.2942,0.0017,-68.8,31,1.5753,0.2957,0.2200,1.6028,1.6028,4.2153,0.2400,0,0,0,
277.209,79.600,now,block2_A_now,1,1.1251,1.4429,-2.3257,0.1290,-0.2410,0.1137,0.4231,1,1.5753,0.2957,1.5762,0.2942,0.0017,-68.8,31,1.5753,0.2957,0.2200,1.6028,1.6028,4.2153,0.2274,0,0,0,
277.309,79.700,now,block2_A_now,1,1.1157,1.4328,-2.2965,0.1100,0.5750,0.1200,0.4487,1,1.6070,0.2976,1.6076,0.2966,0.0011,-68.6,31,1.6070,0.2976,0.2200,1.6343,1.6343,4.2153,0.2186,0,0,0,
277.410,79.801,now,block2_A_now,1,1.1073,1.4231,-2.2629,0.1140,0.1850,0.1074,0.4805,1,1.6311,0.2961,1.6315,0.2954,0.0007,0.0,31,1.6311,0.2961,0.2200,1.6577,1.6577,4.2153,0.2021,0,0,0,
277.509,79.900,now,block2_A_now,1,1.0992,1.4130,-2.2129,0.1010,0.5940,0.1137,0.4744,1,1.6311,0.2961,1.6315,0.2954,0.0007,0.0,31,1.6311,0.2961,0.2200,1.6577,1.6577,4.2153,0.2400,0,0,0,
277.609,80.000,now,block2_A_now,1,1.0917,1.4028,-2.1672,0.1140,0.6680,0.1200,0.3718,1,1.6582,0.2839,1.6584,0.2835,0.0005,0.0,31,1.6582,0.2839,0.2200,1.6823,1.6823,4.2153,0.2400,0,0,0,
277.709,80.100,now,block2_A_now,1,1.0869,1.3954,-2.1153,0.0850,0.5010,0.1074,0.3718,1,1.6866,0.2570,1.6868,0.2567,0.0003,0.0,31,1.6866,0.2570,0.2200,1.7061,1.7061,4.2153,0.2400,0,0,0,
277.809,80.201,now,block2_A_now,1,1.0820,1.3868,-2.0570,0.0880,0.5200,0.1137,0.3974,1,1.7204,0.2040,1.8623,0.0344,0.2211,-56.9,35,1.7923,0.1232,0.2223,1.7325,1.7965,4.0071,0.2021,0,0,0,
277.909,80.300,now,block2_A_now,1,1.0776,1.3779,-1.9987,0.0690,0.4080,0.1011,0.1862,1,1.7204,0.2040,1.8623,0.0344,0.2211,-56.9,35,1.7923,0.1232,0.2223,1.7325,1.7965,4.0071,0.2400,0,0,0,
278.009,80.400,now,block2_A_now,1,1.0742,1.3700,-1.9479,0.0790,0.4640,0.1200,0.1410,1,1.7575,0.1257,2.0048,-0.2424,0.4434,-60.2,35,1.8839,-0.0506,0.2245,1.7620,1.8846,4.0071,0.2400,0,0,0,
278.112,80.503,now,block2_A_now,1,1.0710,1.3616,-1.8948,0.1010,0.5940,0.1200,0.0385,1,1.7575,0.1257,2.0048,-0.2424,0.4434,-60.2,35,1.8839,-0.0506,0.2245,1.7620,1.8846,4.0071,0.2274,0,0,0,
278.210,80.601,now,block2_A_now,1,1.0689,1.3548,-1.8532,0.0570,0.3340,0.1137,-0.1667,1,1.7964,0.0144,2.1351,-0.5826,0.6864,-60.9,35,1.9689,-0.2735,0.2272,1.7965,1.9878,4.0071,0.2274,0,0,0,
278.309,80.700,now,block2_A_now,1,1.0669,1.3475,-1.8083,0.0980,0.5750,0.1074,0.0641,1,1.8224,-0.1134,2.2406,-0.9194,0.9080,-59.0,35,2.0337,-0.5039,0.2296,1.8259,2.0952,4.0071,0.2147,0,0,0,
278.410,80.801,now,block2_A_now,1,1.0647,1.3383,-1.7886,0.0950,0.5570,0.1074,-0.1472,1,1.8224,-0.1134,2.2406,-0.9194,0.9080,-59.0,35,2.0337,-0.5039,0.2296,1.8259,2.0952,4.0071,0.2021,0,0,0,
278.509,80.900,now,block2_A_now,1,1.0627,1.3289,-1.7734,0.0880,0.2600,0.1011,-0.1600,1,1.8346,-0.2577,2.3008,-1.2460,1.0927,-56.8,35,2.0687,-0.7380,0.2316,1.8526,2.1964,4.0071,0.2400,0,0,0,
278.609,81.000,now,block2_A_now,1,1.0601,1.3164,-1.7753,0.1390,-0.1850,0.1200,-0.1667,1,1.8308,-0.4032,2.3286,-1.5088,1.2125,-53.3,35,2.0787,-0.9419,0.2329,1.8747,2.2822,4.0071,0.2400,0,0,0,
278.710,81.101,now,block2_A_now,1,1.0574,1.3032,-1.7739,0.1450,0.0000,0.1200,-0.0897,1,1.8308,-0.4032,2.3286,-1.5088,1.2125,-53.3,35,2.0787,-0.9419,0.2329,1.8747,2.2822,4.0071,0.2400,0,0,0,
278.809,81.200,now,block2_A_now,1,1.0549,1.2912,-1.7787,0.1140,-0.0370,0.1137,-0.0897,1,1.8124,-0.5300,2.3142,-1.6846,1.2588,-50.2,35,2.0610,-1.0934,0.2334,1.8884,2.3331,3.8825,0.2274,0,0,0,
278.909,81.301,now,block2_A_now,1,1.0520,1.2778,-1.7909,0.1290,-0.0180,0.1200,-0.1923,1,1.7851,-0.6328,2.2401,-1.7182,1.1769,-47.7,35,2.0100,-1.1628,0.2326,1.8940,2.3221,3.8825,0.2274,0,0,0,
279.012,81.403,now,block2_A_now,1,1.0488,1.2641,-1.8098,0.1770,-0.1110,0.1137,-0.1923,1,1.7851,-0.6328,2.2401,-1.7182,1.1769,-47.7,35,2.0100,-1.1628,0.2326,1.8940,2.3221,3.8825,0.2400,0,0,0,
279.110,81.501,now,block2_A_now,1,1.0457,1.2514,-1.8217,0.1010,-0.1480,0.1200,-0.2179,1,1.7616,-0.7050,2.1102,-1.2302,0.6303,-34.6,35,1.9949,-1.0018,0.2280,1.8974,2.2323,3.8825,0.2400,0,0,0,
279.209,81.600,now,block2_A_now,1,1.0428,1.2409,-1.8499,0.1330,-0.3340,0.1137,-0.2179,1,1.7493,-0.7279,1.9759,-1.0693,0.4097,-33.8,35,1.9009,-0.9208,0.2252,1.8947,2.1122,3.8825,0.2400,0,0,0,
279.309,81.700,now,block2_A_now,1,1.0401,1.2317,-1.8737,0.1040,-0.4640,0.1200,-0.1410,1,1.7493,-0.7279,1.9759,-1.0693,0.4097,-33.8,35,1.9009,-0.9208,0.2252,1.8947,2.1122,3.8825,0.2400,0,0,0,
279.409,81.800,now,block2_A_now,1,1.0371,1.2224,-1.8968,0.0910,-0.4270,0.1137,-0.0897,1,1.7228,-0.7239,1.8701,-0.9458,0.2663,-33.6,31,1.7228,-0.7239,0.2200,1.8687,1.8687,3.8825,0.2274,0,0,0,
279.509,81.900,now,block2_A_now,1,1.0340,1.2139,-1.9157,0.0950,0.1480,0.1200,-0.0385,1,1.6936,-0.7125,1.7893,-0.8567,0.1731,-33.6,31,1.6936,-0.7125,0.2200,1.8374,1.8374,3.8825,0.2400,0,0,0,
279.609,82.000,now,block2_A_now,1,1.0307,1.2050,-1.9376,0.1010,-0.0370,0.1200,-0.1154,1,1.6936,-0.7125,1.7893,-0.8567,0.1731,-33.6,31,1.6936,-0.7125,0.2200,1.8374,1.8374,3.8825,0.2274,0,0,0,
279.709,82.100,now,block2_A_now,1,1.0269,1.1955,-1.9591,0.1390,-0.2970,0.1137,-0.0641,1,1.6682,-0.6923,1.7305,-0.7860,0.1125,-33.9,31,1.6682,-0.6923,0.2200,1.8062,1.8062,3.8825,0.2274,0,0,0,
279.819,82.210,now,block2_A_now,1,1.0233,1.1870,-1.9828,0.1670,0.0180,0.1074,-0.0385,1,1.6484,-0.6637,1.6889,-0.7246,0.0731,-34.5,31,1.6484,-0.6637,0.2200,1.7770,1.7770,3.7699,0.2400,0,0,0,
279.909,82.300,now,block2_A_now,1,1.0192,1.1780,-2.0070,0.1420,0.0180,0.1200,-0.0641,1,1.6484,-0.6637,1.6889,-0.7246,0.0731,-34.5,31,1.6484,-0.6637,0.2200,1.7770,1.7770,3.7699,0.2274,0,0,0,
280.009,82.400,now,block2_A_now,1,1.0152,1.1696,-2.0219,0.1260,0.2220,0.1137,-0.0385,1,1.6314,-0.6241,1.6577,-0.6637,0.0475,-35.5,31,1.6314,-0.6241,0.2200,1.7467,1.7467,3.7699,0.2274,0,0,0,
280.114,82.505,now,block2_A_now,1,1.0118,1.1628,-2.0412,0.1360,0.0550,0.1074,-0.0385,1,1.6156,-0.5771,1.6327,-0.6029,0.0309,-36.8,31,1.6314,-0.6241,0.2200,1.7156,1.7467,3.7699,0.2147,0,0,0,
280.209,82.600,now,block2_A_now,1,1.0073,1.1540,-2.0668,0.1010,-0.2220,0.1200,0.0000,1,1.6156,-0.5771,1.6327,-0.6029,0.0309,-36.8,31,1.6156,-0.5771,0.2200,1.7156,1.7156,3.7699,0.2400,0,0,0,
280.309,82.700,now,block2_A_now,1,1.0020,1.1443,-2.0731,0.1450,0.1480,0.1200,0.0641,1,1.6007,-0.5269,1.6118,-0.5436,0.0201,-38.2,31,1.6007,-0.5269,0.2200,1.6852,1.6852,3.7699,0.2400,0,0,0,
280.409,82.801,now,block2_A_now,1,0.9978,1.1368,-2.0842,0.1170,-0.2410,0.1200,0.0128,1,1.5882,-0.4793,1.5954,-0.4902,0.0131,-39.6,31,1.5882,-0.4793,0.2200,1.6590,1.6590,3.7699,0.2274,0,0,0,
280.509,82.900,now,block2_A_now,1,0.9916,1.1260,-2.0955,0.1610,0.0920,0.1137,0.0385,1,1.5882,-0.4793,1.5954,-0.4902,0.0131,-39.6,31,1.5882,-0.4793,0.2200,1.6590,1.6590,3.7699,0.2400,0,0,0,
280.609,83.000,now,block2_A_now,1,0.9862,1.1167,-2.0988,0.1200,0.3340,0.1200,-0.0385,1,1.5775,-0.4358,1.5821,-0.4429,0.0085,-41.0,31,1.5775,-0.4358,0.2200,1.6365,1.6365,3.7699,0.2274,0,0,0,
280.710,83.101,now,block2_A_now,1,0.9792,1.1047,-2.0995,0.1070,0.1110,0.1137,-0.0641,1,1.5663,-0.3964,1.5693,-0.4010,0.0055,-42.2,31,1.5663,-0.3964,0.2200,1.6156,1.6156,3.7699,0.2147,0,0,0,
280.809,83.200,now,block2_A_now,1,0.9727,1.0937,-2.0940,0.0600,0.0550,0.1200,-0.0128,1,1.5663,-0.3964,1.5693,-0.4010,0.0055,-42.2,31,1.5663,-0.3964,0.2200,1.6156,1.6156,3.7699,0.2274,0,0,0,
280.909,83.300,now,block2_A_now,1,0.9670,1.0837,-2.0840,0.0760,0.0370,0.1200,0.0385,1,1.5569,-0.3667,1.5589,-0.3697,0.0036,-43.2,31,1.5569,-0.3667,0.2200,1.5995,1.5995,3.6583,0.2400,0,0,0,
281.009,83.400,now,block2_A_now,1,0.9618,1.0744,-2.0848,0.0690,-0.0740,0.1137,0.0385,1,1.5483,-0.3462,1.5495,-0.3481,0.0023,-43.8,31,1.5483,-0.3462,0.2200,1.5865,1.5865,3.6583,0.2274,0,0,0,
281.114,83.505,now,block2_A_now,1,0.9561,1.0644,-2.0837,0.0790,-0.2040,0.1074,0.0385,1,1.5483,-0.3462,1.5495,-0.3481,0.0023,-43.8,31,1.5483,-0.3462,0.2200,1.5865,1.5865,3.6583,0.2147,0,0,0,
281.209,83.601,now,block2_A_now,1,0.9513,1.0557,-2.0767,0.0910,0.0180,0.1200,0.0641,1,1.5388,-0.3343,1.5397,-0.3356,0.0015,-44.2,31,1.5388,-0.3343,0.2200,1.5747,1.5747,3.6583,0.2400,0,0,0,
281.311,83.702,now,block2_A_now,1,0.9465,1.0470,-2.0796,0.1390,0.1480,0.1200,-0.0128,1,1.5283,-0.3289,1.5289,-0.3297,0.0010,0.0,31,1.5283,-0.3289,0.2200,1.5633,1.5633,3.6583,0.2400,0,0,0,
281.410,83.801,now,block2_A_now,1,0.9420,1.0390,-2.0815,0.0760,-0.1480,0.1200,0.0385,1,1.5283,-0.3289,1.5289,-0.3297,0.0010,0.0,31,1.5283,-0.3289,0.2200,1.5633,1.5633,3.6583,0.2274,0,0,0,
281.509,83.900,now,block2_A_now,1,0.9370,1.0300,-2.0793,0.1170,-0.0180,0.1137,0.0641,1,1.5179,-0.3288,1.5183,-0.3294,0.0006,0.0,31,1.5179,-0.3288,0.2200,1.5531,1.5531,3.6583,0.2400,0,0,0,
281.610,84.001,now,block2_A_now,1,0.9329,1.0226,-2.0637,0.1010,0.4450,0.1200,-0.0385,1,1.5075,-0.3321,1.5077,-0.3324,0.0004,0.0,31,1.5075,-0.3321,0.2200,1.5436,1.5436,3.6583,0.2274,0,0,0,
281.709,84.100,now,block2_A_now,1,0.9283,1.0142,-2.0703,0.0690,-0.1480,0.1137,-0.1410,1,1.5075,-0.3321,1.5077,-0.3324,0.0004,0.0,31,1.5075,-0.3321,0.2200,1.5436,1.5436,3.6583,0.2274,0,0,0,
281.809,84.200,now,block2_A_now,1,0.9238,1.0056,-2.0652,0.0690,-0.1850,0.1074,-0.0128,1,1.4947,-0.3369,1.4948,-0.3372,0.0003,0.0,31,1.4947,-0.3369,0.2200,1.5322,1.5322,3.6583,0.2400,0,0,0,
281.909,84.300,now,block2_A_now,1,0.9191,0.9970,-2.0627,0.0790,0.2410,0.1200,-0.0385,1,1.4824,-0.3440,1.4825,-0.3441,0.0002,0.0,31,1.4824,-0.3440,0.2200,1.5218,1.5218,3.5465,0.2274,0,0,0,
282.009,84.400,now,block2_A_now,1,0.9139,0.9871,-2.0497,0.1670,0.0550,0.1074,0.1154,1,1.4824,-0.3440,1.4825,-0.3441,0.0002,0.0,31,1.4824,-0.3440,0.2200,1.5218,1.5218,3.5465,0.2400,0,0,0,
282.110,84.501,now,block2_A_now,1,0.9096,0.9788,-2.0319,0.0980,0.4270,0.1137,0.0128,1,1.4674,-0.3512,1.4674,-0.3513,0.0001,0.0,31,1.4674,-0.3512,0.2200,1.5088,1.5088,3.5465,0.2274,0,0,0,
282.214,84.606,now,block2_A_now,1,0.9055,0.9706,-2.0405,0.0720,0.0550,0.1137,-0.1154,1,1.4674,-0.3512,1.4674,-0.3513,0.0001,0.0,31,1.4674,-0.3512,0.2200,1.5088,1.5088,3.5465,0.2147,0,0,0,
282.309,84.700,now,block2_A_now,1,0.9008,0.9612,-2.0345,0.1200,-0.2970,0.1074,-0.0128,1,1.4501,-0.3582,1.4501,-0.3583,0.0001,0.0,31,1.4501,-0.3582,0.2200,1.4937,1.4937,3.5465,0.2400,0,0,0,
282.409,84.800,now,block2_A_now,1,0.8972,0.9538,-2.0161,0.0470,0.0920,0.1200,-0.0385,1,1.4339,-0.3653,1.4339,-0.3653,0.0000,0.0,31,1.4339,-0.3653,0.2200,1.4797,1.4797,3.5465,0.2400,0,0,0,
282.512,84.903,now,block2_A_now,1,0.8923,0.9435,-2.0109,0.1010,0.1110,0.1200,0.0128,1,1.4339,-0.3653,1.4339,-0.3653,0.0000,0.0,31,1.4339,-0.3653,0.2200,1.4797,1.4797,3.5465,0.2400,0,0,0,
282.609,85.000,now,block2_A_now,1,0.8879,0.9340,-2.0039,0.1330,-0.2220,0.1137,0.0128,1,1.4177,-0.3717,1.4177,-0.3718,0.0000,0.0,31,1.4177,-0.3717,0.2200,1.4656,1.4656,3.5465,0.2274,0,0,0,
282.709,85.101,now,block2_A_now,1,0.8839,0.9255,-1.9972,0.1140,0.3340,0.1200,-0.0641,1,1.4006,-0.3778,1.4006,-0.3778,0.0000,0.0,31,1.4006,-0.3778,0.2200,1.4507,1.4507,3.5465,0.2400,0,0,0,
282.810,85.201,now,block2_A_now,1,0.8799,0.9167,-1.9928,0.1040,0.3150,0.1137,-0.1410,1,1.4006,-0.3778,1.4006,-0.3778,0.0000,0.0,31,1.4006,-0.3778,0.2200,1.4507,1.4507,3.5465,0.2274,0,0,0,
282.911,85.303,now,block2_A_now,1,0.8751,0.9059,-1.9856,0.1450,0.2220,0.1137,-0.1923,1,1.3795,-0.3822,1.3795,-0.3822,0.0000,0.0,31,1.3795,-0.3822,0.2200,1.4315,1.4315,3.4600,0.2400,0,0,0,
283.009,85.400,now,block2_A_now,1,0.8705,0.8955,-1.9829,0.1360,0.0550,0.1200,-0.1923,1,1.3573,-0.3868,1.3573,-0.3868,0.0000,0.0,31,1.3573,-0.3868,0.2200,1.4113,1.4113,3.4600,0.2274,0,0,0,
283.116,85.507,now,block2_A_now,1,0.8662,0.8856,-1.9873,0.1070,-0.1480,0.1074,0.0897,1,1.3573,-0.3868,1.3573,-0.3868,0.0000,0.0,31,1.3573,-0.3868,0.2200,1.4113,1.4113,3.4600,0.2021,0,0,0,
283.209,85.601,now,block2_A_now,1,0.8606,0.8728,-1.9851,0.1420,0.2410,0.1011,0.1154,1,1.3360,-0.3906,1.3360,-0.3906,0.0000,0.0,31,1.3360,-0.3906,0.2200,1.3919,1.3919,3.4600,0.2400,0,0,0,
283.309,85.700,now,block2_A_now,1,0.8554,0.8612,-1.9922,0.1710,0.0370,0.1200,0.1154,1,1.3149,-0.3935,1.3149,-0.3935,0.0000,0.0,31,1.3149,-0.3935,0.2200,1.3725,1.3725,3.4600,0.2274,0,0,0,
283.413,85.804,now,block2_A_now,1,0.8504,0.8501,-1.9877,0.1010,0.3340,0.1137,0.1923,1,1.3149,-0.3935,1.3149,-0.3935,0.0000,0.0,31,1.3149,-0.3935,0.2200,1.3725,1.3725,3.4600,0.2147,0,0,0,
283.509,85.900,now,block2_A_now,1,0.8457,0.8395,-1.9874,0.0500,-0.0370,0.1074,0.1923,1,1.2947,-0.3944,1.2947,-0.3944,0.0000,0.0,31,1.2947,-0.3944,0.2200,1.3534,1.3534,3.4600,0.2021,0,0,0,
283.609,86.000,now,block2_A_now,1,0.8412,0.8293,-1.9833,0.1550,0.0920,0.1011,0.1410,1,1.2634,-0.3969,1.2634,-0.3969,0.0000,0.0,31,1.2634,-0.3969,0.2200,1.3243,1.3243,3.4600,0.2021,0,0,0,
283.711,86.102,now,block2_A_now,1,0.8383,0.8227,-1.9855,0.0250,0.0370,0.1200,0.1410,1,1.2634,-0.3969,1.2634,-0.3969,0.0000,0.0,31,1.2634,-0.3969,0.2200,1.3243,1.3243,3.4600,0.2400,0,0,0,
283.809,86.200,now,block2_A_now,1,0.8353,0.8159,-1.9967,0.0630,-0.2600,0.1200,0.1154,1,1.2190,-0.3999,1.2190,-0.4000,0.0000,0.0,31,1.2190,-0.3999,0.2200,1.2829,1.2829,3.4600,0.2400,0,0,0,
283.909,86.300,now,block2_A_now,1,0.8313,0.8072,-1.9881,0.1170,0.2780,0.1200,0.1410,1,1.1487,-0.4031,0.9210,-0.4468,0.2318,-149.8,35,1.0375,-0.4259,0.2224,1.2173,1.1215,3.4600,0.2387,0,0,0,
284.009,86.400,now,block2_A_now,1,0.8282,0.8000,-1.9733,0.0500,0.1850,0.1074,0.2179,1,1.1487,-0.4031,0.9210,-0.4468,0.2318,-149.8,35,1.0375,-0.4259,0.2224,1.2173,1.1215,3.3174,0.2400,0,0,0,
284.109,86.500,now,block2_A_now,1,0.8235,0.7888,-1.9666,0.0880,0.0370,0.1200,-0.1021,1,1.0692,-0.4021,0.6419,-0.4634,0.4317,-151.2,35,0.8605,-0.4348,0.2246,1.1423,0.9641,3.3174,0.2147,0,0,0,
284.209,86.600,now,block2_A_now,1,0.8192,0.7783,-1.9587,0.1360,-0.1300,0.0568,-0.2179,1,0.9758,-0.3985,0.3653,-0.4622,0.6139,-151.8,35,0.6775,-0.4329,0.2265,1.0540,0.8040,3.3174,0.1049,0,0,0,
284.309,86.700,now,block2_A_now,1,0.8148,0.7673,-1.9399,0.0950,0.3710,0.1011,-0.1349,1,0.9758,-0.3985,0.3653,-0.4622,0.6139,-151.8,35,0.6775,-0.4329,0.2265,1.0540,0.8040,3.3174,0.0875,0,0,0,
284.410,86.801,now,block2_A_now,1,0.8105,0.7562,-1.9278,0.1010,0.2220,0.1137,-0.0579,1,0.8769,-0.3932,0.1001,-0.4523,0.7791,-151.5,35,0.4971,-0.4255,0.2283,0.9610,0.6544,3.3174,0.2274,0,0,0,
284.509,86.900,now,block2_A_now,1,0.8073,0.7475,-1.9238,0.1580,0.0370,0.1137,0.0897,1,0.8769,-0.3932,0.1001,-0.4523,0.7791,-151.5,35,0.4971,-0.4255,0.2283,0.9610,0.6544,3.3174,0.2274,0,0,0,
284.611,87.002,now,block2_A_now,1,0.8042,0.7390,-1.9256,0.0880,-0.4080,0.0316,0.0000,1,0.8769,-0.3932,0.1001,-0.4523,0.7791,-151.5,35,0.4971,-0.4255,0.2283,0.9610,0.6544,3.3174,0.0505,0,0,0,
284.712,87.103,now,block2_A_now,1,0.8017,0.7321,-1.9270,0.0850,-0.4270,0.0253,0.0128,1,0.8769,-0.3932,0.1001,-0.4523,0.7791,-151.5,35,0.4971,-0.4255,0.2283,0.9610,0.6544,3.3174,0.0505,0,0,0,
284.809,87.200,now,block2_A_now,1,0.7995,0.7261,-1.9175,0.1360,0.0920,0.1011,0.0897,1,0.8769,-0.3932,0.1001,-0.4523,0.7791,-151.5,35,0.4971,-0.4255,0.2283,0.9610,0.6544,3.3174,0.2021,0,0,0,
284.909,87.300,now,block2_A_now,1,0.7985,0.7234,-1.9063,0.0000,0.0000,0.1200,0.0128,1,0.8769,-0.3932,0.1001,-0.4523,0.7791,-151.5,35,0.4971,-0.4255,0.2283,0.9610,0.6544,3.3174,0.2400,0,0,0,
285.009,87.400,now,block2_A_now,1,0.7964,0.7175,-1.9064,0.0280,0.0920,0.1200,0.0385,1,0.8769,-0.3932,0.1001,-0.4523,0.7791,-151.5,35,0.4971,-0.4255,0.2283,0.9610,0.6544,3.2305,0.2400,0,0,0,
285.109,87.500,now,block2_A_now,1,0.7964,0.7175,-1.9061,0.0000,0.0000,0.1137,0.1410,1,0.8769,-0.3932,0.1001,-0.4523,0.7791,-151.5,35,0.4971,-0.4255,0.2283,0.9610,0.6544,3.2305,0.2311,0,0,0,
285.209,87.600,now,block2_A_now,1,0.7945,0.7121,-1.9100,0.0000,0.0000,0.1200,0.1410,1,0.8769,-0.3932,0.1001,-0.4523,0.7791,-151.5,35,0.4971,-0.4255,0.2283,0.9610,0.6544,3.2305,0.1768,0,0,0,
285.309,87.700,now,block2_A_now,1,0.7922,0.7054,-1.9040,0.0340,0.0550,0.1137,0.0897,1,0.8769,-0.3932,0.1001,-0.4523,0.7791,-151.5,35,0.4971,-0.4255,0.2283,0.9610,0.6544,3.2305,0.2147,0,0,0,
285.409,87.800,now,block2_A_now,1,0.7883,0.6941,-1.9011,0.1260,0.3340,0.1074,0.0897,0,0.8769,-0.3932,0.1001,-0.4523,0.7791,-151.5,35,0.4971,-0.4255,0.2283,0.9610,0.6544,3.2305,0.2147,0,0,0,
285.510,87.901,now,block2_A_now,1,0.7843,0.6826,-1.8935,0.1260,0.3710,0.1011,0.0897,0,0.8769,-0.3932,0.1001,-0.4523,0.7791,-151.5,35,0.4971,-0.4255,0.2283,0.9610,0.6544,3.2305,0.1516,0,0,0,
285.609,88.000,now,block2_A_now,1,0.7801,0.6699,-1.8930,0.0820,0.1110,0.1200,0.1154,0,0.8769,-0.3932,0.1001,-0.4523,0.7791,-151.5,35,0.4971,-0.4255,0.2283,0.9610,0.6544,3.2305,0.2400,0,0,0,
285.709,88.100,now,block2_A_now,1,0.7758,0.6572,-1.8915,0.0630,-0.0740,0.1200,0.0000,0,0.8769,-0.3932,0.1001,-0.4523,0.7791,-151.5,35,0.4971,-0.4255,0.2283,0.9610,0.6544,3.2305,0.2274,0,0,0,
285.809,88.200,now,block2_A_now,1,0.7719,0.6452,-1.8847,0.1070,0.1480,0.1137,0.0000,0,0.8769,-0.3932,0.1001,-0.4523,0.7791,-151.5,35,0.4971,-0.4255,0.2283,0.9610,0.6544,3.2305,0.2147,0,0,0,
285.909,88.300,now,block2_A_now,1,0.7688,0.6356,-1.8806,0.1260,-0.1480,0.1074,0.0000,0,0.8769,-0.3932,0.1001,-0.4523,0.7791,-151.5,35,0.4971,-0.4255,0.2283,0.9610,0.6544,3.2305,0.2021,0,0,0,
286.009,88.400,now,block2_A_now,1,0.7653,0.6245,-1.8753,0.0880,-0.2970,0.1011,0.0128,0,0.8769,-0.3932,0.1001,-0.4523,0.7791,-151.5,35,0.4971,-0.4255,0.2283,0.9610,0.6544,3.0993,0.2400,0,0,0,
286.109,88.500,now,block2_A_now,1,0.7618,0.6132,-1.8650,0.1290,0.1670,0.1200,0.0897,0,0.8769,-0.3932,0.1001,-0.4523,0.7791,-151.5,35,0.4971,-0.4255,0.2283,0.9610,0.6544,3.0993,0.2400,0,0,0,
286.211,88.603,now,block2_A_now,1,0.7597,0.6060,-1.8546,0.0440,0.0740,0.1200,-0.0385,0,0.8769,-0.3932,0.1001,-0.4523,0.7791,-151.5,35,0.4971,-0.4255,0.2283,0.9610,0.6544,3.0993,0.2274,0,0,0,
286.309,88.700,now,block2_A_now,1,0.7569,0.5964,-1.8527,0.1450,-0.1480,0.1137,-0.0385,0,0.8769,-0.3932,0.1001,-0.4523,0.7791,-151.5,35,0.4971,-0.4255,0.2283,0.9610,0.6544,3.0993,0.2396,0,0,0,
286.410,88.801,now,block2_A_now,1,0.7548,0.5894,-1.8576,0.0630,-0.2970,0.1074,-0.1154,0,0.8769,-0.3932,0.1001,-0.4523,0.7791,-151.5,35,0.4971,-0.4255,0.2283,0.9610,0.6544,3.0993,0.2386,0,0,0,
286.509,88.900,now,block2_A_now,1,0.7526,0.5815,-1.8435,0.0570,0.2220,0.1137,-0.1154,0,0.8769,-0.3932,0.1001,-0.4523,0.7791,-151.5,35,0.4971,-0.4255,0.2283,0.9610,0.6544,3.0993,0.2400,0,0,0,
286.609,89.000,now,block2_A_now,1,0.7499,0.5719,-1.8472,0.1230,-0.0550,0.1137,-0.1923,0,0.8769,-0.3932,0.1001,-0.4523,0.7791,-151.5,35,0.4971,-0.4255,0.2283,0.9610,0.6544,3.0993,0.2147,0,0,0,
286.710,89.101,now,block2_A_now,1,0.7466,0.5604,-1.8436,0.1800,0.0180,0.1200,-0.1154,0,0.8769,-0.3932,0.1001,-0.4523,0.7791,-151.5,35,0.4971,-0.4255,0.2283,0.9610,0.6544,3.0993,0.2400,0,0,0,
286.809,89.200,now,block2_A_now,1,0.7432,0.5481,-1.8440,0.1520,-0.2220,0.1200,-0.1923,0,0.8769,-0.3932,0.1001,-0.4523,0.7791,-151.5,35,0.4971,-0.4255,0.2283,0.9610,0.6544,3.0993,0.2400,0,0,0,
286.909,89.300,now,block2_A_now,1,0.7400,0.5366,-1.8603,0.0950,-0.0740,0.1200,-0.1154,0,0.8769,-0.3932,0.1001,-0.4523,0.7791,-151.5,35,0.4971,-0.4255,0.2283,0.9610,0.6544,3.0993,0.2400,0,0,0,
287.009,89.400,now,block2_A_now,1,0.7356,0.5221,-1.8640,0.1860,-0.0550,0.1200,-0.1410,0,0.8769,-0.3932,0.1001,-0.4523,0.7791,-151.5,35,0.4971,-0.4255,0.2283,0.9610,0.6544,3.0993,0.2285,0,0,0,
287.109,89.500,now,block2_A_now,1,0.7318,0.5096,-1.8685,0.1450,0.2220,0.1200,-0.0897,0,0.8769,-0.3932,0.1001,-0.4523,0.7791,-151.5,35,0.4971,-0.4255,0.2283,0.9610,0.6544,2.9878,0.2400,0,0,0,
287.210,89.601,now,block2_A_now,1,0.7281,0.4979,-1.8882,0.1290,-0.3900,0.1200,-0.0897,0,0.8769,-0.3932,0.1001,-0.4523,0.7791,-151.5,35,0.4971,-0.4255,0.2283,0.9610,0.6544,2.9878,0.2400,0,0,0,
287.309,89.700,now,block2_A_now,1,0.7246,0.4872,-1.9030,0.1010,-0.3710,0.1137,-0.0385,0,0.8769,-0.3932,0.1001,-0.4523,0.7791,-151.5,35,0.4971,-0.4255,0.2283,0.9610,0.6544,2.9878,0.2400,0,0,0,
287.409,89.800,now,block2_A_now,1,0.7210,0.4771,-1.9119,0.1330,0.1850,0.1200,-0.1154,0,0.8769,-0.3932,0.1001,-0.4523,0.7791,-151.5,35,0.4971,-0.4255,0.2283,0.9610,0.6544,2.9878,0.2274,0,0,0,
287.509,89.900,now,block2_A_now,1,0.7178,0.4682,-1.9212,0.0820,-0.1480,0.1137,-0.1410,0,0.8769,-0.3932,0.1001,-0.4523,0.7791,-151.5,35,0.4971,-0.4255,0.2283,0.9610,0.6544,2.9878,0.2274,0,0,0,
287.609,90.000,now,block2_A_now,1,0.7139,0.4575,-1.9331,0.1480,-0.0180,0.1137,-0.1410,0,0.8769,-0.3932,0.1001,-0.4523,0.7791,-151.5,35,0.4971,-0.4255,0.2283,0.9610,0.6544,2.9878,0.2400,0,0,0,
287.709,90.100,now,block2_A_now,1,0.7104,0.4484,-1.9406,0.1450,-0.0370,0.1200,-0.1667,0,0.8769,-0.3932,0.1001,-0.4523,0.7791,-151.5,35,0.4971,-0.4255,0.2283,0.9610,0.6544,2.9878,0.2400,0,0,0,
287.809,90.200,now,block2_A_now,1,0.7065,0.4384,-1.9591,0.0850,-0.4270,0.1200,-0.0641,0,0.8769,-0.3932,0.1001,-0.4523,0.7791,-151.5,35,0.4971,-0.4255,0.2283,0.9610,0.6544,2.9878,0.2400,0,0,0,
287.910,90.301,now,block2_A_now,1,0.7025,0.4289,-1.9761,0.1360,-0.0180,0.1200,-0.0641,0,0.8769,-0.3932,0.1001,-0.4523,0.7791,-151.5,35,0.4971,-0.4255,0.2283,0.9610,0.6544,2.9878,0.2400,0,0,0,
288.009,90.400,now,block2_A_now,1,0.6977,0.4177,-1.9920,0.1010,-0.1480,0.1200,-0.0897,0,0.8769,-0.3932,0.1001,-0.4523,0.7791,-151.5,35,0.4971,-0.4255,0.2283,0.9610,0.6544,2.9878,0.2274,0,0,0,
288.109,90.500,now,block2_A_now,1,0.6933,0.4081,-2.0061,0.0910,-0.3530,0.1200,-0.0128,0,0.8769,-0.3932,0.1001,-0.4523,0.7791,-151.5,35,0.4971,-0.4255,0.2283,0.9610,0.6544,2.8761,0.2400,0,0,0,
288.209,90.600,now,block2_A_now,1,0.6879,0.3965,-2.0176,0.1200,-0.1110,0.1200,0.0641,0,0.8769,-0.3932,0.1001,-0.4523,0.7791,-151.5,35,0.4971,-0.4255,0.2283,0.9610,0.6544,2.8761,0.2400,0,0,0,
288.309,90.700,now,block2_A_now,1,0.6838,0.3881,-2.0362,0.0760,-0.2220,0.1137,0.0385,0,0.8769,-0.3932,0.1001,-0.4523,0.7791,-151.5,35,0.4971,-0.4255,0.2283,0.9610,0.6544,2.8761,0.2274,0,0,0,
288.413,90.804,now,block2_A_now,1,0.6784,0.3776,-2.0506,0.1550,0.0920,0.1200,-0.0385,0,0.8769,-0.3932,0.1001,-0.4523,0.7791,-151.5,35,0.4971,-0.4255,0.2283,0.9610,0.6544,2.8761,0.2400,0,0,0,
288.509,90.900,now,block2_A_now,1,0.6739,0.3693,-2.0669,0.1200,0.1480,0.1137,-0.0128,0,0.8769,-0.3932,0.1001,-0.4523,0.7791,-151.5,35,0.4971,-0.4255,0.2283,0.9610,0.6544,2.8761,0.2274,0,0,0,
288.609,91.000,now,block2_A_now,1,0.6699,0.3619,-2.0762,0.1230,-0.2410,0.1137,-0.0385,0,0.8769,-0.3932,0.1001,-0.4523,0.7791,-151.5,35,0.4971,-0.4255,0.2283,0.9610,0.6544,2.8761,0.2147,0,0,0,
288.709,91.100,now,block2_A_now,1,0.6665,0.3558,-2.0733,0.0150,-0.0180,0.1200,0.0385,0,0.8769,-0.3932,0.1001,-0.4523,0.7791,-151.5,35,0.4971,-0.4255,0.2283,0.9610,0.6544,2.8761,0.2400,0,0,0,
288.811,91.202,now,block2_A_now,1,0.6628,0.3492,-2.0845,0.0340,-0.0920,0.1200,-0.0385,0,0.8769,-0.3932,0.1001,-0.4523,0.7791,-151.5,35,0.4971,-0.4255,0.2283,0.9610,0.6544,2.8761,0.2400,0,0,0,
288.909,91.300,now,block2_A_now,1,0.6587,0.3420,-2.0872,0.1330,-0.2220,0.1200,-0.0385,0,0.8769,-0.3932,0.1001,-0.4523,0.7791,-151.5,35,0.4971,-0.4255,0.2283,0.9610,0.6544,2.8761,0.2400,0,0,0,
289.009,91.400,now,block2_A_now,1,0.6537,0.3331,-2.0964,0.1670,0.0180,0.1200,0.0128,0,0.8769,-0.3932,0.1001,-0.4523,0.7791,-151.5,35,0.4971,-0.4255,0.2283,0.9610,0.6544,2.8761,0.2274,0,0,0,
289.109,91.500,now,block2_A_now,1,0.6485,0.3242,-2.1072,0.1230,-0.3530,0.1137,0.0385,0,0.8769,-0.3932,0.1001,-0.4523,0.7791,-151.5,35,0.4971,-0.4255,0.2283,0.9610,0.6544,2.7901,0.2274,0,0,0,
289.211,91.602,now,block2_A_now,1,0.6422,0.3135,-2.1128,0.1450,-0.2220,0.1074,0.1154,0,0.8769,-0.3932,0.1001,-0.4523,0.7791,-151.5,35,0.4971,-0.4255,0.2283,0.9610,0.6544,2.7901,0.2400,0,0,0,
289.309,91.700,now,block2_A_now,1,0.6359,0.3032,-2.1158,0.1010,0.0740,0.1200,0.1410,0,0.8769,-0.3932,0.1001,-0.4523,0.7791,-151.5,35,0.4971,-0.4255,0.2283,0.9610,0.6544,2.7901,0.2400,0,0,0,
289.409,91.800,now,block2_A_now,1,0.6290,0.2919,-2.1143,0.0980,0.2040,0.1200,0.0897,0,0.8769,-0.3932,0.1001,-0.4523,0.7791,-151.5,35,0.4971,-0.4255,0.2283,0.9610,0.6544,2.7901,0.2274,0,0,0,
289.509,91.900,now,block2_A_now,1,0.6222,0.2806,-2.1118,0.1170,0.2040,0.1137,0.0897,0,0.8769,-0.3932,0.1001,-0.4523,0.7791,-151.5,35,0.4971,-0.4255,0.2283,0.9610,0.6544,2.7901,0.2147,0,0,0,
289.609,92.000,now,block2_A_now,1,0.6158,0.2698,-2.0968,0.1170,0.3900,0.1074,0.0897,0,0.8769,-0.3932,0.1001,-0.4523,0.7791,-151.5,35,0.4971,-0.4255,0.2283,0.9610,0.6544,2.7901,0.2021,0,0,0,
289.709,92.100,now,block2_A_now,1,0.6097,0.2592,-2.0879,0.1170,0.0550,0.1200,0.1154,0,0.8769,-0.3932,0.1001,-0.4523,0.7791,-151.5,35,0.4971,-0.4255,0.2283,0.9610,0.6544,2.7901,0.2400,0,0,0,
289.809,92.200,now,block2_A_now,1,0.6050,0.2509,-2.0672,0.0760,0.3710,0.1200,0.1154,0,0.8769,-0.3932,0.1001,-0.4523,0.7791,-151.5,35,0.4971,-0.4255,0.2283,0.9610,0.6544,2.7901,0.2400,0,0,0,
289.909,92.300,now,block2_A_now,1,0.5994,0.2404,-2.0575,0.0820,-0.0370,0.1200,0.0385,0,0.8769,-0.3932,0.1001,-0.4523,0.7791,-151.5,35,0.4971,-0.4255,0.2283,0.9610,0.6544,2.7901,0.2400,0,0,0,
290.009,92.400,now,block2_A_now,1,0.5948,0.2316,-2.0364,0.0950,0.3710,0.1137,0.0385,0,0.8769,-0.3932,0.1001,-0.4523,0.7791,-151.5,35,0.4971,-0.4255,0.2283,0.9610,0.6544,2.7901,0.2274,0,0,0,
290.111,92.503,now,block2_A_now,1,0.5902,0.2222,-2.0187,0.0880,0.4080,0.1074,0.0385,0,0.8769,-0.3932,0.1001,-0.4523,0.7791,-151.5,35,0.4971,-0.4255,0.2283,0.9610,0.6544,2.7901,0.2147,0,0,0,
290.209,92.600,now,block2_A_now,1,0.5863,0.2141,-2.0128,0.0910,-0.2040,0.1137,0.0385,0,0.8769,-0.3932,0.1001,-0.4523,0.7791,-151.5,35,0.4971,-0.4255,0.2283,0.9610,0.6544,2.6529,0.2400,0,0,0,
290.309,92.701,now,block2_A_now,1,0.5826,0.2061,-2.0002,0.0910,-0.3150,0.1200,0.1410,0,0.8769,-0.3932,0.1001,-0.4523,0.7791,-151.5,35,0.4971,-0.4255,0.2283,0.9610,0.6544,2.6529,0.2274,0,0,0,
290.409,92.801,now,block2_A_now,1,0.5791,0.1984,-1.9935,0.1200,0.0370,0.1137,0.2754,0,0.8769,-0.3932,0.1001,-0.4523,0.7791,-151.5,35,0.4971,-0.4255,0.2283,0.9610,0.6544,2.6529,0.2111,0,0,0,
290.509,92.900,now,block2_A_now,1,0.5749,0.1890,-1.9804,0.1260,0.2970,0.1074,0.1667,0,0.8769,-0.3932,0.1001,-0.4523,0.7791,-151.5,35,0.4971,-0.4255,0.2283,0.9610,0.6544,2.6529,0.2021,0,0,0,
290.609,93.000,now,block2_A_now,1,0.5712,0.1801,-1.9596,0.1100,0.2410,0.1011,0.1923,0,0.8769,-0.3932,0.1001,-0.4523,0.7791,-151.5,35,0.4971,-0.4255,0.2283,0.9610,0.6544,2.6529,0.2021,0,0,0,
290.709,93.100,now,block2_A_now,1,0.5674,0.1708,-1.9458,0.0910,0.5010,0.1200,0.1410,0,0.8769,-0.3932,0.1001,-0.4523,0.7791,-151.5,35,0.4971,-0.4255,0.2283,0.9610,0.6544,2.6529,0.2400,0,0,0,
290.809,93.200,now,block2_A_now,1,0.5638,0.1615,-1.9191,0.0880,0.4450,0.1200,0.0641,0,0.8769,-0.3932,0.1001,-0.4523,0.7791,-151.5,35,0.4971,-0.4255,0.2283,0.9610,0.6544,2.6529,0.2274,0,0,0,
290.909,93.300,now,block2_A_now,1,0.5599,0.1508,-1.9192,0.1070,-0.2970,0.1137,0.0641,0,0.8769,-0.3932,0.1001,-0.4523,0.7791,-151.5,35,0.4971,-0.4255,0.2283,0.9610,0.6544,2.6529,0.2147,0,0,0,
291.009,93.400,now,block2_A_now,1,0.5560,0.1395,-1.8928,0.1100,0.5010,0.1074,0.1667,0,0.8769,-0.3932,0.1001,-0.4523,0.7791,-151.5,35,0.4971,-0.4255,0.2283,0.9610,0.6544,2.6529,0.2021,0,0,0,
291.109,93.500,now,block2_A_now,1,0.5531,0.1307,-1.8776,0.1040,0.3150,0.1011,0.0000,0,0.8769,-0.3932,0.1001,-0.4523,0.7791,-151.5,35,0.4971,-0.4255,0.2283,0.9610,0.6544,2.6529,0.2400,0,0,0,
291.209,93.600,now,block2_A_now,1,0.5499,0.1205,-1.8680,0.1140,0.0000,0.1200,0.0897,0,0.8769,-0.3932,0.1001,-0.4523,0.7791,-151.5,35,0.4971,-0.4255,0.2283,0.9610,0.6544,2.5360,0.2396,0,0,0,
291.309,93.700,now,block2_A_now,1,0.5467,0.1096,-1.8524,0.0660,0.0550,0.1200,-0.0446,0,0.8769,-0.3932,0.1001,-0.4523,0.7791,-151.5,35,0.4971,-0.4255,0.2283,0.9610,0.6544,2.5360,0.2274,0,0,0,
291.409,93.800,now,block2_A_now,1,0.5443,0.1010,-1.8324,0.0690,0.3340,0.1137,-0.0641,0,0.8769,-0.3932,0.1001,-0.4523,0.7791,-151.5,35,0.4971,-0.4255,0.2283,0.9610,0.6544,2.5360,0.2400,0,0,0,
291.509,93.901,now,block2_A_now,1,0.5417,0.0910,-1.8164,0.0660,-0.0550,0.1200,-0.2179,0,0.8769,-0.3932,0.1001,-0.4523,0.7791,-151.5,35,0.4971,-0.4255,0.2283,0.9610,0.6544,2.5360,0.2274,0,0,0,
291.609,94.000,now,block2_A_now,1,0.5390,0.0800,-1.8079,0.0820,-0.2220,0.1137,-0.1154,0,0.8769,-0.3932,0.1001,-0.4523,0.7791,-151.5,35,0.4971,-0.4255,0.2283,0.9610,0.6544,2.5360,0.2021,0,0,0,
291.712,94.103,now,block2_A_now,1,0.5367,0.0704,-1.7823,0.1100,0.5010,0.1074,-0.1410,0,0.8769,-0.3932,0.1001,-0.4523,0.7791,-151.5,35,0.4971,-0.4255,0.2283,0.9610,0.6544,2.5360,0.2147,0,0,0,
291.809,94.200,now,block2_A_now,1,0.5340,0.0575,-1.7822,0.1770,0.0740,0.1200,-0.3267,0,0.8769,-0.3932,0.1001,-0.4523,0.7791,-151.5,35,0.4971,-0.4255,0.2283,0.9610,0.6544,2.5360,0.2400,0,0,0,
291.909,94.300,now,block2_A_now,1,0.5310,0.0437,-1.7822,0.1860,-0.0550,0.1137,-0.2436,0,0.8769,-0.3932,0.1001,-0.4523,0.7791,-151.5,35,0.4971,-0.4255,0.2283,0.9610,0.6544,2.5360,0.2400,0,0,0,
292.009,94.400,now,block2_A_now,1,0.5281,0.0301,-1.7881,0.1550,-0.2780,0.1200,-0.1923,0,0.8769,-0.3932,0.1001,-0.4523,0.7791,-151.5,35,0.4971,-0.4255,0.2283,0.9610,0.6544,2.5360,0.2274,0,0,0,
292.109,94.500,now,block2_A_now,1,0.5251,0.0174,-1.8021,0.1640,0.0000,0.1137,-0.1923,0,0.8769,-0.3932,0.1001,-0.4523,0.7791,-151.5,35,0.4971,-0.4255,0.2283,0.9610,0.6544,2.5360,0.2400,0,0,0,
292.209,94.600,now,block2_A_now,1,0.5220,0.0046,-1.8263,0.1100,-0.3900,0.1200,-0.1667,0,0.8769,-0.3932,0.1001,-0.4523,0.7791,-151.5,35,0.4971,-0.4255,0.2283,0.9610,0.6544,2.4041,0.2274,0,0,0,
292.311,94.703,now,block2_A_now,1,0.5192,-0.0058,-1.8522,0.0470,-0.2410,0.1200,-0.0897,0,0.8769,-0.3932,0.1001,-0.4523,0.7791,-151.5,35,0.4971,-0.4255,0.2283,0.9610,0.6544,2.4041,0.2274,0,0,0,
292.409,94.800,now,block2_A_now,1,0.5159,-0.0171,-1.8797,0.0950,-0.5200,0.1137,-0.0897,0,0.8769,-0.3932,0.1001,-0.4523,0.7791,-151.5,35,0.4971,-0.4255,0.2283,0.9610,0.6544,2.4041,0.2147,0,0,0,
292.509,94.900,now,block2_A_now,1,0.5129,-0.0262,-1.9018,0.0980,-0.5750,0.1074,-0.0385,0,0.8769,-0.3932,0.1001,-0.4523,0.7791,-151.5,35,0.4971,-0.4255,0.2283,0.9610,0.6544,2.4041,0.2400,0,0,0,
292.609,95.000,now,block2_A_now,1,0.5100,-0.0347,-1.9218,0.0820,-0.4450,0.1011,0.0385,0,0.8769,-0.3932,0.1001,-0.4523,0.7791,-151.5,35,0.4971,-0.4255,0.2283,0.9610,0.6544,2.4041,0.2400,0,0,0,
292.709,95.100,now,block2_A_now,1,0.5070,-0.0426,-1.9423,0.0980,-0.4640,0.1200,0.0641,0,0.8769,-0.3932,0.1001,-0.4523,0.7791,-151.5,35,0.4971,-0.4255,0.2283,0.9610,0.6544,2.4041,0.2400,0,0,0,
292.809,95.200,now,block2_A_now,1,0.5041,-0.0501,-1.9476,0.0690,-0.3710,0.1137,0.1472,0,0.8769,-0.3932,0.1001,-0.4523,0.7791,-151.5,35,0.4971,-0.4255,0.2283,0.9610,0.6544,2.4041,0.2274,0,0,0,
292.909,95.301,now,block2_A_now,1,0.5015,-0.0563,-1.9598,0.0690,0.2600,0.1137,0.0128,0,0.8769,-0.3932,0.1001,-0.4523,0.7791,-151.5,35,0.4971,-0.4255,0.2283,0.9610,0.6544,2.4041,0.2274,0,0,0,
293.009,95.401,now,block2_A_now,1,0.4987,-0.0630,-1.9794,0.1260,0.1480,0.1074,0.0385,0,0.8769,-0.3932,0.1001,-0.4523,0.7791,-151.5,35,0.4971,-0.4255,0.2283,0.9610,0.6544,2.4041,0.2147,0,0,0,
293.109,95.500,now,block2_A_now,1,0.4954,-0.0705,-1.9909,0.1580,-0.0740,0.1011,0.0897,0,0.8769,-0.3932,0.1001,-0.4523,0.7791,-151.5,35,0.4971,-0.4255,0.2283,0.9610,0.6544,2.4041,0.2021,0,0,0,
293.209,95.600,now,block2_A_now,1,0.4918,-0.0783,-2.0068,0.1330,0.0740,0.1011,0.0641,0,0.8769,-0.3932,0.1001,-0.4523,0.7791,-151.5,35,0.4971,-0.4255,0.2283,0.9610,0.6544,2.4041,0.2021,0,0,0,
293.311,95.702,now,block2_A_now,1,0.4876,-0.0872,-2.0109,0.1040,0.2410,0.1200,0.1154,0,0.8769,-0.3932,0.1001,-0.4523,0.7791,-151.5,35,0.4971,-0.4255,0.2283,0.9610,0.6544,2.3358,0.2400,0,0,0,
293.409,95.800,now,block2_A_now,1,0.4828,-0.0975,-2.0068,0.0690,-0.0370,0.1200,-0.0385,0,0.8769,-0.3932,0.1001,-0.4523,0.7791,-151.5,35,0.4971,-0.4255,0.2283,0.9610,0.6544,2.3358,0.2400,0,0,0,
293.510,95.901,now,block2_A_now,1,0.4772,-0.1095,-2.0067,0.0690,0.0370,0.1200,0.0000,0,0.8769,-0.3932,0.1001,-0.4523,0.7791,-151.5,35,0.4971,-0.4255,0.2283,0.9610,0.6544,2.3358,0.2274,0,0,0,
293.610,96.001,now,block2_A_now,1,0.4716,-0.1215,-1.9973,0.1170,0.3150,0.1137,0.0000,0,0.8769,-0.3932,0.1001,-0.4523,0.7791,-151.5,35,0.4971,-0.4255,0.2283,0.9610,0.6544,2.3358,0.2147,0,0,0,
293.709,96.100,now,block2_A_now,1,0.4669,-0.1319,-1.9907,0.0980,0.3530,0.1074,-0.0128,0,0.8769,-0.3932,0.1001,-0.4523,0.7791,-151.5,35,0.4971,-0.4255,0.2283,0.9610,0.6544,2.3358,0.2400,0,0,0,
293.809,96.200,now,block2_A_now,1,0.4615,-0.1441,-1.9803,0.1260,0.1850,0.1200,0.0641,0,0.8769,-0.3932,0.1001,-0.4523,0.7791,-151.5,35,0.4971,-0.4255,0.2283,0.9610,0.6544,2.3358,0.2400,0,0,0,
293.909,96.300,now,block2_A_now,1,0.4572,-0.1541,-1.9727,0.1100,-0.0920,0.1137,0.0641,0,0.8769,-0.3932,0.1001,-0.4523,0.7791,-151.5,35,0.4971,-0.4255,0.2283,0.9610,0.6544,2.3358,0.2400,0,0,0,
294.009,96.400,now,block2_A_now,1,0.4533,-0.1633,-1.9697,0.1010,0.4080,0.1200,-0.0385,0,0.8769,-0.3932,0.1001,-0.4523,0.7791,-151.5,35,0.4971,-0.4255,0.2283,0.9610,0.6544,2.3358,0.2400,0,0,0,
294.109,96.500,now,block2_A_now,1,0.4498,-0.1714,-1.9750,0.0880,-0.1850,0.1137,-0.1410,0,0.8769,-0.3932,0.1001,-0.4523,0.7791,-151.5,35,0.4971,-0.4255,0.2283,0.9610,0.6544,2.3358,0.2274,0,0,0,
294.209,96.600,now,block2_A_now,1,0.4465,-0.1792,-1.9693,0.0470,0.0180,0.1137,-0.0385,0,0.8769,-0.3932,0.1001,-0.4523,0.7791,-151.5,35,0.4971,-0.4255,0.2283,0.9610,0.6544,2.3358,0.2147,0,0,0,
294.309,96.700,now,block2_A_now,1,0.4432,-0.1871,-1.9574,0.0690,0.2970,0.1200,0.0000,0,0.8769,-0.3932,0.1001,-0.4523,0.7791,-151.5,35,0.4971,-0.4255,0.2283,0.9610,0.6544,2.2240,0.2400,0,0,0,
294.409,96.800,now,block2_A_now,1,0.4388,-0.1978,-1.9563,0.1520,0.1850,0.1200,-0.1667,0,0.8769,-0.3932,0.1001,-0.4523,0.7791,-151.5,35,0.4971,-0.4255,0.2283,0.9610,0.6544,2.2240,0.2400,0,0,0,
294.509,96.900,now,block2_A_now,1,0.4356,-0.2058,-1.9537,0.0530,0.2040,0.1200,-0.0385,0,0.8769,-0.3932,0.1001,-0.4523,0.7791,-151.5,35,0.4971,-0.4255,0.2283,0.9610,0.6544,2.2240,0.2274,0,0,0,
294.609,97.000,now,block2_A_now,1,0.4316,-0.2156,-1.9548,0.0690,-0.1850,0.1137,-0.0128,0,0.8769,-0.3932,0.1001,-0.4523,0.7791,-151.5,35,0.4971,-0.4255,0.2283,0.9610,0.6544,2.2240,0.2400,0,0,0,
294.713,97.105,now,block2_A_now,1,0.4281,-0.2245,-1.9455,0.1010,0.0000,0.1074,-0.0128,0,0.8769,-0.3932,0.1001,-0.4523,0.7791,-151.5,35,0.4971,-0.4255,0.2283,0.9610,0.6544,2.2240,0.2147,0,0,0,
294.809,97.201,now,block2_A_now,1,0.4237,-0.2357,-1.9378,0.0690,-0.0740,0.1074,-0.0641,0,0.8769,-0.3932,0.1001,-0.4523,0.7791,-151.5,35,0.4971,-0.4255,0.2283,0.9610,0.6544,2.2240,0.2400,0,0,0,
294.909,97.300,now,block2_A_now,1,0.4192,-0.2475,-1.9369,0.0600,-0.0550,0.1200,0.0128,0,0.8769,-0.3932,0.1001,-0.4523,0.7791,-151.5,35,0.4971,-0.4255,0.2283,0.9610,0.6544,2.2240,0.2400,0,0,0,
295.009,97.400,now,block2_A_now,1,0.4146,-0.2595,-1.9309,0.1230,0.3900,0.1137,0.0128,0,0.8769,-0.3932,0.1001,-0.4523,0.7791,-151.5,35,0.4971,-0.4255,0.2283,0.9610,0.6544,2.2240,0.2400,0,0,0,
295.109,97.500,now,block2_A_now,1,0.4104,-0.2708,-1.9264,0.1040,0.0550,0.1200,-0.2436,0,0.8769,-0.3932,0.1001,-0.4523,0.7791,-151.5,35,0.4971,-0.4255,0.2283,0.9610,0.6544,2.2240,0.2274,0,0,0,
295.211,97.603,now,block2_A_now,1,0.4062,-0.2822,-1.9379,0.1070,-0.2970,0.1137,-0.0897,0,0.8769,-0.3932,0.1001,-0.4523,0.7791,-151.5,35,0.4971,-0.4255,0.2283,0.9610,0.6544,2.2240,0.2400,0,0,0,
295.309,97.700,now,block2_A_now,1,0.4017,-0.2939,-1.9346,0.1420,0.2040,0.1200,-0.0641,0,0.8769,-0.3932,0.1001,-0.4523,0.7791,-151.5,35,0.4971,-0.4255,0.2283,0.9610,0.6544,2.1123,0.2400,0,0,0,
295.409,97.800,now,block2_A_now,1,0.3975,-0.3050,-1.9352,0.0820,-0.1850,0.1200,-0.0385,0,0.8769,-0.3932,0.1001,-0.4523,0.7791,-151.5,35,0.4971,-0.4255,0.2283,0.9610,0.6544,2.1123,0.2400,0,0,0,
295.509,97.900,now,block2_A_now,1,0.3928,-0.3173,-1.9374,0.1010,-0.0370,0.1137,-0.0385,0,0.8769,-0.3932,0.1001,-0.4523,0.7791,-151.5,35,0.4971,-0.4255,0.2283,0.9610,0.6544,2.1123,0.2274,0,0,0,
295.609,98.000,now,block2_A_now,1,0.3886,-0.3278,-1.9511,0.1480,0.1300,0.0000,0.0000,0,0.8769,-0.3932,0.1001,-0.4523,0.7791,-151.5,35,0.4971,-0.4255,0.2283,0.9610,0.6544,2.1123,0.2147,0,0,0,
295.709,98.100,now,block2_A_now,1,0.3860,-0.3343,-1.9615,0.0000,0.0000,0.0000,0.0000,0,0.8769,-0.3932,0.1001,-0.4523,0.7791,-151.5,35,0.4971,-0.4255,0.2283,0.9610,0.6544,2.1123,0.2147,0,0,0,
295.809,98.200,now,block2_A_now,1,0.3861,-0.3341,-1.9496,-0.0120,0.5940,0.0000,0.0000,0,0.8769,-0.3932,0.1001,-0.4523,0.7791,-151.5,35,0.4971,-0.4255,0.2283,0.9610,0.6544,2.1123,0.2147,0,0,0,
295.909,98.300,now,block2_A_now,1,0.3829,-0.3420,-1.9482,0.1140,-0.2600,0.0000,0.0000,0,0.8769,-0.3932,0.1001,-0.4523,0.7791,-151.5,35,0.4971,-0.4255,0.2283,0.9610,0.6544,2.1123,0.2147,0,0,0,
296.009,98.400,now,block2_A_now,1,0.3824,-0.3434,-1.9549,0.0000,0.0000,0.0000,0.0000,0,0.8769,-0.3932,0.1001,-0.4523,0.7791,-151.5,35,0.4971,-0.4255,0.2283,0.9610,0.6544,2.1123,0.2147,0,0,0,
296.109,98.500,now,block2_A_now,1,0.3818,-0.3448,-1.9612,0.0720,-0.3150,0.0000,0.0000,0,0.8769,-0.3932,0.1001,-0.4523,0.7791,-151.5,35,0.4971,-0.4255,0.2283,0.9610,0.6544,2.1123,0.2147,0,0,0,
296.210,98.602,now,block2_A_now,1,0.3794,-0.3506,-1.9567,0.0000,0.0000,0.0000,0.0000,0,0.8769,-0.3932,0.1001,-0.4523,0.7791,-151.5,35,0.4971,-0.4255,0.2283,0.9610,0.6544,2.1123,0.2147,0,0,0,
296.309,98.700,now,block2_A_now,1,0.3819,-0.3446,-1.9615,-0.0190,0.1110,0.0000,0.0000,0,0.8769,-0.3932,0.1001,-0.4523,0.7791,-151.5,35,0.4971,-0.4255,0.2283,0.9610,0.6544,2.1123,0.2147,0,0,0,
296.409,98.800,now,block2_A_now,1,0.3819,-0.3446,-1.9611,0.0000,0.0000,0.0000,0.0000,0,0.8769,-0.3932,0.1001,-0.4523,0.7791,-151.5,35,0.4971,-0.4255,0.2283,0.9610,0.6544,2.1123,0.2147,0,0,0,
296.509,98.900,now,block2_A_now,1,0.3819,-0.3446,-1.9611,0.0000,0.0000,0.0000,0.0000,0,0.8769,-0.3932,0.1001,-0.4523,0.7791,-151.5,35,0.4971,-0.4255,0.2283,0.9610,0.6544,2.1123,0.2147,0,0,0,
296.609,99.000,now,block2_A_now,1,0.3819,-0.3446,-1.9611,0.0000,0.0000,0.0000,0.0000,0,0.8769,-0.3932,0.1001,-0.4523,0.7791,-151.5,35,0.4971,-0.4255,0.2283,0.9610,0.6544,2.1123,0.2147,0,0,0,
296.709,99.100,now,block2_A_now,1,0.3819,-0.3446,-1.9611,0.0000,0.0000,0.0000,0.0000,0,0.8769,-0.3932,0.1001,-0.4523,0.7791,-151.5,35,0.4971,-0.4255,0.2283,0.9610,0.6544,2.1123,0.2147,0,0,0,
296.809,99.200,now,block2_A_now,1,0.3819,-0.3446,-1.9611,0.0000,0.0000,0.0000,0.0000,0,0.8769,-0.3932,0.1001,-0.4523,0.7791,-151.5,35,0.4971,-0.4255,0.2283,0.9610,0.6544,2.1123,0.2147,0,0,0,
296.911,99.303,now,block2_A_now,1,0.3819,-0.3446,-1.9611,0.0000,0.0000,0.0000,0.0000,0,0.8769,-0.3932,0.1001,-0.4523,0.7791,-151.5,35,0.4971,-0.4255,0.2283,0.9610,0.6544,2.1123,0.2147,0,0,0,
297.009,99.400,now,block2_A_now,1,0.3819,-0.3446,-1.9611,0.0000,0.0000,0.0000,0.0000,0,0.8769,-0.3932,0.1001,-0.4523,0.7791,-151.5,35,0.4971,-0.4255,0.2283,0.9610,0.6544,2.1123,0.2147,0,0,0,
297.109,99.500,now,block2_A_now,1,0.3819,-0.3446,-1.9611,0.0000,0.0000,0.0000,0.0000,0,0.8769,-0.3932,0.1001,-0.4523,0.7791,-151.5,35,0.4971,-0.4255,0.2283,0.9610,0.6544,2.1123,0.2147,0,0,0,
297.209,99.600,now,block2_A_now,1,0.3819,-0.3446,-1.9611,0.0000,0.0000,0.0000,0.0000,0,0.8769,-0.3932,0.1001,-0.4523,0.7791,-151.5,35,0.4971,-0.4255,0.2283,0.9610,0.6544,2.1123,0.2147,0,0,0,
297.309,99.700,now,block2_A_now,1,0.3819,-0.3446,-1.9611,0.0000,0.0000,0.0000,0.0000,0,0.8769,-0.3932,0.1001,-0.4523,0.7791,-151.5,35,0.4971,-0.4255,0.2283,0.9610,0.6544,2.1123,0.2147,0,0,0,
297.409,99.800,now,block2_A_now,1,0.3819,-0.3446,-1.9611,0.0000,0.0000,0.0000,0.0000,0,0.8769,-0.3932,0.1001,-0.4523,0.7791,-151.5,35,0.4971,-0.4255,0.2283,0.9610,0.6544,2.1123,0.2147,0,0,0,
297.509,99.900,now,block2_A_now,1,0.3819,-0.3446,-1.9611,0.0000,0.0000,0.0000,0.0000,0,0.8769,-0.3932,0.1001,-0.4523,0.7791,-151.5,35,0.4971,-0.4255,0.2283,0.9610,0.6544,2.1123,0.2147,0,0,0,
297.610,100.001,now,block2_A_now,1,0.3819,-0.3446,-1.9611,0.0000,0.0000,0.0000,0.0000,0,0.8769,-0.3932,0.1001,-0.4523,0.7791,-151.5,35,0.4971,-0.4255,0.2283,0.9610,0.6544,2.1123,0.2147,0,0,0,
297.709,100.100,now,block2_A_now,1,0.3819,-0.3446,-1.9611,0.0000,0.0000,0.0000,0.0000,0,0.8769,-0.3932,0.1001,-0.4523,0.7791,-151.5,35,0.4971,-0.4255,0.2283,0.9610,0.6544,2.1123,0.2147,0,0,0,
297.809,100.200,now,block2_A_now,1,0.3819,-0.3446,-1.9611,0.0000,0.0000,0.0000,0.0000,0,0.8769,-0.3932,0.1001,-0.4523,0.7791,-151.5,35,0.4971,-0.4255,0.2283,0.9610,0.6544,2.1123,0.2147,0,0,0,
297.909,100.300,now,block2_A_now,1,0.3819,-0.3446,-1.9611,0.0000,0.0000,0.0000,0.0000,0,0.8769,-0.3932,0.1001,-0.4523,0.7791,-151.5,35,0.4971,-0.4255,0.2283,0.9610,0.6544,2.1123,0.2147,0,0,0,
298.009,100.400,now,block2_A_now,1,0.3819,-0.3446,-1.9611,0.0000,0.0000,0.0000,0.0000,0,0.8769,-0.3932,0.1001,-0.4523,0.7791,-151.5,35,0.4971,-0.4255,0.2283,0.9610,0.6544,2.1123,0.2147,0,0,0,
298.109,100.500,now,block2_A_now,1,0.3819,-0.3446,-1.9611,0.0000,0.0000,0.0000,0.0000,0,0.8769,-0.3932,0.1001,-0.4523,0.7791,-151.5,35,0.4971,-0.4255,0.2283,0.9610,0.6544,2.1123,0.2147,0,0,0,
298.209,100.600,now,block2_A_now,1,0.3819,-0.3446,-1.9611,0.0000,0.0000,0.0000,0.0000,0,0.8769,-0.3932,0.1001,-0.4523,0.7791,-151.5,35,0.4971,-0.4255,0.2283,0.9610,0.6544,2.1123,0.2147,0,0,0,
298.309,100.700,now,block2_A_now,1,0.3819,-0.3446,-1.9611,0.0000,0.0000,0.0000,0.0000,0,0.8769,-0.3932,0.1001,-0.4523,0.7791,-151.5,35,0.4971,-0.4255,0.2283,0.9610,0.6544,2.1123,0.2147,0,0,0,
298.409,100.800,now,block2_A_now,1,0.3819,-0.3446,-1.9611,0.0000,0.0000,0.0000,0.0000,0,0.8769,-0.3932,0.1001,-0.4523,0.7791,-151.5,35,0.4971,-0.4255,0.2283,0.9610,0.6544,2.1123,0.2147,0,0,0,
298.510,100.901,now,block2_A_now,1,0.3819,-0.3446,-1.9611,0.0000,0.0000,0.0000,0.0000,0,0.8769,-0.3932,0.1001,-0.4523,0.7791,-151.5,35,0.4971,-0.4255,0.2283,0.9610,0.6544,2.1123,0.2147,0,0,0,
298.609,101.000,now,block2_A_now,1,0.3819,-0.3446,-1.9611,0.0000,0.0000,0.0000,0.0000,0,0.8769,-0.3932,0.1001,-0.4523,0.7791,-151.5,35,0.4971,-0.4255,0.2283,0.9610,0.6544,2.1123,0.2147,0,0,0,
298.709,101.100,now,block2_A_now,1,0.3819,-0.3446,-1.9611,0.0000,0.0000,0.0000,0.0000,0,0.8769,-0.3932,0.1001,-0.4523,0.7791,-151.5,35,0.4971,-0.4255,0.2283,0.9610,0.6544,2.1123,0.2147,0,0,0,
298.809,101.200,now,block2_A_now,1,0.3819,-0.3446,-1.9611,0.0000,0.0000,0.0000,0.0000,0,0.8769,-0.3932,0.1001,-0.4523,0.7791,-151.5,35,0.4971,-0.4255,0.2283,0.9610,0.6544,2.1123,0.2147,0,0,0,
