t_wall,t_seg,mode,test_name,moving,robot_x,robot_y,robot_yaw,odom_v,odom_w,cmd_vx,cmd_wz,person_detected,person_now_x,person_now_y,person_pred2s_x,person_pred2s_y,pred_vs_now_dist,pred_bearing_err_deg,cloud_n,cloud_cx,cloud_cy,cloud_extent_m,robot_to_person_m,robot_to_cloud_m,plan_length_m,local_plan_length_m,progress_fail_count,flag_cloud_enlarged,flag_pred_wrong_side,last_nav_warn
12.453,0.000,pred,block2_B_pred,1,2.8215,2.1608,0.9510,0.0000,0.0000,0.0000,-0.3200,0,,,,,,,0,,,0.0000,,,4.3054,0.0000,0,0,0,
12.553,0.100,pred,block2_B_pred,1,2.8215,2.1608,0.9510,0.0000,0.0000,0.0000,-0.5000,0,,,,,,,0,,,0.0000,,,4.3054,0.0000,0,0,0,
12.653,0.200,pred,block2_B_pred,1,2.8215,2.1608,0.9510,0.0000,0.0000,0.0000,-0.5000,0,,,,,,,0,,,0.0000,,,4.3054,0.0000,0,0,0,
12.755,0.302,pred,block2_B_pred,1,2.8215,2.1608,0.9510,0.0000,0.0000,0.0000,-0.5000,0,,,,,,,0,,,0.0000,,,4.3054,0.0000,0,0,0,
12.861,0.408,pred,block2_B_pred,1,2.8212,2.1604,0.9480,-0.0250,-0.1480,0.0000,-0.5000,0,,,,,,,0,,,0.0000,,,4.3054,0.0000,0,0,0,
12.953,0.500,pred,block2_B_pred,1,2.8199,2.1587,0.9354,-0.0090,-0.0550,0.0000,-0.4744,0,,,,,,,0,,,0.0000,,,4.3054,0.0000,0,0,0,
13.053,0.600,pred,block2_B_pred,1,2.8195,2.1581,0.8994,-0.0220,-0.2410,0.0000,-0.3400,0,,,,,,,0,,,0.0000,,,4.3054,0.0000,0,0,0,
13.153,0.700,pred,block2_B_pred,1,2.8177,2.1559,0.8579,0.0190,-0.6680,0.0000,-0.0200,0,,,,,,,0,,,0.0000,,,4.3054,0.0012,0,0,0,
13.253,0.800,pred,block2_B_pred,1,2.8183,2.1564,0.8127,0.0530,-0.3900,0.0000,0.0897,0,,,,,,,0,,,0.0000,,,4.3054,0.0000,0,0,0,
13.353,0.900,pred,block2_B_pred,1,2.8183,2.1564,0.8127,0.0000,0.0000,0.0000,0.1154,0,,,,,,,0,,,0.0000,,,4.3054,0.0000,0,0,0,
13.453,1.000,pred,block2_B_pred,1,2.8203,2.1586,0.7941,0.0310,-0.1850,0.0000,0.1154,0,,,,,,,0,,,0.0000,,,4.3054,0.0000,0,0,0,
13.553,1.100,pred,block2_B_pred,1,2.8225,2.1608,0.7759,0.0090,-0.0550,0.0000,0.0323,0,,,,,,,0,,,0.0000,,,4.3054,0.0010,0,0,0,
13.655,1.202,pred,block2_B_pred,1,2.8226,2.1608,0.7755,0.0000,0.0000,0.0000,-0.2877,0,,,,,,,0,,,0.0000,,,4.3054,0.0000,0,0,0,
13.753,1.300,pred,block2_B_pred,1,2.8226,2.1608,0.7755,0.0000,0.0000,0.0000,-0.4744,0,,,,,,,0,,,0.0000,,,4.3054,0.0000,0,0,0,
13.853,1.400,pred,block2_B_pred,1,2.8226,2.1608,0.7755,0.0000,0.0000,0.0000,-0.4744,0,,,,,,,0,,,0.0000,,,4.3054,0.0000,0,0,0,
13.953,1.500,pred,block2_B_pred,1,2.8226,2.1608,0.7755,0.0000,0.0000,0.0000,-0.4744,0,,,,,,,0,,,0.0000,,,4.3054,0.0000,0,0,0,
14.053,1.600,pred,block2_B_pred,1,2.8206,2.1589,0.7919,-0.0060,0.0370,0.0000,-0.4744,0,,,,,,,0,,,0.0000,,,4.3054,0.0000,0,0,0,
14.153,1.700,pred,block2_B_pred,1,2.8222,2.1605,0.7785,0.0310,-0.1850,0.0000,-0.4744,0,,,,,,,0,,,0.0000,,,4.3054,0.0045,0,0,0,
14.253,1.800,pred,block2_B_pred,1,2.8224,2.1606,0.7770,0.0000,0.0000,0.0000,-0.4487,0,,,,,,,0,,,0.0000,,,4.3054,0.0000,0,0,0,
14.353,1.900,pred,block2_B_pred,1,2.8224,2.1606,0.7770,0.0000,0.0000,0.0000,-0.4744,0,,,,,,,0,,,0.0000,,,4.3054,0.0000,0,0,0,
14.453,2.000,pred,block2_B_pred,1,2.8224,2.1606,0.7770,0.0000,0.0000,0.0000,-0.4744,0,,,,,,,0,,,0.0000,,,4.3055,0.0000,0,0,0,
14.554,2.101,pred,block2_B_pred,1,2.8237,2.1619,0.7663,0.0790,-0.4640,0.0000,-0.4744,0,,,,,,,0,,,0.0000,,,4.3055,0.0000,0,0,0,
14.653,2.200,pred,block2_B_pred,1,2.8239,2.1621,0.7288,0.0280,-0.1670,0.0000,-0.3974,0,,,,,,,0,,,0.0000,,,4.3055,0.0040,0,0,0,
14.753,2.300,pred,block2_B_pred,1,2.8251,2.1631,0.6746,-0.0150,-0.7980,0.0000,-0.3974,0,,,,,,,0,,,0.0000,,,4.3055,0.0018,0,0,0,
14.855,2.402,pred,block2_B_pred,1,2.8261,2.1639,0.6026,-0.0120,-0.8540,0.0000,-0.3462,0,,,,,,,0,,,0.0000,,,4.3055,0.0021,0,0,0,
14.953,2.500,pred,block2_B_pred,1,2.8258,2.1637,0.5316,-0.0440,-0.8540,0.0000,-0.2949,0,,,,,,,0,,,0.0000,,,4.3055,0.0006,0,0,0,
15.053,2.600,pred,block2_B_pred,1,2.8264,2.1640,0.4723,0.0440,-0.4450,0.0000,-0.5000,0,,,,,,,0,,,0.0000,,,4.3055,0.0000,0,0,0,
15.153,2.700,pred,block2_B_pred,1,2.8268,2.1642,0.4102,0.0760,-0.5940,0.0000,-0.5000,0,,,,,,,0,,,0.0000,,,4.3055,0.0000,0,0,0,
15.253,2.800,pred,block2_B_pred,1,2.8269,2.1642,0.3608,-0.0630,-0.4830,0.0000,-0.5000,0,,,,,,,0,,,0.0000,,,4.3055,0.0006,0,0,0,
15.353,2.900,pred,block2_B_pred,1,2.8274,2.1644,0.3048,0.0220,-0.6870,0.0000,-0.5000,0,,,,,,,0,,,0.0000,,,4.3055,0.0048,0,0,0,
15.453,3.000,pred,block2_B_pred,1,2.8278,2.1645,0.2688,0.0600,-0.5010,0.0000,-0.5000,0,,,,,,,0,,,0.0000,,,4.3056,0.0005,0,0,0,
15.553,3.100,pred,block2_B_pred,1,2.8259,2.1640,0.2454,-0.0410,-0.2410,0.0000,-0.5000,0,,,,,,,0,,,0.0000,,,4.3056,0.0064,0,0,0,
15.653,3.200,pred,block2_B_pred,1,2.8254,2.1640,0.2093,-0.0720,-0.4270,0.0000,-0.5000,0,,,,,,,0,,,0.0000,,,4.3056,0.0064,0,0,0,
15.753,3.300,pred,block2_B_pred,1,2.8265,2.1642,0.1811,-0.0660,-0.3900,0.0000,-0.5000,0,,,,,,,0,,,0.0000,,,4.3056,0.0000,0,0,0,
15.853,3.400,pred,block2_B_pred,1,2.8265,2.1641,0.1547,0.0630,-0.3710,0.0000,-0.5000,0,,,,,,,0,,,0.0000,,,4.3056,0.0011,0,0,0,
15.953,3.500,pred,block2_B_pred,1,2.8245,2.1639,0.1377,-0.0060,-0.0370,0.0000,-0.5000,0,,,,,,,0,,,0.0000,,,4.3056,0.0000,0,0,0,
16.053,3.600,pred,block2_B_pred,1,2.8232,2.1637,0.0935,-0.0690,-0.4080,0.0000,-0.4744,0,,,,,,,0,,,0.0000,,,4.3056,0.0000,0,0,0,
16.153,3.700,pred,block2_B_pred,1,2.8218,2.1636,0.0549,-0.0850,-0.5010,0.0000,-0.4231,0,,,,,,,0,,,0.0000,,,4.3056,0.0000,0,0,0,
16.254,3.802,pred,block2_B_pred,1,2.8213,2.1636,-0.0027,0.0440,-0.7060,0.0000,-0.4231,0,,,,,,,0,,,0.0000,,,4.3056,0.0005,0,0,0,
16.353,3.900,pred,block2_B_pred,1,2.8218,2.1636,-0.0588,-0.0440,-0.5940,0.0000,-0.5000,0,,,,,,,0,,,0.0000,,,4.3056,0.0022,0,0,0,
16.455,4.002,pred,block2_B_pred,1,2.8204,2.1637,-0.0981,-0.0340,-0.2780,0.0000,-0.3974,0,,,,,,,0,,,0.0000,,,4.3076,0.0000,0,0,0,
16.554,4.101,pred,block2_B_pred,1,2.8210,2.1636,-0.1524,0.0410,-0.6500,0.0000,-0.5000,0,,,,,,,0,,,0.0000,,,4.3076,0.0000,0,0,0,
16.653,4.200,pred,block2_B_pred,1,2.8210,2.1636,-0.2056,-0.0530,-0.6870,0.0000,-0.5000,0,,,,,,,0,,,0.0000,,,4.3076,0.0034,0,0,0,
16.756,4.304,pred,block2_B_pred,1,2.8200,2.1639,-0.2419,-0.0340,-0.3530,0.0000,-0.5000,0,,,,,,,0,,,0.0000,,,4.3076,0.0020,0,0,0,
16.860,4.407,pred,block2_B_pred,1,2.8195,2.1641,-0.2949,-0.0280,-0.7980,0.0000,-0.5000,0,,,,,,,0,,,0.0000,,,4.3076,0.0000,0,0,0,
16.954,4.501,pred,block2_B_pred,1,2.8197,2.1640,-0.3421,0.0120,-0.9280,0.0000,-0.5000,0,,,,,,,0,,,0.0000,,,4.3076,0.0000,0,0,0,
17.056,4.603,pred,block2_B_pred,1,2.8204,2.1637,-0.3841,0.0380,-0.3710,0.0000,-0.5000,0,,,,,,,0,,,0.0000,,,4.3076,0.0011,0,0,0,
17.154,4.701,pred,block2_B_pred,1,2.8200,2.1638,-0.4200,0.0060,-0.1480,0.0000,-0.5000,0,,,,,,,0,,,0.0000,,,4.3076,0.0015,0,0,0,
17.253,4.800,pred,block2_B_pred,1,2.8185,2.1645,-0.4664,-0.0600,-0.4640,0.0000,-0.5000,0,,,,,,,0,,,0.0000,,,4.3076,0.0000,0,0,0,
17.353,4.900,pred,block2_B_pred,1,2.8197,2.1639,-0.5117,0.0600,-0.5010,0.0000,-0.5000,0,,,,,,,0,,,0.0000,,,4.3076,0.0023,0,0,0,
17.467,5.015,pred,block2_B_pred,1,2.8202,2.1636,-0.5529,0.0760,-0.5200,0.0000,-0.5000,0,,,,,,,0,,,0.0000,,,4.3548,0.0009,0,0,0,
17.553,5.101,pred,block2_B_pred,1,2.8194,2.1641,-0.6041,-0.0530,-0.6130,0.0126,-0.5000,0,,,,,,,0,,,0.0000,,,4.3548,0.0253,0,0,0,
17.653,5.200,pred,block2_B_pred,1,2.8194,2.1642,-0.6451,-0.0530,-0.3530,0.0126,-0.5000,0,,,,,,,0,,,0.0000,,,4.3548,0.0254,0,0,0,
17.753,5.300,pred,block2_B_pred,1,2.8201,2.1636,-0.6937,0.0690,-0.5200,0.0379,-0.5000,0,,,,,,,0,,,0.0000,,,4.3548,0.0758,0,0,0,
17.853,5.400,pred,block2_B_pred,1,2.8202,2.1635,-0.7359,0.0220,-0.1670,0.0000,-0.5000,1,2.4407,-2.3613,-1.1611,0.4084,4.5435,-173.5,35,0.6784,-1.0061,0.8032,3.3960,1.2135,4.3548,0.0054,0,1,1,
17.953,5.500,pred,block2_B_pred,1,2.8203,2.1634,-0.7942,0.0090,-0.9840,0.0000,-0.5000,1,2.4407,-2.3613,-1.1611,0.4084,4.5435,-173.5,35,0.6784,-1.0061,0.8032,3.3960,1.2135,4.3548,0.0253,0,1,1,
18.053,5.600,pred,block2_B_pred,1,2.8210,2.1626,-0.8444,-0.0340,-0.3900,0.0000,-0.5000,1,2.4389,-2.3168,-0.6665,0.1501,3.9660,-174.9,35,0.9202,-1.1090,0.7011,3.3639,1.4410,4.3548,0.0285,0,1,1,
18.153,5.700,pred,block2_B_pred,1,2.8231,2.1602,-0.9019,-0.0090,-0.7610,0.0379,-0.5000,1,2.4585,-2.2338,-0.0748,-0.1266,3.2952,-177.5,35,1.2206,-1.2011,0.5825,3.3218,1.7125,4.3548,0.0764,0,1,1,
18.253,5.800,pred,block2_B_pred,1,2.8243,2.1587,-0.9494,0.0690,-0.5940,0.0379,-0.5000,1,2.4585,-2.2338,-0.0748,-0.1266,3.2952,-177.5,35,1.2206,-1.2011,0.5825,3.3218,1.7125,4.3548,0.0722,0,1,1,
18.353,5.900,pred,block2_B_pred,1,2.8246,2.1583,-0.9898,0.0000,-0.1480,0.0316,-0.5000,1,2.5141,-2.1344,0.5426,-0.5427,2.5339,-178.6,35,1.5529,-1.3511,0.4480,3.2979,2.0584,4.3548,0.0608,0,0,1,
18.459,6.007,pred,block2_B_pred,1,2.8262,2.1559,-1.0322,0.0090,-0.3530,0.0316,-0.5000,1,2.6194,-2.0184,1.3379,-0.9838,1.6470,178.7,35,1.9947,-1.5093,0.2912,3.3069,2.5013,4.3548,0.0629,0,0,1,
18.553,6.100,pred,block2_B_pred,1,2.8269,2.1546,-1.0834,0.0470,-0.5010,0.0316,-0.5000,1,2.6194,-2.0184,1.3379,-0.9838,1.6470,178.7,35,1.9947,-1.5093,0.2912,3.3069,2.5013,4.2971,0.0615,0,0,1,
18.653,6.200,pred,block2_B_pred,1,2.8281,2.1522,-1.1328,0.0340,-0.8730,0.0316,-0.5000,1,2.7516,-1.8644,2.2533,-1.2525,0.7891,163.3,35,2.5096,-1.5301,0.2286,3.3238,2.9393,4.2971,0.0609,0,0,1,
18.764,6.311,pred,block2_B_pred,1,2.8305,2.1469,-1.1698,0.0720,-0.4270,0.0316,-0.5000,1,2.7516,-1.8644,2.2533,-1.2525,0.7891,163.3,35,2.5096,-1.5301,0.2286,3.3238,2.9393,4.2971,0.0884,0,0,1,
18.854,6.402,pred,block2_B_pred,1,2.8316,2.1441,-1.2154,0.0150,-0.0920,0.0253,-0.5000,1,2.8727,-1.6775,2.1089,-0.9254,1.0720,165.7,35,2.5372,-1.2532,0.2314,3.3266,2.8298,4.2971,0.0522,0,0,1,
18.953,6.500,pred,block2_B_pred,1,2.8326,2.1414,-1.2651,0.0280,-0.3530,0.0253,-0.5000,1,2.9643,-1.4563,1.9053,-0.4920,1.4322,163.8,35,2.4935,-0.9252,0.2564,3.3027,2.6597,4.2971,0.1986,0,0,1,
19.054,6.601,pred,block2_B_pred,1,2.8340,2.1369,-1.3067,-0.0150,-0.5750,0.1011,-0.5000,1,3.0684,-1.2426,1.7279,-0.2895,1.6448,166.6,35,2.4597,-0.7107,0.2921,3.3104,2.5604,4.2971,0.2021,0,0,1,
19.153,6.700,pred,block2_B_pred,1,2.8347,2.1339,-1.3550,0.0630,-0.3710,0.0695,-0.5000,1,3.0684,-1.2426,1.7279,-0.2895,1.6448,166.6,35,2.4597,-0.7107,0.2921,3.3104,2.5604,4.2971,0.1516,0,0,1,
19.253,6.800,pred,block2_B_pred,1,2.8354,2.1302,-1.4118,0.0000,-0.9660,0.0821,-0.5000,1,3.1773,-0.9948,3.0918,-0.3013,0.6987,114.4,35,3.1375,-0.5194,0.2302,3.3294,3.1802,4.2971,0.2297,0,0,1,
19.353,6.900,pred,block2_B_pred,1,2.8364,2.1235,-1.4593,0.0570,-0.3340,0.1137,-0.5000,1,3.1773,-0.9948,3.0918,-0.3013,0.6987,114.4,35,3.1375,-0.5194,0.2302,3.3294,3.1802,4.2971,0.2147,0,0,1,
19.453,7.000,pred,block2_B_pred,1,2.8368,2.1186,-1.5269,0.0470,-0.7240,0.1011,-0.5000,1,3.2312,-0.7278,2.3105,0.0670,1.2163,151.9,35,2.8155,-0.1908,0.2454,3.3121,2.8220,4.2971,0.1841,0,0,1,
19.561,7.108,pred,block2_B_pred,1,2.8370,2.1100,-1.5800,0.0820,-0.4830,0.1074,-0.5000,1,3.2374,-0.4594,1.6682,0.2914,1.7396,162.5,35,2.5076,0.0496,0.3215,3.2699,2.5081,4.3290,0.2146,0,0,1,
19.653,7.200,pred,block2_B_pred,1,2.8368,2.1013,-1.6312,0.0880,-0.5200,0.1200,-0.5000,1,3.2374,-0.4594,1.6682,0.2914,1.7396,162.5,35,2.5076,0.0496,0.3215,3.2699,2.5081,4.3290,0.2269,0,0,1,
19.753,7.300,pred,block2_B_pred,1,2.8359,2.0916,-1.6884,0.0790,-0.4640,0.1011,-0.5000,1,3.2166,-0.2070,1.1904,0.5010,2.1463,164.4,35,2.2589,0.2632,0.3855,3.2232,2.2741,4.3290,0.1895,0,0,1,
19.857,7.405,pred,block2_B_pred,1,2.8345,2.0812,-1.7504,0.1140,-0.6680,0.0947,-0.5000,1,3.1617,0.0517,0.8978,0.9585,2.4388,157.2,35,2.0800,0.5841,0.4356,3.1622,2.1604,4.3290,0.2400,0,0,1,
19.953,7.500,pred,block2_B_pred,1,2.8324,2.0712,-1.8105,0.1070,-0.6310,0.1137,-0.5000,1,3.1617,0.0517,0.8978,0.9585,2.4388,157.2,35,2.0800,0.5841,0.4356,3.1622,2.1604,4.3290,0.2394,0,0,1,
20.053,7.600,pred,block2_B_pred,1,2.8296,2.0610,-1.8729,0.1010,-0.5940,0.1137,-0.4487,1,3.1325,0.2960,0.7585,1.1519,2.5236,154.8,35,1.9923,0.7862,0.4484,3.1465,2.1419,4.3290,0.2274,0,0,1,
20.153,7.701,pred,block2_B_pred,1,2.8262,2.0509,-1.9357,0.0980,-0.5750,0.1137,-0.4231,1,3.0868,0.5277,0.6348,1.0258,2.5020,158.8,35,1.9007,0.8434,0.4435,3.1316,2.0795,4.3290,0.2147,0,0,1,
20.253,7.800,pred,block2_B_pred,1,2.8227,2.0424,-1.9895,0.0760,-0.4450,0.1074,-0.3718,1,3.0868,0.5277,0.6348,1.0258,2.5020,158.8,35,1.9007,0.8434,0.4435,3.1316,2.0795,4.3290,0.2021,0,0,1,
20.353,7.901,pred,block2_B_pred,1,2.8186,2.0336,-2.0467,0.0880,-0.5200,0.1200,-0.4231,1,2.9956,0.7538,0.4940,0.9669,2.5107,161.0,35,1.7791,0.9211,0.4437,3.0890,2.0034,4.3290,0.2400,0,0,1,
20.455,8.002,pred,block2_B_pred,1,2.8138,2.0247,-2.0856,0.1480,-0.0180,0.1137,-0.3718,1,2.8651,0.9773,0.3145,1.1099,2.5540,158.2,35,1.6220,1.0885,0.4509,3.0272,1.9533,4.3290,0.2274,0,0,1,
20.553,8.100,pred,block2_B_pred,1,2.8087,2.0161,-2.1306,0.1070,-0.5570,0.1137,-0.3462,1,2.8651,0.9773,0.3145,1.1099,2.5540,158.2,35,1.6220,1.0885,0.4509,3.0272,1.9533,4.3290,0.2383,0,0,1,
20.653,8.200,pred,block2_B_pred,1,2.8028,2.0067,-2.1643,0.1010,-0.5940,0.1200,-0.3205,1,2.7258,1.1936,0.1498,1.3419,2.5803,153.1,35,1.4687,1.2981,0.4558,2.9757,1.9601,4.1793,0.2400,0,0,1,
20.756,8.303,pred,block2_B_pred,1,2.7968,1.9982,-2.1973,0.0530,-0.3150,0.1137,-0.1410,1,2.7258,1.1936,0.1498,1.3419,2.5803,153.1,35,1.4687,1.2981,0.4558,2.9757,1.9601,4.1793,0.2147,0,0,1,
20.853,8.400,pred,block2_B_pred,1,2.7891,1.9876,-2.2229,0.1360,-0.3530,0.1074,-0.1410,1,2.5755,1.4031,0.0212,1.5188,2.5569,148.8,35,1.3279,1.4845,0.4517,2.9329,1.9918,4.1793,0.2400,0,0,1,
20.953,8.500,pred,block2_B_pred,1,2.7820,1.9786,-2.2493,0.1800,-0.0920,0.1200,-0.0385,1,2.4314,1.6003,-0.0289,1.6284,2.4605,146.0,35,1.2289,1.6357,0.4347,2.9108,2.0458,4.1793,0.2400,0,0,1,
21.053,8.600,pred,block2_B_pred,1,2.7741,1.9688,-2.2674,0.1010,-0.1850,0.1137,0.0000,1,2.2992,1.7719,-0.0493,1.6937,2.3499,144.3,35,1.1502,1.7538,0.4152,2.9028,2.0974,4.1793,0.2274,0,0,1,
21.153,8.700,pred,block2_B_pred,1,2.7666,1.9601,-2.2938,0.0880,-0.3710,0.1200,-0.0385,1,2.2992,1.7719,-0.0493,1.6937,2.3499,144.3,35,1.1502,1.7538,0.4152,2.9028,2.0974,4.1793,0.2274,0,0,1,
21.253,8.800,pred,block2_B_pred,1,2.7587,1.9512,-2.3113,0.1040,-0.3530,0.1200,-0.0897,1,2.1763,1.9173,-0.0346,1.6941,2.2221,144.4,35,1.0929,1.8288,0.3928,2.9004,2.1305,4.1793,0.2274,0,0,1,
21.353,8.900,pred,block2_B_pred,1,2.7501,1.9418,-2.3205,0.1100,-0.0180,0.1137,-0.0641,1,2.1763,1.9173,-0.0346,1.6941,2.2221,144.4,35,1.0929,1.8288,0.3928,2.9004,2.1305,4.1793,0.2147,0,0,1,
21.453,9.000,pred,block2_B_pred,1,2.7413,1.9325,-2.3164,0.0980,0.1300,0.1200,0.0385,1,2.0630,2.0322,0.1107,1.5620,2.0081,149.0,35,1.1010,1.8254,0.3555,2.8958,2.1317,4.1793,0.2274,0,0,1,
21.553,9.100,pred,block2_B_pred,1,2.7330,1.9236,-2.3228,0.0950,0.1850,0.1137,0.1154,1,3.2791,0.6677,2.3363,0.5357,0.9520,176.5,35,2.8178,0.6031,0.2301,3.3464,2.8816,4.1793,0.2400,0,0,1,
21.653,9.200,pred,block2_B_pred,1,2.7251,1.9152,-2.3287,0.1360,0.2040,0.1200,-0.0128,1,3.2791,0.6677,2.3363,0.5357,0.9520,176.5,35,2.8178,0.6031,0.2301,3.3464,2.8816,4.0193,0.2400,0,0,1,
21.753,9.300,pred,block2_B_pred,1,2.7180,1.9077,-2.3272,0.1740,0.0550,0.1137,0.0000,1,3.2600,0.6710,2.3418,0.5502,0.9262,175.9,35,2.8108,0.6117,0.2298,3.3284,2.8766,4.0193,0.2147,0,0,1,
21.853,9.400,pred,block2_B_pred,1,2.7114,1.9008,-2.3238,0.0760,0.2600,0.1074,0.0128,1,3.2282,0.6757,2.3656,0.5757,0.8683,174.8,35,2.8062,0.6262,0.2292,3.2981,2.8752,4.0193,0.2021,0,0,1,
21.953,9.500,pred,block2_B_pred,1,2.7046,1.8935,-2.3238,0.0950,-0.3340,0.1011,0.0128,1,3.1865,0.6777,2.3433,0.5989,0.8469,173.3,35,2.7740,0.6381,0.2290,3.2578,2.8464,4.0193,0.1895,0,0,1,
22.053,9.600,pred,block2_B_pred,1,2.6987,1.8870,-2.3138,0.0600,0.0180,0.1200,0.1410,1,3.1865,0.6777,2.3433,0.5989,0.8469,173.3,35,2.7740,0.6381,0.2290,3.2578,2.8464,4.0193,0.2400,0,0,1,
22.153,9.700,pred,block2_B_pred,1,2.6931,1.8809,-2.3019,0.0790,0.3530,0.1200,0.0000,1,3.1389,0.6737,2.2997,0.6015,0.8423,172.8,35,2.7283,0.6377,0.2290,3.2104,2.8018,4.0193,0.2400,0,0,1,
22.253,9.800,pred,block2_B_pred,1,2.6859,1.8729,-2.2960,0.1640,0.1110,0.1200,0.1410,1,3.0829,0.6614,2.2412,0.5935,0.8444,172.5,35,2.6711,0.6277,0.2290,3.1530,2.7438,4.0193,0.2400,0,0,1,
22.353,9.900,pred,block2_B_pred,1,2.6792,1.8653,-2.2893,0.1170,0.2410,0.1137,0.0385,1,3.0829,0.6614,2.2412,0.5935,0.8444,172.5,35,2.6711,0.6277,0.2290,3.1530,2.7438,4.0193,0.2274,0,0,1,
22.453,10.000,pred,block2_B_pred,1,2.6736,1.8588,-2.2726,0.0340,0.1300,0.1074,-0.1667,1,3.0263,0.6425,2.1784,0.5941,0.8493,171.3,35,2.6114,0.6176,0.2291,3.0937,2.6835,4.0193,0.2147,0,0,1,
22.553,10.100,pred,block2_B_pred,1,2.6666,1.8505,-2.2678,0.0980,-0.1670,0.1074,-0.0385,1,2.9669,0.6184,2.1054,0.5904,0.8619,170.1,35,2.5454,0.6031,0.2292,3.0306,2.6158,4.0193,0.2021,0,0,1,
22.655,10.202,pred,block2_B_pred,1,2.6609,1.8437,-2.2608,0.0410,0.1670,0.1011,-0.0897,1,2.9669,0.6184,2.1054,0.5904,0.8619,170.1,35,2.5454,0.6031,0.2292,3.0306,2.6158,4.0193,0.2400,0,0,1,
22.753,10.300,pred,block2_B_pred,1,2.6529,1.8339,-2.2606,0.1010,-0.3710,0.1137,-0.0897,1,2.9035,0.5900,2.0356,0.5720,0.8681,169.7,35,2.4789,0.5799,0.2293,2.9629,2.5458,4.0429,0.2274,0,0,1,
22.853,10.400,pred,block2_B_pred,1,2.6462,1.8257,-2.2480,0.0440,0.1850,0.1200,-0.1154,1,2.8439,0.5603,1.9782,0.5398,0.8659,170.2,35,2.4203,0.5496,0.2293,2.8986,2.4820,4.0429,0.2400,0,0,1,
22.954,10.501,pred,block2_B_pred,1,2.6395,1.8173,-2.2372,0.1140,-0.2600,0.1200,-0.0897,1,2.8439,0.5603,1.9782,0.5398,0.8659,170.2,35,2.4203,0.5496,0.2293,2.8986,2.4820,4.0429,0.2274,0,0,1,
23.053,10.600,pred,block2_B_pred,1,2.6336,1.8097,-2.2179,0.0500,0.1480,0.1137,-0.3718,1,2.7820,0.5313,1.9230,0.4988,0.8596,171.4,35,2.3616,0.5154,0.2292,2.8322,2.4172,4.0429,0.2147,0,0,1,
23.153,10.700,pred,block2_B_pred,1,2.6269,1.8008,-2.2149,0.0850,-0.0550,0.1200,-0.1410,1,2.7227,0.5062,1.8703,0.4624,0.8535,172.4,35,2.3056,0.4852,0.2291,2.7694,2.3561,4.0429,0.2400,0,0,1,
23.253,10.800,pred,block2_B_pred,1,2.6202,1.7917,-2.2109,0.1140,-0.1110,0.1200,-0.2949,1,2.7227,0.5062,1.8703,0.4624,0.8535,172.4,35,2.3056,0.4852,0.2291,2.7694,2.3561,4.0429,0.2274,0,0,1,
23.353,10.900,pred,block2_B_pred,1,2.6120,1.7806,-2.2099,0.1200,-0.2220,0.1200,-0.2436,1,2.6625,0.4867,1.8220,0.4486,0.8414,172.2,35,2.2512,0.4680,0.2290,2.7066,2.2994,4.0429,0.2274,0,0,1,
23.453,11.000,pred,block2_B_pred,1,2.6041,1.7700,-2.2196,0.1260,-0.2970,0.1137,-0.1923,1,2.6014,0.4754,1.7749,0.4441,0.8271,171.8,35,2.1970,0.4598,0.2289,2.6445,2.2446,4.0429,0.2400,0,0,1,
23.553,11.100,pred,block2_B_pred,1,2.5953,1.7586,-2.2396,0.1670,-0.2040,0.1200,-0.1410,1,2.6014,0.4754,1.7749,0.4441,0.8271,171.8,35,2.1970,0.4598,0.2289,2.6445,2.2446,4.0429,0.2274,0,0,1,
23.653,11.200,pred,block2_B_pred,1,2.5876,1.7491,-2.2626,0.1420,-0.1300,0.1137,-0.1154,1,2.5416,0.4740,1.7203,0.4526,0.8216,170.9,35,2.1398,0.4630,0.2288,2.5855,2.1893,4.0429,0.2400,0,0,1,
23.755,11.302,pred,block2_B_pred,1,2.5798,1.7399,-2.2841,0.1420,-0.2780,0.1200,-0.1154,1,2.4789,0.4858,1.6608,0.4771,0.8181,169.5,35,2.0786,0.4808,0.2288,2.5260,2.1335,3.8526,0.2274,0,0,1,
23.853,11.400,pred,block2_B_pred,1,2.5723,1.7314,-2.3030,0.0820,-0.1480,0.1137,-0.0897,1,2.4789,0.4858,1.6608,0.4771,0.8181,169.5,35,2.0786,0.4808,0.2288,2.5260,2.1335,3.8526,0.2400,0,0,1,
23.953,11.500,pred,block2_B_pred,1,2.5655,1.7240,-2.3316,0.0910,-0.4270,0.1137,-0.0641,1,2.4083,0.5109,1.5747,0.4935,0.8337,169.2,35,2.0004,0.5025,0.2289,2.4619,2.0626,3.8526,0.2274,0,0,1,
24.053,11.600,pred,block2_B_pred,1,2.5580,1.7163,-2.3528,0.0950,-0.5200,0.1074,-0.0641,1,2.3406,0.5442,1.4779,0.5235,0.8630,168.3,35,1.9185,0.5343,0.2292,2.4030,1.9915,3.8526,0.2400,0,0,1,
24.153,11.700,pred,block2_B_pred,1,2.5531,1.7114,-2.3631,0.0220,-0.0550,0.1137,0.1472,1,2.3406,0.5442,1.4779,0.5235,0.8630,168.3,35,1.9185,0.5343,0.2292,2.4030,1.9915,3.8526,0.2130,0,0,1,
24.253,11.800,pred,block2_B_pred,1,2.5472,1.7056,-2.3780,0.0220,-0.1300,0.1074,0.4036,1,2.2672,0.5833,1.3607,0.5823,0.9066,165.6,35,1.8236,0.5822,0.2297,2.3410,1.9143,3.8526,0.2014,0,0,1,
24.353,11.901,pred,block2_B_pred,1,2.5408,1.6996,-2.3935,0.0470,-0.2410,0.1137,0.3974,1,2.1805,0.6264,1.2122,0.6597,0.9688,162.0,35,1.7066,0.6413,0.2304,2.2687,1.8231,3.8526,0.2021,0,0,1,
24.453,12.000,pred,block2_B_pred,1,2.5347,1.6940,-2.4128,0.0630,-0.2600,0.1137,0.4231,1,2.1805,0.6264,1.2122,0.6597,0.9688,162.0,35,1.7066,0.6413,0.2304,2.2687,1.8231,3.8526,0.2021,0,0,1,
24.553,12.100,pred,block2_B_pred,1,2.5285,1.6884,-2.4276,0.0880,-0.5200,0.0947,0.3718,1,2.0842,0.6713,1.0472,0.7256,1.0384,159.1,35,1.5767,0.6967,0.2311,2.1896,1.7237,3.8526,0.2346,0,0,1,
24.653,12.200,pred,block2_B_pred,1,2.5222,1.6831,-2.4272,0.0950,0.3340,0.1200,0.5000,1,1.9872,0.7150,0.8810,0.7868,1.1086,156.5,35,1.4459,0.7492,0.2319,2.1120,1.6285,3.8526,0.2365,0,0,1,
24.760,12.308,pred,block2_B_pred,1,2.5127,1.6748,-2.4175,0.0980,0.2040,0.1200,0.3462,1,1.8918,0.7558,0.7267,0.8396,1.1681,154.1,35,1.3216,0.7962,0.2325,2.0372,1.5429,3.7197,0.2294,0,0,1,
24.855,12.403,pred,block2_B_pred,1,2.5018,1.6648,-2.3816,0.1740,0.2040,0.1200,0.1349,1,1.8918,0.7558,0.7267,0.8396,1.1681,154.1,35,1.3216,0.7962,0.2325,2.0372,1.5429,3.7197,0.2400,0,0,1,
24.953,12.500,pred,block2_B_pred,1,2.4901,1.6533,-2.3419,0.1930,0.2780,0.1137,0.0385,1,1.8020,0.7902,0.6216,0.8681,1.1829,152.5,35,1.2244,0.8285,0.2326,1.9676,1.4784,3.7197,0.2274,0,0,1,
25.092,12.639,pred,block2_B_pred,1,2.4812,1.6436,-2.2882,0.1800,0.0920,0.1200,-0.1667,1,1.7210,0.8133,0.5498,0.8836,1.1733,151.3,35,1.1480,0.8482,0.2325,1.9035,1.4273,3.7197,0.2400,0,0,1,
25.162,12.709,pred,block2_B_pred,1,2.4731,1.6340,-2.2311,0.1230,0.7240,0.1137,-0.1667,1,1.6474,0.8191,0.5148,0.8955,1.1352,149.7,35,1.0932,0.8565,0.2321,1.8398,1.3888,3.7197,0.2274,0,0,1,
25.253,12.800,pred,block2_B_pred,1,2.4661,1.6246,-2.1958,0.1480,0.3900,0.1137,-0.1667,1,1.6474,0.8191,0.5148,0.8955,1.1352,149.7,35,1.0932,0.8565,0.2321,1.8398,1.3888,3.7197,0.2274,0,0,1,
25.354,12.901,pred,block2_B_pred,1,2.4609,1.6172,-2.1557,0.1040,0.0180,0.1200,-0.1985,1,1.5929,0.8102,0.5285,0.9096,1.0690,147.7,35,1.0719,0.8573,0.2314,1.7871,1.3726,3.7197,0.2274,0,0,1,
25.454,13.002,pred,block2_B_pred,1,2.4560,1.6097,-2.1268,0.0340,0.2040,0.1137,-0.1985,1,1.5510,0.7905,0.5699,0.9133,0.9888,145.9,35,1.0705,0.8480,0.2305,1.7409,1.3657,3.7197,0.2274,0,0,1,
25.553,13.100,pred,block2_B_pred,1,2.4508,1.6011,-2.1108,0.0470,0.2410,0.1074,-0.5000,1,1.5105,0.7641,0.6292,0.8992,0.8916,144.4,35,1.0788,0.8276,0.2295,1.6928,1.3597,3.7197,0.2147,0,0,1,
25.653,13.200,pred,block2_B_pred,1,2.4465,1.5939,-2.1098,0.1040,-0.2040,0.1074,-0.1923,1,1.5105,0.7641,0.6292,0.8992,0.8916,144.4,35,1.0788,0.8276,0.2295,1.6928,1.3597,3.7197,0.2147,0,0,1,
25.764,13.311,pred,block2_B_pred,1,2.4410,1.5846,-2.1228,0.1740,-0.0920,0.1200,-0.1410,1,1.4717,0.7346,0.6764,0.8736,0.8074,143.6,35,1.0821,0.8005,0.2285,1.6448,1.3460,3.5913,0.2400,0,0,1,
25.854,13.401,pred,block2_B_pred,1,2.4359,1.5767,-2.1696,0.0950,-0.5570,0.1137,-0.0641,1,1.4270,0.7086,0.6783,0.8467,0.7613,143.1,35,1.0604,0.7747,0.2280,1.5932,1.3132,3.5913,0.2274,0,0,1,
25.953,13.500,pred,block2_B_pred,1,2.4289,1.5666,-2.2093,0.0950,-0.5570,0.1074,-0.0128,1,1.4270,0.7086,0.6783,0.8467,0.7613,143.1,35,1.0604,0.7747,0.2280,1.5932,1.3132,3.5913,0.2147,0,0,1,
26.053,13.600,pred,block2_B_pred,1,2.4213,1.5567,-2.2482,0.1040,-0.5750,0.1200,-0.0128,1,1.3624,0.6962,0.5941,0.8470,0.7829,141.8,35,0.9863,0.7689,0.2282,1.5299,1.2506,3.5913,0.2400,0,0,1,
26.153,13.700,pred,block2_B_pred,1,2.4139,1.5478,-2.2887,0.1230,-0.6130,0.1200,0.1410,1,1.2728,0.7000,0.4109,0.8482,0.8746,141.4,35,0.8511,0.7728,0.2292,1.4526,1.1496,3.5913,0.2274,0,0,1,
26.253,13.800,pred,block2_B_pred,1,2.4069,1.5401,-2.3218,0.1140,-0.0370,0.1137,0.3205,1,1.2728,0.7000,0.4109,0.8482,0.8746,141.4,35,0.8511,0.7728,0.2292,1.4526,1.1496,3.5913,0.2400,0,0,1,
26.353,13.900,pred,block2_B_pred,1,2.3995,1.5325,-2.3504,0.1800,-0.0550,0.1200,0.1923,1,1.1709,0.7134,0.1817,0.8268,0.9957,142.1,35,0.6870,0.7716,0.2306,1.3711,1.0331,3.5913,0.2400,0,0,1,
26.453,14.000,pred,block2_B_pred,1,2.3934,1.5265,-2.3771,0.1450,-0.1850,0.1200,0.1923,1,1.0561,0.7332,-0.0572,0.7787,1.1143,142.9,35,0.5113,0.7603,0.2319,1.2857,0.9162,3.5913,0.2344,0,0,1,
26.553,14.100,pred,block2_B_pred,1,2.3890,1.5221,-2.3856,0.0340,-0.2040,0.1200,0.0641,1,1.0561,0.7332,-0.0572,0.7787,1.1143,142.9,35,0.5113,0.7603,0.2319,1.2857,0.9162,3.5913,0.2400,0,0,1,
26.653,14.200,pred,block2_B_pred,1,2.3811,1.5147,-2.3722,0.1070,0.3340,0.1200,0.0641,1,0.9496,0.7556,-0.2482,0.7944,1.1984,139.6,35,0.3635,0.7778,0.2328,1.2136,0.8586,3.5913,0.2274,0,0,1,
26.753,14.300,pred,block2_B_pred,1,2.3733,1.5071,-2.3622,0.1360,-0.0180,0.0947,-0.0703,1,0.8520,0.7784,-0.3658,0.8307,1.2190,135.1,35,0.2561,0.8053,0.2331,1.1540,0.8450,3.5913,0.1642,0,0,1,
26.853,14.400,pred,block2_B_pred,1,2.3642,1.4979,-2.3388,0.1450,0.2970,0.0947,-0.0897,1,0.8520,0.7784,-0.3658,0.8307,1.2190,135.1,35,0.2561,0.8053,0.2331,1.1540,0.8450,3.4811,0.0884,0,0,1,
26.953,14.500,pred,block2_B_pred,1,2.3566,1.4898,-2.3147,0.0570,0.2600,0.1011,0.0128,1,0.8520,0.7784,-0.3658,0.8307,1.2190,135.1,35,0.2561,0.8053,0.2331,1.1540,0.8450,3.4811,0.2400,0,0,1,
27.053,14.600,pred,block2_B_pred,1,2.3485,1.4809,-2.2824,0.0880,0.1480,0.0947,-0.0128,1,0.8520,0.7784,-0.3658,0.8307,1.2190,135.1,35,0.2561,0.8053,0.2331,1.1540,0.8450,3.4811,0.1019,0,0,1,
27.153,14.700,pred,block2_B_pred,1,2.3423,1.4736,-2.2561,0.0630,0.2600,0.1200,-0.0128,1,0.8520,0.7784,-0.3658,0.8307,1.2190,135.1,35,0.2561,0.8053,0.2331,1.1540,0.8450,3.4811,0.2400,0,0,1,
27.253,14.801,pred,block2_B_pred,1,2.3364,1.4663,-2.2447,0.1140,-0.3340,0.1200,0.0897,1,0.8520,0.7784,-0.3658,0.8307,1.2190,135.1,35,0.2561,0.8053,0.2331,1.1540,0.8450,3.4811,0.2274,0,0,1,
27.353,14.900,pred,block2_B_pred,1,2.3319,1.4606,-2.2235,0.0280,0.1670,0.1137,0.0897,1,0.8520,0.7784,-0.3658,0.8307,1.2190,135.1,35,0.2561,0.8053,0.2331,1.1540,0.8450,3.4811,0.2400,0,0,1,
27.453,15.000,pred,block2_B_pred,1,2.3285,1.4562,-2.2198,0.0030,0.0180,0.1200,0.0641,1,0.8520,0.7784,-0.3658,0.8307,1.2190,135.1,35,0.2561,0.8053,0.2331,1.1540,0.8450,3.4811,0.2400,0,0,1,
27.553,15.100,pred,block2_B_pred,1,2.3237,1.4498,-2.2060,0.0600,0.2410,0.1200,0.0641,1,0.8520,0.7784,-0.3658,0.8307,1.2190,135.1,35,0.2561,0.8053,0.2331,1.1540,0.8450,3.4811,0.2400,0,0,1,
27.653,15.200,pred,block2_B_pred,1,2.3195,1.4440,-2.2000,0.1010,-0.2600,0.1200,0.0641,1,0.8520,0.7784,-0.3658,0.8307,1.2190,135.1,35,0.2561,0.8053,0.2331,1.1540,0.8450,3.4811,0.2400,0,0,1,
27.753,15.300,pred,block2_B_pred,1,2.3157,1.4386,-2.1888,0.1480,0.0180,0.1200,0.0000,0,0.8520,0.7784,-0.3658,0.8307,1.2190,135.1,35,0.2561,0.8053,0.2331,1.1540,0.8450,3.4811,0.2400,0,0,1,
27.853,15.400,pred,block2_B_pred,1,2.3110,1.4321,-2.1914,0.0600,-0.1300,0.1200,-0.0641,0,0.8520,0.7784,-0.3658,0.8307,1.2190,135.1,35,0.2561,0.8053,0.2331,1.1540,0.8450,3.4133,0.2274,0,0,1,
27.953,15.500,pred,block2_B_pred,1,2.3032,1.4212,-2.1940,0.1040,-0.3530,0.1137,-0.0385,0,0.8520,0.7784,-0.3658,0.8307,1.2190,135.1,35,0.2561,0.8053,0.2331,1.1540,0.8450,3.4133,0.2400,0,0,1,
28.059,15.607,pred,block2_B_pred,1,2.2952,1.4099,-2.1895,0.1260,0.1480,0.1200,0.0000,0,0.8520,0.7784,-0.3658,0.8307,1.2190,135.1,35,0.2561,0.8053,0.2331,1.1540,0.8450,3.4133,0.2274,0,0,1,
28.153,15.700,pred,block2_B_pred,1,2.2874,1.3988,-2.1863,0.1450,0.1850,0.1074,0.0385,0,0.8520,0.7784,-0.3658,0.8307,1.2190,135.1,35,0.2561,0.8053,0.2331,1.1540,0.8450,3.4133,0.2400,0,0,1,
28.253,15.800,pred,block2_B_pred,1,2.2797,1.3880,-2.1889,0.1330,-0.0740,0.1200,0.0128,0,0.8520,0.7784,-0.3658,0.8307,1.2190,135.1,35,0.2561,0.8053,0.2331,1.1540,0.8450,3.4133,0.2400,0,0,1,
28.353,15.900,pred,block2_B_pred,1,2.2714,1.3763,-2.1890,0.1140,-0.2600,0.1200,-0.0897,0,0.8520,0.7784,-0.3658,0.8307,1.2190,135.1,35,0.2561,0.8053,0.2331,1.1540,0.8450,3.4133,0.2274,0,0,1,
28.453,16.000,pred,block2_B_pred,1,2.2636,1.3652,-2.1875,0.1710,0.0000,0.1074,-0.1154,0,0.8520,0.7784,-0.3658,0.8307,1.2190,135.1,35,0.2561,0.8053,0.2331,1.1540,0.8450,3.4133,0.2147,0,0,1,
28.553,16.100,pred,block2_B_pred,1,2.2572,1.3561,-2.1871,0.1070,-0.3340,0.1011,-0.1154,0,0.8520,0.7784,-0.3658,0.8307,1.2190,135.1,35,0.2561,0.8053,0.2331,1.1540,0.8450,3.4133,0.2021,0,0,1,
28.653,16.200,pred,block2_B_pred,1,2.2511,1.3475,-2.1865,0.0720,-0.1670,0.1011,-0.1410,0,0.8520,0.7784,-0.3658,0.8307,1.2190,135.1,35,0.2561,0.8053,0.2331,1.1540,0.8450,3.4133,0.2400,0,0,1,
28.753,16.300,pred,block2_B_pred,1,2.2456,1.3397,-2.1909,0.1330,0.0370,0.1200,-0.0641,0,0.8520,0.7784,-0.3658,0.8307,1.2190,135.1,35,0.2561,0.8053,0.2331,1.1540,0.8450,3.4133,0.2400,0,0,1,
28.853,16.400,pred,block2_B_pred,1,2.2398,1.3317,-2.1936,0.1070,-0.1850,0.1200,-0.0897,0,0.8520,0.7784,-0.3658,0.8307,1.2190,135.1,35,0.2561,0.8053,0.2331,1.1540,0.8450,3.4133,0.2400,0,0,1,
28.953,16.500,pred,block2_B_pred,1,2.2349,1.3249,-2.1999,0.0660,-0.3150,0.1200,-0.0641,0,0.8520,0.7784,-0.3658,0.8307,1.2190,135.1,35,0.2561,0.8053,0.2331,1.1540,0.8450,3.2579,0.2274,0,0,1,
29.053,16.600,pred,block2_B_pred,1,2.2293,1.3172,-2.2065,0.1740,-0.0180,0.1137,-0.0641,0,0.8520,0.7784,-0.3658,0.8307,1.2190,135.1,35,0.2561,0.8053,0.2331,1.1540,0.8450,3.2579,0.2274,0,0,1,
29.153,16.700,pred,block2_B_pred,1,2.2232,1.3091,-2.2214,0.1420,-0.2040,0.1074,-0.0385,0,0.8520,0.7784,-0.3658,0.8307,1.2190,135.1,35,0.2561,0.8053,0.2331,1.1540,0.8450,3.2579,0.2400,0,0,1,
29.253,16.800,pred,block2_B_pred,1,2.2162,1.2999,-2.2258,0.1640,-0.0370,0.1200,0.0000,0,0.8520,0.7784,-0.3658,0.8307,1.2190,135.1,35,0.2561,0.8053,0.2331,1.1540,0.8450,3.2579,0.2274,0,0,1,
29.353,16.900,pred,block2_B_pred,1,2.2093,1.2911,-2.2377,0.0880,0.1110,0.1137,0.0000,0,0.8520,0.7784,-0.3658,0.8307,1.2190,135.1,35,0.2561,0.8053,0.2331,1.1540,0.8450,3.2579,0.2400,0,0,1,
29.453,17.000,pred,block2_B_pred,1,2.2032,1.2835,-2.2611,0.0470,-0.0920,0.1200,0.0897,0,0.8520,0.7784,-0.3658,0.8307,1.2190,135.1,35,0.2561,0.8053,0.2331,1.1540,0.8450,3.2579,0.2400,0,0,1,
29.553,17.100,pred,block2_B_pred,1,2.1965,1.2755,-2.2693,0.0950,0.2220,0.1200,-0.0128,0,0.8520,0.7784,-0.3658,0.8307,1.2190,135.1,35,0.2561,0.8053,0.2331,1.1540,0.8450,3.2579,0.2400,0,0,1,
29.654,17.201,pred,block2_B_pred,1,2.1906,1.2685,-2.2764,0.0310,-0.0370,0.1200,-0.0641,0,0.8520,0.7784,-0.3658,0.8307,1.2190,135.1,35,0.2561,0.8053,0.2331,1.1540,0.8450,3.2579,0.2400,0,0,1,
29.753,17.300,pred,block2_B_pred,1,2.1832,1.2600,-2.2882,0.1100,0.3150,0.1137,-0.0385,0,0.8520,0.7784,-0.3658,0.8307,1.2190,135.1,35,0.2561,0.8053,0.2331,1.1540,0.8450,3.2579,0.2274,0,0,1,
29.853,17.400,pred,block2_B_pred,1,2.1757,1.2514,-2.2968,0.1040,-0.0920,0.1200,0.0641,0,0.8520,0.7784,-0.3658,0.8307,1.2190,135.1,35,0.2561,0.8053,0.2331,1.1540,0.8450,3.2579,0.2400,0,0,1,
29.953,17.500,pred,block2_B_pred,1,2.1698,1.2448,-2.3142,0.0530,-0.2410,0.1200,0.0897,0,0.8520,0.7784,-0.3658,0.8307,1.2190,135.1,35,0.2561,0.8053,0.2331,1.1540,0.8450,3.1462,0.2274,0,0,1,
30.053,17.600,pred,block2_B_pred,1,2.1630,1.2374,-2.3176,0.1580,0.0370,0.1200,0.1410,0,0.8520,0.7784,-0.3658,0.8307,1.2190,135.1,35,0.2561,0.8053,0.2331,1.1540,0.8450,3.1462,0.2373,0,0,1,
30.153,17.700,pred,block2_B_pred,1,2.1561,1.2299,-2.3209,0.1040,-0.3900,0.1200,0.0897,0,0.8520,0.7784,-0.3658,0.8307,1.2190,135.1,35,0.2561,0.8053,0.2331,1.1540,0.8450,3.1462,0.2274,0,0,1,
30.253,17.800,pred,block2_B_pred,1,2.1478,1.2212,-2.3284,0.1740,-0.0180,0.1137,0.1154,0,0.8520,0.7784,-0.3658,0.8307,1.2190,135.1,35,0.2561,0.8053,0.2331,1.1540,0.8450,3.1462,0.2274,0,0,1,
30.353,17.900,pred,block2_B_pred,1,2.1392,1.2120,-2.3258,0.1770,0.0000,0.1074,0.1410,0,0.8520,0.7784,-0.3658,0.8307,1.2190,135.1,35,0.2561,0.8053,0.2331,1.1540,0.8450,3.1462,0.2147,0,0,1,
30.453,18.000,pred,block2_B_pred,1,2.1301,1.2024,-2.3265,0.1770,0.0000,0.1011,0.1154,0,0.8520,0.7784,-0.3658,0.8307,1.2190,135.1,35,0.2561,0.8053,0.2331,1.1540,0.8450,3.1462,0.2021,0,0,1,
30.553,18.100,pred,block2_B_pred,1,2.1213,1.1930,-2.3228,0.1420,0.0180,0.1200,0.0897,0,0.8520,0.7784,-0.3658,0.8307,1.2190,135.1,35,0.2561,0.8053,0.2331,1.1540,0.8450,3.1462,0.2400,0,0,1,
30.654,18.201,pred,block2_B_pred,1,2.1132,1.1843,-2.3113,0.1070,0.2600,0.1200,0.1154,0,0.8520,0.7784,-0.3658,0.8307,1.2190,135.1,35,0.2561,0.8053,0.2331,1.1540,0.8450,3.1462,0.2400,0,0,1,
30.753,18.300,pred,block2_B_pred,1,2.1043,1.1745,-2.3006,0.1480,0.2410,0.1200,0.0385,0,0.8520,0.7784,-0.3658,0.8307,1.2190,135.1,35,0.2561,0.8053,0.2331,1.1540,0.8450,3.1462,0.2274,0,0,1,
30.853,18.400,pred,block2_B_pred,1,2.0974,1.1666,-2.2813,0.0570,0.2220,0.1137,0.0385,0,0.8520,0.7784,-0.3658,0.8307,1.2190,135.1,35,0.2561,0.8053,0.2331,1.1540,0.8450,3.1462,0.2147,0,0,1,
30.953,18.500,pred,block2_B_pred,1,2.0901,1.1582,-2.2813,0.1390,-0.1850,0.1074,0.0641,0,0.8520,0.7784,-0.3658,0.8307,1.2190,135.1,35,0.2561,0.8053,0.2331,1.1540,0.8450,3.0344,0.2021,0,0,1,
31.053,18.600,pred,block2_B_pred,1,2.0835,1.1504,-2.2620,0.1010,0.1110,0.1011,0.0385,0,0.8520,0.7784,-0.3658,0.8307,1.2190,135.1,35,0.2561,0.8053,0.2331,1.1540,0.8450,3.0344,0.2400,0,0,1,
31.153,18.700,pred,block2_B_pred,1,2.0779,1.1434,-2.2472,0.0470,0.1670,0.0947,0.1667,0,0.8520,0.7784,-0.3658,0.8307,1.2190,135.1,35,0.2561,0.8053,0.2331,1.1540,0.8450,3.0344,0.2400,0,0,1,
31.253,18.800,pred,block2_B_pred,1,2.0731,1.1374,-2.2312,0.0950,0.4830,0.1200,0.0641,0,0.8520,0.7784,-0.3658,0.8307,1.2190,135.1,35,0.2561,0.8053,0.2331,1.1540,0.8450,3.0344,0.2400,0,0,1,
31.353,18.900,pred,block2_B_pred,1,2.0688,1.1319,-2.2308,0.0150,0.0550,0.1200,0.1410,0,0.8520,0.7784,-0.3658,0.8307,1.2190,135.1,35,0.2561,0.8053,0.2331,1.1540,0.8450,3.0344,0.2269,0,0,1,
31.453,19.000,pred,block2_B_pred,1,2.0631,1.1246,-2.2189,0.0440,0.2600,0.1137,0.1410,0,0.8520,0.7784,-0.3658,0.8307,1.2190,135.1,35,0.2561,0.8053,0.2331,1.1540,0.8450,3.0344,0.2021,0,0,1,
31.553,19.100,pred,block2_B_pred,1,2.0580,1.1179,-2.2108,0.1100,0.3900,0.1137,0.1154,0,0.8520,0.7784,-0.3658,0.8307,1.2190,135.1,35,0.2561,0.8053,0.2331,1.1540,0.8450,3.0344,0.2137,0,0,1,
31.653,19.200,pred,block2_B_pred,1,2.0517,1.1093,-2.2011,0.1710,0.1110,0.1074,0.1410,0,0.8520,0.7784,-0.3658,0.8307,1.2190,135.1,35,0.2561,0.8053,0.2331,1.1540,0.8450,3.0344,0.2400,0,0,1,
31.758,19.305,pred,block2_B_pred,1,2.0460,1.1014,-2.1844,0.1230,0.2780,0.1200,0.1410,0,0.8520,0.7784,-0.3658,0.8307,1.2190,135.1,35,0.2561,0.8053,0.2331,1.1540,0.8450,3.0344,0.2400,0,0,1,
31.853,19.400,pred,block2_B_pred,1,2.0395,1.0920,-2.1774,0.1480,-0.0180,0.1137,0.1410,0,0.8520,0.7784,-0.3658,0.8307,1.2190,135.1,35,0.2561,0.8053,0.2331,1.1540,0.8450,3.0344,0.2274,0,0,1,
31.963,19.510,pred,block2_B_pred,1,2.0325,1.0819,-2.1648,0.1170,0.1300,0.1074,0.1410,0,0.8520,0.7784,-0.3658,0.8307,1.2190,135.1,35,0.2561,0.8053,0.2331,1.1540,0.8450,2.9402,0.2400,0,0,1,
32.053,19.600,pred,block2_B_pred,1,2.0266,1.0730,-2.1418,0.1260,0.3340,0.1200,-0.0959,1,0.8665,0.4896,2.0154,0.1079,1.2106,-47.9,35,1.4286,0.3028,0.2324,0.9953,1.4604,2.9402,0.2274,0,0,0,
32.153,19.700,pred,block2_B_pred,1,2.0206,1.0636,-2.1273,0.1010,0.2220,0.1137,-0.1154,1,0.8665,0.4896,2.0154,0.1079,1.2106,-47.9,35,1.4286,0.3028,0.2324,0.9953,1.4604,2.9402,0.2147,0,0,0,
32.253,19.800,pred,block2_B_pred,1,2.0148,1.0540,-2.1140,0.1290,0.0550,0.1200,-0.3010,1,0.9021,0.4720,2.0771,0.0818,1.2380,-46.0,35,1.4770,0.2810,0.2327,1.0182,1.5035,2.9402,0.2021,0,0,0,
32.353,19.900,pred,block2_B_pred,1,2.0090,1.0443,-2.0970,0.1040,0.3150,0.1200,-0.0836,1,0.9452,0.4444,2.0941,0.0368,1.2191,-44.7,35,1.5077,0.2459,0.2326,1.0445,1.5276,2.9402,0.2400,0,0,0,
32.454,20.001,pred,block2_B_pred,1,2.0035,1.0347,-2.0866,0.1670,0.1300,0.1200,-0.2179,1,0.9941,0.4086,2.1012,-0.0428,1.1956,-44.5,35,1.5077,0.2459,0.2326,1.0748,1.5276,2.9402,0.2400,0,0,0,
32.553,20.100,pred,block2_B_pred,1,1.9980,1.0249,-2.0762,0.1170,0.3900,0.1200,-0.1667,1,0.9941,0.4086,2.1012,-0.0428,1.1956,-44.5,35,1.5370,0.1903,0.2324,1.0748,1.5487,2.9402,0.2274,0,0,0,
32.653,20.200,pred,block2_B_pred,1,1.9923,1.0146,-2.0755,0.1040,0.0920,0.1200,-0.1923,1,1.0611,0.3631,2.1833,-0.1692,1.2420,-44.3,35,1.6122,0.1065,0.2331,1.1215,1.6157,2.9402,0.2400,0,0,0,
32.757,20.304,pred,block2_B_pred,1,1.9857,1.0029,-2.0929,0.1290,-0.4270,0.1137,-0.1923,1,1.1464,0.3079,2.3013,-0.3114,1.3104,-43.2,35,1.6122,0.1065,0.2331,1.1870,1.6157,2.9402,0.2274,0,0,0,
32.853,20.400,pred,block2_B_pred,1,1.9796,0.9923,-2.1074,0.1170,-0.1670,0.1200,-0.1410,1,1.1464,0.3079,2.3013,-0.3114,1.3104,-43.2,35,1.7138,0.0089,0.2339,1.1870,1.7138,2.9402,0.2400,0,0,0,
32.953,20.500,pred,block2_B_pred,1,1.9727,0.9809,-2.1252,0.1710,-0.0370,0.1137,-0.0641,1,1.2248,0.2560,2.3517,-0.3853,1.2965,-41.4,35,1.7781,-0.0546,0.2338,1.2513,1.7789,2.9402,0.2147,0,0,0,
33.053,20.600,pred,block2_B_pred,1,1.9663,0.9710,-2.1479,0.1040,-0.0550,0.1074,-0.0897,1,1.2918,0.2099,2.2909,-0.3762,1.1583,-39.6,35,1.7820,-0.0745,0.2323,1.3088,1.7835,2.8583,0.2290,0,0,0,
33.157,20.704,pred,block2_B_pred,1,1.9599,0.9613,-2.1708,0.1140,-0.4830,0.1137,-0.3462,1,1.2918,0.2099,2.2909,-0.3762,1.1583,-39.6,35,1.7820,-0.0745,0.2323,1.3088,1.7835,2.8583,0.2274,0,0,0,
33.253,20.800,pred,block2_B_pred,1,1.9545,0.9535,-2.1953,0.0570,-0.2600,0.1200,-0.2692,1,1.3424,0.1743,2.2006,-0.3351,0.9980,-38.1,35,1.7632,-0.0735,0.2306,1.3537,1.7647,2.8583,0.2350,0,0,0,
33.353,20.900,pred,block2_B_pred,1,1.9498,0.9471,-2.2114,0.0720,-0.2780,0.1200,-0.2692,1,1.3797,0.1470,1.9375,-0.1841,0.6487,-36.8,35,1.6532,-0.0141,0.2269,1.3875,1.6533,2.8583,0.2274,0,0,0,
33.453,21.000,pred,block2_B_pred,1,1.9445,0.9402,-2.2274,0.0690,0.0740,0.1200,-0.3718,1,1.4078,0.1257,1.7704,-0.0896,0.4217,-35.8,35,1.5856,0.0210,0.2245,1.4134,1.5857,2.8583,0.2160,0,0,0,
33.555,21.102,pred,block2_B_pred,1,1.9377,0.9316,-2.2578,0.1450,-0.2970,0.1074,-0.2436,1,1.4311,0.1096,1.8559,-0.1243,0.4849,-33.2,35,1.6389,-0.0050,0.2252,1.4353,1.6389,2.8583,0.2147,0,0,0,
33.653,21.200,pred,block2_B_pred,1,1.9317,0.9247,-2.2908,0.1520,0.0370,0.1200,-0.2692,1,1.4311,0.1096,1.8559,-0.1243,0.4849,-33.2,35,1.6389,-0.0050,0.2252,1.4353,1.6389,2.8583,0.2400,0,0,0,
33.753,21.300,pred,block2_B_pred,1,1.9245,0.9167,-2.3220,0.1610,-0.0920,0.1200,-0.2692,1,1.4547,0.0973,1.7308,-0.0547,0.3152,-32.7,35,1.5898,0.0228,0.2234,1.4580,1.5900,2.8583,0.2266,0,0,0,
33.855,21.402,pred,block2_B_pred,1,1.9154,0.9072,-2.3494,0.1960,-0.1480,0.1137,-0.2436,1,1.4748,0.0918,1.6542,-0.0070,0.2049,-32.4,35,1.5626,0.0434,0.2222,1.4776,1.5632,2.8583,0.2274,0,0,0,
33.953,21.500,pred,block2_B_pred,1,1.9084,0.9003,-2.3795,0.1390,0.0740,0.1200,-0.1667,1,1.4748,0.0918,1.6542,-0.0070,0.2049,-32.4,35,1.5626,0.0434,0.2222,1.4776,1.5632,2.8583,0.2400,0,0,0,
34.053,21.600,pred,block2_B_pred,1,1.9006,0.8929,-2.4161,0.0820,-0.4450,0.1200,-0.2497,1,1.4925,0.0935,1.6091,0.0293,0.1332,-32.4,31,1.4925,0.0935,0.2200,1.4954,1.4954,3.0053,0.2383,0,0,0,
34.155,21.702,pred,block2_B_pred,1,1.8915,0.8850,-2.4360,0.1330,0.1480,0.1200,-0.2949,1,1.5076,0.1020,1.5834,0.0602,0.0866,-32.7,31,1.5076,0.1020,0.2200,1.5110,1.5110,3.0053,0.2274,0,0,0,
34.253,21.800,pred,block2_B_pred,1,1.8840,0.8787,-2.4702,0.0950,-0.5570,0.1137,-0.2436,1,1.5076,0.1020,1.5834,0.0602,0.0866,-32.7,31,1.5076,0.1020,0.2200,1.5110,1.5110,3.0053,0.2400,0,0,0,
34.353,21.900,pred,block2_B_pred,1,1.8762,0.8725,-2.4901,0.0440,-0.2220,0.1200,-0.1410,1,1.5243,0.1162,1.5735,0.0891,0.0563,-33.2,31,1.5243,0.1162,0.2200,1.5287,1.5287,3.0053,0.2274,0,0,0,
34.453,22.000,pred,block2_B_pred,1,1.8674,0.8660,-2.5105,0.0660,-0.3150,0.1137,-0.0641,1,1.5459,0.1354,1.5779,0.1177,0.0366,-33.8,31,1.5459,0.1354,0.2200,1.5518,1.5518,3.0053,0.2147,0,0,0,
34.553,22.100,pred,block2_B_pred,1,1.8591,0.8601,-2.5354,0.1040,-0.4640,0.1074,-0.0641,1,1.5729,0.1585,1.5937,0.1470,0.0238,-34.6,31,1.5459,0.1354,0.2200,1.5809,1.5518,3.0053,0.2147,0,0,0,
34.653,22.200,pred,block2_B_pred,1,1.8509,0.8546,-2.5576,0.1450,-0.0370,0.1200,-0.0897,1,1.5729,0.1585,1.5937,0.1470,0.0238,-34.6,31,1.5729,0.1585,0.2200,1.5809,1.5809,3.0053,0.2400,0,0,0,
34.753,22.300,pred,block2_B_pred,1,1.8434,0.8498,-2.5856,0.1420,0.1300,0.1200,-0.1154,1,1.6032,0.1845,1.6168,0.1770,0.0155,-35.4,31,1.6032,0.1845,0.2200,1.6138,1.6138,3.0053,0.2400,0,0,0,
34.854,22.402,pred,block2_B_pred,1,1.8355,0.8449,-2.5993,0.1170,0.2780,0.1137,-0.0897,1,1.6311,0.2113,1.6399,0.2065,0.0100,-36.2,31,1.6311,0.2113,0.2200,1.6447,1.6447,3.0053,0.2274,0,0,0,
34.953,22.500,pred,block2_B_pred,1,1.8263,0.8396,-2.6160,0.1010,0.3340,0.1137,-0.0897,1,1.6311,0.2113,1.6399,0.2065,0.0100,-36.2,31,1.6311,0.2113,0.2200,1.6447,1.6447,3.0053,0.2147,0,0,0,
35.053,22.600,pred,block2_B_pred,1,1.8175,0.8347,-2.6394,0.0880,-0.2970,0.1074,-0.0641,1,1.6540,0.2398,1.6598,0.2367,0.0065,-37.1,31,1.6540,0.2398,0.2200,1.6713,1.6713,2.6722,0.2021,0,0,0,
35.153,22.700,pred,block2_B_pred,1,1.8076,0.8293,-2.6539,0.1710,-0.0370,0.1074,0.0959,1,1.6710,0.2670,1.6747,0.2649,0.0042,-37.9,31,1.6710,0.2670,0.2200,1.6921,1.6921,2.6722,0.2235,0,0,0,
35.253,22.800,pred,block2_B_pred,1,1.7978,0.8242,-2.6624,0.1640,0.0740,0.1074,0.4159,1,1.6710,0.2670,1.6747,0.2649,0.0042,-37.9,31,1.6710,0.2670,0.2200,1.6921,1.6921,2.6722,0.2017,0,0,0,
35.353,22.900,pred,block2_B_pred,1,1.7869,0.8186,-2.6730,0.1010,-0.0370,0.1074,0.4487,1,1.6856,0.2884,1.6880,0.2871,0.0028,-38.5,31,1.6856,0.2884,0.2200,1.7101,1.7101,2.6722,0.2030,0,0,0,
35.453,23.000,pred,block2_B_pred,1,1.7755,0.8129,-2.6782,0.0790,0.1670,0.0947,0.5000,1,1.6986,0.3032,1.7002,0.3024,0.0018,-39.0,31,1.6986,0.3032,0.2200,1.7255,1.7255,2.6722,0.2274,0,0,0,
35.553,23.100,pred,block2_B_pred,1,1.7629,0.8065,-2.6645,0.0980,0.0920,0.1200,0.5000,1,1.7094,0.3115,1.7104,0.3109,0.0012,-39.2,31,1.7094,0.3115,0.2200,1.7375,1.7375,2.6722,0.2176,0,0,0,
35.653,23.200,pred,block2_B_pred,1,1.7512,0.8003,-2.6456,0.1770,0.0370,0.1137,0.4487,1,1.7094,0.3115,1.7104,0.3109,0.0012,-39.2,31,1.7094,0.3115,0.2200,1.7375,1.7375,2.6722,0.2021,0,0,0,
35.756,23.303,pred,block2_B_pred,1,1.7403,0.7943,-2.5944,0.0980,0.5750,0.0947,0.5000,1,1.7199,0.3122,1.7205,0.3118,0.0008,0.0,31,1.7199,0.3122,0.2200,1.7480,1.7480,2.6722,0.2400,0,0,0,
35.853,23.400,pred,block2_B_pred,1,1.7286,0.7869,-2.5455,0.1100,0.5750,0.1200,0.4231,1,1.7343,0.2973,1.7347,0.2971,0.0005,0.0,31,1.7343,0.2973,0.2200,1.7596,1.7596,2.6722,0.2400,0,0,0,
35.953,23.500,pred,block2_B_pred,1,1.7196,0.7803,-2.4797,0.1100,0.6500,0.1137,0.3974,1,1.7343,0.2973,1.7347,0.2971,0.0005,0.0,31,1.7343,0.2973,0.2200,1.7596,1.7596,2.6722,0.2274,0,0,0,
36.053,23.600,pred,block2_B_pred,1,1.7115,0.7737,-2.4181,0.1100,0.6500,0.1074,0.3718,1,1.7491,0.2647,1.7494,0.2645,0.0003,0.0,31,1.7491,0.2647,0.2200,1.7690,1.7690,2.6722,0.2147,0,0,0,
36.153,23.700,pred,block2_B_pred,1,1.7043,0.7671,-2.3605,0.0790,0.4640,0.1011,0.3205,1,1.7594,0.2129,1.7596,0.2128,0.0002,0.0,31,1.7594,0.2129,0.2200,1.7722,1.7722,2.5155,0.2400,0,0,0,
36.257,23.804,pred,block2_B_pred,1,1.6981,0.7607,-2.3082,0.0790,0.4640,0.1074,0.0005,1,1.7594,0.2129,1.7596,0.2128,0.0002,0.0,31,1.7594,0.2129,0.2200,1.7722,1.7722,2.5155,0.2400,0,0,0,
36.353,23.900,pred,block2_B_pred,1,1.6920,0.7537,-2.2540,0.0980,0.5750,0.1011,-0.1472,1,1.7667,0.1421,1.7668,0.1421,0.0001,0.0,31,1.7667,0.1421,0.2200,1.7724,1.7724,2.5155,0.2400,0,0,0,
36.453,24.000,pred,block2_B_pred,1,1.6870,0.7473,-2.2057,0.0910,0.5380,0.1200,-0.1923,1,1.7743,0.0480,1.9235,-0.1582,0.2545,-55.7,35,1.8488,-0.0517,0.2226,1.7750,1.8496,2.5155,0.2400,0,0,0,
36.553,24.100,pred,block2_B_pred,1,1.6827,0.7412,-2.1616,0.0790,0.4640,0.1200,-0.0897,1,1.7762,-0.0589,2.0234,-0.4587,0.4700,-56.4,35,1.9005,-0.2524,0.2249,1.7772,1.9172,2.5155,0.2400,0,0,0,
36.653,24.200,pred,block2_B_pred,1,1.6794,0.7361,-2.1260,0.0630,0.3710,0.1200,-0.0897,1,1.7762,-0.0589,2.0234,-0.4587,0.4700,-56.4,35,1.9005,-0.2524,0.2249,1.7772,1.9172,2.5155,0.2387,0,0,0,
36.753,24.300,pred,block2_B_pred,1,1.6743,0.7279,-2.1200,0.1390,0.1110,0.1200,-0.1410,1,1.7681,-0.1705,2.0748,-0.7295,0.6376,-55.7,35,1.9225,-0.4415,0.2267,1.7763,1.9725,2.5155,0.2274,0,0,0,
36.853,24.400,pred,block2_B_pred,1,1.6684,0.7184,-2.1315,0.0820,-0.2220,0.1137,-0.1410,1,1.7515,-0.2823,2.0891,-0.9506,0.7487,-54.0,35,1.9206,-0.6072,0.2279,1.7741,2.0143,2.5155,0.2147,0,0,0,
36.953,24.500,pred,block2_B_pred,1,1.6616,0.7077,-2.1490,0.1290,-0.3900,0.1074,-0.1410,1,1.7515,-0.2823,2.0891,-0.9506,0.7487,-54.0,35,1.9206,-0.6072,0.2279,1.7741,2.0143,2.5155,0.2021,0,0,0,
37.053,24.600,pred,block2_B_pred,1,1.6535,0.6955,-2.1709,0.1290,-0.2040,0.1011,-0.0385,1,1.7328,-0.3736,1.9963,-0.6034,0.3497,-28.9,35,1.9384,-0.5261,0.2256,1.7726,2.0085,2.5155,0.1895,0,0,0,
37.153,24.700,pred,block2_B_pred,1,1.6460,0.6849,-2.1987,0.1360,-0.1670,0.1200,0.0000,1,1.7181,-0.4280,1.8559,-0.3747,0.1478,35.1,35,1.8735,-0.4317,0.2234,1.7706,1.9226,2.4268,0.2400,0,0,0,
37.253,24.800,pred,block2_B_pred,1,1.6380,0.6741,-2.2261,0.1170,-0.5010,0.1200,-0.0641,1,1.7181,-0.4280,1.8559,-0.3747,0.1478,35.1,35,1.8735,-0.4317,0.2234,1.7706,1.9226,2.4268,0.2400,0,0,0,
37.353,24.900,pred,block2_B_pred,1,1.6320,0.6664,-2.2455,0.0410,-0.1670,0.1137,0.0385,1,1.6936,-0.4458,1.7832,-0.4112,0.0961,35.9,31,1.6936,-0.4458,0.2200,1.7513,1.7513,2.4268,0.2147,0,0,0,
37.453,25.000,pred,block2_B_pred,1,1.6260,0.6590,-2.2648,0.0530,-0.2780,0.1074,0.0641,1,1.6637,-0.4499,1.7219,-0.4274,0.0624,36.3,31,1.6637,-0.4499,0.2200,1.7234,1.7234,2.4268,0.2400,0,0,0,
37.553,25.100,pred,block2_B_pred,1,1.6213,0.6533,-2.2763,0.0220,-0.1300,0.1200,0.0385,1,1.6637,-0.4499,1.7219,-0.4274,0.0624,36.3,31,1.6637,-0.4499,0.2200,1.7234,1.7234,2.4268,0.2400,0,0,0,
37.653,25.200,pred,block2_B_pred,1,1.6156,0.6467,-2.2855,0.0630,-0.3710,0.1137,0.0641,1,1.6343,-0.4431,1.6722,-0.4284,0.0406,36.3,31,1.6343,-0.4431,0.2200,1.6933,1.6933,2.4268,0.2274,0,0,0,
37.753,25.300,pred,block2_B_pred,1,1.6112,0.6416,-2.2848,0.0250,-0.0740,0.1137,0.0641,1,1.6086,-0.4288,1.6332,-0.4193,0.0264,36.1,31,1.6086,-0.4288,0.2200,1.6648,1.6648,2.4268,0.2400,0,0,0,
37.853,25.400,pred,block2_B_pred,1,1.6058,0.6354,-2.2941,0.1010,-0.4080,0.1074,0.1410,1,1.5864,-0.4097,1.6024,-0.4035,0.0171,35.6,31,1.5864,-0.4097,0.2200,1.6385,1.6385,2.4268,0.2400,0,0,0,
37.954,25.501,pred,block2_B_pred,1,1.6006,0.6296,-2.3063,0.0950,0.1110,0.1200,0.1923,1,1.5864,-0.4097,1.6024,-0.4035,0.0171,35.6,31,1.5864,-0.4097,0.2200,1.6385,1.6385,2.4268,0.2274,0,0,0,
38.053,25.600,pred,block2_B_pred,1,1.5934,0.6219,-2.3204,0.1450,-0.1480,0.1200,0.2179,1,1.5665,-0.3887,1.5769,-0.3847,0.0111,35.1,31,1.5665,-0.3887,0.2200,1.6140,1.6140,2.4268,0.2274,0,0,0,
38.154,25.702,pred,block2_B_pred,1,1.5847,0.6124,-2.3167,0.1390,-0.2220,0.1074,0.1923,1,1.5472,-0.3669,1.5539,-0.3643,0.0072,34.5,31,1.5472,-0.3669,0.2200,1.5901,1.5901,2.3151,0.2400,0,0,0,
38.253,25.800,pred,block2_B_pred,1,1.5752,0.6020,-2.3038,0.1710,0.0740,0.1200,0.2692,1,1.5472,-0.3669,1.5539,-0.3643,0.0072,34.5,31,1.5472,-0.3669,0.2200,1.5901,1.5901,2.3151,0.2400,0,0,0,
38.353,25.900,pred,block2_B_pred,1,1.5661,0.5918,-2.2837,0.1520,0.2220,0.1200,0.2179,1,1.5301,-0.3494,1.5345,-0.3477,0.0047,34.0,31,1.5301,-0.3494,0.2200,1.5695,1.5695,2.3151,0.2400,0,0,0,
38.454,26.001,pred,block2_B_pred,1,1.5563,0.5802,-2.2640,0.1740,0.2040,0.1200,0.1667,1,1.5169,-0.3374,1.5198,-0.3363,0.0031,33.7,31,1.5169,-0.3374,0.2200,1.5540,1.5540,2.3151,0.2274,0,0,0,
38.553,26.100,pred,block2_B_pred,1,1.5478,0.5698,-2.2437,0.1040,0.2040,0.1137,0.1410,1,1.5169,-0.3374,1.5198,-0.3363,0.0031,33.7,31,1.5169,-0.3374,0.2200,1.5540,1.5540,2.3151,0.2147,0,0,0,
38.653,26.200,pred,block2_B_pred,1,1.5398,0.5596,-2.2230,0.1260,-0.2600,0.1200,0.2949,1,1.5082,-0.3361,1.5100,-0.3354,0.0020,33.7,31,1.5082,-0.3361,0.2200,1.5452,1.5452,2.3151,0.2400,0,0,0,
38.753,26.301,pred,block2_B_pred,1,1.5323,0.5495,-2.1981,0.1610,0.2780,0.1200,0.1923,1,1.4961,-0.3518,1.4973,-0.3513,0.0013,34.4,31,1.5082,-0.3361,0.2200,1.5369,1.5452,2.3151,0.2400,0,0,0,
38.853,26.400,pred,block2_B_pred,1,1.5265,0.5413,-2.1771,0.1360,0.0550,0.1137,0.1923,1,1.4961,-0.3518,1.4973,-0.3513,0.0013,34.4,31,1.4961,-0.3518,0.2200,1.5369,1.5369,2.3151,0.2400,0,0,0,
38.953,26.500,pred,block2_B_pred,1,1.5218,0.5343,-2.1608,0.1170,0.1300,0.1200,0.0897,1,1.4750,-0.3753,1.4758,-0.3750,0.0008,0.0,31,1.4750,-0.3753,0.2200,1.5220,1.5220,2.3151,0.2400,0,0,0,
39.053,26.600,pred,block2_B_pred,1,1.5169,0.5267,-2.1329,0.1450,-0.1110,0.1200,0.0897,1,1.4478,-0.4021,1.4483,-0.4019,0.0005,0.0,31,1.4478,-0.4021,0.2200,1.5026,1.5026,2.3151,0.2274,0,0,0,
39.162,26.709,pred,block2_B_pred,1,1.5132,0.5207,-2.1062,0.0530,0.3150,0.1137,0.0385,1,1.4478,-0.4021,1.4483,-0.4019,0.0005,0.0,31,1.4478,-0.4021,0.2200,1.5026,1.5026,2.1567,0.2400,0,0,0,
39.253,26.800,pred,block2_B_pred,1,1.5089,0.5135,-2.0907,0.0600,0.3530,0.1200,-0.0190,1,1.4190,-0.4310,1.4193,-0.4309,0.0004,0.0,31,1.4190,-0.4310,0.2200,1.4830,1.4830,2.1567,0.2400,0,0,0,
39.353,26.900,pred,block2_B_pred,1,1.5043,0.5053,-2.0653,0.0500,0.2970,0.1200,-0.2692,1,1.3916,-0.4637,1.3918,-0.4636,0.0002,0.0,31,1.3916,-0.4637,0.2200,1.4669,1.4669,2.1567,0.2400,0,0,0,
39.453,27.000,pred,block2_B_pred,1,1.5002,0.4975,-2.0476,0.0440,0.2600,0.1200,-0.2436,1,1.3916,-0.4637,1.3918,-0.4636,0.0002,0.0,31,1.3916,-0.4637,0.2200,1.4669,1.4669,2.1567,0.2274,0,0,0,
39.553,27.100,pred,block2_B_pred,1,1.4953,0.4879,-2.0325,0.1010,-0.1850,0.1200,-0.4805,1,1.3655,-0.4992,1.3656,-0.4991,0.0002,0.0,31,1.3655,-0.4992,0.2200,1.4539,1.4539,2.1567,0.2274,0,0,0,
39.653,27.200,pred,block2_B_pred,1,1.4902,0.4776,-2.0228,0.0880,0.1850,0.1074,-0.2631,1,1.3400,-0.5365,1.3401,-0.5365,0.0001,0.0,31,1.3400,-0.5365,0.2200,1.4434,1.4434,2.1567,0.2400,0,0,0,
39.757,27.304,pred,block2_B_pred,1,1.4830,0.4628,-2.0250,0.1360,-0.1300,0.1200,-0.2179,1,1.3400,-0.5365,1.3401,-0.5365,0.0001,0.0,31,1.3400,-0.5365,0.2200,1.4434,1.4434,2.1567,0.2285,0,0,0,
39.853,27.400,pred,block2_B_pred,1,1.4762,0.4487,-2.0328,0.1330,-0.2970,0.1137,-0.2949,1,1.3139,-0.5734,1.3139,-0.5734,0.0001,0.0,31,1.3139,-0.5734,0.2200,1.4335,1.4335,2.1567,0.2400,0,0,0,
39.954,27.502,pred,block2_B_pred,1,1.4695,0.4355,-2.0603,0.0950,-0.3710,0.1200,-0.1410,1,1.2864,-0.6067,1.2865,-0.6067,0.0000,0.0,31,1.2864,-0.6067,0.2200,1.4223,1.4223,2.1567,0.2274,0,0,0,
40.053,27.600,pred,block2_B_pred,1,1.4619,0.4217,-2.0877,0.1390,-0.1850,0.1137,-0.1410,1,1.2583,-0.6318,1.2583,-0.6318,0.0000,0.0,31,1.2583,-0.6318,0.2200,1.4080,1.4080,2.1567,0.2147,0,0,0,
40.153,27.700,pred,block2_B_pred,1,1.4559,0.4116,-2.1200,0.1260,-0.0370,0.1074,-0.0641,1,1.2583,-0.6318,1.2583,-0.6318,0.0000,0.0,31,1.2583,-0.6318,0.2200,1.4080,1.4080,2.1567,0.2021,0,0,0,
40.253,27.800,pred,block2_B_pred,1,1.4505,0.4031,-2.1567,0.1610,-0.0180,0.1011,-0.0385,1,1.2335,-0.6440,1.2335,-0.6440,0.0000,0.0,31,1.2335,-0.6440,0.2200,1.3915,1.3915,2.0675,0.2274,0,0,0,
40.353,27.900,pred,block2_B_pred,1,1.4448,0.3948,-2.1831,0.1520,-0.0370,0.1200,0.0385,1,1.2137,-0.6439,1.2137,-0.6439,0.0000,0.0,31,1.2137,-0.6439,0.2200,1.3739,1.3739,2.0675,0.2400,0,0,0,
40.453,28.000,pred,block2_B_pred,1,1.4402,0.3884,-2.2113,0.0880,-0.5200,0.1200,-0.0128,1,1.2137,-0.6439,1.2137,-0.6439,0.0000,0.0,31,1.2137,-0.6439,0.2200,1.3739,1.3739,2.0675,0.2400,0,0,0,
40.553,28.100,pred,block2_B_pred,1,1.4355,0.3821,-2.2250,0.0380,-0.0740,0.1137,0.0641,1,1.1972,-0.6327,1.1972,-0.6327,0.0000,0.0,31,1.1972,-0.6327,0.2200,1.3541,1.3541,2.0675,0.2400,0,0,0,
40.653,28.200,pred,block2_B_pred,1,1.4327,0.3786,-2.2510,0.0820,-0.4830,0.1200,0.2497,1,1.1852,-0.6124,1.1852,-0.6124,0.0000,0.0,31,1.1852,-0.6124,0.2200,1.3340,1.3340,2.0675,0.2326,0,0,0,
40.753,28.300,pred,block2_B_pred,1,1.4283,0.3731,-2.2528,0.0190,-0.1110,0.1137,0.1154,1,1.1852,-0.6124,1.1852,-0.6124,0.0000,0.0,31,1.1852,-0.6124,0.2200,1.3340,1.3340,2.0675,0.2274,0,0,0,
40.853,28.400,pred,block2_B_pred,1,1.4230,0.3666,-2.2603,0.0910,-0.4640,0.1137,0.1667,1,1.1774,-0.5874,1.1774,-0.5874,0.0000,0.0,31,1.1774,-0.5874,0.2200,1.3158,1.3158,2.0675,0.2258,0,0,0,
40.953,28.500,pred,block2_B_pred,1,1.4184,0.3611,-2.2747,0.0250,-0.0370,0.1137,0.3718,1,1.1712,-0.5592,1.1712,-0.5592,0.0000,0.0,31,1.1712,-0.5592,0.2200,1.2978,1.2978,2.0675,0.2400,0,0,0,
41.053,28.600,pred,block2_B_pred,1,1.4102,0.3514,-2.2701,0.1390,0.1480,0.1200,0.0518,1,1.1712,-0.5592,1.1712,-0.5592,0.0000,0.0,31,1.1712,-0.5592,0.2200,1.2978,1.2978,2.0675,0.2400,0,0,0,
41.153,28.700,pred,block2_B_pred,1,1.4013,0.3407,-2.2571,0.0980,0.1670,0.1200,0.1410,1,1.1674,-0.5325,1.1674,-0.5325,0.0000,0.0,31,1.1674,-0.5325,0.2200,1.2831,1.2831,2.0675,0.2400,0,0,0,
41.253,28.800,pred,block2_B_pred,1,1.3920,0.3292,-2.2407,0.1170,0.1670,0.1200,0.0385,1,1.1624,-0.5083,1.1624,-0.5083,0.0000,0.0,31,1.1624,-0.5083,0.2200,1.2687,1.2687,1.9556,0.2274,0,0,0,
41.355,28.903,pred,block2_B_pred,1,1.3814,0.3157,-2.2240,0.1580,0.0000,0.1200,0.0897,1,1.1624,-0.5083,1.1624,-0.5083,0.0000,0.0,31,1.1624,-0.5083,0.2200,1.2687,1.2687,1.9556,0.2274,0,0,0,
41.453,29.000,pred,block2_B_pred,1,1.3734,0.3049,-2.2000,0.1480,-0.1300,0.1137,0.0000,1,1.1545,-0.4924,1.1545,-0.4924,0.0000,0.0,31,1.1545,-0.4924,0.2200,1.2551,1.2551,1.9556,0.2400,0,0,0,
41.554,29.101,pred,block2_B_pred,1,1.3662,0.2947,-2.1736,0.1260,0.4080,0.1200,0.0641,1,1.1401,-0.4898,1.1401,-0.4898,0.0000,0.0,31,1.1401,-0.4898,0.2200,1.2409,1.2409,1.9556,0.2400,0,0,0,
41.653,29.200,pred,block2_B_pred,1,1.3601,0.2858,-2.1562,0.1260,0.2600,0.1200,-0.0385,1,1.1220,-0.4985,1.1220,-0.4985,0.0000,0.0,31,1.1220,-0.4985,0.2200,1.2278,1.2278,1.9556,0.2400,0,0,0,
41.753,29.300,pred,block2_B_pred,1,1.3545,0.2773,-2.1454,0.1580,0.0370,0.1137,-0.0385,1,1.1220,-0.4985,1.1220,-0.4985,0.0000,0.0,31,1.1220,-0.4985,0.2200,1.2278,1.2278,1.9556,0.2400,0,0,0,
41.853,29.400,pred,block2_B_pred,1,1.3498,0.2699,-2.1436,0.1070,-0.3710,0.1200,0.0000,1,1.1036,-0.5158,1.1036,-0.5158,0.0000,0.0,31,1.1036,-0.5158,0.2200,1.2181,1.2181,1.9556,0.2400,0,0,0,
41.953,29.500,pred,block2_B_pred,1,1.3458,0.2637,-2.1298,0.1520,-0.1110,0.1137,0.0000,1,1.0873,-0.5386,1.0873,-0.5386,0.0000,0.0,31,1.0873,-0.5386,0.2200,1.2134,1.2134,1.9556,0.2274,0,0,0,
42.053,29.600,pred,block2_B_pred,1,1.3423,0.2580,-2.1287,0.0980,-0.3530,0.1137,-0.0128,1,1.0873,-0.5386,1.0873,-0.5386,0.0000,0.0,31,1.0873,-0.5386,0.2200,1.2134,1.2134,1.9556,0.2274,0,0,0,
42.153,29.700,pred,block2_B_pred,1,1.3374,0.2502,-2.1273,0.1040,-0.1670,0.1074,-0.0128,1,1.0639,-0.5610,1.0639,-0.5610,0.0000,0.0,31,1.0639,-0.5610,0.2200,1.2027,1.2027,1.9556,0.2400,0,0,0,
42.259,29.806,pred,block2_B_pred,1,1.3329,0.2429,-2.1141,0.0820,0.3340,0.1200,-0.0385,1,1.0422,-0.5801,1.0422,-0.5801,0.0000,0.0,31,1.0422,-0.5801,0.2200,1.1928,1.1928,1.8437,0.2400,0,0,0,
42.357,29.904,pred,block2_B_pred,1,1.3274,0.2337,-2.1075,0.1550,0.1670,0.1200,-0.0897,1,1.0158,-0.5962,1.0158,-0.5962,0.0000,0.0,31,1.0158,-0.5962,0.2200,1.1779,1.1779,1.8437,0.2400,0,0,0,
42.453,30.000,pred,block2_B_pred,1,1.3212,0.2233,-2.1060,0.1200,0.0370,0.1137,-0.0897,1,1.0158,-0.5962,1.0158,-0.5962,0.0000,0.0,31,1.0158,-0.5962,0.2200,1.1779,1.1779,1.8437,0.2274,0,0,0,
42.553,30.100,pred,block2_B_pred,1,1.3147,0.2123,-2.1030,0.0880,-0.0370,0.1074,-0.0897,1,0.9959,-0.6093,0.9959,-0.6093,0.0000,0.0,31,0.9959,-0.6093,0.2200,1.1675,1.1675,1.8437,0.2168,0,0,0,
42.656,30.203,pred,block2_B_pred,1,1.3077,0.2004,-2.1045,0.0790,0.0180,0.1200,-0.0385,1,0.9704,-0.6191,0.9704,-0.6191,0.0000,0.0,31,0.9959,-0.6093,0.2200,1.1511,1.1675,1.8437,0.2400,0,0,0,
42.753,30.300,pred,block2_B_pred,1,1.3014,0.1897,-2.1131,0.1290,-0.3530,0.1137,-0.0385,1,0.9704,-0.6191,0.9704,-0.6191,0.0000,0.0,31,0.9704,-0.6191,0.2200,1.1511,1.1511,1.8437,0.2400,0,0,0,
42.853,30.400,pred,block2_B_pred,1,1.2948,0.1787,-2.1123,0.0980,-0.3150,0.1200,-0.1410,1,0.9438,-0.6250,0.9438,-0.6250,0.0000,0.0,31,0.9438,-0.6250,0.2200,1.1320,1.1320,1.8437,0.2400,0,0,0,
42.953,30.500,pred,block2_B_pred,1,1.2886,0.1683,-2.1024,0.1360,0.1300,0.1137,-0.1410,1,0.9160,-0.6281,0.9160,-0.6281,0.0000,0.0,31,0.9160,-0.6281,0.2200,1.1107,1.1107,1.8437,0.2400,0,0,0,
43.053,30.600,pred,block2_B_pred,1,1.2835,0.1596,-2.1131,0.0880,-0.4450,0.1137,-0.1410,1,0.9160,-0.6281,0.9160,-0.6281,0.0000,0.0,31,0.9160,-0.6281,0.2200,1.1107,1.1107,1.8437,0.2147,0,0,0,
43.153,30.700,pred,block2_B_pred,1,1.2773,0.1494,-2.1143,0.1010,0.2220,0.1074,-0.1410,1,0.8908,-0.6280,0.8908,-0.6280,0.0000,0.0,31,0.8908,-0.6280,0.2200,1.0899,1.0899,1.8437,0.2147,0,0,0,
43.253,30.800,pred,block2_B_pred,1,1.2717,0.1403,-2.1280,0.0720,-0.3530,0.1011,-0.1410,1,0.8689,-0.6250,0.8689,-0.6250,0.0000,0.0,31,0.8689,-0.6250,0.2200,1.0703,1.0703,1.8437,0.1895,0,0,0,
43.353,30.900,pred,block2_B_pred,1,1.2664,0.1318,-2.1529,0.0850,-0.4640,0.1200,0.0190,1,0.8689,-0.6250,0.8689,-0.6250,0.0000,0.0,31,0.8689,-0.6250,0.2200,1.0703,1.0703,1.6877,0.2147,0,0,0,
43.453,31.000,pred,block2_B_pred,1,1.2599,0.1221,-2.1659,0.1480,0.0550,0.1011,0.0641,1,0.8507,-0.6210,0.8507,-0.6210,0.0000,0.0,31,0.8507,-0.6210,0.2200,1.0533,1.0533,1.6877,0.2147,0,0,0,
43.553,31.100,pred,block2_B_pred,1,1.2550,0.1151,-2.1826,0.1100,0.3530,0.0947,0.0897,1,0.8395,-0.6152,0.8395,-0.6152,0.0000,0.0,31,0.8395,-0.6152,0.2200,1.0407,1.0407,1.6877,0.1516,0,0,0,
43.655,31.202,pred,block2_B_pred,1,1.2493,0.1070,-2.2015,0.1070,0.2600,0.1200,0.1667,1,0.8395,-0.6152,0.8395,-0.6152,0.0000,0.0,31,0.8395,-0.6152,0.2200,1.0407,1.0407,1.6877,0.1389,0,0,0,
43.753,31.300,pred,block2_B_pred,1,1.2431,0.0987,-2.2194,0.1670,-0.0180,0.1200,0.1923,1,0.8374,-0.6010,0.8374,-0.6010,0.0000,0.0,31,0.8374,-0.6010,0.2200,1.0307,1.0307,1.6877,0.2396,0,0,0,
43.853,31.400,pred,block2_B_pred,1,1.2397,0.0942,-2.2398,0.0060,-0.0370,0.1137,0.1923,1,0.8328,-0.5816,0.8328,-0.5816,0.0000,0.0,31,0.8328,-0.5816,0.2200,1.0158,1.0158,1.6877,0.2348,0,0,0,
43.953,31.500,pred,block2_B_pred,1,1.2355,0.0889,-2.2506,0.0760,-0.4450,0.1137,0.2436,1,0.8328,-0.5816,0.8328,-0.5816,0.0000,0.0,31,0.8328,-0.5816,0.2200,1.0158,1.0158,1.6877,0.2213,0,0,0,
44.053,31.600,pred,block2_B_pred,1,1.2294,0.0814,-2.2435,0.1330,0.1850,0.1074,0.2179,1,0.8241,-0.5609,0.8241,-0.5609,0.0000,0.0,31,0.8241,-0.5609,0.2200,0.9969,0.9969,1.6877,0.2274,0,0,0,
44.153,31.700,pred,block2_B_pred,1,1.2234,0.0738,-2.2354,0.1010,0.4080,0.1074,0.2179,1,0.8154,-0.5417,0.8154,-0.5417,0.0000,0.0,31,0.8154,-0.5417,0.2200,0.9789,0.9789,1.6877,0.2021,0,0,0,
44.253,31.801,pred,block2_B_pred,1,1.2153,0.0633,-2.2239,0.1200,0.1850,0.1011,0.1923,1,0.8063,-0.5248,0.8063,-0.5248,0.0000,0.0,31,0.8063,-0.5248,0.2200,0.9620,0.9620,1.6877,0.2022,0,0,0,
44.353,31.900,pred,block2_B_pred,1,1.2072,0.0525,-2.1887,0.0950,0.2220,0.1011,0.2949,1,0.8063,-0.5248,0.8063,-0.5248,0.0000,0.0,31,0.8063,-0.5248,0.2200,0.9620,0.9620,1.6198,0.1895,0,0,0,
44.453,32.000,pred,block2_B_pred,1,1.1997,0.0417,-2.1609,0.0980,0.2780,0.0821,0.2949,1,0.7975,-0.5130,0.7975,-0.5130,0.0000,0.0,31,0.7975,-0.5130,0.2200,0.9482,0.9482,1.6198,0.1564,0,0,0,
44.554,32.101,pred,block2_B_pred,1,1.1931,0.0315,-2.1227,0.1040,0.5380,0.0884,0.2436,1,0.7862,-0.5094,0.7862,-0.5094,0.0000,0.0,31,0.7862,-0.5094,0.2200,0.9368,0.9368,1.6198,0.1516,0,0,0,
44.654,32.201,pred,block2_B_pred,1,1.1872,0.0217,-2.0918,0.0950,0.5570,0.0821,0.2436,1,0.7862,-0.5094,0.7862,-0.5094,0.0000,0.0,31,0.7862,-0.5094,0.2200,0.9368,0.9368,1.6198,0.1642,0,0,0,
44.753,32.300,pred,block2_B_pred,1,1.1820,0.0124,-2.0658,0.0790,0.3900,0.0189,-0.0764,1,0.7680,-0.5149,0.7680,-0.5149,0.0000,0.0,31,0.7680,-0.5149,0.2200,0.9246,0.9246,1.6198,0.0545,0,0,0,
44.853,32.400,pred,block2_B_pred,1,1.1790,0.0066,-2.0273,0.0820,0.4830,0.0253,-0.3462,1,0.7680,-0.5149,0.7680,-0.5149,0.0000,0.0,31,0.7680,-0.5149,0.2200,0.9246,0.9246,1.6198,0.0758,0,0,0,
44.953,32.500,pred,block2_B_pred,1,1.1752,-0.0011,-2.0180,0.0760,0.4080,0.1137,-0.0262,1,0.7680,-0.5149,0.7680,-0.5149,0.0000,0.0,31,0.7680,-0.5149,0.2200,0.9246,0.9246,1.6198,0.2274,0,0,0,
45.053,32.601,pred,block2_B_pred,1,1.1735,-0.0047,-1.9950,0.0790,0.4640,0.1074,0.0000,1,0.7680,-0.5149,0.7680,-0.5149,0.0000,0.0,31,0.7680,-0.5149,0.2200,0.9246,0.9246,1.6198,0.2147,0,0,0,
45.153,32.700,pred,block2_B_pred,1,1.1732,-0.0053,-1.9905,0.0000,0.0000,0.1074,0.0000,1,0.7680,-0.5149,0.7680,-0.5149,0.0000,0.0,31,0.7680,-0.5149,0.2200,0.9246,0.9246,1.6198,0.2147,0,0,0,
45.253,32.800,pred,block2_B_pred,1,1.1720,-0.0082,-1.9723,0.0000,0.0000,0.1074,0.0000,1,0.7680,-0.5149,0.7680,-0.5149,0.0000,0.0,31,0.7680,-0.5149,0.2200,0.9246,0.9246,1.6198,0.2147,0,0,0,
45.353,32.900,pred,block2_B_pred,1,1.1720,-0.0082,-1.9723,0.0000,0.0000,0.1074,0.0000,1,0.7680,-0.5149,0.7680,-0.5149,0.0000,0.0,31,0.7680,-0.5149,0.2200,0.9246,0.9246,1.5298,0.2147,0,0,0,
45.453,33.000,pred,block2_B_pred,1,1.1708,-0.0109,-1.9902,0.0690,-0.4080,0.1200,-0.1600,1,0.7680,-0.5149,0.7680,-0.5149,0.0000,0.0,31,0.7680,-0.5149,0.2200,0.9246,0.9246,1.5298,0.2400,0,0,0,
45.553,33.100,pred,block2_B_pred,1,1.1687,-0.0155,-1.9924,0.1200,0.0000,0.1200,-0.1923,1,0.7680,-0.5149,0.7680,-0.5149,0.0000,0.0,31,0.7680,-0.5149,0.2200,0.9246,0.9246,1.5298,0.2274,0,0,0,
45.653,33.200,pred,block2_B_pred,1,1.1643,-0.0254,-1.9905,0.1830,0.0370,0.1137,-0.1667,1,0.7680,-0.5149,0.7680,-0.5149,0.0000,0.0,31,0.7680,-0.5149,0.2200,0.9246,0.9246,1.5298,0.2147,0,0,0,
45.753,33.300,pred,block2_B_pred,1,1.1583,-0.0388,-1.9964,0.1610,-0.2780,0.1074,-0.1923,0,0.7680,-0.5149,0.7680,-0.5149,0.0000,0.0,31,0.7680,-0.5149,0.2200,0.9246,0.9246,1.5298,0.2400,0,0,0,
45.854,33.401,pred,block2_B_pred,1,1.1504,-0.0560,-2.0063,0.2090,-0.0740,0.1137,-0.1410,0,0.7680,-0.5149,0.7680,-0.5149,0.0000,0.0,31,0.7680,-0.5149,0.2200,0.9246,0.9246,1.5298,0.2274,0,0,0,
45.953,33.500,pred,block2_B_pred,1,1.1425,-0.0726,-2.0222,0.1860,-0.2040,0.1200,-0.1923,0,0.7680,-0.5149,0.7680,-0.5149,0.0000,0.0,31,0.7680,-0.5149,0.2200,0.9246,0.9246,1.5298,0.2414,0,0,0,
46.053,33.600,pred,block2_B_pred,1,1.1357,-0.0866,-2.0341,0.1420,-0.3150,0.1200,-0.2436,0,0.7680,-0.5149,0.7680,-0.5149,0.0000,0.0,31,0.7680,-0.5149,0.2200,0.9246,0.9246,1.5298,0.2274,0,0,0,
46.153,33.700,pred,block2_B_pred,1,1.1290,-0.1000,-2.0411,0.0980,-0.0550,0.1137,-0.2949,0,0.7680,-0.5149,0.7680,-0.5149,0.0000,0.0,31,0.7680,-0.5149,0.2200,0.9246,0.9246,1.5298,0.2400,0,0,0,
46.255,33.802,pred,block2_B_pred,1,1.1231,-0.1114,-2.0524,0.1520,-0.2220,0.1200,-0.1667,0,0.7680,-0.5149,0.7680,-0.5149,0.0000,0.0,31,0.7680,-0.5149,0.2200,0.9246,0.9246,1.5298,0.2274,0,0,0,
46.353,33.900,pred,block2_B_pred,1,1.1181,-0.1209,-2.0659,0.1040,-0.3900,0.1137,-0.1410,0,0.7680,-0.5149,0.7680,-0.5149,0.0000,0.0,31,0.7680,-0.5149,0.2200,0.9246,0.9246,1.5298,0.2147,0,0,0,
46.455,34.002,pred,block2_B_pred,1,1.1141,-0.1283,-2.0826,0.0630,-0.3710,0.1074,-0.1923,0,0.7680,-0.5149,0.7680,-0.5149,0.0000,0.0,31,0.7680,-0.5149,0.2200,0.9246,0.9246,1.3959,0.2400,0,0,0,
46.553,34.101,pred,block2_B_pred,1,1.1094,-0.1367,-2.1016,0.0790,-0.4640,0.1200,-0.0641,0,0.7680,-0.5149,0.7680,-0.5149,0.0000,0.0,31,0.7680,-0.5149,0.2200,0.9246,0.9246,1.3959,0.2400,0,0,0,
46.653,34.200,pred,block2_B_pred,1,1.1048,-0.1444,-2.1233,0.0410,-0.2410,0.1200,-0.0641,0,0.7680,-0.5149,0.7680,-0.5149,0.0000,0.0,31,0.7680,-0.5149,0.2200,0.9246,0.9246,1.3959,0.2274,0,0,0,
46.753,34.300,pred,block2_B_pred,1,1.0999,-0.1523,-2.1359,0.0250,-0.1480,0.1200,0.0000,0,0.7680,-0.5149,0.7680,-0.5149,0.0000,0.0,31,0.7680,-0.5149,0.2200,0.9246,0.9246,1.3959,0.2400,0,0,0,
46.853,34.400,pred,block2_B_pred,1,1.0938,-0.1617,-2.1573,0.0950,-0.5200,0.1074,0.0385,0,0.7680,-0.5149,0.7680,-0.5149,0.0000,0.0,31,0.7680,-0.5149,0.2200,0.9246,0.9246,1.3959,0.2400,0,0,0,
46.953,34.500,pred,block2_B_pred,1,1.0884,-0.1698,-2.1798,0.0980,-0.5380,0.0758,0.0703,0,0.7680,-0.5149,0.7680,-0.5149,0.0000,0.0,31,0.7680,-0.5149,0.2200,0.9246,0.9246,1.3959,0.2274,0,0,0,
47.053,34.600,pred,block2_B_pred,1,1.0834,-0.1770,-2.1965,0.0880,-0.5200,0.1074,0.0385,0,0.7680,-0.5149,0.7680,-0.5149,0.0000,0.0,31,0.7680,-0.5149,0.2200,0.9246,0.9246,1.3959,0.2021,0,0,0,
47.153,34.700,pred,block2_B_pred,1,1.0774,-0.1853,-2.2118,0.1140,-0.2600,0.0884,0.1154,0,0.7680,-0.5149,0.7680,-0.5149,0.0000,0.0,31,0.7680,-0.5149,0.2200,0.9246,0.9246,1.3959,0.1642,0,0,0,
47.253,34.800,pred,block2_B_pred,1,1.0713,-0.1934,-2.2229,0.1670,-0.0920,0.0821,0.1410,0,0.7680,-0.5149,0.7680,-0.5149,0.0000,0.0,31,0.7680,-0.5149,0.2200,0.9246,0.9246,1.3959,0.1895,0,0,0,
47.353,34.900,pred,block2_B_pred,1,1.0681,-0.1976,-2.2355,0.0120,-0.0740,0.1200,-0.0128,0,0.7680,-0.5149,0.7680,-0.5149,0.0000,0.0,31,0.7680,-0.5149,0.2200,0.9246,0.9246,1.3959,0.2400,0,0,0,
47.453,35.000,pred,block2_B_pred,1,1.0624,-0.2048,-2.2396,0.0910,0.2410,0.1137,0.0128,0,0.7680,-0.5149,0.7680,-0.5149,0.0000,0.0,31,0.7680,-0.5149,0.2200,0.9246,0.9246,1.3282,0.2274,0,0,0,
47.553,35.100,pred,block2_B_pred,1,1.0568,-0.2119,-2.2444,0.1450,0.0370,0.1074,0.0385,0,0.7680,-0.5149,0.7680,-0.5149,0.0000,0.0,31,0.7680,-0.5149,0.2200,0.9246,0.9246,1.3282,0.2147,0,0,0,
47.653,35.200,pred,block2_B_pred,1,1.0521,-0.2178,-2.2504,0.0250,0.0000,0.1200,-0.0385,0,0.7680,-0.5149,0.7680,-0.5149,0.0000,0.0,31,0.7680,-0.5149,0.2200,0.9246,0.9246,1.3282,0.2400,0,0,0,
47.753,35.300,pred,block2_B_pred,1,1.0448,-0.2268,-2.2426,0.1010,-0.1850,0.1200,-0.0385,0,0.7680,-0.5149,0.7680,-0.5149,0.0000,0.0,31,0.7680,-0.5149,0.2200,0.9246,0.9246,1.3282,0.2400,0,0,0,
47.853,35.400,pred,block2_B_pred,1,1.0380,-0.2355,-2.2307,0.1230,-0.1300,0.1200,-0.1410,0,0.7680,-0.5149,0.7680,-0.5149,0.0000,0.0,31,0.7680,-0.5149,0.2200,0.9246,0.9246,1.3282,0.2274,0,0,0,
47.953,35.500,pred,block2_B_pred,1,1.0317,-0.2437,-2.2170,0.0820,0.2600,0.1074,-0.0897,0,0.7680,-0.5149,0.7680,-0.5149,0.0000,0.0,31,0.7680,-0.5149,0.2200,0.9246,0.9246,1.3282,0.2147,0,0,0,
48.053,35.600,pred,block2_B_pred,1,1.0245,-0.2534,-2.2092,0.1170,0.0180,0.1074,-0.1154,0,0.7680,-0.5149,0.7680,-0.5149,0.0000,0.0,31,0.7680,-0.5149,0.2200,0.9246,0.9246,1.3282,0.2021,0,0,0,
48.153,35.700,pred,block2_B_pred,1,1.0189,-0.2610,-2.1968,0.1100,0.0180,0.1011,-0.1923,0,0.7680,-0.5149,0.7680,-0.5149,0.0000,0.0,31,0.7680,-0.5149,0.2200,0.9246,0.9246,1.3282,0.1895,0,0,0,
48.253,35.801,pred,block2_B_pred,1,1.0138,-0.2681,-2.1942,0.0380,-0.0370,0.0947,-0.1154,0,0.7680,-0.5149,0.7680,-0.5149,0.0000,0.0,31,0.7680,-0.5149,0.2200,0.9246,0.9246,1.3282,0.1895,0,0,0,
48.353,35.900,pred,block2_B_pred,1,1.0074,-0.2771,-2.1850,0.1230,-0.2780,0.0947,-0.2754,0,0.7680,-0.5149,0.7680,-0.5149,0.0000,0.0,31,0.7680,-0.5149,0.2200,0.9246,0.9246,1.3282,0.2400,0,0,0,
48.453,36.000,pred,block2_B_pred,1,1.0027,-0.2838,-2.1813,0.0820,0.2600,0.1200,-0.1862,0,0.7680,-0.5149,0.7680,-0.5149,0.0000,0.0,31,0.7680,-0.5149,0.2200,0.9246,0.9246,1.2401,0.2400,0,0,0,
48.553,36.100,pred,block2_B_pred,1,0.9975,-0.2914,-2.1839,0.0980,-0.4270,0.1011,-0.0128,0,0.7680,-0.5149,0.7680,-0.5149,0.0000,0.0,31,0.7680,-0.5149,0.2200,0.9246,0.9246,1.2401,0.2021,0,0,0,
48.653,36.200,pred,block2_B_pred,1,0.9925,-0.2984,-2.1847,0.1070,0.3710,0.1011,-0.0641,0,0.7680,-0.5149,0.7680,-0.5149,0.0000,0.0,31,0.7680,-0.5149,0.2200,0.9246,0.9246,1.2401,0.1895,0,0,0,
48.753,36.300,pred,block2_B_pred,1,0.9864,-0.3070,-2.2039,0.0880,-0.4450,0.1200,-0.0385,0,0.7680,-0.5149,0.7680,-0.5149,0.0000,0.0,31,0.7680,-0.5149,0.2200,0.9246,0.9246,1.2401,0.2400,0,0,0,
48.853,36.400,pred,block2_B_pred,1,0.9793,-0.3165,-2.2180,0.1640,-0.1480,0.1200,-0.0128,0,0.7680,-0.5149,0.7680,-0.5149,0.0000,0.0,31,0.7680,-0.5149,0.2200,0.9246,0.9246,1.2401,0.2400,0,0,0,
48.953,36.500,pred,block2_B_pred,1,0.9744,-0.3230,-2.2299,0.0790,-0.3530,0.1200,-0.0641,0,0.7680,-0.5149,0.7680,-0.5149,0.0000,0.0,31,0.7680,-0.5149,0.2200,0.9246,0.9246,1.2401,0.2274,0,0,0,
49.053,36.600,pred,block2_B_pred,1,0.9671,-0.3322,-2.2432,0.1710,-0.0370,0.1137,-0.0385,0,0.7680,-0.5149,0.7680,-0.5149,0.0000,0.0,31,0.7680,-0.5149,0.2200,0.9246,0.9246,1.2401,0.2400,0,0,0,
49.155,36.702,pred,block2_B_pred,1,0.9603,-0.3408,-2.2532,0.1070,-0.4450,0.1200,-0.0897,0,0.7680,-0.5149,0.7680,-0.5149,0.0000,0.0,31,0.7680,-0.5149,0.2200,0.9246,0.9246,1.2401,0.2274,0,0,0,
49.253,36.800,pred,block2_B_pred,1,0.9552,-0.3470,-2.2588,0.0600,0.0180,0.1137,-0.0897,0,0.7680,-0.5149,0.7680,-0.5149,0.0000,0.0,31,0.7680,-0.5149,0.2200,0.9246,0.9246,1.2401,0.2274,0,0,0,
49.353,36.900,pred,block2_B_pred,1,0.9484,-0.3552,-2.2729,0.1010,-0.3340,0.1074,-0.0897,0,0.7680,-0.5149,0.7680,-0.5149,0.0000,0.0,31,0.7680,-0.5149,0.2200,0.9246,0.9246,1.2401,0.2400,0,0,0,
49.453,37.000,pred,block2_B_pred,1,0.9421,-0.3626,-2.2905,0.0470,-0.2040,0.1200,0.0641,0,0.7680,-0.5149,0.7680,-0.5149,0.0000,0.0,31,0.7680,-0.5149,0.2200,0.9246,0.9246,1.2401,0.2274,0,0,0,
49.553,37.100,pred,block2_B_pred,1,0.9344,-0.3714,-2.2894,0.1040,0.0920,0.1200,0.0385,0,0.7680,-0.5149,0.7680,-0.5149,0.0000,0.0,31,0.7680,-0.5149,0.2200,0.9246,0.9246,1.1283,0.2400,0,0,0,
49.656,37.203,pred,block2_B_pred,1,0.9279,-0.3787,-2.3076,0.0380,-0.1110,0.1200,0.0641,0,0.7680,-0.5149,0.7680,-0.5149,0.0000,0.0,31,0.7680,-0.5149,0.2200,0.9246,0.9246,1.1283,0.2274,0,0,0,
49.753,37.300,pred,block2_B_pred,1,0.9211,-0.3861,-2.3144,0.1200,0.1850,0.1200,-0.0385,0,0.7680,-0.5149,0.7680,-0.5149,0.0000,0.0,31,0.7680,-0.5149,0.2200,0.9246,0.9246,1.1283,0.2400,0,0,0,
49.859,37.407,pred,block2_B_pred,1,0.9151,-0.3925,-2.3281,0.0470,-0.0920,0.1200,-0.0385,0,0.7680,-0.5149,0.7680,-0.5149,0.0000,0.0,31,0.7680,-0.5149,0.2200,0.9246,0.9246,1.1283,0.2400,0,0,0,
49.953,37.500,pred,block2_B_pred,1,0.9091,-0.3988,-2.3335,0.1450,0.1480,0.1137,-0.0385,0,0.7680,-0.5149,0.7680,-0.5149,0.0000,0.0,31,0.7680,-0.5149,0.2200,0.9246,0.9246,1.1283,0.2274,0,0,0,
50.054,37.601,pred,block2_B_pred,1,0.9020,-0.4062,-2.3499,0.1330,-0.2600,0.1074,0.0128,0,0.7680,-0.5149,0.7680,-0.5149,0.0000,0.0,31,0.7680,-0.5149,0.2200,0.9246,0.9246,1.1283,0.2147,0,0,0,
50.153,37.700,pred,block2_B_pred,1,0.8941,-0.4141,-2.3539,0.1670,0.0550,0.1074,0.0000,0,0.7680,-0.5149,0.7680,-0.5149,0.0000,0.0,31,0.7680,-0.5149,0.2200,0.9246,0.9246,1.1283,0.2400,0,0,0,
50.253,37.800,pred,block2_B_pred,1,0.8863,-0.4218,-2.3591,0.1260,-0.3340,0.1200,0.0385,0,0.7680,-0.5149,0.7680,-0.5149,0.0000,0.0,31,0.7680,-0.5149,0.2200,0.9246,0.9246,1.1283,0.2400,0,0,0,
50.353,37.900,pred,block2_B_pred,1,0.8789,-0.4292,-2.3554,0.1640,0.0740,0.1200,0.0641,0,0.7680,-0.5149,0.7680,-0.5149,0.0000,0.0,31,0.7680,-0.5149,0.2200,0.9246,0.9246,1.1283,0.2400,0,0,0,
50.453,38.000,pred,block2_B_pred,1,0.8715,-0.4366,-2.3754,0.1070,-0.4450,0.1137,0.0897,0,0.7680,-0.5149,0.7680,-0.5149,0.0000,0.0,31,0.7680,-0.5149,0.2200,0.9246,0.9246,1.1283,0.2400,0,0,0,
50.553,38.100,pred,block2_B_pred,1,0.8630,-0.4448,-2.3758,0.1390,-0.2970,0.1200,-0.0128,0,0.7680,-0.5149,0.7680,-0.5149,0.0000,0.0,31,0.7680,-0.5149,0.2200,0.9246,0.9246,1.0165,0.2147,0,0,0,
50.653,38.200,pred,block2_B_pred,1,0.8538,-0.4536,-2.3754,0.1740,0.0180,0.1074,0.0641,0,0.7680,-0.5149,0.7680,-0.5149,0.0000,0.0,31,0.7680,-0.5149,0.2200,0.9246,0.9246,1.0165,0.2021,0,0,0,
50.753,38.300,pred,block2_B_pred,1,0.8453,-0.4617,-2.3795,0.1710,-0.0370,0.1011,0.0641,0,0.7680,-0.5149,0.7680,-0.5149,0.0000,0.0,31,0.7680,-0.5149,0.2200,0.9246,0.9246,1.0165,0.2400,0,0,0,
50.853,38.400,pred,block2_B_pred,1,0.8367,-0.4700,-2.3761,0.1740,-0.0550,0.1200,0.0641,0,0.7680,-0.5149,0.7680,-0.5149,0.0000,0.0,31,0.7680,-0.5149,0.2200,0.9246,0.9246,1.0165,0.2274,0,0,0,
50.953,38.500,pred,block2_B_pred,1,0.8284,-0.4779,-2.3835,0.1740,0.0180,0.1200,0.1154,0,0.7680,-0.5149,0.7680,-0.5149,0.0000,0.0,31,0.7680,-0.5149,0.2200,0.9246,0.9246,1.0165,0.2400,0,0,0,
51.055,38.602,pred,block2_B_pred,1,0.8201,-0.4857,-2.3806,0.1040,0.4270,0.1200,0.0641,0,0.7680,-0.5149,0.7680,-0.5149,0.0000,0.0,31,0.7680,-0.5149,0.2200,0.9246,0.9246,1.0165,0.2274,0,0,0,
51.153,38.700,pred,block2_B_pred,1,0.8110,-0.4944,-2.3821,0.1740,0.0550,0.1137,0.1154,0,0.7680,-0.5149,0.7680,-0.5149,0.0000,0.0,31,0.7680,-0.5149,0.2200,0.9246,0.9246,1.0165,0.2147,0,0,0,
51.253,38.800,pred,block2_B_pred,1,0.8028,-0.5021,-2.3725,0.1140,0.3710,0.1074,0.0641,0,0.7680,-0.5149,0.7680,-0.5149,0.0000,0.0,31,0.7680,-0.5149,0.2200,0.9246,0.9246,1.0165,0.2021,0,0,0,
51.353,38.900,pred,block2_B_pred,1,0.7951,-0.5096,-2.3621,0.1710,0.0370,0.1200,0.0897,0,0.7680,-0.5149,0.7680,-0.5149,0.0000,0.0,31,0.7680,-0.5149,0.2200,0.9246,0.9246,1.0165,0.2400,0,0,0,
51.453,39.000,pred,block2_B_pred,1,0.7875,-0.5173,-2.3442,0.1040,0.3530,0.1200,0.0641,0,0.7680,-0.5149,0.7680,-0.5149,0.0000,0.0,31,0.7680,-0.5149,0.2200,0.9246,0.9246,1.0165,0.2274,0,0,0,
51.553,39.100,pred,block2_B_pred,1,0.7815,-0.5235,-2.3245,0.0600,0.3530,0.1137,0.0385,0,0.7680,-0.5149,0.7680,-0.5149,0.0000,0.0,31,0.7680,-0.5149,0.2200,0.9246,0.9246,0.8799,0.2400,0,0,0,
51.653,39.201,pred,block2_B_pred,1,0.7734,-0.5321,-2.3268,0.1420,-0.1670,0.1200,0.0128,0,0.7680,-0.5149,0.7680,-0.5149,0.0000,0.0,31,0.7680,-0.5149,0.2200,0.9246,0.9246,0.8799,0.2274,0,0,0,
51.753,39.300,pred,block2_B_pred,1,0.7669,-0.5392,-2.3041,0.0760,0.1480,0.1200,-0.0385,0,0.7680,-0.5149,0.7680,-0.5149,0.0000,0.0,31,0.7680,-0.5149,0.2200,0.9246,0.9246,0.8799,0.2400,0,0,0,
51.853,39.400,pred,block2_B_pred,1,0.7608,-0.5460,-2.2882,0.0500,0.1850,0.1200,-0.1410,0,0.7680,-0.5149,0.7680,-0.5149,0.0000,0.0,31,0.7680,-0.5149,0.2200,0.9246,0.9246,0.8799,0.2400,0,0,0,
51.953,39.500,pred,block2_B_pred,1,0.7540,-0.5539,-2.2789,0.0910,0.0550,0.1137,-0.0897,0,0.7680,-0.5149,0.7680,-0.5149,0.0000,0.0,31,0.7680,-0.5149,0.2200,0.9246,0.9246,0.8799,0.2395,0,0,0,
52.053,39.600,pred,block2_B_pred,1,0.7471,-0.5620,-2.2637,0.1170,-0.0180,0.1200,-0.0897,0,0.7680,-0.5149,0.7680,-0.5149,0.0000,0.0,31,0.7680,-0.5149,0.2200,0.9246,0.9246,0.8799,0.2400,0,0,0,
52.153,39.700,pred,block2_B_pred,1,0.7414,-0.5689,-2.2529,0.0630,0.2600,0.1200,-0.0385,0,0.7680,-0.5149,0.7680,-0.5149,0.0000,0.0,31,0.7680,-0.5149,0.2200,0.9246,0.9246,0.8799,0.2400,0,0,0,
52.253,39.800,pred,block2_B_pred,1,0.7331,-0.5791,-2.2537,0.1390,-0.1850,0.1200,-0.0385,0,0.7680,-0.5149,0.7680,-0.5149,0.0000,0.0,31,0.7680,-0.5149,0.2200,0.9246,0.9246,0.8799,0.2274,0,0,0,
52.353,39.900,pred,block2_B_pred,1,0.7255,-0.5886,-2.2514,0.1140,-0.2970,0.1074,0.0385,0,0.7680,-0.5149,0.7680,-0.5149,0.0000,0.0,31,0.7680,-0.5149,0.2200,0.9246,0.9246,0.8799,0.2400,0,0,0,
52.454,40.001,pred,block2_B_pred,1,0.7167,-0.5995,-2.2414,0.1710,0.0370,0.1200,0.0385,0,0.7680,-0.5149,0.7680,-0.5149,0.0000,0.0,31,0.7680,-0.5149,0.2200,0.9246,0.9246,0.8799,0.2274,0,0,0,
52.553,40.100,pred,block2_B_pred,1,0.7096,-0.6085,-2.2437,0.1070,0.0000,0.1137,0.0128,0,0.7680,-0.5149,0.7680,-0.5149,0.0000,0.0,31,0.7680,-0.5149,0.2200,0.9246,0.9246,0.7678,0.2400,0,0,0,
52.653,40.200,pred,block2_B_pred,1,0.7017,-0.6185,-2.2377,0.1230,0.1300,0.1200,0.0385,0,0.7680,-0.5149,0.7680,-0.5149,0.0000,0.0,31,0.7680,-0.5149,0.2200,0.9246,0.9246,0.7678,0.2274,0,0,0,
52.753,40.300,pred,block2_B_pred,1,0.6936,-0.6287,-2.2418,0.1010,-0.1850,0.1200,0.0897,0,0.7680,-0.5149,0.7680,-0.5149,0.0000,0.0,31,0.7680,-0.5149,0.2200,0.9246,0.9246,0.7678,0.2400,0,0,0,
52.853,40.400,pred,block2_B_pred,1,0.6870,-0.6371,-2.2388,0.1360,-0.1300,0.1200,0.0641,0,0.7680,-0.5149,0.7680,-0.5149,0.0000,0.0,31,0.7680,-0.5149,0.2200,0.9246,0.9246,0.7678,0.2274,0,0,0,
52.953,40.500,pred,block2_B_pred,1,0.6807,-0.6451,-2.2351,0.1100,0.2040,0.1137,0.0641,0,0.7680,-0.5149,0.7680,-0.5149,0.0000,0.0,31,0.7680,-0.5149,0.2200,0.9246,0.9246,0.7678,0.2400,0,0,0,
53.053,40.600,pred,block2_B_pred,1,0.6747,-0.6528,-2.2413,0.0820,-0.2600,0.1200,0.0000,0,0.7680,-0.5149,0.7680,-0.5149,0.0000,0.0,31,0.7680,-0.5149,0.2200,0.9246,0.9246,0.7678,0.2400,0,0,0,
53.153,40.700,pred,block2_B_pred,1,0.6672,-0.6623,-2.2324,0.1580,-0.0370,0.1200,0.0641,0,0.7680,-0.5149,0.7680,-0.5149,0.0000,0.0,31,0.7680,-0.5149,0.2200,0.9246,0.9246,0.7678,0.2400,0,0,0,
53.253,40.800,pred,block2_B_pred,1,0.6621,-0.6688,-2.2424,0.0570,-0.1850,0.1200,-0.0128,0,0.7680,-0.5149,0.7680,-0.5149,0.0000,0.0,31,0.7680,-0.5149,0.2200,0.9246,0.9246,0.7678,0.2274,0,0,0,
53.354,40.901,pred,block2_B_pred,1,0.6551,-0.6777,-2.2323,0.1390,-0.0740,0.1137,-0.0128,0,0.7680,-0.5149,0.7680,-0.5149,0.0000,0.0,31,0.7680,-0.5149,0.2200,0.9246,0.9246,0.7678,0.2400,0,0,0,
53.453,41.000,pred,block2_B_pred,1,0.6490,-0.6856,-2.2253,0.1170,0.2780,0.1200,0.0641,0,0.7680,-0.5149,0.7680,-0.5149,0.0000,0.0,31,0.7680,-0.5149,0.2200,0.9246,0.9246,0.7678,0.2274,0,0,0,
53.553,41.100,pred,block2_B_pred,1,0.6423,-0.6943,-2.2278,0.0500,-0.1480,0.1137,0.0641,0,0.7680,-0.5149,0.7680,-0.5149,0.0000,0.0,31,0.7680,-0.5149,0.2200,0.9246,0.9246,0.7678,0.2147,0,0,0,
53.653,41.200,pred,block2_B_pred,1,0.6351,-0.7037,-2.2260,0.0820,0.0740,0.1200,-0.0128,0,0.7680,-0.5149,0.7680,-0.5149,0.0000,0.0,31,0.7680,-0.5149,0.2200,0.9246,0.9246,0.6326,0.2400,0,0,0,
53.753,41.300,pred,block2_B_pred,1,0.6287,-0.7120,-2.2200,0.1140,-0.1850,0.1200,-0.1154,0,0.7680,-0.5149,0.7680,-0.5149,0.0000,0.0,31,0.7680,-0.5149,0.2200,0.9246,0.9246,0.6326,0.2400,0,0,0,
53.853,41.400,pred,block2_B_pred,1,0.6217,-0.7212,-2.2256,0.1520,-0.1480,0.1200,-0.0128,0,0.7680,-0.5149,0.7680,-0.5149,0.0000,0.0,31,0.7680,-0.5149,0.2200,0.9246,0.9246,0.6326,0.2274,0,0,0,
53.953,41.500,pred,block2_B_pred,1,0.6150,-0.7299,-2.2342,0.1770,-0.0370,0.1137,-0.0128,0,0.7680,-0.5149,0.7680,-0.5149,0.0000,0.0,31,0.7680,-0.5149,0.2200,0.9246,0.9246,0.6326,0.2400,0,0,0,
54.053,41.600,pred,block2_B_pred,1,0.6080,-0.7389,-2.2278,0.1040,0.1670,0.1200,-0.0897,0,0.7680,-0.5149,0.7680,-0.5149,0.0000,0.0,31,0.7680,-0.5149,0.2200,0.9246,0.9246,0.6326,0.2274,0,0,0,
54.153,41.700,pred,block2_B_pred,1,0.6006,-0.7485,-2.2204,0.0820,0.2220,0.1137,-0.1154,0,0.7680,-0.5149,0.7680,-0.5149,0.0000,0.0,31,0.7680,-0.5149,0.2200,0.9246,0.9246,0.6326,0.2147,0,0,0,
54.253,41.800,pred,block2_B_pred,1,0.5942,-0.7569,-2.2215,0.0850,-0.0180,0.1074,-0.1154,0,0.7680,-0.5149,0.7680,-0.5149,0.0000,0.0,31,0.7680,-0.5149,0.2200,0.9246,0.9246,0.6326,0.2400,0,0,0,
54.353,41.900,pred,block2_B_pred,1,0.5870,-0.7663,-2.2278,0.0570,0.0000,0.1200,0.0000,0,0.7680,-0.5149,0.7680,-0.5149,0.0000,0.0,31,0.7680,-0.5149,0.2200,0.9246,0.9246,0.6326,0.2400,0,0,0,
54.453,42.000,pred,block2_B_pred,1,0.5787,-0.7770,-2.2256,0.1200,0.1480,0.1200,-0.0641,0,0.7680,-0.5149,0.7680,-0.5149,0.0000,0.0,31,0.7680,-0.5149,0.2200,0.9246,0.9246,0.6326,0.2274,0,0,0,
54.553,42.100,pred,block2_B_pred,1,0.5720,-0.7857,-2.2304,0.1330,0.2220,0.1137,-0.0641,0,0.7680,-0.5149,0.7680,-0.5149,0.0000,0.0,31,0.7680,-0.5149,0.2200,0.9246,0.9246,0.6326,0.2274,0,0,0,
54.653,42.200,pred,block2_B_pred,1,0.5643,-0.7955,-2.2386,0.1360,-0.0180,0.1074,-0.0385,0,0.7680,-0.5149,0.7680,-0.5149,0.0000,0.0,31,0.7680,-0.5149,0.2200,0.9246,0.9246,0.5019,0.2400,0,0,0,
54.753,42.300,pred,block2_B_pred,1,0.5578,-0.8038,-2.2441,0.1230,-0.1670,0.1200,-0.2179,0,0.7680,-0.5149,0.7680,-0.5149,0.0000,0.0,31,0.7680,-0.5149,0.2200,0.9246,0.9246,0.5019,0.2400,0,0,0,
54.853,42.400,pred,block2_B_pred,1,0.5513,-0.8119,-2.2438,0.1230,0.0920,0.1137,-0.1154,0,0.7680,-0.5149,0.7680,-0.5149,0.0000,0.0,31,0.7680,-0.5149,0.2200,0.9246,0.9246,0.5019,0.2274,0,0,0,
54.953,42.500,pred,block2_B_pred,1,0.5455,-0.8191,-2.2490,0.0380,-0.0370,0.1074,-0.1154,0,0.7680,-0.5149,0.7680,-0.5149,0.0000,0.0,31,0.7680,-0.5149,0.2200,0.9246,0.9246,0.5019,0.2400,0,0,0,
55.053,42.600,pred,block2_B_pred,1,0.5378,-0.8287,-2.2482,0.1290,-0.1670,0.1200,-0.0641,0,0.7680,-0.5149,0.7680,-0.5149,0.0000,0.0,31,0.7680,-0.5149,0.2200,0.9246,0.9246,0.5019,0.2274,0,0,0,
55.153,42.700,pred,block2_B_pred,1,0.5301,-0.8381,-2.2579,0.1520,0.1110,0.1200,-0.0641,0,0.7680,-0.5149,0.7680,-0.5149,0.0000,0.0,31,0.7680,-0.5149,0.2200,0.9246,0.9246,0.5019,0.2147,0,0,0,
55.253,42.800,pred,block2_B_pred,1,0.5231,-0.8466,-2.2661,0.1010,-0.4450,0.1200,-0.0897,0,0.7680,-0.5149,0.7680,-0.5149,0.0000,0.0,31,0.7680,-0.5149,0.2200,0.9246,0.9246,0.5019,0.2274,0,0,0,
55.353,42.900,pred,block2_B_pred,1,0.5145,-0.8570,-2.2683,0.1670,0.0180,0.1137,-0.1154,0,0.7680,-0.5149,0.7680,-0.5149,0.0000,0.0,31,0.7680,-0.5149,0.2200,0.9246,0.9246,0.5019,0.2400,0,0,0,
55.453,43.001,pred,block2_B_pred,1,0.5078,-0.8650,-2.2776,0.0910,-0.5010,0.1200,-0.1410,0,0.7680,-0.5149,0.7680,-0.5149,0.0000,0.0,31,0.7680,-0.5149,0.2200,0.9246,0.9246,0.5019,0.2274,0,0,0,
55.553,43.100,pred,block2_B_pred,1,0.5000,-0.8741,-2.2757,0.1550,0.0180,0.1137,-0.2179,0,0.7680,-0.5149,0.7680,-0.5149,0.0000,0.0,31,0.7680,-0.5149,0.2200,0.9246,0.9246,0.5019,0.2400,0,0,0,
55.653,43.200,pred,block2_B_pred,1,0.4934,-0.8818,-2.2858,0.0850,-0.4640,0.1200,-0.0385,0,0.7680,-0.5149,0.7680,-0.5149,0.0000,0.0,31,0.7680,-0.5149,0.2200,0.9246,0.9246,0.3894,0.2400,0,0,0,
55.753,43.300,pred,block2_B_pred,1,0.4865,-0.8898,-2.2962,0.1710,-0.0740,0.1200,-0.1154,0,0.7680,-0.5149,0.7680,-0.5149,0.0000,0.0,31,0.7680,-0.5149,0.2200,0.9246,0.9246,0.3894,0.2274,0,0,0,
55.853,43.400,pred,block2_B_pred,1,0.4800,-0.8970,-2.3136,0.0720,-0.2780,0.1074,0.0000,0,0.7680,-0.5149,0.7680,-0.5149,0.0000,0.0,31,0.7680,-0.5149,0.2200,0.9246,0.9246,0.3894,0.2400,0,0,0,
55.953,43.500,pred,block2_B_pred,1,0.4727,-0.9048,-2.3218,0.1420,0.1670,0.1200,-0.1410,0,0.7680,-0.5149,0.7680,-0.5149,0.0000,0.0,31,0.7680,-0.5149,0.2200,0.9246,0.9246,0.3894,0.2400,0,0,0,
56.053,43.600,pred,block2_B_pred,1,0.4644,-0.9136,-2.3322,0.0820,-0.2220,0.1137,-0.1410,0,0.7680,-0.5149,0.7680,-0.5149,0.0000,0.0,31,0.7680,-0.5149,0.2200,0.9246,0.9246,0.3894,0.2274,0,0,0,
56.153,43.700,pred,block2_B_pred,1,0.4586,-0.9196,-2.3501,0.0380,-0.1480,0.1074,-0.0897,0,0.7680,-0.5149,0.7680,-0.5149,0.0000,0.0,31,0.7680,-0.5149,0.2200,0.9246,0.9246,0.3894,0.2147,0,0,0,
56.253,43.800,pred,block2_B_pred,1,0.4507,-0.9277,-2.3535,0.0950,0.0740,0.1074,-0.2754,0,0.7680,-0.5149,0.7680,-0.5149,0.0000,0.0,31,0.7680,-0.5149,0.2200,0.9246,0.9246,0.3894,0.2021,0,0,0,
56.353,43.900,pred,block2_B_pred,1,0.4430,-0.9352,-2.3671,0.0880,-0.1850,0.1011,-0.1154,0,0.7680,-0.5149,0.7680,-0.5149,0.0000,0.0,31,0.7680,-0.5149,0.2200,0.9246,0.9246,0.3894,0.1895,0,0,0,
56.453,44.000,pred,block2_B_pred,1,0.4367,-0.9413,-2.3837,0.0470,-0.0920,0.0947,-0.0897,0,0.7680,-0.5149,0.7680,-0.5149,0.0000,0.0,31,0.7680,-0.5149,0.2200,0.9246,0.9246,0.3894,0.1895,0,0,0,
56.553,44.100,pred,block2_B_pred,1,0.4297,-0.9479,-2.3949,0.1140,0.2600,0.0884,-0.1667,0,0.7680,-0.5149,0.7680,-0.5149,0.0000,0.0,31,0.7680,-0.5149,0.2200,0.9246,0.9246,0.3894,0.2400,0,0,0,
56.653,44.200,pred,block2_B_pred,1,0.4227,-0.9543,-2.4023,0.0690,0.0000,0.1200,-0.0641,0,0.7680,-0.5149,0.7680,-0.5149,0.0000,0.0,31,0.7680,-0.5149,0.2200,0.9246,0.9246,0.3894,0.2400,0,0,0,
56.755,44.302,pred,block2_B_pred,1,0.4155,-0.9608,-2.4216,0.0340,-0.2040,0.1137,0.0703,0,0.7680,-0.5149,0.7680,-0.5149,0.0000,0.0,31,0.7680,-0.5149,0.2200,0.9246,0.9246,6.5830,0.0077,0,0,0,
56.853,44.400,pred,block2_B_pred,1,0.4084,-0.9669,-2.4472,0.0630,-0.3710,0.0000,-0.2497,0,0.7680,-0.5149,0.7680,-0.5149,0.0000,0.0,31,0.7680,-0.5149,0.2200,0.9246,0.9246,6.5830,0.0077,0,0,0,
56.953,44.500,pred,block2_B_pred,1,0.4007,-0.9734,-2.4460,0.1610,-0.0180,0.0000,-0.5000,0,0.7680,-0.5149,0.7680,-0.5149,0.0000,0.0,31,0.7680,-0.5149,0.2200,0.9246,0.9246,6.5830,0.0000,0,0,0,
57.053,44.600,pred,block2_B_pred,1,0.3952,-0.9779,-2.4564,0.0880,0.3340,0.0000,-0.2949,0,0.7680,-0.5149,0.7680,-0.5149,0.0000,0.0,31,0.7680,-0.5149,0.2200,0.9246,0.9246,6.5830,0.0000,0,0,0,
57.153,44.700,pred,block2_B_pred,1,0.3892,-0.9828,-2.4768,0.0850,-0.5010,0.0000,-0.4292,0,0.7680,-0.5149,0.7680,-0.5149,0.0000,0.0,31,0.7680,-0.5149,0.2200,0.9246,0.9246,6.5830,0.0022,0,0,0,
57.255,44.802,pred,block2_B_pred,1,0.3848,-0.9862,-2.4779,0.0310,-0.1110,0.0000,-0.5000,0,0.7680,-0.5149,0.7680,-0.5149,0.0000,0.0,31,0.7680,-0.5149,0.2200,0.9246,0.9246,6.5830,0.0067,0,0,0,
57.353,44.900,pred,block2_B_pred,1,0.3847,-0.9864,-2.4790,0.0000,0.0000,0.0000,-0.5000,0,0.7680,-0.5149,0.7680,-0.5149,0.0000,0.0,31,0.7680,-0.5149,0.2200,0.9246,0.9246,6.5830,0.0000,0,0,0,
57.453,45.000,pred,block2_B_pred,1,0.3848,-0.9862,-2.5128,0.0090,-0.1670,0.0000,-0.4744,0,0.7680,-0.5149,0.7680,-0.5149,0.0000,0.0,31,0.7680,-0.5149,0.2200,0.9246,0.9246,6.5830,0.0000,0,0,0,
57.553,45.100,pred,block2_B_pred,1,0.3869,-0.9847,-2.5287,-0.0500,-0.2970,0.0000,-0.3400,0,0.7680,-0.5149,0.7680,-0.5149,0.0000,0.0,31,0.7680,-0.5149,0.2200,0.9246,0.9246,6.5830,0.0000,0,0,0,
57.653,45.200,pred,block2_B_pred,1,0.3867,-0.9849,-2.5588,0.0280,-0.4640,0.0000,-0.0200,0,0.7680,-0.5149,0.7680,-0.5149,0.0000,0.0,31,0.7680,-0.5149,0.2200,0.9246,0.9246,6.5830,0.0000,0,0,0,
57.753,45.300,pred,block2_B_pred,1,0.3869,-0.9847,-2.6067,-0.0720,-0.5010,0.0000,0.1728,0,0.7680,-0.5149,0.7680,-0.5149,0.0000,0.0,31,0.7680,-0.5149,0.2200,0.9246,0.9246,6.6367,0.0000,0,0,0,
57.853,45.400,pred,block2_B_pred,1,0.3866,-0.9849,-2.6201,0.0000,0.0000,0.0000,-0.1472,0,0.7680,-0.5149,0.7680,-0.5149,0.0000,0.0,31,0.7680,-0.5149,0.2200,0.9246,0.9246,6.6367,0.0000,0,0,0,
57.953,45.500,pred,block2_B_pred,1,0.3869,-0.9848,-2.6230,0.0000,0.0000,0.0000,-0.2692,0,0.7680,-0.5149,0.7680,-0.5149,0.0000,0.0,31,0.7680,-0.5149,0.2200,0.9246,0.9246,6.6367,0.0000,0,0,0,
58.053,45.600,pred,block2_B_pred,1,0.3864,-0.9850,-2.6263,0.0280,-0.1670,0.0000,-0.2692,0,0.7680,-0.5149,0.7680,-0.5149,0.0000,0.0,31,0.7680,-0.5149,0.2200,0.9246,0.9246,6.6367,0.0000,0,0,0,
58.153,45.700,pred,block2_B_pred,1,0.3841,-0.9863,-2.6421,0.0000,0.0000,0.0000,-0.3718,0,0.7680,-0.5149,0.7680,-0.5149,0.0000,0.0,31,0.7680,-0.5149,0.2200,0.9246,0.9246,6.6367,0.0000,0,0,0,
58.253,45.800,pred,block2_B_pred,1,0.3841,-0.9863,-2.6421,0.0000,0.0000,0.0000,-0.3718,0,0.7680,-0.5149,0.7680,-0.5149,0.0000,0.0,31,0.7680,-0.5149,0.2200,0.9246,0.9246,6.6367,0.0000,0,0,0,
58.353,45.900,pred,block2_B_pred,1,0.3827,-0.9871,-2.6517,0.0820,-0.4830,0.0000,-0.3718,0,0.7680,-0.5149,0.7680,-0.5149,0.0000,0.0,31,0.7680,-0.5149,0.2200,0.9246,0.9246,6.6367,0.0000,0,0,0,
58.454,46.001,pred,block2_B_pred,1,0.3809,-0.9880,-2.6632,0.0000,0.0000,0.0000,-0.3718,0,0.7680,-0.5149,0.7680,-0.5149,0.0000,0.0,31,0.7680,-0.5149,0.2200,0.9246,0.9246,6.6367,0.0000,0,0,0,
58.555,46.102,pred,block2_B_pred,1,0.3809,-0.9880,-2.6632,0.0000,0.0000,0.0000,-0.3974,0,0.7680,-0.5149,0.7680,-0.5149,0.0000,0.0,31,0.7680,-0.5149,0.2200,0.9246,0.9246,6.6367,0.0000,0,0,0,
58.656,46.203,pred,block2_B_pred,1,0.3809,-0.9880,-2.6632,0.0000,0.0000,0.0000,-0.3974,0,0.7680,-0.5149,0.7680,-0.5149,0.0000,0.0,31,0.7680,-0.5149,0.2200,0.9246,0.9246,6.6367,0.0000,0,0,0,
58.754,46.302,pred,block2_B_pred,1,0.3809,-0.9880,-2.6632,0.0000,0.0000,0.0000,-0.3974,0,0.7680,-0.5149,0.7680,-0.5149,0.0000,0.0,31,0.7680,-0.5149,0.2200,0.9246,0.9246,6.7850,0.0000,0,0,0,
58.855,46.403,pred,block2_B_pred,1,0.3838,-0.9866,-2.6825,-0.0150,-0.0920,0.0000,-0.3974,0,0.7680,-0.5149,0.7680,-0.5149,0.0000,0.0,31,0.7680,-0.5149,0.2200,0.9246,0.9246,6.7850,0.0035,0,0,0,
58.953,46.500,pred,block2_B_pred,1,0.3807,-0.9881,-2.7037,0.0280,-0.1670,0.0000,-0.3718,0,0.7680,-0.5149,0.7680,-0.5149,0.0000,0.0,31,0.7680,-0.5149,0.2200,0.9246,0.9246,6.7850,0.0041,0,0,0,
59.053,46.600,pred,block2_B_pred,1,0.3810,-0.9879,-2.7386,0.0310,-0.2600,0.0000,-0.3718,0,0.7680,-0.5149,0.7680,-0.5149,0.0000,0.0,31,0.7680,-0.5149,0.2200,0.9246,0.9246,6.7850,0.0006,0,0,0,
59.153,46.700,pred,block2_B_pred,1,0.3836,-0.9869,-2.7935,-0.0720,-0.5380,0.0000,-0.4744,0,0.7680,-0.5149,0.7680,-0.5149,0.0000,0.0,31,0.7680,-0.5149,0.2200,0.9246,0.9246,6.7850,0.0004,0,0,0,
59.257,46.804,pred,block2_B_pred,1,0.3824,-0.9873,-2.8455,0.0310,-0.5940,0.0000,-0.4744,0,0.7680,-0.5149,0.7680,-0.5149,0.0000,0.0,31,0.7680,-0.5149,0.2200,0.9246,0.9246,6.7850,0.0000,0,0,0,
59.353,46.900,pred,block2_B_pred,1,0.3850,-0.9866,-2.8975,-0.0280,-0.3530,0.0000,-0.4231,0,0.7680,-0.5149,0.7680,-0.5149,0.0000,0.0,31,0.7680,-0.5149,0.2200,0.9246,0.9246,6.7850,0.0019,0,0,0,
59.453,47.000,pred,block2_B_pred,1,0.3835,-0.9869,-2.9446,-0.0090,-0.4270,0.0000,-0.4231,0,0.7680,-0.5149,0.7680,-0.5149,0.0000,0.0,31,0.7680,-0.5149,0.2200,0.9246,0.9246,6.7850,0.0020,0,0,0,
59.553,47.100,pred,block2_B_pred,1,0.3830,-0.9870,-2.9970,0.0500,-0.6310,0.0000,-0.3718,0,0.7680,-0.5149,0.7680,-0.5149,0.0000,0.0,31,0.7680,-0.5149,0.2200,0.9246,0.9246,6.7850,0.0039,0,0,0,
59.653,47.200,pred,block2_B_pred,1,0.3827,-0.9870,-3.0363,0.0120,-0.1850,0.0000,-0.3718,0,0.7680,-0.5149,0.7680,-0.5149,0.0000,0.0,31,0.7680,-0.5149,0.2200,0.9246,0.9246,6.7850,0.0000,0,0,0,
59.755,47.303,pred,block2_B_pred,1,0.3850,-0.9868,-3.0894,-0.0790,-0.5380,0.0000,-0.3462,0,0.7680,-0.5149,0.7680,-0.5149,0.0000,0.0,31,0.7680,-0.5149,0.2200,0.9246,0.9246,6.7850,0.0000,0,0,0,
59.853,47.400,pred,block2_B_pred,1,0.3834,-0.9869,-3.1303,-0.0060,-0.8170,0.0000,-0.2692,0,0.7680,-0.5149,0.7680,-0.5149,0.0000,0.0,31,0.7680,-0.5149,0.2200,0.9246,0.9246,6.9265,0.0000,0,0,0,
59.953,47.500,pred,block2_B_pred,1,0.3844,-0.9869,3.1113,0.0380,-0.7060,0.0000,-0.4805,0,0.7680,-0.5149,0.7680,-0.5149,0.0000,0.0,31,0.7680,-0.5149,0.2200,0.9246,0.9246,6.9265,0.0064,0,0,0,
60.053,47.600,pred,block2_B_pred,1,0.3847,-0.9870,3.0839,-0.0530,-0.3900,0.0000,-0.5000,0,0.7680,-0.5149,0.7680,-0.5149,0.0000,0.0,31,0.7680,-0.5149,0.2200,0.9246,0.9246,6.9265,0.0027,0,0,0,
60.153,47.700,pred,block2_B_pred,1,0.3829,-0.9868,3.0638,0.0000,0.0000,0.0000,-0.5000,0,0.7680,-0.5149,0.7680,-0.5149,0.0000,0.0,31,0.7680,-0.5149,0.2200,0.9246,0.9246,6.9265,0.0000,0,0,0,
60.253,47.800,pred,block2_B_pred,1,0.3832,-0.9869,3.0330,0.0060,-0.5200,0.0000,-0.2692,0,0.7680,-0.5149,0.7680,-0.5149,0.0000,0.0,31,0.7680,-0.5149,0.2200,0.9246,0.9246,6.9265,0.0000,0,0,0,
60.353,47.900,pred,block2_B_pred,1,0.3828,-0.9868,3.0286,0.0000,0.0000,0.0000,-0.5000,0,0.7680,-0.5149,0.7680,-0.5149,0.0000,0.0,31,0.7680,-0.5149,0.2200,0.9246,0.9246,6.9265,0.0000,0,0,0,
60.453,48.000,pred,block2_B_pred,1,0.3821,-0.9867,2.9970,0.0660,-0.3900,0.0000,-0.5000,0,0.7680,-0.5149,0.7680,-0.5149,0.0000,0.0,31,0.7680,-0.5149,0.2200,0.9246,0.9246,6.9265,0.0039,0,0,0,
60.554,48.102,pred,block2_B_pred,1,0.3847,-0.9871,2.9774,-0.0790,-0.4640,0.0000,-0.5000,0,0.7680,-0.5149,0.7680,-0.5149,0.0000,0.0,31,0.7680,-0.5149,0.2200,0.9246,0.9246,6.9265,0.0043,0,0,0,
60.653,48.200,pred,block2_B_pred,1,0.3834,-0.9869,2.9444,-0.0790,-0.4640,0.0000,-0.4744,0,0.7680,-0.5149,0.7680,-0.5149,0.0000,0.0,31,0.7680,-0.5149,0.2200,0.9246,0.9246,6.9265,0.0000,0,0,0,
60.753,48.300,pred,block2_B_pred,1,0.3849,-0.9872,2.8961,-0.0440,-0.2970,0.0000,-0.4744,0,0.7680,-0.5149,0.7680,-0.5149,0.0000,0.0,31,0.7680,-0.5149,0.2200,0.9246,0.9246,6.9265,0.0036,0,0,0,
60.853,48.400,pred,block2_B_pred,1,0.3834,-0.9868,2.8557,0.0760,-0.5570,0.0000,-0.4487,0,0.7680,-0.5149,0.7680,-0.5149,0.0000,0.0,31,0.7680,-0.5149,0.2200,0.9246,0.9246,6.9136,0.0000,0,0,0,
60.953,48.500,pred,block2_B_pred,1,0.3850,-0.9873,2.8004,-0.0060,-0.4080,0.0000,-0.3974,0,0.7680,-0.5149,0.7680,-0.5149,0.0000,0.0,31,0.7680,-0.5149,0.2200,0.9246,0.9246,6.9136,0.0004,0,0,0,
61.053,48.600,pred,block2_B_pred,1,0.3844,-0.9871,2.7480,0.0280,-0.7240,0.0000,-0.3974,0,0.7680,-0.5149,0.7680,-0.5149,0.0000,0.0,31,0.7680,-0.5149,0.2200,0.9246,0.9246,6.9136,0.0000,0,0,0,
61.153,48.700,pred,block2_B_pred,1,0.3845,-0.9871,2.6934,0.0090,-0.1670,0.0000,-0.5000,0,0.7680,-0.5149,0.7680,-0.5149,0.0000,0.0,31,0.7680,-0.5149,0.2200,0.9246,0.9246,6.9136,0.0000,0,0,0,
61.253,48.800,pred,block2_B_pred,1,0.3841,-0.9869,2.6380,-0.0120,-0.9280,0.0000,-0.5000,0,0.7680,-0.5149,0.7680,-0.5149,0.0000,0.0,31,0.7680,-0.5149,0.2200,0.9246,0.9246,6.9136,0.0000,0,0,0,
61.353,48.900,pred,block2_B_pred,1,0.3844,-0.9870,2.5921,0.0150,-0.3150,0.0000,-0.5000,0,0.7680,-0.5149,0.7680,-0.5149,0.0000,0.0,31,0.7680,-0.5149,0.2200,0.9246,0.9246,6.9136,0.0011,0,0,0,
61.453,49.001,pred,block2_B_pred,1,0.3839,-0.9867,2.5542,0.0150,-0.0920,0.0000,-0.5000,0,0.7680,-0.5149,0.7680,-0.5149,0.0000,0.0,31,0.7680,-0.5149,0.2200,0.9246,0.9246,6.9136,0.0013,0,0,0,
61.553,49.100,pred,block2_B_pred,1,0.3853,-0.9877,2.5127,-0.0850,-0.5010,0.0000,-0.5000,0,0.7680,-0.5149,0.7680,-0.5149,0.0000,0.0,31,0.7680,-0.5149,0.2200,0.9246,0.9246,6.9136,0.0000,0,0,0,
61.653,49.200,pred,block2_B_pred,1,0.3863,-0.9885,2.4734,-0.0660,-0.3900,0.0000,-0.5000,0,0.7680,-0.5149,0.7680,-0.5149,0.0000,0.0,31,0.7680,-0.5149,0.2200,0.9246,0.9246,6.9136,0.0059,0,0,0,
61.757,49.305,pred,block2_B_pred,1,0.3857,-0.9880,2.4348,-0.0380,-0.2600,0.0000,-0.5000,0,0.7680,-0.5149,0.7680,-0.5149,0.0000,0.0,31,0.7680,-0.5149,0.2200,0.9246,0.9246,6.9136,0.0059,0,0,0,
61.853,49.400,pred,block2_B_pred,1,0.3855,-0.9879,2.3899,0.0690,-0.5940,0.0000,-0.5000,0,0.7680,-0.5149,0.7680,-0.5149,0.0000,0.0,31,0.7680,-0.5149,0.2200,0.9246,0.9246,6.9697,0.0030,0,0,0,
61.953,49.500,pred,block2_B_pred,1,0.3852,-0.9875,2.3546,0.0790,-0.5380,0.0000,-0.5000,0,0.7680,-0.5149,0.7680,-0.5149,0.0000,0.0,31,0.7680,-0.5149,0.2200,0.9246,0.9246,6.9697,0.0000,0,0,0,
62.053,49.600,pred,block2_B_pred,1,0.3859,-0.9883,2.3069,-0.0250,-0.7430,0.0000,-0.5000,0,0.7680,-0.5149,0.7680,-0.5149,0.0000,0.0,31,0.7680,-0.5149,0.2200,0.9246,0.9246,6.9697,0.0005,0,0,0,
62.157,49.705,pred,block2_B_pred,1,0.3867,-0.9892,2.2594,-0.0500,-0.3710,0.0000,-0.5000,0,0.7680,-0.5149,0.7680,-0.5149,0.0000,0.0,31,0.7680,-0.5149,0.2200,0.9246,0.9246,6.9697,0.0003,0,0,0,
62.253,49.800,pred,block2_B_pred,1,0.3859,-0.9882,2.2196,0.0340,-0.4270,0.0000,-0.5000,0,0.7680,-0.5149,0.7680,-0.5149,0.0000,0.0,31,0.7680,-0.5149,0.2200,0.9246,0.9246,6.9697,0.0000,0,0,0,
62.353,49.900,pred,block2_B_pred,1,0.3854,-0.9876,2.1636,-0.0150,-0.9100,0.0000,-0.5000,0,0.7680,-0.5149,0.7680,-0.5149,0.0000,0.0,31,0.7680,-0.5149,0.2200,0.9246,0.9246,6.9697,0.0044,0,0,0,
62.453,50.000,pred,block2_B_pred,1,0.3857,-0.9880,2.1229,-0.0440,-0.3710,0.0000,-0.5000,0,0.7680,-0.5149,0.7680,-0.5149,0.0000,0.0,31,0.7680,-0.5149,0.2200,0.9246,0.9246,6.9697,0.0005,0,0,0,
62.553,50.100,pred,block2_B_pred,1,0.3860,-0.9886,2.0680,0.0030,-0.9470,0.0000,-0.5000,0,0.7680,-0.5149,0.7680,-0.5149,0.0000,0.0,31,0.7680,-0.5149,0.2200,0.9246,0.9246,6.9697,0.0000,0,0,0,
62.653,50.200,pred,block2_B_pred,1,0.3866,-0.9897,2.0231,-0.0340,-0.5010,0.0000,-0.5000,0,0.7680,-0.5149,0.7680,-0.5149,0.0000,0.0,31,0.7680,-0.5149,0.2200,0.9246,0.9246,6.9697,0.0000,0,0,0,
62.754,50.301,pred,block2_B_pred,1,0.3865,-0.9896,1.9856,0.0000,-0.0740,0.0000,-0.5000,0,0.7680,-0.5149,0.7680,-0.5149,0.0000,0.0,31,0.7680,-0.5149,0.2200,0.9246,0.9246,6.9697,0.0000,0,0,0,
62.873,50.420,pred,block2_B_pred,1,0.3861,-0.9886,1.9288,0.0000,-1.0030,0.0379,-0.5000,0,0.7680,-0.5149,0.7680,-0.5149,0.0000,0.0,31,0.7680,-0.5149,0.2200,0.9246,0.9246,7.0776,0.0744,0,0,0,
62.953,50.500,pred,block2_B_pred,1,0.3867,-0.9901,1.8787,-0.0030,-0.2410,0.0758,-0.5000,0,0.7680,-0.5149,0.7680,-0.5149,0.0000,0.0,31,0.7680,-0.5149,0.2200,0.9246,0.9246,7.0776,0.0621,0,0,0,
63.053,50.600,pred,block2_B_pred,1,0.3866,-0.9897,1.8427,0.0030,-0.0550,0.0821,-0.5000,0,0.7680,-0.5149,0.7680,-0.5149,0.0000,0.0,31,0.7680,-0.5149,0.2200,0.9246,0.9246,7.0776,0.1005,0,0,0,
63.164,50.712,pred,block2_B_pred,1,0.3861,-0.9881,1.7777,0.0000,-1.0030,0.0316,-0.5000,0,0.7680,-0.5149,0.7680,-0.5149,0.0000,0.0,31,0.7680,-0.5149,0.2200,0.9246,0.9246,7.0776,0.0632,0,0,0,
63.253,50.800,pred,block2_B_pred,1,0.3860,-0.9875,1.7328,-0.0600,-0.6130,0.1074,-0.5000,0,0.7680,-0.5149,0.7680,-0.5149,0.0000,0.0,31,0.7680,-0.5149,0.2200,0.9246,0.9246,7.0776,0.2350,0,0,0,
63.353,50.900,pred,block2_B_pred,1,0.3854,-0.9834,1.6793,-0.0470,-0.6870,0.1011,-0.5000,0,0.7680,-0.5149,0.7680,-0.5149,0.0000,0.0,31,0.7680,-0.5149,0.2200,0.9246,0.9246,7.0776,0.1895,0,0,0,
63.453,51.000,pred,block2_B_pred,1,0.3850,-0.9785,1.6214,0.0720,-0.7610,0.1074,-0.5000,0,0.7680,-0.5149,0.7680,-0.5149,0.0000,0.0,31,0.7680,-0.5149,0.2200,0.9246,0.9246,7.0776,0.1761,0,0,0,
63.553,51.100,pred,block2_B_pred,1,0.3850,-0.9727,1.5593,0.1100,-0.6500,0.1074,-0.5000,0,0.7680,-0.5149,0.7680,-0.5149,0.0000,0.0,31,0.7680,-0.5149,0.2200,0.9246,0.9246,7.0776,0.2021,0,0,0,
63.655,51.202,pred,block2_B_pred,1,0.3853,-0.9622,1.4977,0.1200,-0.7060,0.0947,-0.5000,0,0.7680,-0.5149,0.7680,-0.5149,0.0000,0.0,31,0.7680,-0.5149,0.2200,0.9246,0.9246,7.0776,0.2397,0,0,0,
63.753,51.300,pred,block2_B_pred,1,0.3864,-0.9517,1.4354,0.0980,-0.5750,0.1074,-0.5000,0,0.7680,-0.5149,0.7680,-0.5149,0.0000,0.0,31,0.7680,-0.5149,0.2200,0.9246,0.9246,7.0776,0.2274,0,0,0,
63.853,51.400,pred,block2_B_pred,1,0.3882,-0.9404,1.3684,0.1170,-0.6870,0.1137,-0.5000,0,0.7680,-0.5149,0.7680,-0.5149,0.0000,0.0,31,0.7680,-0.5149,0.2200,0.9246,0.9246,7.0776,0.2021,0,0,0,
63.953,51.500,pred,block2_B_pred,1,0.3907,-0.9299,1.3049,0.1170,-0.6870,0.1011,-0.5000,0,0.7680,-0.5149,0.7680,-0.5149,0.0000,0.0,31,0.7680,-0.5149,0.2200,0.9246,0.9246,7.0149,0.1895,0,0,0,
64.053,51.600,pred,block2_B_pred,1,0.3936,-0.9200,1.2436,0.0760,-0.4450,0.1200,-0.5000,1,3.5488,-2.8492,1.8296,1.6691,4.8343,149.6,35,2.7076,-0.6384,0.8546,4.5510,2.7819,7.0149,0.2400,0,1,1,
64.153,51.700,pred,block2_B_pred,1,0.3969,-0.9110,1.1872,0.0720,-0.4270,0.1137,-0.5000,1,3.6753,-2.7634,3.4957,-0.5950,2.1758,131.7,35,3.6551,-1.5751,0.4294,4.5983,3.9801,7.0149,0.2274,0,0,1,
64.253,51.800,pred,block2_B_pred,1,0.4016,-0.8999,1.1556,0.0720,-0.3530,0.1137,-0.5000,1,3.6753,-2.7634,3.4957,-0.5950,2.1758,131.7,35,3.6551,-1.5751,0.4294,4.5983,3.9801,7.0149,0.2151,0,0,1,
64.353,51.900,pred,block2_B_pred,1,0.4056,-0.8912,1.1000,0.0690,-0.4080,0.1011,-0.4744,1,3.9171,-2.6804,5.4133,-1.7091,1.7838,67.4,35,4.7024,-2.0802,0.3571,4.7464,5.1420,7.0149,0.2021,0,0,0,
64.453,52.000,pred,block2_B_pred,1,0.4099,-0.8833,1.0499,0.0820,-0.3340,0.1011,-0.4487,1,4.1990,-2.6075,6.7803,-2.2625,2.6043,39.5,35,5.4993,-2.3398,0.4797,4.9427,5.9764,7.0149,0.2021,0,0,0,
64.553,52.100,pred,block2_B_pred,1,0.4157,-0.8734,1.0061,0.0980,-0.5750,0.0947,-0.4744,1,4.1990,-2.6075,6.7803,-2.2625,2.6043,39.5,35,5.4993,-2.3398,0.4797,4.9427,5.9764,7.0149,0.2400,0,0,0,
64.653,52.200,pred,block2_B_pred,1,0.4203,-0.8664,0.9571,0.0980,-0.5750,0.1200,-0.3718,1,4.5244,-2.5014,7.8688,-1.8912,3.3996,39.3,35,6.1878,-2.1516,0.6142,5.1698,6.5513,7.0149,0.2382,0,1,0,
64.753,52.300,pred,block2_B_pred,1,0.4261,-0.8586,0.9181,0.1640,0.0370,0.1200,-0.3462,1,4.8046,-2.3637,8.2590,-1.0187,3.7070,47.5,35,6.5314,-1.7002,0.6684,5.3546,6.7491,7.0149,0.2384,0,1,0,
64.853,52.400,pred,block2_B_pred,1,0.4324,-0.8505,0.8784,0.0600,-0.3530,0.1137,-0.3718,1,4.8046,-2.3637,8.2590,-1.0187,3.7070,47.5,35,6.5314,-1.7002,0.6684,5.3546,6.7491,7.0149,0.2147,0,1,0,
64.953,52.500,pred,block2_B_pred,1,0.4377,-0.8444,0.8310,0.0910,-0.5380,0.1074,-0.2692,1,5.0810,-2.1708,8.4064,-0.1319,3.9007,54.6,35,6.7490,-1.1866,0.6998,5.5253,6.8525,6.9467,0.2141,0,1,0,
65.053,52.600,pred,block2_B_pred,1,0.4460,-0.8354,0.7921,0.1100,-0.6500,0.1011,-0.2949,1,5.0810,-2.1708,8.4064,-0.1319,3.9007,54.6,35,6.7490,-1.1866,0.6998,5.5253,6.8525,6.9467,0.2065,0,1,0,
65.153,52.700,pred,block2_B_pred,1,0.4537,-0.8277,0.7583,0.1100,-0.6500,0.1200,-0.2692,1,5.3514,-1.9309,8.5242,0.6631,4.0982,59.1,35,6.9413,-0.6793,0.7311,5.6890,6.9744,6.9467,0.2274,0,1,0,
65.253,52.800,pred,block2_B_pred,1,0.4622,-0.8200,0.7215,0.1040,-0.4270,0.1137,-0.2436,1,5.3514,-1.9309,8.5242,0.6631,4.0982,59.1,35,6.9413,-0.6793,0.7311,5.6890,6.9744,6.9467,0.2400,0,1,0,
65.353,52.900,pred,block2_B_pred,1,0.4705,-0.8129,0.6878,0.0980,-0.4270,0.1200,-0.1667,1,1.7489,-1.8070,3.5901,-4.3615,3.1488,-8.3,35,2.6498,-3.0569,0.5567,2.5148,4.0455,6.9467,0.2274,0,1,0,
65.453,53.000,pred,block2_B_pred,1,0.4793,-0.8059,0.6577,0.1010,-0.5200,0.1137,-0.0897,1,1.8179,-1.7603,3.1034,-2.8026,1.6549,5.0,35,2.5059,-2.2895,0.3136,2.5305,3.3943,6.9467,0.2147,0,0,0,
65.553,53.100,pred,block2_B_pred,1,0.4875,-0.7997,0.6254,0.0660,-0.2410,0.1074,-0.1410,1,1.8179,-1.7603,3.1034,-2.8026,1.6549,5.0,35,2.5059,-2.2895,0.3136,2.5305,3.3943,6.9467,0.2147,0,0,0,
65.653,53.200,pred,block2_B_pred,1,0.4978,-0.7925,0.6009,0.1520,0.1110,0.1200,-0.1410,1,1.8768,-1.6929,2.7714,-1.8923,0.9166,29.5,35,2.3724,-1.8069,0.2309,2.5275,2.9822,6.9467,0.2400,0,0,0,
65.756,53.303,pred,block2_B_pred,1,0.5065,-0.7867,0.5839,0.0880,0.0740,0.1200,-0.1667,1,1.8768,-1.6929,2.7714,-1.8923,0.9166,29.5,35,2.3724,-1.8069,0.2309,2.5275,2.9822,6.9467,0.2274,0,0,0,
65.853,53.400,pred,block2_B_pred,1,0.5165,-0.7802,0.5766,0.1200,0.1110,0.1137,-0.1154,1,1.8938,-1.6032,2.1948,-1.4303,0.3472,70.1,35,2.0998,-1.5139,0.2248,2.4813,2.5886,6.9467,0.2400,0,0,0,
65.992,53.540,pred,block2_B_pred,1,0.5259,-0.7741,0.5647,0.1390,-0.0740,0.1137,-0.0641,1,1.9095,-1.5081,1.7912,-1.1345,0.3919,145.9,35,1.8981,-1.3132,0.2241,2.4332,2.3082,6.7705,0.2274,0,0,1,
66.053,53.600,pred,block2_B_pred,1,0.5349,-0.7685,0.5514,0.1330,0.0000,0.1200,0.0385,1,1.9095,-1.5081,1.7912,-1.1345,0.3919,145.9,35,1.8981,-1.3132,0.2241,2.4332,2.3082,6.7705,0.2400,0,0,1,
66.153,53.700,pred,block2_B_pred,1,0.5425,-0.7639,0.5440,0.0530,0.0180,0.1200,0.0385,1,1.9270,-1.4332,1.6086,-0.9893,0.5463,162.3,35,1.8043,-1.2049,0.2256,2.4015,2.1696,6.7705,0.2400,0,0,1,
66.253,53.800,pred,block2_B_pred,1,0.5511,-0.7587,0.5441,0.0790,0.2410,0.1137,0.1215,1,1.9270,-1.4332,1.6086,-0.9893,0.5463,162.3,35,1.8043,-1.2049,0.2256,2.4015,2.1696,6.7705,0.2400,0,0,1,
66.353,53.900,pred,block2_B_pred,1,0.5611,-0.7527,0.5419,0.1360,0.2780,0.1200,0.0385,1,1.9481,-1.3785,1.5691,-0.9558,0.5678,167.2,35,1.7852,-1.1631,0.2257,2.3865,2.1307,6.7705,0.2274,0,0,1,
66.454,54.002,pred,block2_B_pred,1,0.5710,-0.7467,0.5470,0.1670,0.0180,0.1137,0.0385,1,6.3096,0.6503,6.3096,0.6503,0.0000,0.0,31,6.3096,0.6503,0.2200,6.3431,6.3431,6.7705,0.2400,0,0,0,
66.553,54.100,pred,block2_B_pred,1,0.5805,-0.7410,0.5564,0.0980,0.4640,0.1200,-0.0128,1,6.3096,0.6503,6.3096,0.6503,0.0000,0.0,31,6.3096,0.6503,0.2200,6.3431,6.3431,6.7705,0.2274,0,0,0,
66.653,54.200,pred,block2_B_pred,1,0.5901,-0.7350,0.5527,0.1610,0.0920,0.1137,-0.0128,1,6.2461,0.6484,5.7428,0.6872,0.5047,169.7,35,5.9998,0.6663,0.2254,6.2797,6.0367,6.7705,0.2274,0,0,1,
66.753,54.301,pred,block2_B_pred,1,0.5986,-0.7297,0.5597,0.1070,0.3340,0.1074,-0.0128,1,6.2461,0.6484,5.7428,0.6872,0.5047,169.7,35,5.9998,0.6663,0.2254,6.2797,6.0367,6.7705,0.2147,0,0,1,
66.853,54.400,pred,block2_B_pred,1,0.6081,-0.7238,0.5701,0.1610,0.1300,0.1200,0.0385,1,6.1312,0.6468,5.1337,0.8087,1.0105,164.8,35,5.6424,0.7215,0.2307,6.1652,5.6883,6.7705,0.2400,0,0,1,
66.953,54.500,pred,block2_B_pred,1,0.6157,-0.7189,0.5882,0.0950,0.4450,0.1200,-0.0385,1,5.9932,0.6482,4.6677,0.9740,1.3650,160.0,35,5.3426,0.7999,0.2414,6.0281,5.4022,6.7705,0.2400,0,0,1,
67.053,54.600,pred,block2_B_pred,1,0.6237,-0.7135,0.5889,0.0980,-0.4270,0.1200,-0.0641,1,5.9932,0.6482,4.6677,0.9740,1.3650,160.0,35,5.3426,0.7999,0.2414,6.0281,5.4022,6.6568,0.2274,0,0,1,
67.154,54.701,pred,block2_B_pred,1,0.6328,-0.7074,0.5919,0.0760,0.1480,0.1200,-0.0128,1,5.8479,0.6530,4.3254,1.0803,1.5814,158.0,35,5.1009,0.8548,0.2796,5.8843,5.1721,6.6568,0.2400,0,0,1,
67.253,54.800,pred,block2_B_pred,1,0.6399,-0.7025,0.6086,0.0630,0.3340,0.1200,-0.1154,1,5.8479,0.6530,4.3254,1.0803,1.5814,158.0,35,5.1009,0.8548,0.2796,5.8843,5.1721,6.6568,0.2274,0,0,1,
67.353,54.900,pred,block2_B_pred,1,0.6485,-0.6966,0.6127,0.1230,0.3150,0.1137,-0.0128,1,5.7045,0.6581,4.0718,1.0903,1.6889,158.6,35,4.9046,0.8657,0.2986,5.7424,4.9804,6.6568,0.2274,0,0,1,
67.453,55.000,pred,block2_B_pred,1,0.6557,-0.6915,0.6104,0.1200,-0.1110,0.1200,-0.0641,1,5.5756,0.6566,3.9593,1.0266,1.6581,160.4,35,4.7843,0.8369,0.2932,5.6141,4.8570,6.6568,0.2400,0,0,1,
67.553,55.100,pred,block2_B_pred,1,0.6655,-0.6846,0.6252,0.1140,0.3710,0.1137,-0.0641,1,5.5756,0.6566,3.9593,1.0266,1.6581,160.4,35,4.7843,0.8369,0.2932,5.6141,4.8570,6.6568,0.2400,0,0,1,
67.653,55.200,pred,block2_B_pred,1,0.6760,-0.6770,0.6267,0.1450,0.2220,0.1200,-0.0897,1,5.4520,0.6450,3.8900,0.9246,1.5869,163.1,35,4.6876,0.7831,0.2807,5.4900,4.7526,6.6568,0.2274,0,0,1,
67.753,55.300,pred,block2_B_pred,1,0.6855,-0.6702,0.6315,0.1140,0.4080,0.1137,-0.0897,1,5.4520,0.6450,3.8900,0.9246,1.5869,163.1,35,4.6876,0.7831,0.2807,5.4900,4.7526,6.6568,0.2274,0,0,1,
67.853,55.400,pred,block2_B_pred,1,0.6964,-0.6623,0.6245,0.1550,-0.1670,0.1074,-0.0897,1,5.3475,0.6257,3.8412,0.8360,1.5208,165.4,35,4.6105,0.7306,0.2690,5.3840,4.6680,6.6568,0.2400,0,0,1,
67.953,55.500,pred,block2_B_pred,1,0.7073,-0.6544,0.6249,0.1480,-0.2410,0.1200,-0.1410,1,5.2505,0.6038,3.8381,0.7773,1.4230,166.4,35,4.5594,0.6899,0.2516,5.2851,4.6113,6.6568,0.2400,0,0,1,
68.053,55.600,pred,block2_B_pred,1,0.7163,-0.6479,0.6275,0.1390,-0.1480,0.1200,-0.1410,1,5.2505,0.6038,3.8381,0.7773,1.4230,166.4,35,4.5594,0.6899,0.2516,5.2851,4.6113,6.5283,0.2274,0,0,1,
68.153,55.700,pred,block2_B_pred,1,0.7257,-0.6411,0.6160,0.1640,0.0370,0.1200,-0.1349,1,5.1551,0.5830,3.8048,0.7420,1.3596,166.8,35,4.4944,0.6611,0.2404,5.1880,4.5427,6.5283,0.2400,0,0,1,
68.253,55.800,pred,block2_B_pred,1,0.7341,-0.6352,0.6027,0.1010,-0.2970,0.1137,-0.0641,1,5.0637,0.5668,3.7541,0.7158,1.3181,167.1,35,4.4229,0.6397,0.2340,5.0954,4.4689,6.5283,0.2274,0,0,1,
68.353,55.900,pred,block2_B_pred,1,0.7439,-0.6285,0.5893,0.1140,-0.1480,0.1137,-0.0641,1,5.0637,0.5668,3.7541,0.7158,1.3181,167.1,35,4.4229,0.6397,0.2340,5.0954,4.4689,6.5283,0.2147,0,0,1,
68.453,56.000,pred,block2_B_pred,1,0.7527,-0.6227,0.5756,0.0790,-0.0920,0.1200,-0.0385,1,4.9745,0.5602,3.6855,0.6744,1.2940,168.5,35,4.3438,0.6172,0.2338,5.0059,4.3875,6.5283,0.2400,0,0,1,
68.553,56.100,pred,block2_B_pred,1,0.7629,-0.6163,0.5602,0.1580,0.0740,0.1200,-0.0897,1,4.8822,0.5700,3.6118,0.6369,1.2722,170.3,35,4.2606,0.6050,0.2336,4.9154,4.3034,6.5283,0.2400,0,0,1,
68.653,56.200,pred,block2_B_pred,1,0.7712,-0.6111,0.5409,0.1260,-0.3710,0.1200,-0.0641,1,4.8822,0.5700,3.6118,0.6369,1.2722,170.3,35,4.2606,0.6050,0.2336,4.9154,4.3034,6.5283,0.2274,0,0,1,
68.753,56.300,pred,block2_B_pred,1,0.7792,-0.6064,0.5265,0.0720,-0.3530,0.1137,-0.0128,1,4.8014,0.5952,3.5688,0.6029,1.2327,172.6,35,4.1981,0.6027,0.2332,4.8382,4.2412,6.5283,0.2274,0,0,1,
68.853,56.400,pred,block2_B_pred,1,0.7864,-0.6022,0.5157,0.0280,-0.1300,0.1137,-0.0385,1,4.7285,0.6344,3.5746,0.5652,1.1559,175.8,35,4.1633,0.6055,0.2324,4.7708,4.2071,6.5283,0.2400,0,0,1,
68.953,56.500,pred,block2_B_pred,1,0.7947,-0.5975,0.5176,0.0950,0.2600,0.1200,-0.0897,1,4.7285,0.6344,3.5746,0.5652,1.1559,175.8,35,4.1633,0.6055,0.2324,4.7708,4.2071,6.5283,0.2400,0,0,1,
69.065,56.612,pred,block2_B_pred,1,0.8033,-0.5928,0.5003,0.0950,0.1480,0.1200,-0.0641,1,4.6629,0.6832,3.6141,0.5481,1.0575,179.0,35,4.1487,0.6224,0.2313,4.7127,4.1952,6.4469,0.2400,0,0,1,
69.154,56.701,pred,block2_B_pred,1,0.8121,-0.5881,0.4789,0.0760,-0.2970,0.1200,0.0703,1,4.5973,0.7374,3.6338,0.5427,0.9830,-177.7,35,4.1245,0.6476,0.2304,4.6561,4.1750,6.4469,0.2400,0,0,1,
69.253,56.800,pred,block2_B_pred,1,0.8195,-0.5843,0.4604,0.0660,-0.3150,0.1200,0.3903,1,4.5973,0.7374,3.6338,0.5427,0.9830,-177.7,35,4.1245,0.6476,0.2304,4.6561,4.1750,6.4469,0.2391,0,0,1,
69.356,56.903,pred,block2_B_pred,1,0.8298,-0.5792,0.4619,0.1420,0.1300,0.1200,0.3400,1,4.5201,0.7936,3.5963,0.5789,0.9485,-176.9,35,4.0671,0.6923,0.2299,4.5893,4.1257,6.4469,0.2274,0,0,1,
69.454,57.001,pred,block2_B_pred,1,0.8399,-0.5742,0.4485,0.0820,-0.2970,0.1137,0.4231,1,4.4337,0.8507,3.5181,0.6429,0.9388,-178.1,35,3.9852,0.7508,0.2298,4.5145,4.0553,6.4469,0.2400,0,0,1,
69.553,57.100,pred,block2_B_pred,1,0.8521,-0.5682,0.4581,0.1260,0.2220,0.1200,0.4487,1,4.4337,0.8507,3.5181,0.6429,0.9388,-178.1,35,3.9852,0.7508,0.2298,4.5145,4.0553,6.4469,0.2057,0,0,1,
69.653,57.200,pred,block2_B_pred,1,0.8647,-0.5621,0.4674,0.1330,0.3340,0.1011,0.4487,1,4.3802,0.9094,3.5545,0.7331,0.8443,-179.7,35,3.9760,0.8237,0.2289,4.4736,4.0604,6.4469,0.2412,0,0,1,
69.755,57.302,pred,block2_B_pred,1,0.8790,-0.5547,0.4952,0.1230,0.5010,0.1137,0.4487,1,4.4293,0.9681,3.8926,0.8535,0.5488,179.7,31,4.4293,0.9681,0.2200,4.5339,4.5339,6.4469,0.2193,0,0,1,
69.853,57.400,pred,block2_B_pred,1,0.8926,-0.5471,0.5345,0.2120,0.2410,0.1200,0.3205,1,4.4293,0.9681,3.8926,0.8535,0.5488,179.7,31,4.4293,0.9681,0.2200,4.5339,4.5339,6.4469,0.2400,0,0,1,
69.953,57.500,pred,block2_B_pred,1,0.9049,-0.5395,0.5761,0.1800,0.3900,0.1200,0.2692,1,4.4750,1.0012,4.1261,0.9267,0.3567,179.4,31,4.4750,1.0012,0.2200,4.5856,4.5856,6.4469,0.2431,0,0,1,
70.053,57.600,pred,block2_B_pred,1,0.9126,-0.5342,0.6280,0.0820,0.4830,0.1200,0.3718,1,4.4132,0.9855,3.8883,0.8860,0.5343,178.1,35,4.1564,0.9362,0.2256,4.5219,4.2606,6.4469,0.2400,0,0,1,
70.153,57.700,pred,block2_B_pred,1,0.9216,-0.5274,0.6804,0.1580,0.2220,0.1200,0.2692,1,4.4132,0.9855,3.8883,0.8860,0.5343,178.1,35,4.1564,0.9362,0.2256,4.5219,4.2606,5.9716,0.2274,0,0,1,
70.261,57.809,pred,block2_B_pred,1,0.9286,-0.5216,0.7119,0.0950,0.5570,0.1137,-0.0508,1,4.2852,0.9246,3.4156,0.7655,0.8841,178.2,35,3.8599,0.8456,0.2293,4.3838,3.9514,5.9716,0.2274,0,0,1,
70.354,57.902,pred,block2_B_pred,1,0.9364,-0.5145,0.7735,0.1070,0.6310,0.1200,-0.3708,1,4.2852,0.9246,3.4156,0.7655,0.8841,178.2,35,3.8599,0.8456,0.2293,4.3838,3.9514,5.9716,0.2389,0,0,1,
70.456,58.003,pred,block2_B_pred,1,0.9430,-0.5077,0.8084,0.1520,0.0370,0.1137,-0.5000,1,4.1297,0.8121,2.9416,0.5971,1.2074,179.1,35,3.5486,0.7055,0.2327,4.2088,3.6180,5.9716,0.2124,0,0,1,
70.561,58.108,pred,block2_B_pred,1,0.9485,-0.5019,0.8484,0.0880,0.5200,0.1074,-0.5000,1,4.1297,0.8121,2.9416,0.5971,1.2074,179.1,35,3.5486,0.7055,0.2327,4.2088,3.6180,5.9716,0.2111,0,0,1,
70.653,58.200,pred,block2_B_pred,1,0.9544,-0.4950,0.8659,0.0980,0.4270,0.1074,-0.5000,1,3.9800,0.6693,2.5811,0.6392,1.3993,171.7,35,3.2943,0.6440,0.2479,4.0359,3.3566,5.9716,0.2390,0,0,1,
70.753,58.300,pred,block2_B_pred,1,0.9609,-0.4874,0.8563,0.1230,-0.2780,0.1011,-0.4231,1,3.8552,0.5060,2.3846,0.5220,1.4708,171.9,35,3.1347,0.5047,0.2603,3.8883,3.1751,5.9716,0.2400,0,0,1,
70.853,58.400,pred,block2_B_pred,1,0.9679,-0.4795,0.8341,0.1520,-0.0370,0.1137,-0.3974,1,3.8552,0.5060,2.3846,0.5220,1.4708,171.9,35,3.1347,0.5047,0.2603,3.8883,3.1751,5.9716,0.2274,0,0,1,
70.953,58.500,pred,block2_B_pred,1,0.9757,-0.4710,0.7914,0.0820,-0.4830,0.1074,-0.3462,1,3.7483,0.3406,2.3198,0.3442,1.4285,174.7,35,3.0488,0.3364,0.2528,3.7638,3.0673,5.9716,0.2147,0,0,1,
71.053,58.600,pred,block2_B_pred,1,0.9861,-0.4610,0.7417,0.1520,-0.5200,0.1011,-0.2692,1,3.6601,0.2007,2.2957,0.1604,1.3650,178.6,35,2.9920,0.1786,0.2415,3.6656,2.9973,5.9716,0.2021,0,0,1,
71.153,58.700,pred,block2_B_pred,1,0.9951,-0.4533,0.6734,0.1170,-0.6870,0.1200,-0.2631,1,3.6601,0.2007,2.2957,0.1604,1.3650,178.6,35,2.9920,0.1786,0.2415,3.6656,2.9973,5.8735,0.2400,0,0,1,
71.253,58.800,pred,block2_B_pred,1,1.0036,-0.4468,0.6101,0.1070,-0.6310,0.1200,-0.0897,1,3.5845,0.1101,2.2947,0.0380,1.2919,-178.6,35,2.9530,0.0743,0.2338,3.5862,2.9539,5.8735,0.2400,0,0,1,
71.353,58.900,pred,block2_B_pred,1,1.0135,-0.4402,0.5596,0.1990,-0.2040,0.1137,-0.1154,1,3.5845,0.1101,2.2947,0.0380,1.2919,-178.6,35,2.9530,0.0743,0.2338,3.5862,2.9539,5.8735,0.2274,0,0,1,
71.453,59.000,pred,block2_B_pred,1,1.0223,-0.4349,0.5154,0.0980,-0.5750,0.1200,-0.0385,1,3.5137,0.0855,2.3159,0.0095,1.2002,-177.8,35,2.9273,0.0481,0.2328,3.5147,2.9277,5.8735,0.2400,0,0,1,
71.553,59.100,pred,block2_B_pred,1,1.0302,-0.4306,0.4627,0.0950,-0.5570,0.1200,0.0000,1,3.4432,0.1254,2.3329,0.0628,1.1120,-178.9,35,2.8998,0.0945,0.2319,3.4455,2.9013,5.8735,0.2274,0,0,1,
71.654,59.201,pred,block2_B_pred,1,1.0365,-0.4276,0.4219,0.0530,-0.3150,0.1137,0.0897,1,3.4432,0.1254,2.3329,0.0628,1.1120,-178.9,35,2.8998,0.0945,0.2319,3.4455,2.9013,5.8735,0.2400,0,0,1,
71.753,59.300,pred,block2_B_pred,1,1.0435,-0.4246,0.4022,0.1170,0.0550,0.1200,0.0897,1,3.3645,0.2173,2.3048,0.1668,1.0609,179.0,35,2.8459,0.1924,0.2314,3.3715,2.8524,5.8735,0.2400,0,0,1,
71.853,59.400,pred,block2_B_pred,1,1.0516,-0.4213,0.3699,0.1290,-0.0550,0.1137,0.1923,1,3.2805,0.3397,2.2316,0.2897,1.0501,176.8,35,2.7672,0.3157,0.2312,3.2980,2.7851,5.8735,0.2272,0,0,1,
71.953,59.500,pred,block2_B_pred,1,1.0603,-0.4179,0.3614,0.0980,-0.3900,0.1200,0.1923,1,3.2805,0.3397,2.2316,0.2897,1.0501,176.8,35,2.7672,0.3157,0.2312,3.2980,2.7851,5.8735,0.2400,0,0,1,
72.053,59.600,pred,block2_B_pred,1,1.0716,-0.4136,0.3828,0.1100,0.5380,0.1200,0.0641,1,3.1855,0.4746,2.1284,0.3826,1.0611,176.5,35,2.6679,0.4321,0.2313,3.2206,2.7026,5.8735,0.2274,0,0,1,
72.174,59.721,pred,block2_B_pred,1,1.0846,-0.4083,0.3962,0.1480,0.2780,0.1074,0.0641,1,3.1855,0.4746,2.1284,0.3826,1.0611,176.5,35,2.6679,0.4321,0.2313,3.2206,2.7026,5.7278,0.2147,0,0,1,
72.253,59.800,pred,block2_B_pred,1,1.0975,-0.4027,0.4307,0.1520,0.5200,0.1200,-0.0128,1,3.0884,0.6009,2.0428,0.4387,1.0581,177.8,35,2.5758,0.5259,0.2312,3.1463,2.6289,5.7278,0.2400,0,0,1,
72.353,59.901,pred,block2_B_pred,1,1.1106,-0.3965,0.4611,0.1860,0.2780,0.1200,-0.0128,1,3.0086,0.7074,1.9926,0.4944,1.0381,178.6,35,2.5101,0.6084,0.2309,3.0906,2.5828,5.7278,0.2400,0,0,1,
72.458,60.006,pred,block2_B_pred,1,1.1208,-0.3913,0.4905,0.1610,0.3530,0.1137,-0.0128,1,2.9386,0.7748,1.9938,0.5450,0.9723,178.9,35,2.5101,0.6084,0.2309,3.0390,2.5828,5.7278,0.2274,0,0,1,
72.553,60.100,pred,block2_B_pred,1,1.1296,-0.3864,0.5176,0.1230,0.2410,0.1074,-0.2179,1,2.9386,0.7748,1.9938,0.5450,0.9723,178.9,35,2.4752,0.6665,0.2302,3.0390,2.5634,5.7278,0.2147,0,0,1,
72.653,60.200,pred,block2_B_pred,1,1.1389,-0.3809,0.5429,0.1070,0.1850,0.1074,-0.2436,1,2.8875,0.8075,2.0218,0.5794,0.8953,179.1,35,2.4631,0.6988,0.2293,2.9983,2.5603,5.7278,0.2021,0,0,1,
72.753,60.300,pred,block2_B_pred,1,1.1463,-0.3764,0.5626,0.0820,-0.0370,0.1200,-0.1154,1,2.8410,0.8056,2.0335,0.5841,0.8373,179.5,35,2.4454,0.6990,0.2287,2.9530,2.5433,5.7278,0.2400,0,0,1,
72.853,60.400,pred,block2_B_pred,1,1.1521,-0.3726,0.5789,0.1480,-0.0550,0.1200,-0.0897,1,2.8410,0.8056,2.0335,0.5841,0.8373,179.5,35,2.4454,0.6990,0.2287,2.9530,2.5433,5.7278,0.2382,0,0,1,
72.953,60.500,pred,block2_B_pred,1,1.1600,-0.3674,0.5812,0.1070,-0.2970,0.1200,-0.0897,1,2.7989,0.7783,2.0204,0.5774,0.8040,178.9,35,2.4179,0.6803,0.2284,2.9051,2.5118,5.7278,0.2400,0,0,1,
73.063,60.610,pred,block2_B_pred,1,1.1674,-0.3625,0.5846,0.1200,0.2600,0.1200,-0.0897,1,2.7989,0.7783,2.0204,0.5774,0.8040,178.9,35,2.4179,0.6803,0.2284,2.9051,2.5118,5.7278,0.2274,0,0,1,
73.153,60.700,pred,block2_B_pred,1,1.1772,-0.3561,0.5657,0.1040,-0.5010,0.1137,-0.0897,1,2.7509,0.7315,1.9720,0.5619,0.7972,177.4,35,2.3699,0.6474,0.2284,2.8465,2.4567,5.7278,0.2147,0,0,1,
73.253,60.800,pred,block2_B_pred,1,1.1878,-0.3494,0.5585,0.1170,-0.0550,0.1074,-0.1154,1,2.6961,0.6765,1.9013,0.5440,0.8058,175.4,35,2.3074,0.6096,0.2285,2.7797,2.3866,6.1132,0.2400,0,0,1,
73.353,60.900,pred,block2_B_pred,1,1.1997,-0.3421,0.5359,0.1550,0.0550,0.1200,0.2046,1,2.6961,0.6765,1.9013,0.5440,0.8058,175.4,35,2.3074,0.6096,0.2285,2.7797,2.3866,6.1132,0.1895,0,0,1,
73.457,61.004,pred,block2_B_pred,1,1.2106,-0.3358,0.5095,0.1170,-0.5010,0.1137,0.2046,1,2.6385,0.6253,1.8189,0.5216,0.8261,173.9,35,2.2377,0.5721,0.2288,2.7116,2.3096,6.1132,0.2274,0,0,1,
73.553,61.100,pred,block2_B_pred,1,1.2215,-0.3297,0.4943,0.1480,-0.1670,0.1200,0.2436,1,2.5724,0.5857,1.7253,0.4993,0.8515,173.0,35,2.1581,0.5414,0.2291,2.6382,2.2250,6.1132,0.2274,0,0,1,
73.653,61.200,pred,block2_B_pred,1,1.2303,-0.3251,0.4798,0.0500,-0.1480,0.1137,0.3974,1,2.5724,0.5857,1.7253,0.4993,0.8515,173.0,35,2.1581,0.5414,0.2291,2.6382,2.2250,6.1132,0.2280,0,0,1,
73.753,61.300,pred,block2_B_pred,1,1.2400,-0.3201,0.4658,0.1040,-0.0180,0.1074,0.3462,1,2.4972,0.5598,1.6143,0.4788,0.8865,172.6,35,2.0653,0.5188,0.2295,2.5591,2.1295,6.1132,0.2393,0,0,1,
73.856,61.403,pred,block2_B_pred,1,1.2481,-0.3160,0.4615,0.1420,-0.1670,0.1200,0.3718,1,2.4072,0.5424,1.4478,0.4309,0.9659,173.9,35,1.9376,0.4883,0.2303,2.4675,1.9982,6.1132,0.2389,0,0,1,
73.953,61.500,pred,block2_B_pred,1,1.2566,-0.3118,0.4585,0.0630,0.1480,0.1137,0.3718,1,2.4072,0.5424,1.4478,0.4309,0.9659,173.9,35,1.9376,0.4883,0.2303,2.4675,1.9982,6.1132,0.2274,0,0,1,
74.053,61.600,pred,block2_B_pred,1,1.2664,-0.3069,0.4778,0.1100,0.5380,0.1137,0.4487,1,2.2651,0.5249,1.0948,0.4183,1.1752,172.2,35,1.6925,0.4721,0.2325,2.3251,1.7571,6.1132,0.2380,0,0,1,
74.154,61.701,pred,block2_B_pred,1,1.2779,-0.3009,0.5008,0.1450,0.4450,0.1200,0.4487,1,2.2651,0.5249,1.0948,0.4183,1.1752,172.2,35,1.6925,0.4721,0.2325,2.3251,1.7571,6.1132,0.2419,0,0,1,
74.253,61.800,pred,block2_B_pred,1,1.2891,-0.2945,0.5390,0.1200,0.5940,0.1200,0.2692,1,2.0594,0.4944,0.5499,0.2945,1.5227,174.0,35,1.3204,0.3986,0.2692,2.1179,1.3792,6.0258,0.2400,0,0,1,
74.353,61.900,pred,block2_B_pred,1,1.2961,-0.2902,0.5873,0.0690,0.4080,0.1137,0.1154,1,1.7979,0.4413,-0.1388,0.1791,1.9543,173.9,35,0.8500,0.3141,0.3455,1.8512,0.9062,6.0258,0.2274,0,0,1,
74.455,62.002,pred,block2_B_pred,1,1.3019,-0.2861,0.6289,0.0820,0.4830,0.1074,0.0641,1,1.5177,0.3669,-0.8166,-0.1082,2.3821,177.9,35,0.3737,0.1412,0.4213,1.5614,0.3995,6.0258,0.2400,0,0,1,
74.553,62.100,pred,block2_B_pred,1,1.3065,-0.2827,0.6631,0.0220,0.1300,0.1200,0.0897,1,1.5177,0.3669,-0.8166,-0.1082,2.3821,177.9,35,0.3737,0.1412,0.4213,1.5614,0.3995,6.0258,0.2274,0,0,1,
74.653,62.200,pred,block2_B_pred,1,1.3115,-0.2787,0.7005,0.0820,0.4830,0.1137,0.1154,1,1.2372,0.2770,-1.4568,-0.3063,2.7565,179.6,35,-0.0821,-0.0039,0.4874,1.2679,0.0822,6.0258,0.2274,0,0,1,
74.753,62.300,pred,block2_B_pred,1,1.3182,-0.2729,0.7109,0.0660,0.1300,0.1137,0.0641,1,0.9639,0.1880,-1.9144,-0.1335,2.8961,175.3,35,-0.4456,0.0203,0.5128,0.9820,0.4460,6.0258,0.2400,0,0,1,
74.853,62.400,pred,block2_B_pred,1,1.3250,-0.2669,0.7324,0.1070,0.0370,0.0189,0.0385,1,0.9639,0.1880,-1.9144,-0.1335,2.8961,175.3,35,-0.4456,0.0203,0.5128,0.9820,0.4460,6.0258,0.2400,0,0,1,
74.953,62.500,pred,block2_B_pred,1,1.3343,-0.2584,0.7644,0.0720,0.3530,0.0884,-0.1154,1,0.7392,0.1093,-1.9846,-0.0921,2.7312,175.8,35,-0.5943,-0.0004,0.4834,0.7472,0.5943,6.0258,0.1642,0,0,1,
75.055,62.602,pred,block2_B_pred,1,1.3446,-0.2484,0.7840,0.1290,0.1670,0.0821,-0.0128,1,0.5625,0.0436,-1.8654,-0.0860,2.4314,178.6,35,-0.6259,-0.0291,0.4302,0.5642,0.6266,6.0258,0.1516,0,0,1,
75.153,62.700,pred,block2_B_pred,1,1.3546,-0.2381,0.8170,0.1670,0.2410,0.0821,-0.0128,1,0.5625,0.0436,-1.8654,-0.0860,2.4314,178.6,35,-0.6259,-0.0291,0.4302,0.5642,0.6266,6.0258,0.1519,0,0,1,
75.253,62.800,pred,block2_B_pred,1,1.3625,-0.2295,0.8363,0.1100,0.5010,0.0695,-0.0128,1,0.4261,-0.0092,-1.6185,-0.0834,2.0459,-176.7,35,-0.5746,-0.0527,0.3619,0.4262,0.5771,6.1013,0.1263,0,0,1,
75.353,62.900,pred,block2_B_pred,1,1.3689,-0.2223,0.8601,0.0720,0.4270,0.0253,0.0959,1,0.3360,-0.0498,-1.3080,-0.0952,1.6447,-170.0,35,-0.5746,-0.0527,0.3619,0.3397,0.5771,6.1013,0.0505,0,0,1,
75.453,63.000,pred,block2_B_pred,1,1.3742,-0.2163,0.8693,0.0250,0.0370,0.0126,0.2179,1,0.3360,-0.0498,-1.3080,-0.0952,1.6447,-170.0,35,-0.4686,-0.0770,0.2909,0.3397,0.4749,6.1013,0.0379,0,0,1,
75.553,63.100,pred,block2_B_pred,1,1.3774,-0.2124,0.8741,0.0000,0.0000,0.1074,0.0385,1,0.2952,-0.0800,-1.0662,-0.1204,1.3620,-163.1,35,-0.3710,-0.1026,0.2409,0.3059,0.3850,6.1013,0.1356,0,0,1,
75.654,63.202,pred,block2_B_pred,1,1.3803,-0.2089,0.8819,0.0820,-0.4450,0.0695,0.3585,1,0.2889,-0.1146,-0.4495,-0.2791,0.7565,-145.8,35,-0.3710,-0.1026,0.2409,0.3108,0.3850,6.1013,0.1345,0,0,1,
75.753,63.300,pred,block2_B_pred,1,1.3810,-0.2080,0.8749,0.0000,0.0000,0.0947,0.4231,1,0.2889,-0.1146,-0.4495,-0.2791,0.7565,-145.8,35,-0.1115,-0.2198,0.2288,0.3108,0.2465,6.1013,0.1811,0,0,1,
75.853,63.400,pred,block2_B_pred,1,1.3810,-0.2080,0.8749,0.0000,0.0000,0.0947,0.3974,1,0.3051,-0.1463,-0.1748,-0.2532,0.4917,-141.8,35,0.0448,-0.2147,0.2257,0.3384,0.2193,6.1013,0.1811,0,0,1,
75.953,63.500,pred,block2_B_pred,1,1.3828,-0.2059,0.8912,0.0410,0.2410,0.1011,0.2374,1,0.3218,-0.1670,0.0098,-0.2365,0.3196,-140.0,31,0.3218,-0.1670,0.2200,0.3626,0.3626,6.1013,0.2021,0,0,1,
76.053,63.600,pred,block2_B_pred,1,1.3829,-0.2058,0.8920,0.0000,0.0000,0.1011,0.0128,1,0.3218,-0.1670,0.0098,-0.2365,0.3196,-140.0,31,0.3218,-0.1670,0.2200,0.3626,0.3626,6.1013,0.2021,0,0,1,
76.153,63.700,pred,block2_B_pred,1,1.3878,-0.1997,0.9018,0.0760,0.3710,0.0000,-0.0128,1,0.3175,-0.1714,0.1147,-0.2166,0.2078,-139.1,31,0.3175,-0.1714,0.2200,0.3608,0.3608,6.1013,0.0000,0,0,1,
76.253,63.800,pred,block2_B_pred,1,1.3938,-0.1919,0.9290,0.0820,0.4080,0.0000,0.0000,1,0.3175,-0.1714,0.1147,-0.2166,0.2078,-139.1,31,0.3175,-0.1714,0.2200,0.3608,0.3608,6.1013,0.0000,0,0,1,
76.353,63.900,pred,block2_B_pred,1,1.3938,-0.1919,0.9290,0.0000,0.0000,0.1200,0.0897,1,0.2987,-0.1653,0.1669,-0.1946,0.1350,-138.5,31,0.2987,-0.1653,0.2200,0.3414,0.3414,6.0629,0.2350,0,0,0,
76.453,64.000,pred,block2_B_pred,1,1.3981,-0.1860,0.9480,0.1550,-0.0550,0.1200,0.0897,1,0.2746,-0.1525,0.1890,-0.1716,0.0878,-138.4,31,0.2746,-0.1525,0.2200,0.3141,0.3141,6.0629,0.2274,0,0,0,
76.553,64.100,pred,block2_B_pred,1,1.4015,-0.1812,0.9725,0.0340,0.2040,0.1074,0.1667,1,0.2746,-0.1525,0.1890,-0.1716,0.0878,-138.4,31,0.2746,-0.1525,0.2200,0.3141,0.3141,6.0629,0.2021,0,0,0,
76.653,64.200,pred,block2_B_pred,1,1.4058,-0.1749,0.9849,0.0850,0.5010,0.1074,0.2179,1,0.2746,-0.1525,0.1890,-0.1716,0.0878,-138.4,31,0.2746,-0.1525,0.2200,0.3141,0.3141,6.0629,0.1965,0,0,0,
76.757,64.304,pred,block2_B_pred,1,1.4078,-0.1719,0.9801,0.0820,-0.4830,0.0947,0.3779,1,0.2746,-0.1525,0.1890,-0.1716,0.0878,-138.4,31,0.2746,-0.1525,0.2200,0.3141,0.3141,6.0629,0.1976,0,0,0,
76.860,64.408,pred,block2_B_pred,1,1.4100,-0.1686,0.9920,0.0000,0.0000,0.1200,0.4744,1,0.2746,-0.1525,0.1890,-0.1716,0.0878,-138.4,31,0.2746,-0.1525,0.2200,0.3141,0.3141,6.0629,0.1919,0,0,0,
76.953,64.500,pred,block2_B_pred,1,1.4119,-0.1657,1.0128,0.0220,0.1300,0.1011,0.4744,1,0.2746,-0.1525,0.1890,-0.1716,0.0878,-138.4,31,0.2746,-0.1525,0.2200,0.3141,0.3141,6.0629,0.2384,0,0,0,
77.053,64.600,pred,block2_B_pred,1,1.4148,-0.1610,1.0131,0.0820,0.0000,0.1011,0.5000,1,0.2865,-0.1469,0.2308,-0.1593,0.0571,-140.3,31,0.2865,-0.1469,0.2200,0.3220,0.3220,6.0629,0.2274,0,0,0,
77.154,64.701,pred,block2_B_pred,1,1.4180,-0.1557,1.0474,0.0880,0.5200,0.0063,0.2374,1,0.3175,-0.1576,0.2813,-0.1656,0.0371,-141.0,31,0.3175,-0.1576,0.2200,0.3544,0.3544,6.0629,0.0000,0,0,0,
77.253,64.800,pred,block2_B_pred,1,1.4234,-0.1461,1.0835,0.1070,0.6310,0.0000,0.0000,1,0.3175,-0.1576,0.2813,-0.1656,0.0371,-141.0,31,0.3175,-0.1576,0.2200,0.3544,0.3544,6.0629,0.0000,0,0,0,
77.353,64.900,pred,block2_B_pred,1,1.4299,-0.1335,1.1246,0.1140,0.6680,0.0000,0.0128,1,0.3494,-0.1758,0.3258,-0.1811,0.0241,-140.7,31,0.3494,-0.1758,0.2200,0.3911,0.3911,6.1818,0.0000,0,0,0,
77.453,65.000,pred,block2_B_pred,1,1.4316,-0.1300,1.1298,0.0000,0.0000,0.0000,0.0000,1,0.3494,-0.1758,0.3258,-0.1811,0.0241,-140.7,31,0.3494,-0.1758,0.2200,0.3911,0.3911,6.1818,0.0000,0,0,0,
77.553,65.100,pred,block2_B_pred,1,1.4342,-0.1244,1.1566,0.0820,0.4830,0.0000,-0.0128,1,0.3850,-0.1966,0.3697,-0.2000,0.0157,-140.4,31,0.3850,-0.1966,0.2200,0.4323,0.4323,6.1818,0.0000,0,0,0,
77.653,65.200,pred,block2_B_pred,1,1.4371,-0.1176,1.2003,0.0910,0.5380,0.0000,-0.0128,1,0.4334,-0.2187,0.4235,-0.2210,0.0102,-140.7,31,0.4334,-0.2187,0.2200,0.4855,0.4855,6.1818,0.0000,0,0,0,
77.754,65.301,pred,block2_B_pred,1,1.4404,-0.1090,1.2237,0.0720,0.4270,0.0126,0.0128,1,0.4918,-0.2448,0.4853,-0.2462,0.0066,-141.0,31,0.4918,-0.2448,0.2200,0.5493,0.5493,6.1818,0.0126,0,0,0,
77.853,65.400,pred,block2_B_pred,1,1.4419,-0.1047,1.2509,0.0250,0.1480,0.0063,0.0000,1,0.4918,-0.2448,0.4853,-0.2462,0.0066,-141.0,31,0.4918,-0.2448,0.2200,0.5493,0.5493,6.1818,0.0000,0,0,0,
77.953,65.500,pred,block2_B_pred,1,1.4421,-0.1042,1.2538,0.0000,0.0000,0.0063,0.0000,1,0.5594,-0.2767,0.7693,-0.2917,0.2104,22.2,35,0.6619,-0.2829,0.2222,0.6241,0.7198,6.1818,0.0126,0,0,0,
78.057,65.604,pred,block2_B_pred,1,1.4421,-0.1042,1.2538,0.0000,0.0000,0.0063,0.0000,1,0.6459,-0.3155,1.0750,-0.3731,0.4330,18.4,35,0.8560,-0.3411,0.2246,0.7188,0.9215,6.1818,0.0126,0,0,0,
78.157,65.705,pred,block2_B_pred,1,1.4421,-0.1042,1.2538,0.0000,0.0000,0.1137,0.1600,1,0.7405,-0.3580,1.3678,-0.4869,0.6403,14.2,35,0.8560,-0.3411,0.2246,0.8226,0.9215,6.1818,0.2139,0,0,0,
78.254,65.802,pred,block2_B_pred,1,1.4421,-0.1042,1.2538,0.0000,0.0000,0.1137,0.4800,1,0.7405,-0.3580,1.3678,-0.4869,0.6403,14.2,35,1.0482,-0.4168,0.2267,0.8226,1.1280,6.1818,0.2139,0,0,0,
78.353,65.900,pred,block2_B_pred,1,1.4421,-0.1042,1.2538,0.0000,0.0000,0.1200,0.3718,1,0.8378,-0.4007,1.6322,-0.6008,0.8192,11.4,35,1.2276,-0.4937,0.2285,0.9287,1.3231,5.3402,0.2258,0,0,0,
78.454,66.001,pred,block2_B_pred,1,1.4421,-0.1042,1.2538,0.0000,0.0000,0.1011,0.2118,1,0.8378,-0.4007,1.6322,-0.6008,0.8192,11.4,35,1.2276,-0.4937,0.2285,0.9287,1.3231,5.3402,0.1979,0,0,0,
78.553,66.100,pred,block2_B_pred,1,1.4421,-0.1042,1.2538,0.0000,0.0000,0.1011,-0.1082,1,0.9392,-0.4403,1.8749,-0.7191,0.9764,8.5,35,1.3985,-0.5714,0.2301,1.0373,1.5107,5.3402,0.1979,0,0,0,
78.653,66.200,pred,block2_B_pred,1,1.4428,-0.1019,1.2679,0.0000,0.0000,0.1011,-0.1154,1,1.0553,-0.4766,2.1316,-0.8051,1.1253,7.3,35,1.5830,-0.6334,0.2316,1.1579,1.7050,5.3402,0.1984,0,0,0,
78.753,66.300,pred,block2_B_pred,1,1.4451,-0.0940,1.2898,0.1070,-0.0740,0.1074,-0.3010,1,1.1745,-0.5062,2.3909,-0.8128,1.2544,9.2,35,1.7699,-0.6564,0.2331,1.2789,1.8876,5.3402,0.2146,0,0,0,
78.854,66.401,pred,block2_B_pred,1,1.4476,-0.0850,1.3202,0.1640,0.1850,0.0947,-0.3462,1,1.1745,-0.5062,2.3909,-0.8128,1.2544,9.2,35,1.7699,-0.6564,0.2331,1.2789,1.8876,5.3402,0.1891,0,0,0,
78.957,66.504,pred,block2_B_pred,1,1.4505,-0.0731,1.3377,0.0980,0.1670,0.1137,-0.4487,1,1.2884,-0.5319,2.6106,-0.7409,1.3386,13.5,35,1.9352,-0.6397,0.2369,1.3939,2.0382,5.3402,0.2400,0,0,0,
79.059,66.606,pred,block2_B_pred,1,1.4540,-0.0581,1.3447,0.1740,-0.2040,0.1200,-0.3205,1,1.3963,-0.5568,2.7466,-0.5936,1.3508,20.2,35,2.0581,-0.5849,0.2393,1.5033,2.1396,5.3402,0.2400,0,0,0,
79.156,66.703,pred,block2_B_pred,1,1.4580,-0.0408,1.3373,0.1990,-0.1300,0.1200,-0.3205,1,1.3963,-0.5568,2.7466,-0.5936,1.3508,20.2,35,2.0581,-0.5849,0.2393,1.5033,2.1396,5.3402,0.2289,0,0,0,
79.253,66.800,pred,block2_B_pred,1,1.4620,-0.0248,1.3168,0.2180,-0.2040,0.1074,-0.2436,1,1.4824,-0.5824,2.7848,-0.4759,1.3067,26.1,35,2.1218,-0.5419,0.2340,1.5927,2.1899,5.3402,0.2400,0,0,0,
79.360,66.908,pred,block2_B_pred,1,1.4654,-0.0124,1.2836,0.1230,-0.2780,0.1137,-0.1923,1,1.5643,-0.6041,2.7952,-0.4068,1.2467,30.2,35,2.1687,-0.5175,0.2332,1.6768,2.2296,5.3402,0.2289,0,0,0,
79.453,67.000,pred,block2_B_pred,1,1.4682,-0.0036,1.2344,0.0980,-0.5750,0.1137,-0.1923,1,1.5643,-0.6041,2.7952,-0.4068,1.2467,30.2,35,2.1687,-0.5175,0.2332,1.6768,2.2296,5.4118,0.2147,0,0,0,
79.553,67.100,pred,block2_B_pred,1,1.4724,0.0082,1.2017,0.1040,-0.6130,0.1074,-0.1667,1,1.6425,-0.6160,2.8170,-0.3507,1.2041,33.3,35,2.2192,-0.4945,0.2326,1.7542,2.2736,5.4118,0.2389,0,0,0,
79.653,67.200,pred,block2_B_pred,1,1.4761,0.0172,1.1704,0.1140,0.0370,0.1200,-0.2179,1,1.7217,-0.6090,2.8613,-0.2630,1.1910,36.4,35,2.2817,-0.4474,0.2323,1.8262,2.3251,5.4118,0.2383,0,0,0,
79.753,67.300,pred,block2_B_pred,1,1.4793,0.0246,1.1329,0.0880,-0.5200,0.1200,-0.1410,1,1.7217,-0.6090,2.8613,-0.2630,1.1910,36.4,35,2.2817,-0.4474,0.2323,1.8262,2.3251,5.4118,0.2242,0,0,0,
79.853,67.400,pred,block2_B_pred,1,1.4838,0.0339,1.1069,0.0850,-0.2040,0.1200,-0.0897,1,1.8076,-0.5733,2.8948,-0.0671,1.1992,42.6,35,2.3444,-0.3349,0.2326,1.8964,2.3682,5.4118,0.2400,0,0,0,
79.953,67.500,pred,block2_B_pred,1,1.4866,0.0391,1.0724,0.0530,-0.3150,0.1200,-0.0897,1,1.8905,-0.5153,2.8746,0.2111,1.2231,51.7,35,2.3827,-0.1716,0.2331,1.9595,2.3889,5.4118,0.2400,0,0,0,
80.055,67.602,pred,block2_B_pred,1,1.4912,0.0474,1.0457,0.0660,-0.3900,0.1200,-0.0897,1,1.9678,-0.4409,2.7912,0.5148,1.2615,61.9,35,2.3827,-0.1716,0.2331,2.0166,2.3889,5.4118,0.2274,0,0,0,
80.153,67.700,pred,block2_B_pred,1,1.4957,0.0550,1.0275,0.0690,0.0000,0.1200,0.0000,1,1.9678,-0.4409,2.7912,0.5148,1.2615,61.9,35,2.3880,0.0146,0.2333,2.0166,2.3881,5.4118,0.2400,0,0,0,
80.253,67.800,pred,block2_B_pred,1,1.4990,0.0604,0.9911,0.0340,-0.2040,0.1200,-0.0897,1,2.0407,-0.3472,2.5136,0.8153,1.2550,77.5,35,2.3000,0.2147,0.2335,2.0700,2.3100,5.4118,0.2400,0,0,0,
80.356,67.903,pred,block2_B_pred,1,1.5044,0.0685,0.9733,0.0440,-0.2220,0.1137,-0.0128,1,2.1189,-0.2539,2.1570,0.9845,1.2390,95.1,35,2.1745,0.3563,0.2331,2.1341,2.2035,5.4118,0.2400,0,0,1,
80.453,68.000,pred,block2_B_pred,1,1.5101,0.0766,0.9499,0.0950,-0.4450,0.1200,0.0128,1,2.1189,-0.2539,2.1570,0.9845,1.2390,95.1,35,2.1745,0.3563,0.2331,2.1341,2.2035,5.5266,0.2147,0,0,1,
80.553,68.100,pred,block2_B_pred,1,1.5160,0.0849,0.9258,0.0950,-0.4830,0.1137,0.2754,1,2.1913,-0.1753,1.9134,1.0170,1.2242,107.7,35,2.0910,0.4190,0.2331,2.1983,2.1325,5.5266,0.2021,0,0,1,
80.653,68.200,pred,block2_B_pred,1,1.5236,0.0949,0.9195,0.0880,-0.0740,0.1200,0.1923,1,2.2874,-0.1104,2.3990,0.5048,0.6252,82.5,35,2.3807,0.2650,0.2285,2.2900,2.3954,5.5266,0.2400,0,0,0,
80.754,68.301,pred,block2_B_pred,1,1.5323,0.1062,0.9173,0.1930,0.0550,0.1137,0.2179,1,2.2874,-0.1104,2.3990,0.5048,0.6252,82.5,35,2.3807,0.2650,0.2285,2.2900,2.3954,5.5266,0.2274,0,0,0,
80.853,68.400,pred,block2_B_pred,1,1.5415,0.1183,0.9228,0.1360,0.0920,0.1200,0.1410,1,2.4083,-0.0746,2.7159,0.0978,0.3526,31.0,35,2.6039,0.0885,0.2256,2.4095,2.6054,5.5266,0.2274,0,0,0,
80.953,68.500,pred,block2_B_pred,1,1.5501,0.1297,0.9407,0.1040,0.3530,0.1137,0.1154,1,2.5369,-0.0753,2.8200,-0.3083,0.3667,-37.8,35,2.7327,-0.1267,0.2243,2.5380,2.7356,5.5266,0.2147,0,0,0,
81.059,68.606,pred,block2_B_pred,1,1.5586,0.1416,0.9596,0.1330,0.2220,0.1074,0.0897,1,2.6592,-0.1155,2.7748,-0.6990,0.5948,-76.3,35,2.7327,-0.1267,0.2243,2.6618,2.7356,5.5266,0.2400,0,0,0,
81.153,68.700,pred,block2_B_pred,1,1.5647,0.1504,0.9885,0.0600,0.2780,0.1200,0.1667,1,2.6592,-0.1155,2.7748,-0.6990,0.5948,-76.3,35,2.7799,-0.3615,0.2259,2.6618,2.8033,5.5266,0.2400,0,0,0,
81.253,68.800,pred,block2_B_pred,1,1.5705,0.1595,1.0170,0.1010,0.5940,0.1137,0.1410,1,2.7620,-0.2034,2.5854,-1.0767,0.8910,-97.2,35,2.7387,-0.6139,0.2287,2.7695,2.8066,5.5266,0.2274,0,0,1,
81.353,68.900,pred,block2_B_pred,1,1.5750,0.1668,1.0366,0.0760,0.4450,0.1137,0.0897,1,2.7620,-0.2034,2.5854,-1.0767,0.8910,-97.2,35,2.7387,-0.6139,0.2287,2.7695,2.8066,5.5266,0.2147,0,0,1,
81.453,69.000,pred,block2_B_pred,1,1.5799,0.1752,1.0652,0.0880,0.4080,0.1074,0.0641,1,2.8353,-0.3274,2.1948,-1.2711,1.1405,-117.6,35,2.5807,-0.7992,0.2316,2.8541,2.7016,4.9591,0.2021,0,0,1,
81.560,69.107,pred,block2_B_pred,1,1.5836,0.1822,1.0923,0.1420,-0.0550,0.1137,-0.0703,1,2.9209,-0.4696,3.1602,-1.0366,0.6154,-58.0,35,3.0617,-0.8467,0.2288,2.9584,3.1766,4.9591,0.2142,0,0,0,
81.653,69.200,pred,block2_B_pred,1,1.5867,0.1882,1.1168,0.0910,0.4270,0.1074,-0.3205,1,2.9209,-0.4696,3.1602,-1.0366,0.6154,-58.0,35,3.0617,-0.8467,0.2288,2.9584,3.1766,4.9591,0.2096,0,0,0,
81.753,69.300,pred,block2_B_pred,1,1.5894,0.1938,1.1279,0.0120,0.0740,0.1200,-0.3462,1,3.0433,-0.6198,3.9777,-1.0165,1.0151,-11.5,35,3.5099,-0.9214,0.2321,3.1058,3.6288,4.9591,0.2089,0,0,0,
81.856,69.403,pred,block2_B_pred,1,1.5926,0.2006,1.1420,0.0310,0.1850,0.1200,-0.5000,1,3.1747,-0.7512,4.5189,-1.0867,1.3855,-0.7,35,3.8356,-1.0042,0.2557,3.2624,3.9649,4.9591,0.2274,0,0,0,
81.953,69.500,pred,block2_B_pred,1,1.5955,0.2071,1.1565,0.0880,0.4080,0.1074,-0.5000,1,3.1747,-0.7512,4.5189,-1.0867,1.3855,-0.7,35,3.8356,-1.0042,0.2557,3.2624,3.9649,4.9591,0.2346,0,0,0,
82.053,69.600,pred,block2_B_pred,1,1.6007,0.2190,1.1553,0.1740,0.0550,0.1200,-0.3718,1,3.2925,-0.8599,4.7804,-1.1774,1.5214,2.6,35,4.0212,-1.0804,0.2751,3.4029,4.1638,4.9591,0.2400,0,0,0,
82.153,69.700,pred,block2_B_pred,1,1.6072,0.2332,1.1381,0.1800,-0.0180,0.1137,-0.4487,1,3.3815,-0.9458,4.8486,-1.2320,1.4948,4.6,35,4.0992,-1.1314,0.2679,3.5112,4.2525,4.9591,0.2400,0,0,0,
82.256,69.803,pred,block2_B_pred,1,1.6141,0.2477,1.1006,0.1330,-0.6310,0.1137,-0.3718,1,3.4246,-1.0028,4.8456,-1.2308,1.4391,7.2,35,4.0992,-1.1314,0.2679,3.5684,4.2525,4.9591,0.2279,0,0,0,
82.353,69.900,pred,block2_B_pred,1,1.6210,0.2607,1.0468,0.1290,-0.6870,0.1200,-0.3718,1,3.4246,-1.0028,4.8456,-1.2308,1.4391,7.2,35,4.1194,-1.1477,0.2564,3.5684,4.2763,4.9591,0.2400,0,0,0,
82.464,70.012,pred,block2_B_pred,1,1.6277,0.2715,1.0004,0.1450,-0.2220,0.1200,-0.3462,1,3.4520,-1.0218,4.7038,-1.2174,1.2670,7.6,35,4.0641,-1.1395,0.2334,3.6000,4.2209,4.8952,0.2427,0,0,0,
82.555,70.102,pred,block2_B_pred,1,1.6335,0.2802,0.9421,0.1140,-0.6680,0.1200,-0.3462,1,3.4520,-1.0218,4.7038,-1.2174,1.2670,7.6,35,4.0641,-1.1395,0.2334,3.6000,4.2209,4.8952,0.2400,0,0,0,
82.653,70.200,pred,block2_B_pred,1,1.6391,0.2876,0.8879,0.0910,-0.5380,0.1200,-0.2179,1,3.4573,-0.9757,4.2710,-1.1028,0.8236,6.9,35,3.8552,-1.0522,0.2287,3.5923,3.9962,4.8952,0.2400,0,0,0,
82.759,70.307,pred,block2_B_pred,1,1.6465,0.2961,0.8415,0.1800,-0.0550,0.1200,-0.1667,1,3.4450,-0.8640,3.9739,-0.9466,0.5353,5.2,35,3.7036,-0.9137,0.2257,3.5517,3.8147,4.8952,0.2274,0,0,0,
82.853,70.400,pred,block2_B_pred,1,1.6531,0.3034,0.7970,0.0850,-0.5010,0.1137,-0.1667,1,3.4217,-0.7067,3.4672,-0.7281,0.0503,-13.6,35,3.4494,-0.7011,0.2206,3.4939,3.5199,4.8952,0.2274,0,0,0,
82.953,70.500,pred,block2_B_pred,1,1.6587,0.3089,0.7506,0.0600,-0.3530,0.1200,-0.2436,1,3.4217,-0.7067,3.4672,-0.7281,0.0503,-13.6,35,3.4494,-0.7011,0.2206,3.4939,3.5199,4.8952,0.2400,0,0,0,
83.053,70.600,pred,block2_B_pred,1,1.6641,0.3138,0.7079,0.0980,-0.5750,0.1200,-0.1410,1,3.3709,-0.5191,2.8589,-0.5360,0.5123,-169.4,35,3.1257,-0.4938,0.2254,3.4106,3.1644,4.8952,0.2274,0,0,1,
83.153,70.700,pred,block2_B_pred,1,1.6692,0.3180,0.6689,0.0850,-0.5010,0.1200,-0.1410,1,3.2850,-0.3251,2.2152,-0.3732,1.0710,-171.8,35,2.7650,-0.3074,0.2314,3.3011,2.7820,4.8952,0.2370,0,0,1,
83.253,70.800,pred,block2_B_pred,1,1.6761,0.3234,0.6496,0.0850,-0.5010,0.1200,-0.1667,1,3.2850,-0.3251,2.2152,-0.3732,1.0710,-171.8,35,2.7650,-0.3074,0.2314,3.3011,2.7820,4.8952,0.2256,0,0,1,
83.353,70.900,pred,block2_B_pred,1,1.6809,0.3270,0.6144,0.0910,-0.5380,0.1137,-0.1154,1,3.1684,-0.1421,1.6760,-0.2605,1.4971,-172.9,35,2.4394,-0.1602,0.2635,3.1716,2.4446,4.8952,0.2274,0,0,1,
83.453,71.000,pred,block2_B_pred,1,1.6889,0.3326,0.5988,0.0820,-0.4830,0.1200,0.0000,1,3.0544,0.0219,1.3146,-0.1427,1.7475,-175.0,35,2.2031,-0.0244,0.3080,3.0544,2.2033,4.8952,0.2400,0,0,1,
83.553,71.100,pred,block2_B_pred,1,1.6977,0.3385,0.5854,0.1520,0.0740,0.1200,-0.1410,1,3.0544,0.0219,1.3146,-0.1427,1.7475,-175.0,35,2.2031,-0.0244,0.3080,3.0544,2.2033,4.7780,0.2400,0,0,1,
83.653,71.200,pred,block2_B_pred,1,1.7071,0.3447,0.5715,0.1100,0.1300,0.1200,-0.1154,1,2.9387,0.1668,1.1136,-0.0316,1.8358,-177.0,35,2.0452,0.0967,0.3238,2.9434,2.0475,4.7780,0.2400,0,0,1,
83.753,71.300,pred,block2_B_pred,1,1.7184,0.3519,0.5637,0.1710,0.0000,0.1200,-0.1154,1,2.8282,0.2930,1.0308,0.0612,1.8124,-178.6,35,1.9479,0.2003,0.3198,2.8434,1.9582,4.7780,0.2274,0,0,1,
83.853,71.401,pred,block2_B_pred,1,1.7307,0.3596,0.5615,0.1480,0.1670,0.1200,-0.0128,1,2.8282,0.2930,1.0308,0.0612,1.8124,-178.6,35,1.9479,0.2003,0.3198,2.8434,1.9582,4.7780,0.2274,0,0,1,
83.954,71.501,pred,block2_B_pred,1,1.7434,0.3675,0.5538,0.1740,0.0920,0.1137,-0.0128,1,2.7349,0.4013,1.0283,0.1387,1.7267,-179.6,35,1.8988,0.2892,0.3048,2.7642,1.9207,4.7780,0.2147,0,0,1,
84.053,71.600,pred,block2_B_pred,1,1.7545,0.3743,0.5501,0.1260,0.2600,0.1200,-0.0385,1,2.6455,0.4917,1.0710,0.1860,1.6039,-179.5,35,1.8736,0.3554,0.2832,2.6908,1.9070,4.7780,0.2274,0,0,1,
84.153,71.700,pred,block2_B_pred,1,1.7650,0.3807,0.5434,0.0910,0.1670,0.1200,-0.0641,1,2.6455,0.4917,1.0710,0.1860,1.6039,-179.5,35,1.8736,0.3554,0.2832,2.6908,1.9070,4.7780,0.2400,0,0,1,
84.253,71.800,pred,block2_B_pred,1,1.7740,0.3861,0.5423,0.0690,-0.0370,0.1137,-0.0385,1,2.5666,0.5689,1.1217,0.2586,1.4779,179.6,35,1.8584,0.4268,0.2610,2.6289,1.9068,4.7780,0.2274,0,0,1,
84.353,71.900,pred,block2_B_pred,1,1.7835,0.3918,0.5345,0.1170,0.2410,0.1200,0.0385,1,2.4921,0.6342,1.1624,0.3230,1.3656,178.9,35,1.8405,0.4892,0.2412,2.5715,1.9044,4.7780,0.2400,0,0,1,
84.453,72.000,pred,block2_B_pred,1,1.7919,0.3968,0.5326,0.1070,-0.3710,0.1200,0.0385,1,2.4921,0.6342,1.1624,0.3230,1.3656,178.9,35,1.8405,0.4892,0.2412,2.5715,1.9044,4.7780,0.2400,0,0,1,
84.553,72.100,pred,block2_B_pred,1,1.7983,0.4006,0.5322,0.0190,-0.0740,0.1200,-0.0897,1,2.4153,0.6877,1.1884,0.3840,1.2639,178.0,35,1.8142,0.5443,0.2332,2.5113,1.8941,4.7292,0.2400,0,0,1,
84.653,72.200,pred,block2_B_pred,1,1.8064,0.4054,0.5355,0.1260,-0.2600,0.1200,-0.0385,1,2.3453,0.7317,1.2114,0.4323,1.1728,177.5,35,1.7897,0.5892,0.2322,2.4568,1.8842,4.7292,0.2400,0,0,1,
84.753,72.300,pred,block2_B_pred,1,1.8141,0.4100,0.5448,0.0820,0.3710,0.1137,0.0000,1,2.3453,0.7317,1.2114,0.4323,1.1728,177.5,35,1.7897,0.5892,0.2322,2.4568,1.8842,4.7292,0.2400,0,0,1,
84.853,72.400,pred,block2_B_pred,1,1.8243,0.4162,0.5503,0.1420,0.2410,0.1200,-0.0128,1,2.2751,0.7632,1.2219,0.4702,1.0932,177.0,35,1.7592,0.6228,0.2313,2.3997,1.8662,4.7292,0.2400,0,0,1,
84.953,72.500,pred,block2_B_pred,1,1.8328,0.4215,0.5614,0.1040,-0.0550,0.1137,0.0897,1,2.2045,0.7820,1.2057,0.5221,1.0320,175.1,35,1.7156,0.6560,0.2307,2.3391,1.8367,4.7292,0.2147,0,0,1,
85.053,72.600,pred,block2_B_pred,1,1.8416,0.4271,0.5640,0.0410,0.0180,0.1074,0.0897,1,2.2045,0.7820,1.2057,0.5221,1.0320,175.1,35,1.7156,0.6560,0.2307,2.3391,1.8367,4.7292,0.2400,0,0,1,
85.153,72.700,pred,block2_B_pred,1,1.8522,0.4338,0.5699,0.1330,0.2220,0.1200,0.1667,1,2.1380,0.7895,1.1723,0.5682,0.9907,172.6,35,1.6656,0.6808,0.2304,2.2791,1.7993,4.7292,0.2274,0,0,1,
85.253,72.800,pred,block2_B_pred,1,1.8634,0.4409,0.5662,0.1260,-0.2600,0.1200,0.2179,1,2.0743,0.7863,1.1309,0.5806,0.9655,171.5,35,1.6128,0.6851,0.2301,2.2183,1.7523,4.7292,0.2400,0,0,1,
85.354,72.902,pred,block2_B_pred,1,1.8737,0.4475,0.5666,0.1520,-0.1480,0.1137,0.2179,1,2.0743,0.7863,1.1309,0.5806,0.9655,171.5,35,1.6128,0.6851,0.2301,2.2183,1.7523,4.7292,0.2396,0,0,1,
85.453,73.000,pred,block2_B_pred,1,1.8842,0.4543,0.5818,0.0880,0.3340,0.1200,0.1410,1,2.0096,0.7720,1.0915,0.5482,0.9449,172.7,35,1.5602,0.6631,0.2299,2.1527,1.6952,4.7292,0.2274,0,0,1,
85.556,73.103,pred,block2_B_pred,1,1.8947,0.4611,0.5825,0.1100,0.0180,0.1200,0.1667,1,1.9485,0.7508,1.0458,0.5192,0.9320,173.3,35,1.5066,0.6382,0.2297,2.0882,1.6362,4.6244,0.2274,0,0,1,
85.655,73.202,pred,block2_B_pred,1,1.9049,0.4680,0.5960,0.1450,-0.1480,0.1200,0.0000,1,1.8906,0.7246,0.9991,0.4865,0.9228,174.0,35,1.4542,0.6087,0.2296,2.0247,1.5765,4.6244,0.2400,0,0,1,
85.753,73.300,pred,block2_B_pred,1,1.9152,0.4751,0.6134,0.0980,0.2780,0.1200,0.0385,1,1.8906,0.7246,0.9991,0.4865,0.9228,174.0,35,1.4542,0.6087,0.2296,2.0247,1.5765,4.6244,0.2400,0,0,1,
85.853,73.400,pred,block2_B_pred,1,1.9236,0.4810,0.6285,0.0820,0.0000,0.1200,0.0000,1,1.8340,0.6919,0.9644,0.4520,0.9021,174.8,35,1.4083,0.5750,0.2293,1.9601,1.5212,4.6244,0.2400,0,0,1,
85.954,73.501,pred,block2_B_pred,1,1.9328,0.4878,0.6404,0.1550,0.0920,0.1137,-0.0128,1,1.8340,0.6919,0.9644,0.4520,0.9021,174.8,35,1.4083,0.5750,0.2293,1.9601,1.5212,4.6244,0.2274,0,0,1,
86.053,73.600,pred,block2_B_pred,1,1.9406,0.4937,0.6560,0.0570,-0.0370,0.1200,0.0641,1,1.7822,0.6555,0.9305,0.4122,0.8858,175.7,35,1.3653,0.5369,0.2291,1.8989,1.4671,4.6244,0.2400,0,0,1,
86.156,73.703,pred,block2_B_pred,1,1.9478,0.4994,0.6760,0.0410,0.1300,0.1137,0.0641,1,1.7306,0.6145,0.9030,0.3600,0.8658,177.5,35,1.3254,0.4908,0.2289,1.8365,1.4134,4.6244,0.2274,0,0,1,
86.253,73.800,pred,block2_B_pred,1,1.9546,0.5049,0.6909,0.0600,0.3150,0.1137,0.0641,1,1.7306,0.6145,0.9030,0.3600,0.8658,177.5,35,1.3254,0.4908,0.2289,1.8365,1.4134,4.6244,0.2400,0,0,1,
86.353,73.900,pred,block2_B_pred,1,1.9614,0.5105,0.7001,0.0880,0.5200,0.1200,0.0000,1,1.6843,0.5720,0.8949,0.3095,0.8319,179.6,35,1.2977,0.4445,0.2285,1.7788,1.3717,4.6244,0.2400,0,0,1,
86.453,74.000,pred,block2_B_pred,1,1.9690,0.5169,0.7025,0.1640,-0.0370,0.1137,0.0000,1,1.6431,0.5308,0.8864,0.2697,0.8004,-178.9,35,1.2726,0.4038,0.2282,1.7267,1.3351,4.6244,0.2400,0,0,1,
86.553,74.100,pred,block2_B_pred,1,1.9763,0.5232,0.7103,0.1260,0.0740,0.1200,-0.0385,1,1.6047,0.4908,0.8724,0.2382,0.7747,-178.0,35,1.2463,0.3674,0.2280,1.6781,1.2994,4.6244,0.2274,0,0,1,
86.653,74.200,pred,block2_B_pred,1,1.9838,0.5297,0.7305,0.0850,0.2780,0.1200,-0.1985,1,1.6047,0.4908,0.8724,0.2382,0.7747,-178.0,35,1.2463,0.3674,0.2280,1.6781,1.2994,4.8064,0.2274,0,0,1,
86.753,74.300,pred,block2_B_pred,1,1.9934,0.5383,0.7388,0.1520,0.2600,0.1137,0.1215,1,1.5684,0.4522,0.8552,0.2159,0.7513,-177.8,35,1.2196,0.3362,0.2277,1.6323,1.2651,4.8064,0.2147,0,0,1,
86.855,74.402,pred,block2_B_pred,1,2.0032,0.5473,0.7417,0.1390,-0.1480,0.1074,0.2179,1,1.5684,0.4522,0.8552,0.2159,0.7513,-177.8,35,1.2196,0.3362,0.2277,1.6323,1.2651,4.8064,0.2047,0,0,1,
86.953,74.500,pred,block2_B_pred,1,2.0127,0.5561,0.7491,0.1260,0.0000,0.1200,0.2949,1,1.5308,0.4124,0.8367,0.1971,0.7268,-177.8,35,1.1914,0.3062,0.2274,1.5854,1.2301,4.8064,0.2400,0,0,1,
87.053,74.600,pred,block2_B_pred,1,2.0223,0.5651,0.7620,0.1550,0.0180,0.1137,0.2949,1,1.4946,0.3732,0.8128,0.1833,0.7077,-178.5,35,1.1613,0.2789,0.2273,1.5405,1.1944,4.8064,0.2400,0,0,1,
87.154,74.701,pred,block2_B_pred,1,2.0304,0.5730,0.7754,0.1230,-0.1670,0.1200,0.2179,1,1.4539,0.3334,0.7769,0.1704,0.6963,-179.4,35,1.1230,0.2520,0.2273,1.4916,1.1509,4.8064,0.2400,0,0,1,
87.253,74.800,pred,block2_B_pred,1,2.0380,0.5806,0.7895,0.0660,0.2040,0.1137,0.2179,1,1.4539,0.3334,0.7769,0.1704,0.6963,-179.4,35,1.1230,0.2520,0.2273,1.4916,1.1509,4.8064,0.2274,0,0,1,
87.353,74.900,pred,block2_B_pred,1,2.0450,0.5877,0.7980,0.1170,-0.2780,0.1074,0.1923,1,1.4171,0.2958,0.7399,0.1589,0.6909,179.6,35,1.0861,0.2267,0.2273,1.4476,1.1095,4.8064,0.2147,0,0,1,
87.453,75.000,pred,block2_B_pred,1,2.0513,0.5942,0.8066,0.0850,0.1670,0.1074,0.1923,1,1.3742,0.2579,0.7062,0.1423,0.6780,179.2,35,1.0476,0.1995,0.2272,1.3982,1.0665,4.8064,0.2142,0,0,1,
87.553,75.100,pred,block2_B_pred,1,2.0567,0.5999,0.8077,0.0660,0.3150,0.1011,0.1410,1,1.3742,0.2579,0.7062,0.1423,0.6780,179.2,35,1.0476,0.1995,0.2272,1.3982,1.0665,4.8064,0.1895,0,0,1,
87.654,75.201,pred,block2_B_pred,1,2.0631,0.6066,0.8103,0.0910,-0.4270,0.0947,0.1410,1,1.3358,0.2225,0.6837,0.1232,0.6597,179.2,35,1.0169,0.1724,0.2270,1.3542,1.0315,4.7030,0.1895,0,0,1,
87.753,75.300,pred,block2_B_pred,1,2.0694,0.6133,0.8191,0.0950,0.0370,0.0568,0.1923,1,1.3008,0.1901,0.8769,0.1255,0.4288,-179.7,35,1.0935,0.1575,0.2245,1.3146,1.1048,4.7030,0.1070,0,0,1,
87.853,75.400,pred,block2_B_pred,1,2.0765,0.6210,0.8370,0.1010,0.4080,0.0505,0.2179,1,1.3008,0.1901,0.8769,0.1255,0.4288,-179.7,35,1.0935,0.1575,0.2245,1.3146,1.1048,4.7030,0.1015,0,0,1,
87.953,75.500,pred,block2_B_pred,1,2.0825,0.6277,0.8578,0.0950,0.4830,0.0947,0.1154,1,1.2657,0.1606,0.9901,0.1187,0.2787,-178.6,35,1.1310,0.1395,0.2230,1.2758,1.1395,4.7030,0.1768,0,0,1,
88.053,75.600,pred,block2_B_pred,1,2.0876,0.6336,0.8626,0.0250,0.0740,0.0884,0.0897,1,1.2322,0.1346,1.0531,0.1073,0.1812,-177.6,35,1.1447,0.1208,0.2219,1.2396,1.1510,4.7030,0.2147,0,0,1,
88.153,75.701,pred,block2_B_pred,1,2.0934,0.6405,0.8763,0.0660,0.2040,0.1074,0.1410,1,1.2322,0.1346,1.0531,0.1073,0.1812,-177.6,35,1.1447,0.1208,0.2219,1.2396,1.1510,4.7030,0.2021,0,0,1,
88.253,75.800,pred,block2_B_pred,1,2.0964,0.6443,0.8930,0.0630,-0.1850,0.1074,0.1154,1,1.1957,0.1108,1.0793,0.0931,0.1178,-176.6,35,1.1388,0.1019,0.2212,1.2009,1.1434,4.7030,0.2400,0,0,0,
88.353,75.900,pred,block2_B_pred,1,2.1014,0.6505,0.9201,0.0880,0.5200,0.1200,0.1923,1,1.1606,0.0902,1.0849,0.0786,0.0765,-175.8,35,1.1236,0.0844,0.2208,1.1641,1.1268,4.7030,0.2400,0,0,0,
88.456,76.003,pred,block2_B_pred,1,2.1057,0.6561,0.9268,0.0470,0.1300,0.1200,0.0897,1,1.1606,0.0902,1.0849,0.0786,0.0765,-175.8,35,1.1236,0.0844,0.2208,1.1641,1.1268,4.7030,0.2400,0,0,0,
88.553,76.100,pred,block2_B_pred,1,2.1114,0.6640,0.9494,0.0720,0.1300,0.1137,0.1154,1,1.1284,0.0722,1.0793,0.0647,0.0498,-175.0,35,1.1044,0.0684,0.2205,1.1307,1.1065,4.7030,0.2274,0,0,0,
88.653,76.200,pred,block2_B_pred,1,2.1176,0.6728,0.9783,0.1070,0.5200,0.1137,0.1154,1,1.0946,0.0547,1.0626,0.0499,0.0323,-174.2,35,1.0790,0.0523,0.2203,1.0960,1.0802,4.6618,0.2274,0,0,0,
88.761,76.308,pred,block2_B_pred,1,2.1232,0.6813,1.0067,0.1070,0.5570,0.1011,0.1154,1,1.0946,0.0547,1.0626,0.0499,0.0323,-174.2,35,1.0790,0.0523,0.2203,1.0960,1.0802,4.6618,0.2021,0,0,0,
88.853,76.400,pred,block2_B_pred,1,2.1295,0.6915,1.0230,0.1740,0.0180,0.0947,0.1154,1,1.0612,0.0371,1.0404,0.0339,0.0210,-173.3,35,1.0510,0.0355,0.2202,1.0618,1.0516,4.6618,0.1895,0,0,0,
88.953,76.500,pred,block2_B_pred,1,2.1353,0.7012,1.0448,0.1040,-0.1300,0.0947,0.0385,1,1.0241,0.0159,1.0106,0.0138,0.0137,-172.2,35,1.0175,0.0148,0.2201,1.0243,1.0177,4.6618,0.1768,0,0,0,
89.054,76.601,pred,block2_B_pred,1,2.1409,0.7112,1.0716,0.1140,0.3710,0.0884,0.0000,1,0.9894,-0.0087,0.9806,-0.0100,0.0089,-170.8,35,0.9851,-0.0094,0.2201,0.9894,0.9852,4.6618,0.1768,0,0,0,
89.153,76.700,pred,block2_B_pred,1,2.1458,0.7203,1.0915,0.0690,0.3340,0.0505,0.0641,1,0.9894,-0.0087,0.9806,-0.0100,0.0089,-170.8,35,0.9851,-0.0094,0.2201,0.9894,0.9852,4.6618,0.1011,0,0,0,
89.253,76.800,pred,block2_B_pred,1,2.1498,0.7283,1.1060,0.0720,0.2410,0.0505,0.0641,1,0.9554,-0.0372,0.9497,-0.0381,0.0058,-169.1,35,0.9526,-0.0376,0.2201,0.9561,0.9533,4.6618,0.0884,0,0,0,
89.353,76.900,pred,block2_B_pred,1,2.1527,0.7341,1.1101,0.0250,-0.1110,0.0442,-0.0959,1,0.9214,-0.0690,0.9177,-0.0696,0.0038,-167.1,35,0.9196,-0.0693,0.2200,0.9239,0.9222,4.6618,0.0758,0,0,0,
89.454,77.001,pred,block2_B_pred,1,2.1554,0.7398,1.1383,0.1230,0.2780,0.0379,-0.1985,1,0.9214,-0.0690,0.9177,-0.0696,0.0038,-167.1,35,0.9196,-0.0693,0.2200,0.9239,0.9222,4.6618,0.0758,0,0,0,
89.553,77.100,pred,block2_B_pred,1,2.1579,0.7450,1.1409,0.0310,0.1850,0.0063,-0.1092,1,0.8858,-0.1031,0.8834,-0.1035,0.0024,-164.7,35,0.8846,-0.1033,0.2200,0.8918,0.8906,4.6618,0.0253,0,0,0,
89.667,77.214,pred,block2_B_pred,1,2.1580,0.7452,1.1424,0.0000,0.0000,0.0063,-0.0897,1,0.8455,-0.1384,0.6293,-0.1543,0.2167,-166.5,35,0.7398,-0.1472,0.2223,0.8567,0.7543,4.4176,0.0126,0,0,1,
89.753,77.300,pred,block2_B_pred,1,2.1602,0.7501,1.1468,0.1010,0.2220,0.0884,-0.0128,1,0.8455,-0.1384,0.6293,-0.1543,0.2167,-166.5,35,0.7398,-0.1472,0.2223,0.8567,0.7543,4.4176,0.1137,0,0,1,
89.853,77.400,pred,block2_B_pred,1,2.1604,0.7506,1.1487,0.0000,0.0000,0.0568,0.0897,1,0.8077,-0.1722,0.4572,-0.1901,0.3510,-165.0,35,0.6363,-0.1825,0.2238,0.8259,0.6620,4.4176,0.1137,0,0,1,
89.953,77.500,pred,block2_B_pred,1,2.1604,0.7506,1.1487,0.0000,0.0000,0.0316,-0.0703,1,0.7733,-0.2028,0.5455,-0.2144,0.2282,-162.4,35,0.6619,-0.2095,0.2224,0.7995,0.6943,4.4176,0.0632,0,0,1,
90.053,77.601,pred,block2_B_pred,1,2.1604,0.7506,1.1487,0.0000,0.0000,0.0316,-0.1667,1,0.7477,-0.2286,0.5996,-0.2362,0.1483,-160.1,35,0.6753,-0.2330,0.2216,0.7819,0.7144,4.4176,0.0632,0,0,0,
90.153,77.700,pred,block2_B_pred,1,2.1616,0.7533,1.1312,0.0250,-0.1480,0.1200,-0.0067,1,0.7477,-0.2286,0.5996,-0.2362,0.1483,-160.1,35,0.6753,-0.2330,0.2216,0.7819,0.7144,4.4176,0.2240,0,0,0,
90.253,77.800,pred,block2_B_pred,1,2.1625,0.7552,1.1246,0.1040,-0.3150,0.1074,0.2949,1,0.7285,-0.2505,0.6322,-0.2555,0.0964,-158.1,31,0.7285,-0.2505,0.2200,0.7704,0.7704,4.4176,0.2156,0,0,0,
90.353,77.900,pred,block2_B_pred,1,2.1650,0.7604,1.1138,0.0760,-0.4450,0.0821,0.1349,1,0.7145,-0.2663,0.6520,-0.2695,0.0627,-156.6,31,0.7145,-0.2663,0.2200,0.7625,0.7625,4.4176,0.1011,0,0,0,
90.453,78.000,pred,block2_B_pred,1,2.1676,0.7657,1.1116,0.0120,-0.0370,0.0505,0.1410,1,0.7003,-0.2754,0.6596,-0.2775,0.0407,-155.6,31,0.7003,-0.2754,0.2200,0.7525,0.7525,4.4176,0.1011,0,0,0,
90.553,78.100,pred,block2_B_pred,1,2.1711,0.7726,1.1005,0.0600,-0.0550,0.0505,0.1472,1,0.7003,-0.2754,0.6596,-0.2775,0.0407,-155.6,31,0.7003,-0.2754,0.2200,0.7525,0.7525,4.4176,0.0898,0,0,0,
90.653,78.200,pred,block2_B_pred,1,2.1743,0.7788,1.0923,0.0720,-0.2780,0.0821,0.0897,1,0.6875,-0.2792,0.6610,-0.2806,0.0265,-155.0,31,0.6875,-0.2792,0.2200,0.7420,0.7420,4.4176,0.0884,0,0,0,
90.753,78.300,pred,block2_B_pred,1,2.1778,0.7856,1.0842,0.0470,-0.2410,0.0442,0.1923,1,0.6753,-0.2788,0.6581,-0.2796,0.0172,-154.6,31,0.6753,-0.2788,0.2200,0.7306,0.7306,4.3493,0.0770,0,0,0,
90.853,78.400,pred,block2_B_pred,1,2.1809,0.7912,1.0807,0.0470,0.1300,0.0379,0.1410,1,0.6753,-0.2788,0.6581,-0.2796,0.0172,-154.6,31,0.6753,-0.2788,0.2200,0.7306,0.7306,4.3493,0.0758,0,0,0,
90.954,78.501,pred,block2_B_pred,1,2.1830,0.7953,1.0729,0.1040,0.2780,0.0379,0.1154,1,0.6753,-0.2788,0.6581,-0.2796,0.0172,-154.6,31,0.6753,-0.2788,0.2200,0.7306,0.7306,4.3493,0.0758,0,0,0,
91.053,78.600,pred,block2_B_pred,1,2.1841,0.7972,1.0851,0.0000,0.0000,0.0316,0.1154,1,0.6753,-0.2788,0.6581,-0.2796,0.0172,-154.6,31,0.6753,-0.2788,0.2200,0.7306,0.7306,4.3493,0.0632,0,0,0,
91.153,78.700,pred,block2_B_pred,1,2.1866,0.8018,1.0872,0.0820,0.4830,0.0379,-0.0446,1,0.6753,-0.2788,0.6581,-0.2796,0.0172,-154.6,31,0.6753,-0.2788,0.2200,0.7306,0.7306,4.3493,0.0632,0,0,0,
91.253,78.800,pred,block2_B_pred,1,2.1869,0.8025,1.0915,0.0000,0.0000,0.0316,-0.2179,1,0.6753,-0.2788,0.6581,-0.2796,0.0172,-154.6,31,0.6753,-0.2788,0.2200,0.7306,0.7306,4.3493,0.0632,0,0,0,
91.353,78.900,pred,block2_B_pred,1,2.1869,0.8025,1.0915,0.0000,0.0000,0.0316,-0.1667,1,0.6753,-0.2788,0.6581,-0.2796,0.0172,-154.6,31,0.6753,-0.2788,0.2200,0.7306,0.7306,4.3493,0.0632,0,0,0,
91.453,79.000,pred,block2_B_pred,1,2.1869,0.8025,1.0915,0.0000,0.0000,0.0316,-0.1667,1,0.6753,-0.2788,0.6581,-0.2796,0.0172,-154.6,31,0.6753,-0.2788,0.2200,0.7306,0.7306,4.3493,0.0632,0,0,0,
91.553,79.100,pred,block2_B_pred,1,2.1882,0.8049,1.0752,0.0030,-0.0180,0.0316,-0.1667,1,0.6753,-0.2788,0.6581,-0.2796,0.0172,-154.6,31,0.6753,-0.2788,0.2200,0.7306,0.7306,4.3493,0.0632,0,0,0,
91.653,79.200,pred,block2_B_pred,1,2.1882,0.8049,1.0752,0.0000,0.0000,0.0316,-0.1667,1,0.6753,-0.2788,0.6581,-0.2796,0.0172,-154.6,31,0.6753,-0.2788,0.2200,0.7306,0.7306,4.3493,0.0632,0,0,0,
91.753,79.300,pred,block2_B_pred,1,2.1882,0.8049,1.0752,0.0000,0.0000,0.0316,-0.1667,0,0.6753,-0.2788,0.6581,-0.2796,0.0172,-154.6,31,0.6753,-0.2788,0.2200,0.7306,0.7306,4.3493,0.0632,0,0,0,
91.857,79.405,pred,block2_B_pred,1,2.1882,0.8049,1.0752,0.0000,0.0000,0.0632,-0.0067,0,0.6753,-0.2788,0.6581,-0.2796,0.0172,-154.6,31,0.6753,-0.2788,0.2200,0.7306,0.7306,4.3493,0.1228,0,0,0,
91.953,79.500,pred,block2_B_pred,1,2.1902,0.8087,1.0823,0.0820,-0.4450,0.0568,0.3133,0,0.6753,-0.2788,0.6581,-0.2796,0.0172,-154.6,31,0.6753,-0.2788,0.2200,0.7306,0.7306,4.3493,0.1000,0,0,0,
92.053,79.600,pred,block2_B_pred,1,2.1918,0.8117,1.0819,0.0910,0.3900,0.0189,0.2887,0,0.6753,-0.2788,0.6581,-0.2796,0.0172,-154.6,31,0.6753,-0.2788,0.2200,0.7306,0.7306,4.3493,0.0505,0,0,0,
92.153,79.700,pred,block2_B_pred,1,2.1958,0.8192,1.0779,0.0980,-0.0180,0.0000,-0.0313,0,0.6753,-0.2788,0.6581,-0.2796,0.0172,-154.6,31,0.6753,-0.2788,0.2200,0.7306,0.7306,4.3493,0.0067,0,0,0,
92.253,79.800,pred,block2_B_pred,1,2.1991,0.8252,1.0719,0.0630,0.1480,0.0000,-0.1154,0,0.6753,-0.2788,0.6581,-0.2796,0.0172,-154.6,31,0.6753,-0.2788,0.2200,0.7306,0.7306,4.3493,0.0000,0,0,0,
92.353,79.900,pred,block2_B_pred,1,2.1992,0.8254,1.0727,0.0000,0.0000,0.0000,-0.0641,0,0.6753,-0.2788,0.6581,-0.2796,0.0172,-154.6,31,0.6753,-0.2788,0.2200,0.7306,0.7306,4.3493,0.0000,0,0,0,
92.453,80.000,pred,block2_B_pred,1,2.2000,0.8268,1.0597,0.0470,-0.2780,0.0000,-0.0641,0,0.6753,-0.2788,0.6581,-0.2796,0.0172,-154.6,31,0.6753,-0.2788,0.2200,0.7306,0.7306,4.3493,0.0000,0,0,0,
92.555,80.102,pred,block2_B_pred,1,2.2016,0.8296,1.0720,0.0090,0.0550,0.0000,-0.0641,0,0.6753,-0.2788,0.6581,-0.2796,0.0172,-154.6,31,0.6753,-0.2788,0.2200,0.7306,0.7306,4.3493,0.0257,0,0,0,
92.653,80.200,pred,block2_B_pred,1,2.2004,0.8276,1.0583,-0.0570,-0.3340,0.0947,0.2559,0,0.6753,-0.2788,0.6581,-0.2796,0.0172,-154.6,31,0.6753,-0.2788,0.2200,0.7306,0.7306,4.3493,0.2003,0,0,0,
92.763,80.310,pred,block2_B_pred,1,2.2003,0.8273,1.0564,0.0000,0.0000,0.1011,0.3205,0,0.6753,-0.2788,0.6581,-0.2796,0.0172,-154.6,31,0.6753,-0.2788,0.2200,0.7306,0.7306,4.3511,0.1820,0,0,0,
92.853,80.400,pred,block2_B_pred,1,2.2010,0.8286,1.0653,0.0820,0.4830,0.0000,0.1349,0,0.6753,-0.2788,0.6581,-0.2796,0.0172,-154.6,31,0.6753,-0.2788,0.2200,0.7306,0.7306,4.3511,0.0000,0,0,0,
92.953,80.500,pred,block2_B_pred,1,2.2017,0.8299,1.0742,0.0000,0.0000,0.0000,-0.1154,0,0.6753,-0.2788,0.6581,-0.2796,0.0172,-154.6,31,0.6753,-0.2788,0.2200,0.7306,0.7306,4.3511,0.0000,0,0,0,
93.053,80.600,pred,block2_B_pred,1,2.2017,0.8299,1.0742,0.0000,0.0000,0.0000,-0.1410,0,0.6753,-0.2788,0.6581,-0.2796,0.0172,-154.6,31,0.6753,-0.2788,0.2200,0.7306,0.7306,4.3511,0.0000,0,0,0,
93.153,80.700,pred,block2_B_pred,1,2.2017,0.8299,1.0742,0.0000,0.0000,0.0000,-0.1410,0,0.6753,-0.2788,0.6581,-0.2796,0.0172,-154.6,31,0.6753,-0.2788,0.2200,0.7306,0.7306,4.3511,0.0000,0,0,0,
93.255,80.802,pred,block2_B_pred,1,2.2017,0.8299,1.0742,0.0000,0.0000,0.0000,-0.1410,0,0.6753,-0.2788,0.6581,-0.2796,0.0172,-154.6,31,0.6753,-0.2788,0.2200,0.7306,0.7306,4.3511,0.0000,0,0,0,
93.353,80.901,pred,block2_B_pred,1,2.2017,0.8299,1.0742,0.0000,0.0000,0.0442,0.0190,0,0.6753,-0.2788,0.6581,-0.2796,0.0172,-154.6,31,0.6753,-0.2788,0.2200,0.7306,0.7306,4.3511,0.0870,0,0,0,
93.453,81.001,pred,block2_B_pred,1,2.2017,0.8299,1.0742,0.0000,0.0000,0.0442,0.3390,0,0.6753,-0.2788,0.6581,-0.2796,0.0172,-154.6,31,0.6753,-0.2788,0.2200,0.7306,0.7306,4.3511,0.0870,0,0,0,
93.553,81.100,pred,block2_B_pred,1,2.2017,0.8299,1.0742,0.0000,0.0000,0.0947,0.3390,0,0.6753,-0.2788,0.6581,-0.2796,0.0172,-154.6,31,0.6753,-0.2788,0.2200,0.7306,0.7306,4.3511,0.1822,0,0,0,
93.653,81.200,pred,block2_B_pred,1,2.2017,0.8299,1.0742,0.0000,0.0000,0.0947,0.2692,0,0.6753,-0.2788,0.6581,-0.2796,0.0172,-154.6,31,0.6753,-0.2788,0.2200,0.7306,0.7306,4.3511,0.1822,0,0,0,
93.753,81.300,pred,block2_B_pred,1,2.2017,0.8299,1.0742,0.0000,0.0000,0.0442,0.4292,0,0.6753,-0.2788,0.6581,-0.2796,0.0172,-154.6,31,0.6753,-0.2788,0.2200,0.7306,0.7306,4.3511,0.0870,0,0,0,
93.853,81.400,pred,block2_B_pred,1,2.2048,0.8357,1.0713,0.0250,-0.1480,0.0442,0.4231,0,0.6753,-0.2788,0.6581,-0.2796,0.0172,-154.6,31,0.6753,-0.2788,0.2200,0.7306,0.7306,4.3088,0.0253,0,0,0,
93.953,81.500,pred,block2_B_pred,1,2.2071,0.8400,1.0995,0.0220,0.1300,0.0063,0.4231,0,0.6753,-0.2788,0.6581,-0.2796,0.0172,-154.6,31,0.6753,-0.2788,0.2200,0.7306,0.7306,4.3088,0.0154,0,0,0,
94.055,81.602,pred,block2_B_pred,1,2.2122,0.8500,1.1295,0.1010,0.5940,0.1137,0.3462,0,0.6753,-0.2788,0.6581,-0.2796,0.0172,-154.6,31,0.6753,-0.2788,0.2200,0.7306,0.7306,4.3088,0.0042,0,0,0,
94.153,81.700,pred,block2_B_pred,1,2.2162,0.8588,1.1525,0.1040,0.5010,0.0000,0.4744,0,0.6753,-0.2788,0.6581,-0.2796,0.0172,-154.6,31,0.6753,-0.2788,0.2200,0.7306,0.7306,4.3088,0.2021,0,0,0,
94.253,81.800,pred,block2_B_pred,1,2.2187,0.8646,1.1895,0.0570,0.3340,0.1011,0.2692,0,0.6753,-0.2788,0.6581,-0.2796,0.0172,-154.6,31,0.6753,-0.2788,0.2200,0.7306,0.7306,4.3088,0.0159,0,0,0,
94.353,81.900,pred,block2_B_pred,1,2.2207,0.8699,1.2226,0.0530,0.3150,0.1011,0.2692,0,0.6753,-0.2788,0.6581,-0.2796,0.0172,-154.6,31,0.6753,-0.2788,0.2200,0.7306,0.7306,4.3088,0.2400,0,0,0,
94.453,82.000,pred,block2_B_pred,1,2.2216,0.8725,1.2730,0.0850,0.5750,0.0947,0.2179,0,0.6753,-0.2788,0.6581,-0.2796,0.0172,-154.6,31,0.6753,-0.2788,0.2200,0.7306,0.7306,4.3088,0.0755,0,0,0,
94.553,82.100,pred,block2_B_pred,1,2.2234,0.8785,1.3101,0.0880,0.5200,0.0000,0.3462,0,0.6753,-0.2788,0.6581,-0.2796,0.0172,-154.6,31,0.6753,-0.2788,0.2200,0.7306,0.7306,4.3088,0.0000,0,0,0,
94.653,82.200,pred,block2_B_pred,1,2.2249,0.8849,1.3488,0.0950,0.5570,0.0000,0.3205,0,0.6753,-0.2788,0.6581,-0.2796,0.0172,-154.6,31,0.6753,-0.2788,0.2200,0.7306,0.7306,4.3088,0.0009,0,0,0,
94.753,82.300,pred,block2_B_pred,1,2.2258,0.8890,1.3736,0.0220,0.1300,0.0000,0.3205,0,0.6753,-0.2788,0.6581,-0.2796,0.0172,-154.6,31,0.6753,-0.2788,0.2200,0.7306,0.7306,4.3088,0.0000,0,0,0,
94.853,82.400,pred,block2_B_pred,1,2.2265,0.8924,1.4149,-0.0600,0.5010,0.0000,0.2949,0,0.6753,-0.2788,0.6581,-0.2796,0.0172,-154.6,31,0.6753,-0.2788,0.2200,0.7306,0.7306,4.2424,0.1011,0,0,0,
94.955,82.502,pred,block2_B_pred,1,2.2272,0.8977,1.4594,0.0790,0.4640,0.0442,0.3205,0,0.6753,-0.2788,0.6581,-0.2796,0.0172,-154.6,31,0.6753,-0.2788,0.2200,0.7306,0.7306,4.2424,0.1011,0,0,0,
95.053,82.600,pred,block2_B_pred,1,2.2277,0.9020,1.4846,0.0030,0.0180,0.0316,0.3718,0,0.6753,-0.2788,0.6581,-0.2796,0.0172,-154.6,31,0.6753,-0.2788,0.2200,0.7306,0.7306,4.2424,0.0884,0,0,0,
95.153,82.700,pred,block2_B_pred,1,2.2278,0.9031,1.5106,-0.0760,0.4830,0.0126,0.3205,0,0.6753,-0.2788,0.6581,-0.2796,0.0172,-154.6,31,0.6753,-0.2788,0.2200,0.7306,0.7306,4.2424,0.0253,0,0,0,
95.253,82.800,pred,block2_B_pred,1,2.2279,0.9051,1.5365,0.0030,0.0180,0.0253,0.2692,0,0.6753,-0.2788,0.6581,-0.2796,0.0172,-154.6,31,0.6753,-0.2788,0.2200,0.7306,0.7306,4.2424,0.0126,0,0,0,
95.353,82.900,pred,block2_B_pred,1,2.2279,0.9080,1.5540,0.0000,0.0000,0.0253,0.2692,0,0.6753,-0.2788,0.6581,-0.2796,0.0172,-154.6,31,0.6753,-0.2788,0.2200,0.7306,0.7306,4.2424,0.0253,0,0,0,
95.453,83.000,pred,block2_B_pred,1,2.2279,0.9077,1.5885,0.0090,0.0550,0.0253,0.2692,0,0.6753,-0.2788,0.6581,-0.2796,0.0172,-154.6,31,0.6753,-0.2788,0.2200,0.7306,0.7306,4.2424,0.0126,0,0,0,
95.553,83.100,pred,block2_B_pred,1,2.2279,0.9098,1.6007,0.0820,0.4830,0.0253,0.2692,0,0.6753,-0.2788,0.6581,-0.2796,0.0172,-154.6,31,0.6753,-0.2788,0.2200,0.7306,0.7306,4.2424,0.0126,0,0,0,
95.653,83.200,pred,block2_B_pred,1,2.2279,0.9092,1.6275,0.0280,0.3530,0.0000,0.2436,0,0.6753,-0.2788,0.6581,-0.2796,0.0172,-154.6,31,0.6753,-0.2788,0.2200,0.7306,0.7306,4.2424,0.0492,0,0,0,
95.753,83.300,pred,block2_B_pred,1,2.2277,0.9117,1.6427,0.0000,0.0000,0.0253,0.1923,0,0.6753,-0.2788,0.6581,-0.2796,0.0172,-154.6,31,0.6753,-0.2788,0.2200,0.7306,0.7306,4.2424,0.0000,0,0,0,
95.853,83.400,pred,block2_B_pred,1,2.2276,0.9142,1.6572,0.0120,0.0740,0.0000,0.1667,0,0.6753,-0.2788,0.6581,-0.2796,0.0172,-154.6,31,0.6753,-0.2788,0.2200,0.7306,0.7306,4.2009,0.0000,0,0,0,
95.954,83.501,pred,block2_B_pred,1,2.2276,0.9130,1.6828,0.0790,0.4640,0.0000,0.1923,0,0.6753,-0.2788,0.6581,-0.2796,0.0172,-154.6,31,0.6753,-0.2788,0.2200,0.7306,0.7306,4.2009,0.0000,0,0,0,
96.053,83.600,pred,block2_B_pred,1,2.2276,0.9138,1.6876,0.0000,0.0000,0.0000,0.1410,0,0.6753,-0.2788,0.6581,-0.2796,0.0172,-154.6,31,0.6753,-0.2788,0.2200,0.7306,0.7306,4.2009,0.0000,0,0,0,
96.153,83.700,pred,block2_B_pred,1,2.2277,0.9133,1.7195,-0.0250,0.1480,0.0505,0.0897,0,0.6753,-0.2788,0.6581,-0.2796,0.0172,-154.6,31,0.6753,-0.2788,0.2200,0.7306,0.7306,4.2009,0.0505,0,0,0,
96.253,83.800,pred,block2_B_pred,1,2.2272,0.9162,1.7377,0.0410,0.2410,0.0253,0.1154,0,0.6753,-0.2788,0.6581,-0.2796,0.0172,-154.6,31,0.6753,-0.2788,0.2200,0.7306,0.7306,4.2009,0.1011,0,0,0,
96.353,83.900,pred,block2_B_pred,1,2.2272,0.9165,1.7392,0.0000,0.0000,0.0189,0.2179,0,0.6753,-0.2788,0.6581,-0.2796,0.0172,-154.6,31,0.6753,-0.2788,0.2200,0.7306,0.7306,4.2009,0.0379,0,0,0,
96.453,84.000,pred,block2_B_pred,1,2.2271,0.9165,1.7759,0.0000,0.0000,0.0253,0.1923,0,0.6753,-0.2788,0.6581,-0.2796,0.0172,-154.6,31,0.6753,-0.2788,0.2200,0.7306,0.7306,4.2009,0.0379,0,0,0,
96.553,84.100,pred,block2_B_pred,1,2.2271,0.9165,1.7759,0.0000,0.0000,0.1011,0.0323,0,0.6753,-0.2788,0.6581,-0.2796,0.0172,-154.6,31,0.6753,-0.2788,0.2200,0.7306,0.7306,4.2009,0.1936,0,0,0,
96.653,84.200,pred,block2_B_pred,1,2.2265,0.9193,1.7926,0.0000,0.0000,0.1200,-0.2877,0,0.6753,-0.2788,0.6581,-0.2796,0.0172,-154.6,31,0.6753,-0.2788,0.2200,0.7306,0.7306,4.2009,0.1935,0,0,0,
96.753,84.300,pred,block2_B_pred,1,2.2265,0.9193,1.7926,0.0000,0.0000,0.1011,-0.2949,0,0.6753,-0.2788,0.6581,-0.2796,0.0172,-154.6,31,0.6753,-0.2788,0.2200,0.7306,0.7306,4.2009,0.1935,0,0,0,
96.853,84.400,pred,block2_B_pred,1,2.2260,0.9215,1.8060,0.0000,0.0000,0.1011,-0.3205,0,0.6753,-0.2788,0.6581,-0.2796,0.0172,-154.6,31,0.6753,-0.2788,0.2200,0.7306,0.7306,4.2009,0.1843,0,0,0,
96.953,84.500,pred,block2_B_pred,1,2.2255,0.9237,1.8194,0.0120,0.0740,0.1011,-0.3205,0,0.6753,-0.2788,0.6581,-0.2796,0.0172,-154.6,31,0.6753,-0.2788,0.2200,0.7306,0.7306,4.1860,0.2316,0,0,0,
97.053,84.600,pred,block2_B_pred,1,2.2247,0.9266,1.8372,0.0030,0.0180,0.0947,-0.2436,0,0.6753,-0.2788,0.6581,-0.2796,0.0172,-154.6,31,0.6753,-0.2788,0.2200,0.7306,0.7306,4.1860,0.2310,0,0,0,
97.153,84.700,pred,block2_B_pred,1,2.2229,0.9334,1.8264,0.0760,-0.3710,0.1200,-0.3205,0,0.6753,-0.2788,0.6581,-0.2796,0.0172,-154.6,31,0.6753,-0.2788,0.2200,0.7306,0.7306,4.1860,0.2380,0,0,0,
97.253,84.800,pred,block2_B_pred,1,2.2197,0.9456,1.8197,0.1200,-0.1110,0.1137,-0.3718,0,0.6753,-0.2788,0.6581,-0.2796,0.0172,-154.6,31,0.6753,-0.2788,0.2200,0.7306,0.7306,4.1860,0.2416,0,0,0,
97.353,84.900,pred,block2_B_pred,1,2.2160,0.9613,1.7896,0.2120,-0.1670,0.1137,-0.3462,0,0.6753,-0.2788,0.6581,-0.2796,0.0172,-154.6,31,0.6753,-0.2788,0.2200,0.7306,0.7306,4.1860,0.2274,0,0,0,
97.461,85.008,pred,block2_B_pred,1,2.2125,0.9782,1.7569,0.1990,-0.1670,0.1200,-0.3718,0,0.6753,-0.2788,0.6581,-0.2796,0.0172,-154.6,31,0.6753,-0.2788,0.2200,0.7306,0.7306,4.1860,0.2400,0,0,0,
97.553,85.100,pred,block2_B_pred,1,2.2094,0.9957,1.7310,0.2090,-0.2600,0.1200,-0.3718,0,0.6753,-0.2788,0.6581,-0.2796,0.0172,-154.6,31,0.6753,-0.2788,0.2200,0.7306,0.7306,4.1860,0.2274,0,0,0,
97.653,85.200,pred,block2_B_pred,1,2.2072,1.0108,1.6917,0.1010,-0.4450,0.1137,-0.3718,0,0.6753,-0.2788,0.6581,-0.2796,0.0172,-154.6,31,0.6753,-0.2788,0.2200,0.7306,0.7306,4.1860,0.2294,0,0,0,
97.753,85.300,pred,block2_B_pred,1,2.2053,1.0279,1.6661,0.1610,-0.1300,0.1074,-0.3718,0,0.6753,-0.2788,0.6581,-0.2796,0.0172,-154.6,31,0.6753,-0.2788,0.2200,0.7306,0.7306,4.1860,0.2435,0,0,0,
97.853,85.400,pred,block2_B_pred,1,2.2044,1.0393,1.6330,0.1450,-0.2600,0.1137,-0.1667,0,0.6753,-0.2788,0.6581,-0.2796,0.0172,-154.6,31,0.6753,-0.2788,0.2200,0.7306,0.7306,4.1860,0.2274,0,0,0,
97.953,85.500,pred,block2_B_pred,1,2.2040,1.0479,1.5889,0.0690,-0.4080,0.1074,-0.1410,0,0.6753,-0.2788,0.6581,-0.2796,0.0172,-154.6,31,0.6753,-0.2788,0.2200,0.7306,0.7306,4.0191,0.2274,0,0,0,
98.053,85.600,pred,block2_B_pred,1,2.2038,1.0588,1.5682,0.0410,-0.2410,0.1137,-0.2179,0,0.6753,-0.2788,0.6581,-0.2796,0.0172,-154.6,31,0.6753,-0.2788,0.2200,0.7306,0.7306,4.0191,0.2147,0,0,0,
98.153,85.700,pred,block2_B_pred,1,2.2040,1.0666,1.5485,0.1070,0.1110,0.1137,-0.1410,0,0.6753,-0.2788,0.6581,-0.2796,0.0172,-154.6,31,0.6753,-0.2788,0.2200,0.7306,0.7306,4.0191,0.2147,0,0,0,
98.253,85.800,pred,block2_B_pred,1,2.2042,1.0736,1.5122,0.0280,-0.1670,0.1200,-0.1410,0,0.6753,-0.2788,0.6581,-0.2796,0.0172,-154.6,31,0.6753,-0.2788,0.2200,0.7306,0.7306,4.0191,0.2400,0,0,0,
98.353,85.900,pred,block2_B_pred,1,2.2049,1.0819,1.4824,0.1390,0.1110,0.1200,-0.2179,0,0.6753,-0.2788,0.6581,-0.2796,0.0172,-154.6,31,0.6753,-0.2788,0.2200,0.7306,0.7306,4.0191,0.2274,0,0,0,
98.453,86.000,pred,block2_B_pred,1,2.2054,1.0882,1.4595,0.0720,-0.4270,0.1137,-0.1667,0,0.6753,-0.2788,0.6581,-0.2796,0.0172,-154.6,31,0.6753,-0.2788,0.2200,0.7306,0.7306,4.0191,0.2237,0,0,0,
98.553,86.100,pred,block2_B_pred,1,2.2066,1.0972,1.4413,0.1010,-0.2600,0.1137,-0.1923,0,0.6753,-0.2788,0.6581,-0.2796,0.0172,-154.6,31,0.6753,-0.2788,0.2200,0.7306,0.7306,4.0191,0.2400,0,0,0,
98.653,86.200,pred,block2_B_pred,1,2.2078,1.1057,1.4112,0.1230,0.1670,0.1200,-0.1923,0,0.6753,-0.2788,0.6581,-0.2796,0.0172,-154.6,31,0.6753,-0.2788,0.2200,0.7306,0.7306,4.0191,0.2400,0,0,0,
98.753,86.300,pred,block2_B_pred,1,2.2093,1.1141,1.3737,0.0880,-0.5200,0.1011,-0.0323,0,0.6753,-0.2788,0.6581,-0.2796,0.0172,-154.6,31,0.6753,-0.2788,0.2200,0.7306,0.7306,4.0191,0.1011,0,0,0,
98.853,86.400,pred,block2_B_pred,1,2.2113,1.1238,1.3493,0.0720,-0.3900,0.0695,0.2436,0,0.6753,-0.2788,0.6581,-0.2796,0.0172,-154.6,31,0.6753,-0.2788,0.2200,0.7306,0.7306,4.0191,0.0884,0,0,0,
98.953,86.500,pred,block2_B_pred,1,2.2137,1.1339,1.3188,0.0910,-0.3900,0.1200,0.2949,0,0.6753,-0.2788,0.6581,-0.2796,0.0172,-154.6,31,0.6753,-0.2788,0.2200,0.7306,0.7306,3.9157,0.1768,0,0,0,
99.053,86.600,pred,block2_B_pred,1,2.2163,1.1434,1.2995,0.0630,-0.1850,0.0947,0.1667,0,0.6753,-0.2788,0.6581,-0.2796,0.0172,-154.6,31,0.6753,-0.2788,0.2200,0.7306,0.7306,3.9157,0.1895,0,0,0,
99.155,86.702,pred,block2_B_pred,1,2.2191,1.1529,1.2765,0.0630,-0.0370,0.0884,-0.0190,0,0.6753,-0.2788,0.6581,-0.2796,0.0172,-154.6,31,0.6753,-0.2788,0.2200,0.7306,0.7306,3.9157,0.1768,0,0,0,
99.253,86.800,pred,block2_B_pred,1,2.2222,1.1630,1.2731,0.1170,0.2780,0.1137,-0.3390,0,0.6753,-0.2788,0.6581,-0.2796,0.0172,-154.6,31,0.6753,-0.2788,0.2200,0.7306,0.7306,3.9157,0.2147,0,0,0,
99.353,86.900,pred,block2_B_pred,1,2.2246,1.1709,1.2683,0.1140,-0.2600,0.1137,-0.4744,0,0.6753,-0.2788,0.6581,-0.2796,0.0172,-154.6,31,0.6753,-0.2788,0.2200,0.7306,0.7306,3.9157,0.2234,0,0,0,
99.454,87.001,pred,block2_B_pred,1,2.2271,1.1791,1.2765,0.0340,-0.0550,0.0884,-0.5000,0,0.6753,-0.2788,0.6581,-0.2796,0.0172,-154.6,31,0.6753,-0.2788,0.2200,0.7306,0.7306,3.9157,0.2399,0,0,0,
99.553,87.100,pred,block2_B_pred,1,2.2297,1.1877,1.2750,0.1550,0.0180,0.1200,-0.4231,0,0.6753,-0.2788,0.6581,-0.2796,0.0172,-154.6,31,0.6753,-0.2788,0.2200,0.7306,0.7306,3.9157,0.2305,0,0,0,
99.653,87.200,pred,block2_B_pred,1,2.2319,1.1948,1.2742,0.1010,-0.3710,0.1074,-0.3205,1,0.9179,-0.6473,2.0310,-1.6402,1.4916,-6.5,35,1.4625,-1.1331,0.2637,1.1232,1.8501,3.9157,0.2108,0,0,0,
99.757,87.304,pred,block2_B_pred,1,2.2338,1.2010,1.2694,0.0280,-0.0550,0.1137,-0.3462,1,0.9554,-0.6804,2.1120,-1.6901,1.5354,-5.7,35,1.5209,-1.1749,0.2714,1.1729,1.9219,3.9157,0.2398,0,0,0,
99.855,87.402,pred,block2_B_pred,1,2.2373,1.2118,1.2546,0.1480,0.1300,0.1200,-0.2436,1,1.0134,-0.7284,2.2140,-1.7801,1.5960,-5.5,35,1.5209,-1.1749,0.2714,1.2481,1.9219,3.9157,0.2400,0,0,0,
99.966,87.513,pred,block2_B_pred,1,2.2411,1.2231,1.2331,0.1520,-0.2220,0.1200,-0.3205,1,1.0134,-0.7284,2.2140,-1.7801,1.5960,-5.5,35,1.6008,-1.2430,0.2822,1.2481,2.0268,3.8753,0.2287,0,0,0,
100.053,87.600,pred,block2_B_pred,1,2.2461,1.2367,1.2097,0.1670,0.0180,0.1074,-0.2118,1,1.0821,-0.7820,2.2993,-1.8607,1.6264,-5.7,35,1.6781,-1.3093,0.2875,1.3351,2.1285,3.8753,0.2400,0,0,0,
100.154,87.701,pred,block2_B_pred,1,2.2510,1.2491,1.1833,0.1330,-0.1850,0.1200,-0.1410,1,1.1710,-0.8386,2.4414,-1.8733,1.6385,-3.6,35,1.7915,-1.3465,0.2897,1.4403,2.2411,3.8753,0.2400,0,0,0,
100.253,87.800,pred,block2_B_pred,1,2.2558,1.2604,1.1455,0.1040,-0.4270,0.1200,-0.1154,1,1.1710,-0.8386,2.4414,-1.8733,1.6385,-3.6,35,1.7915,-1.3465,0.2897,1.4403,2.2411,3.8753,0.2400,0,0,0,
100.353,87.900,pred,block2_B_pred,1,2.2607,1.2710,1.1136,0.0880,-0.5200,0.1200,-0.2179,1,1.2692,-0.8859,2.5858,-1.8726,1.6453,-1.9,35,1.9115,-1.3716,0.2909,1.5478,2.3527,3.8753,0.2375,0,0,0,
100.453,88.000,pred,block2_B_pred,1,2.2654,1.2806,1.0925,0.0380,-0.2220,0.1200,-0.2692,1,1.3849,-0.9248,2.7506,-1.8403,1.6442,-0.1,35,2.0508,-1.3767,0.2908,1.6653,2.4700,3.8753,0.2274,0,0,0,
100.555,88.102,pred,block2_B_pred,1,2.2701,1.2895,1.0710,0.0530,-0.2410,0.1137,-0.1923,1,1.3849,-0.9248,2.7506,-1.8403,1.6442,-0.1,35,2.0508,-1.3767,0.2908,1.6653,2.4700,3.8753,0.2257,0,0,0,
100.653,88.200,pred,block2_B_pred,1,2.2747,1.2978,1.0472,0.0950,-0.5570,0.1200,-0.1154,1,1.4978,-0.9510,2.8779,-1.8124,1.6268,0.4,35,2.1711,-1.3758,0.2876,1.7742,2.5703,3.8753,0.2400,0,0,0,
100.753,88.300,pred,block2_B_pred,1,2.2793,1.3057,1.0232,0.0950,-0.4450,0.1137,-0.0641,1,1.6164,-0.9741,3.0228,-1.7995,1.6307,0.7,35,2.3030,-1.3807,0.2883,1.8872,2.6851,3.8753,0.2400,0,0,0,
100.853,88.401,pred,block2_B_pred,1,2.2837,1.3127,1.0057,0.0910,-0.3900,0.1200,-0.0641,1,1.7469,-0.9978,3.2285,-1.7751,1.6731,2.1,35,2.4699,-1.3821,0.2958,2.0118,2.8303,3.8753,0.2400,0,0,0,
100.953,88.500,pred,block2_B_pred,1,2.2888,1.3205,0.9856,0.0850,-0.3530,0.1137,-0.0385,1,1.7469,-0.9978,3.2285,-1.7751,1.6731,2.1,35,2.4699,-1.3821,0.2958,2.0118,2.8303,3.8753,0.2274,0,0,0,
101.053,88.600,pred,block2_B_pred,1,2.2943,1.3286,0.9589,0.1100,-0.1300,0.1200,-0.0897,1,1.8958,-1.0216,3.5204,-1.6975,1.7597,5.7,35,2.6879,-1.3604,0.3113,2.1535,3.0126,3.7693,0.2400,0,0,0,
101.153,88.700,pred,block2_B_pred,1,2.2992,1.3353,0.9388,0.0570,0.0370,0.1200,-0.0897,1,2.0737,-1.0406,3.8842,-1.5086,1.8700,12.2,35,2.9572,-1.2836,0.3311,2.3201,3.2237,3.7693,0.2400,0,0,0,
101.253,88.800,pred,block2_B_pred,1,2.3058,1.3441,0.9151,0.0850,-0.3150,0.1137,-0.0897,1,2.0737,-1.0406,3.8842,-1.5086,1.8700,12.2,35,2.9572,-1.2836,0.3311,2.3201,3.2237,3.7693,0.2274,0,0,0,
101.353,88.900,pred,block2_B_pred,1,2.3117,1.3516,0.8888,0.1100,-0.5010,0.1074,-0.0641,1,2.2974,-1.0516,4.4048,-1.2761,2.1193,18.5,35,3.3277,-1.1811,0.3752,2.5266,3.5311,3.7693,0.2400,0,0,0,
101.453,89.000,pred,block2_B_pred,1,2.3191,1.3606,0.8767,0.1390,0.1110,0.1200,-0.1154,1,2.4989,-1.0416,4.7222,-1.0542,2.2233,22.3,35,3.5871,-1.0668,0.3933,2.7073,3.7424,3.7693,0.2274,0,0,0,
101.553,89.100,pred,block2_B_pred,1,2.3268,1.3698,0.8644,0.0880,0.1480,0.1137,-0.1410,1,2.4989,-1.0416,4.7222,-1.0542,2.2233,22.3,35,3.5871,-1.0668,0.3933,2.7073,3.7424,3.7693,0.2147,0,0,0,
101.653,89.200,pred,block2_B_pred,1,2.3351,1.3793,0.8571,0.1640,0.0740,0.1074,-0.0897,1,2.6532,-1.0196,4.8734,-0.8116,2.2299,26.4,35,3.7418,-0.9384,0.3944,2.8424,3.8577,3.7693,0.2400,0,0,0,
101.755,89.302,pred,block2_B_pred,1,2.3434,1.3889,0.8455,0.1100,-0.2410,0.1200,-0.0641,1,2.7978,-0.9744,4.7924,-0.3233,2.0981,37.3,35,3.7870,-0.6829,0.3726,2.9626,3.8481,3.7693,0.2400,0,0,0,
101.854,89.402,pred,block2_B_pred,1,2.3523,1.3988,0.8404,0.1710,0.0370,0.1137,-0.0385,1,2.9249,-0.9148,4.4607,0.2052,1.9009,53.5,35,3.7870,-0.6829,0.3726,3.0646,3.8481,3.7693,0.2274,0,0,0,
101.953,89.500,pred,block2_B_pred,1,2.3587,1.4059,0.8248,0.0600,-0.2040,0.1074,-0.0385,1,2.9249,-0.9148,4.4607,0.2052,1.9009,53.5,35,3.7105,-0.3953,0.3403,3.0646,3.7315,3.7693,0.2400,0,0,0,
102.053,89.600,pred,block2_B_pred,1,2.3663,1.4142,0.8259,0.1070,-0.0740,0.1200,-0.1667,1,3.0329,-0.8472,4.0548,0.5888,1.7625,70.2,35,3.5805,-0.1657,0.3159,3.1490,3.5843,3.6042,0.2274,0,0,0,
102.159,89.707,pred,block2_B_pred,1,2.3730,1.4213,0.8066,0.1170,-0.3530,0.1200,-0.2179,1,3.1669,-0.7950,4.2197,-0.3757,1.1331,35.8,35,3.7695,-0.5375,0.2367,3.2652,3.8076,3.6042,0.2400,0,0,0,
102.253,89.800,pred,block2_B_pred,1,2.3805,1.4291,0.7973,0.1070,-0.4080,0.1200,-0.3718,1,3.1669,-0.7950,4.2197,-0.3757,1.1331,35.8,35,3.7695,-0.5375,0.2367,3.2652,3.8076,3.6042,0.2274,0,0,0,
102.354,89.901,pred,block2_B_pred,1,2.3873,1.4360,0.7940,0.1140,0.2600,0.1137,-0.2374,1,3.3083,-0.7784,4.4453,-1.0123,1.1608,1.6,35,3.9494,-0.8275,0.2340,3.3987,4.0352,3.6042,0.2400,0,0,0,
102.455,90.002,pred,block2_B_pred,1,2.3945,1.4433,0.7881,0.0600,-0.0180,0.1200,-0.1410,1,3.4463,-0.7962,4.6165,-1.3664,1.3017,-13.0,35,4.0836,-1.0218,0.2443,3.5371,4.2095,3.6042,0.2274,0,0,0,
102.553,90.100,pred,block2_B_pred,1,2.4020,1.4507,0.7847,0.1140,0.2970,0.1200,-0.2436,1,3.4463,-0.7962,4.6165,-1.3664,1.3017,-13.0,35,4.0836,-1.0218,0.2443,3.5371,4.2095,3.6042,0.2400,0,0,0,
102.663,90.211,pred,block2_B_pred,1,2.4097,1.4584,0.7784,0.1200,-0.2970,0.1200,-0.2436,1,3.5994,-0.8314,4.9139,-1.7065,1.5792,-20.6,35,4.2904,-1.2183,0.2861,3.6942,4.4600,3.6042,0.2400,0,0,0,
102.785,90.332,pred,block2_B_pred,1,2.4197,1.4682,0.7650,0.1290,-0.3530,0.1200,-0.2179,1,3.5994,-0.8314,4.9139,-1.7065,1.5792,-20.6,35,4.2904,-1.2183,0.2861,3.6942,4.4600,3.6042,0.2400,0,0,0,
102.853,90.400,pred,block2_B_pred,1,2.4286,1.4766,0.7553,0.1200,0.0370,0.1200,-0.2179,1,3.8291,-0.8850,5.5148,-1.8797,1.9573,-17.5,35,4.6837,-1.3474,0.3511,3.9301,4.8736,3.6042,0.2400,0,0,0,
102.954,90.502,pred,block2_B_pred,1,2.4395,1.4868,0.7453,0.1670,-0.0550,0.1137,-0.1923,1,3.9795,-0.8997,5.6831,-1.8237,1.9380,-15.7,35,4.8317,-1.3375,0.3462,4.0800,5.0134,3.6042,0.2173,0,0,0,
103.066,90.613,pred,block2_B_pred,1,2.4499,1.4963,0.7325,0.1900,-0.0740,0.1074,-0.1923,1,3.9795,-0.8997,5.6831,-1.8237,1.9380,-15.7,35,4.8317,-1.3375,0.3462,4.0800,5.0134,3.3192,0.2400,0,0,0,
103.153,90.700,pred,block2_B_pred,1,2.4592,1.5046,0.7173,0.0820,-0.3340,0.1137,-0.3779,1,4.0218,-0.8643,5.0331,-1.2381,1.0782,-8.2,35,4.6309,-1.0270,0.2334,4.1136,4.7434,3.3192,0.2150,0,0,0,
103.253,90.800,pred,block2_B_pred,1,2.4693,1.5133,0.7132,0.1330,0.2220,0.1074,-0.4487,1,3.9809,-0.7846,4.6382,-1.0276,0.7008,-9.1,31,3.9809,-0.7846,0.2200,4.0575,4.0575,3.3192,0.2021,0,0,0,
103.355,90.902,pred,block2_B_pred,1,2.4778,1.5206,0.6940,0.1010,-0.4830,0.1011,-0.4231,1,3.9809,-0.7846,4.6382,-1.0276,0.7008,-9.1,31,3.9809,-0.7846,0.2200,4.0575,4.0575,3.3192,0.2021,0,0,0,
103.453,91.000,pred,block2_B_pred,1,2.4859,1.5271,0.6679,0.0760,-0.4080,0.1200,-0.4231,1,3.9139,-0.6997,4.3412,-0.8576,0.4555,-10.2,31,3.9139,-0.6997,0.2200,3.9760,3.9760,3.3192,0.2399,0,0,0,
103.557,91.104,pred,block2_B_pred,1,2.4954,1.5345,0.6392,0.0880,-0.5200,0.1011,-0.2631,1,3.8489,-0.6043,4.1266,-0.7069,0.2961,-11.4,31,3.9139,-0.6997,0.2200,3.8960,3.9760,3.3192,0.2399,0,0,0,
103.653,91.200,pred,block2_B_pred,1,2.5051,1.5417,0.6033,0.1010,-0.5940,0.1200,-0.1923,1,3.8489,-0.6043,4.1266,-0.7069,0.2961,-11.4,31,3.8489,-0.6043,0.2200,3.8960,3.8960,3.3192,0.2274,0,0,0,
103.753,91.301,pred,block2_B_pred,1,2.5140,1.5475,0.5612,0.1480,0.0180,0.1200,-0.0641,1,3.7816,-0.4979,3.6961,-0.5238,0.0893,-155.6,35,3.7615,-0.5003,0.2204,3.8143,3.7947,3.3192,0.2400,0,0,0,
103.856,91.403,pred,block2_B_pred,1,2.5219,1.5522,0.5129,0.0850,-0.5010,0.1137,-0.0897,1,3.7007,-0.3798,3.2312,-0.3137,0.4741,177.8,35,3.4861,-0.3362,0.2247,3.7201,3.5023,3.3192,0.2147,0,0,1,
103.953,91.500,pred,block2_B_pred,1,2.5321,1.5577,0.4832,0.0910,-0.3530,0.1074,-0.0128,1,3.7007,-0.3798,3.2312,-0.3137,0.4741,177.8,35,3.4861,-0.3362,0.2247,3.7201,3.5023,3.3192,0.2021,0,0,1,
104.053,91.600,pred,block2_B_pred,1,2.5395,1.5614,0.4352,0.0820,-0.4830,0.1200,0.0897,1,3.5929,-0.2461,2.7289,-0.1731,0.8670,179.1,35,3.1805,-0.1969,0.2290,3.6013,3.1866,3.3192,0.2400,0,0,1,
104.153,91.700,pred,block2_B_pred,1,2.5486,1.5657,0.4097,0.0880,-0.5200,0.1200,0.0385,1,3.4736,-0.1074,2.2763,-0.0999,1.1973,-178.6,35,2.8942,-0.0871,0.2327,3.4752,2.8955,3.2089,0.2368,0,0,1,
104.253,91.800,pred,block2_B_pred,1,2.5544,1.5681,0.3726,0.0880,-0.5200,0.1137,0.1154,1,3.4736,-0.1074,2.2763,-0.0999,1.1973,-178.6,35,2.8942,-0.0871,0.2327,3.4752,2.8955,3.2089,0.2344,0,0,1,
104.353,91.900,pred,block2_B_pred,1,2.5618,1.5710,0.3682,0.0410,-0.2410,0.1137,0.0385,1,3.3444,0.0336,1.9209,-0.0169,1.4244,-178.5,35,2.6517,0.0245,0.2503,3.3445,2.6518,3.2089,0.2274,0,0,1,
104.453,92.000,pred,block2_B_pred,1,2.5683,1.5735,0.3597,0.0340,-0.0920,0.1137,0.1985,1,3.3444,0.0336,1.9209,-0.0169,1.4244,-178.5,35,2.6517,0.0245,0.2503,3.3445,2.6518,3.2089,0.2147,0,0,1,
104.553,92.100,pred,block2_B_pred,1,2.5766,1.5766,0.3527,0.1200,0.0000,0.1137,0.1985,1,3.2158,0.1737,1.6804,0.0556,1.5400,-178.7,35,2.4665,0.1300,0.2712,3.2205,2.4699,3.2089,0.2021,0,0,1,
104.653,92.201,pred,block2_B_pred,1,2.5883,1.5809,0.3582,0.1860,0.0550,0.1200,0.1862,1,3.2158,0.1737,1.6804,0.0556,1.5400,-178.7,35,2.4665,0.1300,0.2712,3.2205,2.4699,3.2089,0.2274,0,0,1,
104.753,92.300,pred,block2_B_pred,1,2.6017,1.5860,0.3693,0.1770,0.0370,0.1200,0.1154,1,3.0908,0.3085,1.5477,0.1900,1.5477,178.7,35,2.3370,0.2603,0.2729,3.1062,2.3515,3.2089,0.2400,0,0,1,
104.853,92.400,pred,block2_B_pred,1,2.6140,1.5909,0.3918,0.1290,0.1300,0.1137,0.1410,1,2.9851,0.4246,1.5178,0.2468,1.4780,178.8,35,2.2674,0.3468,0.2608,3.0151,2.2938,3.2089,0.2274,0,0,1,
104.953,92.500,pred,block2_B_pred,1,2.6267,1.5963,0.4226,0.1010,0.4080,0.1074,0.1410,1,2.9851,0.4246,1.5178,0.2468,1.4780,178.8,35,2.2674,0.3468,0.2608,3.0151,2.2938,3.2089,0.2021,0,0,1,
105.054,92.602,pred,block2_B_pred,1,2.6373,1.6012,0.4483,0.1230,0.3900,0.1074,-0.0703,1,2.9032,0.5130,1.5550,0.2692,1.3700,-179.8,35,2.2427,0.4030,0.2419,2.9481,2.2786,3.2089,0.2021,0,0,1,
105.153,92.700,pred,block2_B_pred,1,2.6479,1.6064,0.4675,0.1230,-0.2040,0.1200,-0.0385,1,2.8336,0.5645,1.6234,0.2644,1.2469,-177.3,35,2.2400,0.4260,0.2330,2.8893,2.2801,3.2283,0.2400,0,0,1,
105.253,92.800,pred,block2_B_pred,1,2.6568,1.6111,0.5017,0.1390,0.2600,0.1200,-0.0897,1,2.8336,0.5645,1.6234,0.2644,1.2469,-177.3,35,2.2400,0.4260,0.2330,2.8893,2.2801,3.2283,0.2274,0,0,1,
105.353,92.900,pred,block2_B_pred,1,2.6647,1.6154,0.5240,0.0910,0.5380,0.1074,-0.1667,1,2.7718,0.5794,1.6651,0.2813,1.1462,-176.7,35,2.2293,0.4388,0.2319,2.8317,2.2721,3.2283,0.2121,0,0,1,
105.453,93.000,pred,block2_B_pred,1,2.6705,1.6187,0.5265,0.0120,0.0740,0.1011,-0.1923,1,2.7148,0.5651,1.6669,0.2938,1.0825,-177.2,35,2.2018,0.4344,0.2313,2.7730,2.2443,3.2283,0.1991,0,0,1,
105.553,93.100,pred,block2_B_pred,1,2.6774,1.6228,0.5365,0.0250,0.1480,0.1074,-0.4036,1,2.7148,0.5651,1.6669,0.2938,1.0825,-177.2,35,2.2018,0.4344,0.2313,2.7730,2.2443,3.2283,0.2021,0,0,1,
105.653,93.200,pred,block2_B_pred,1,2.6839,1.6267,0.5414,0.0630,0.1850,0.1011,-0.2374,1,2.6596,0.5289,1.6459,0.2581,1.0492,-176.3,35,2.1635,0.3976,0.2309,2.7117,2.1997,3.2283,0.2400,0,0,1,
105.754,93.301,pred,block2_B_pred,1,2.6928,1.6321,0.5397,0.1140,-0.3340,0.1200,-0.3205,1,2.6009,0.4765,1.6030,0.2202,1.0303,-176.0,35,2.1127,0.3512,0.2307,2.6442,2.1417,3.2283,0.2273,0,0,1,
105.853,93.400,pred,block2_B_pred,1,2.7031,1.6381,0.5247,0.1480,0.0920,0.1137,-0.2179,1,2.6009,0.4765,1.6030,0.2202,1.0303,-176.0,35,2.1127,0.3512,0.2307,2.6442,2.1417,3.2283,0.2147,0,0,1,
105.953,93.500,pred,block2_B_pred,1,2.7153,1.6451,0.4917,0.1140,-0.5940,0.1074,-0.2179,1,2.5422,0.4190,1.5613,0.1943,1.0064,-176.5,35,2.0625,0.3080,0.2305,2.5766,2.0854,3.2283,0.2021,0,0,1,
106.053,93.600,pred,block2_B_pred,1,2.7284,1.6519,0.4672,0.1230,-0.1300,0.0947,-0.1923,1,2.4830,0.3687,1.5093,0.1732,0.9931,-177.1,35,2.0069,0.2713,0.2304,2.5102,2.0252,3.2283,0.2404,0,0,1,
106.153,93.700,pred,block2_B_pred,1,2.7394,1.6573,0.4364,0.0880,-0.4450,0.1200,-0.0897,1,2.4830,0.3687,1.5093,0.1732,0.9931,-177.1,35,2.0069,0.2713,0.2304,2.5102,2.0252,3.2283,0.2274,0,0,1,
106.253,93.800,pred,block2_B_pred,1,2.7502,1.6621,0.3967,0.1200,-0.5570,0.1137,-0.0385,1,2.4218,0.3340,1.4566,0.1359,0.9853,-176.3,35,1.9497,0.2364,0.2303,2.4448,1.9640,3.1502,0.2147,0,0,1,
106.353,93.900,pred,block2_B_pred,1,2.7586,1.6654,0.3697,0.0720,-0.1670,0.1074,-0.1667,1,2.3537,0.3202,1.4054,0.1079,0.9719,-175.1,35,1.8896,0.2166,0.2302,2.3754,1.9020,3.1502,0.2021,0,0,1,
106.454,94.001,pred,block2_B_pred,1,2.7676,1.6687,0.3438,0.0880,0.1480,0.1011,-0.1154,1,2.2843,0.3261,1.3623,0.0720,0.9564,-172.7,35,1.8896,0.2166,0.2302,2.3075,1.9020,3.1502,0.1895,0,0,1,
106.553,94.100,pred,block2_B_pred,1,2.7739,1.6709,0.3082,0.0440,-0.2600,0.1200,-0.0641,1,2.2843,0.3261,1.3623,0.0720,0.9564,-172.7,35,1.8324,0.2040,0.2299,2.3075,1.8437,3.1502,0.2400,0,0,1,
106.653,94.200,pred,block2_B_pred,1,2.7823,1.6736,0.2986,0.0760,-0.4080,0.1200,-0.0641,1,2.2150,0.3465,1.3322,0.0432,0.9335,-169.9,35,1.7814,0.2018,0.2296,2.2419,1.7928,3.1502,0.2400,0,0,1,
106.755,94.302,pred,block2_B_pred,1,2.7883,1.6753,0.2786,0.1170,0.1670,0.1137,-0.0641,1,2.2150,0.3465,1.3322,0.0432,0.9335,-169.9,35,1.7814,0.2018,0.2296,2.2419,1.7928,3.1502,0.2274,0,0,1,
106.853,94.400,pred,block2_B_pred,1,2.7941,1.6770,0.2615,0.0250,-0.1480,0.1137,-0.0385,1,2.1445,0.3752,1.3276,0.0259,0.8885,-166.8,35,1.7426,0.2086,0.2293,2.1771,1.7551,3.1502,0.2147,0,0,1,
106.953,94.500,pred,block2_B_pred,1,2.8023,1.6791,0.2453,0.0500,-0.2970,0.1074,-0.0385,1,2.0791,0.4087,1.3375,0.0285,0.8335,-164.0,35,1.7137,0.2271,0.2288,2.1189,1.7287,3.1502,0.2147,0,0,1,
107.053,94.601,pred,block2_B_pred,1,2.8112,1.6812,0.2220,0.1290,-0.1670,0.1074,-0.0128,1,2.0119,0.4413,1.3398,0.0469,0.7792,-162.0,35,1.6807,0.2521,0.2283,2.0597,1.6995,3.1502,0.2021,0,0,1,
107.153,94.700,pred,block2_B_pred,1,2.8193,1.6829,0.2023,0.0910,-0.1670,0.1011,-0.0128,1,2.0119,0.4413,1.3398,0.0469,0.7792,-162.0,35,1.6807,0.2521,0.2283,2.0597,1.6995,3.1502,0.2400,0,0,1,
107.253,94.800,pred,block2_B_pred,1,2.8286,1.6848,0.1858,0.0500,-0.2220,0.1200,-0.0128,1,1.9474,0.4726,1.3254,0.0854,0.7326,-161.7,35,1.6414,0.2858,0.2278,2.0039,1.6661,3.1316,0.2400,0,0,1,
107.353,94.900,pred,block2_B_pred,1,2.8421,1.6873,0.1832,0.1230,0.2780,0.1200,0.0385,1,1.8817,0.4982,1.2946,0.1250,0.6957,-162.4,35,1.5935,0.3172,0.2274,1.9466,1.6248,3.1316,0.2274,0,0,1,
107.453,95.000,pred,block2_B_pred,1,2.8549,1.6896,0.1754,0.1800,-0.0180,0.1074,0.0000,1,1.8817,0.4982,1.2946,0.1250,0.6957,-162.4,35,1.5935,0.3172,0.2274,1.9466,1.6248,3.1316,0.2147,0,0,1,
107.553,95.100,pred,block2_B_pred,1,2.8674,1.6918,0.1754,0.1710,0.0740,0.1011,0.0000,1,1.8158,0.5185,1.2457,0.1492,0.6793,-163.0,35,1.5362,0.3388,0.2273,1.8884,1.5731,3.1316,0.2400,0,0,1,
107.655,95.202,pred,block2_B_pred,1,2.8808,1.6941,0.1706,0.1520,0.1850,0.1200,-0.0128,1,1.7485,0.5317,1.1905,0.1562,0.6726,-163.0,35,1.4748,0.3489,0.2272,1.8275,1.5155,3.1316,0.2274,0,0,1,
107.753,95.300,pred,block2_B_pred,1,2.8924,1.6961,0.1732,0.0910,0.2040,0.1137,-0.0128,1,1.7485,0.5317,1.1905,0.1562,0.6726,-163.0,35,1.4748,0.3489,0.2272,1.8275,1.5155,3.1316,0.2147,0,0,1,
107.853,95.400,pred,block2_B_pred,1,2.9038,1.6981,0.1758,0.1140,0.0740,0.1074,-0.0128,1,1.6872,0.5421,1.1448,0.1634,0.6615,-162.9,35,1.4212,0.3577,0.2271,1.7721,1.4655,3.1316,0.2147,0,0,1,
107.953,95.500,pred,block2_B_pred,1,2.9145,1.6999,0.1703,0.1360,0.1670,0.1074,0.0385,1,1.6313,0.5521,1.2787,0.3059,0.4300,-163.8,35,1.4584,0.4322,0.2246,1.7222,1.5211,3.1316,0.2021,0,0,1,
108.053,95.600,pred,block2_B_pred,1,2.9236,1.7015,0.1713,0.0530,-0.2410,0.1011,0.0385,1,1.6313,0.5521,1.2787,0.3059,0.4300,-163.8,35,1.4584,0.4322,0.2246,1.7222,1.5211,3.1316,0.1895,0,0,1,
108.153,95.700,pred,block2_B_pred,1,2.9332,1.7031,0.1706,0.1230,0.1300,0.0947,0.0385,1,1.5828,0.5683,1.3536,0.4083,0.2795,-164.8,35,1.4704,0.4904,0.2230,1.6817,1.5500,3.1316,0.1895,0,0,1,
108.253,95.801,pred,block2_B_pred,1,2.9399,1.7043,0.1673,0.0090,-0.0180,0.0884,0.0385,1,1.5406,0.5950,1.3917,0.4910,0.1817,-166.2,31,1.5406,0.5950,0.2200,1.6515,1.6515,3.1316,0.1768,0,0,1,
108.355,95.902,pred,block2_B_pred,1,2.9489,1.7058,0.1688,0.1550,-0.0550,0.0821,-0.0128,1,1.5406,0.5950,1.3917,0.4910,0.1817,-166.2,31,1.5406,0.5950,0.2200,1.6515,1.6515,3.0510,0.2147,0,0,1,
108.453,96.000,pred,block2_B_pred,1,2.9558,1.7070,0.1639,0.0980,-0.4270,0.1074,-0.0128,1,1.5035,0.6377,1.4066,0.5701,0.1181,-168.1,31,1.5035,0.6377,0.2200,1.6331,1.6331,3.0510,0.2021,0,0,0,
108.553,96.100,pred,block2_B_pred,1,2.9636,1.7083,0.1714,0.1200,0.2970,0.1011,-0.0128,1,1.4711,0.6951,1.4081,0.6512,0.0768,-170.4,31,1.4711,0.6951,0.2200,1.6270,1.6270,3.0510,0.2400,0,0,0,
108.653,96.200,pred,block2_B_pred,1,2.9727,1.7100,0.1799,0.0570,0.0740,0.1200,-0.0128,1,1.4404,0.7665,1.3995,0.7379,0.0499,-173.1,31,1.4404,0.7665,0.2200,1.6316,1.6316,3.0510,0.2400,0,0,0,
108.753,96.300,pred,block2_B_pred,1,2.9780,1.7109,0.1781,0.0280,-0.0550,0.1200,-0.0128,1,1.4404,0.7665,1.3995,0.7379,0.0499,-173.1,31,1.4404,0.7665,0.2200,1.6316,1.6316,3.0510,0.2400,0,0,0,
108.853,96.400,pred,block2_B_pred,1,2.9872,1.7126,0.1818,0.0950,-0.2220,0.1137,-0.1154,1,1.4181,0.8483,1.5344,1.0090,0.1984,23.2,35,1.4680,0.9318,0.2221,1.6525,1.7387,3.0510,0.2274,0,0,0,
108.953,96.500,pred,block2_B_pred,1,2.9966,1.7144,0.1837,0.1480,0.1670,0.1137,-0.0579,1,1.4067,0.9386,1.6810,1.2693,0.4297,16.6,35,1.5321,1.1071,0.2244,1.6911,1.8902,3.0510,0.2147,0,0,0,
109.053,96.600,pred,block2_B_pred,1,3.0069,1.7163,0.1826,0.1580,-0.1110,0.1074,-0.0128,1,1.4067,0.9386,1.6810,1.2693,0.4297,16.6,35,1.5321,1.1071,0.2244,1.6911,1.8902,3.0510,0.2021,0,0,0,
109.153,96.700,pred,block2_B_pred,1,3.0186,1.7185,0.1900,0.1140,0.4080,0.1200,-0.0641,1,1.3982,1.0211,1.8171,1.4299,0.5853,8.2,35,1.5938,1.2296,0.2262,1.7314,2.0130,3.0510,0.2400,0,0,0,
109.253,96.800,pred,block2_B_pred,1,3.0307,1.7208,0.1875,0.1480,0.1300,0.1200,-0.0641,1,1.3732,1.0935,1.4315,1.3231,0.2369,37.2,35,1.4026,1.2659,0.2238,1.7554,1.8894,3.0510,0.2400,0,0,0,
109.353,96.900,pred,block2_B_pred,1,3.0419,1.7229,0.1893,0.1580,0.0000,0.1137,-0.0897,1,1.3732,1.0935,1.4315,1.3231,0.2369,37.2,35,1.4026,1.2659,0.2238,1.7554,1.8894,2.6596,0.2147,0,0,0,
109.453,97.000,pred,block2_B_pred,1,3.0532,1.7251,0.1980,0.1230,0.1300,0.1074,-0.0641,1,1.3230,1.1546,1.1337,1.2515,0.2127,111.8,35,1.2299,1.2668,0.2231,1.7560,1.7656,2.6596,0.2274,0,0,1,
109.553,97.100,pred,block2_B_pred,1,3.0649,1.7274,0.2080,0.0980,0.3530,0.1011,-0.0641,1,1.2530,1.1984,0.8952,1.3497,0.3886,113.4,35,1.0796,1.3192,0.2246,1.7338,1.7046,2.6596,0.2400,0,0,1,
109.657,97.204,pred,block2_B_pred,1,3.0758,1.7298,0.2158,0.0690,0.0740,0.1200,-0.0897,1,1.1725,1.2320,0.6941,1.4840,0.5407,105.8,35,0.9397,1.3859,0.2261,1.7008,1.6744,2.6596,0.2417,0,0,1,
109.754,97.301,pred,block2_B_pred,1,3.0879,1.7324,0.2192,0.0820,-0.0740,0.1137,-0.0897,1,1.1725,1.2320,0.6941,1.4840,0.5407,105.8,35,0.9397,1.3859,0.2261,1.7008,1.6744,2.6596,0.2274,0,0,1,
109.853,97.400,pred,block2_B_pred,1,3.1011,1.7354,0.2188,0.1330,-0.0740,0.1200,-0.0385,1,1.1725,1.2320,0.6941,1.4840,0.5407,105.8,35,0.9397,1.3859,0.2261,1.7008,1.6744,2.6596,0.2400,0,0,1,
109.953,97.500,pred,block2_B_pred,1,3.1116,1.7378,0.2240,0.1290,-0.0550,0.1011,-0.1985,1,1.1725,1.2320,0.6941,1.4840,0.5407,105.8,35,0.9397,1.3859,0.2261,1.7008,1.6744,2.6596,0.2021,0,0,1,
110.053,97.600,pred,block2_B_pred,1,3.1237,1.7405,0.2163,0.1710,0.0370,0.1200,-0.1410,1,1.1725,1.2320,0.6941,1.4840,0.5407,105.8,35,0.9397,1.3859,0.2261,1.7008,1.6744,2.6596,0.2400,0,0,1,
110.153,97.700,pred,block2_B_pred,1,3.1339,1.7427,0.2029,0.0950,-0.2220,0.1137,-0.1410,1,1.1725,1.2320,0.6941,1.4840,0.5407,105.8,35,0.9397,1.3859,0.2261,1.7008,1.6744,2.6596,0.2274,0,0,1,
110.253,97.800,pred,block2_B_pred,1,3.1450,1.7450,0.2024,0.1330,-0.1110,0.1137,-0.1410,1,1.1725,1.2320,0.6941,1.4840,0.5407,105.8,35,0.9397,1.3859,0.2261,1.7008,1.6744,2.6596,0.2147,0,0,1,
110.353,97.900,pred,block2_B_pred,1,3.1557,1.7471,0.1831,0.0690,-0.2220,0.1074,-0.1154,1,1.1725,1.2320,0.6941,1.4840,0.5407,105.8,35,0.9397,1.3859,0.2261,1.7008,1.6744,2.5596,0.2147,0,0,1,
110.453,98.000,pred,block2_B_pred,1,3.1699,1.7496,0.1779,0.1770,-0.0370,0.1200,0.0000,1,1.1725,1.2320,0.6941,1.4840,0.5407,105.8,35,0.9397,1.3859,0.2261,1.7008,1.6744,2.5596,0.2400,0,0,1,
110.553,98.100,pred,block2_B_pred,1,3.1809,1.7516,0.1623,0.1200,-0.4080,0.1200,-0.0128,1,1.1725,1.2320,0.6941,1.4840,0.5407,105.8,35,0.9397,1.3859,0.2261,1.7008,1.6744,2.5596,0.2274,0,0,1,
110.653,98.200,pred,block2_B_pred,1,3.1912,1.7532,0.1367,0.1010,-0.4450,0.1137,0.0000,0,1.1725,1.2320,0.6941,1.4840,0.5407,105.8,35,0.9397,1.3859,0.2261,1.7008,1.6744,2.5596,0.2274,0,0,1,
110.753,98.300,pred,block2_B_pred,1,3.2013,1.7545,0.1230,0.1360,0.1670,0.1074,-0.1154,0,1.1725,1.2320,0.6941,1.4840,0.5407,105.8,35,0.9397,1.3859,0.2261,1.7008,1.6744,2.5596,0.2021,0,0,1,
110.853,98.400,pred,block2_B_pred,1,3.2108,1.7556,0.1133,0.1200,-0.1110,0.1011,-0.1154,0,1.1725,1.2320,0.6941,1.4840,0.5407,105.8,35,0.9397,1.3859,0.2261,1.7008,1.6744,2.5596,0.2021,0,0,1,
110.953,98.500,pred,block2_B_pred,1,3.2189,1.7565,0.0988,0.0950,-0.4080,0.1011,0.0128,0,1.1725,1.2320,0.6941,1.4840,0.5407,105.8,35,0.9397,1.3859,0.2261,1.7008,1.6744,2.5596,0.2147,0,0,1,
111.053,98.600,pred,block2_B_pred,1,3.2268,1.7572,0.0888,0.0380,-0.1110,0.1011,0.0385,0,1.1725,1.2320,0.6941,1.4840,0.5407,105.8,35,0.9397,1.3859,0.2261,1.7008,1.6744,2.5596,0.2147,0,0,1,
111.153,98.700,pred,block2_B_pred,1,3.2351,1.7579,0.0772,0.0570,-0.2600,0.1200,0.1985,0,1.1725,1.2320,0.6941,1.4840,0.5407,105.8,35,0.9397,1.3859,0.2261,1.7008,1.6744,2.5596,0.2390,0,0,1,
111.253,98.800,pred,block2_B_pred,1,3.2438,1.7586,0.0675,0.0790,-0.4270,0.1137,0.1605,0,1.1725,1.2320,0.6941,1.4840,0.5407,105.8,35,0.9397,1.3859,0.2261,1.7008,1.6744,2.5596,0.2274,0,0,1,
111.353,98.900,pred,block2_B_pred,1,3.2510,1.7591,0.0606,0.0220,-0.1300,0.0884,-0.0641,0,1.1725,1.2320,0.6941,1.4840,0.5407,105.8,35,0.9397,1.3859,0.2261,1.7008,1.6744,2.5596,0.1768,0,0,1,
111.453,99.000,pred,block2_B_pred,1,3.2602,1.7596,0.0511,0.1230,0.0920,0.1137,-0.0641,0,1.1725,1.2320,0.6941,1.4840,0.5407,105.8,35,0.9397,1.3859,0.2261,1.7008,1.6744,2.4643,0.2021,0,0,1,
111.553,99.100,pred,block2_B_pred,1,3.2697,1.7600,0.0452,0.1710,0.0000,0.1137,0.1215,0,1.1725,1.2320,0.6941,1.4840,0.5407,105.8,35,0.9397,1.3859,0.2261,1.7008,1.6744,2.4643,0.2259,0,0,1,
111.657,99.205,pred,block2_B_pred,1,3.2785,1.7604,0.0452,0.0380,0.0370,0.1200,0.1215,0,1.1725,1.2320,0.6941,1.4840,0.5407,105.8,35,0.9397,1.3859,0.2261,1.7008,1.6744,2.4643,0.2147,0,0,1,
111.753,99.300,pred,block2_B_pred,1,3.2899,1.7609,0.0445,0.1100,0.3150,0.1137,0.1215,0,1.1725,1.2320,0.6941,1.4840,0.5407,105.8,35,0.9397,1.3859,0.2261,1.7008,1.6744,2.4643,0.2147,0,0,1,
111.853,99.400,pred,block2_B_pred,1,3.3015,1.7614,0.0493,0.1260,0.3340,0.1074,-0.0897,0,1.1725,1.2320,0.6941,1.4840,0.5407,105.8,35,0.9397,1.3859,0.2261,1.7008,1.6744,2.4643,0.2021,0,0,1,
111.953,99.500,pred,block2_B_pred,1,3.3142,1.7620,0.0497,0.1330,0.2970,0.1011,-0.0897,0,1.1725,1.2320,0.6941,1.4840,0.5407,105.8,35,0.9397,1.3859,0.2261,1.7008,1.6744,2.4643,0.2400,0,0,1,
112.062,99.609,pred,block2_B_pred,1,3.3275,1.7627,0.0616,0.0980,0.2040,0.1200,0.0959,0,1.1725,1.2320,0.6941,1.4840,0.5407,105.8,35,0.9397,1.3859,0.2261,1.7008,1.6744,2.4643,0.2417,0,0,1,
112.153,99.700,pred,block2_B_pred,1,3.3394,1.7635,0.0731,0.1200,-0.1110,0.1074,0.2692,0,1.1725,1.2320,0.6941,1.4840,0.5407,105.8,35,0.9397,1.3859,0.2261,1.7008,1.6744,2.4643,0.2400,0,0,1,
112.253,99.800,pred,block2_B_pred,1,3.3522,1.7645,0.0835,0.1670,-0.0180,0.1200,0.3205,0,1.1725,1.2320,0.6941,1.4840,0.5407,105.8,35,0.9397,1.3859,0.2261,1.7008,1.6744,2.4643,0.2274,0,0,1,
112.353,99.900,pred,block2_B_pred,1,3.3613,1.7653,0.0897,0.0570,0.1110,0.0758,0.1862,0,1.1725,1.2320,0.6941,1.4840,0.5407,105.8,35,0.9397,1.3859,0.2261,1.7008,1.6744,2.4643,0.1516,0,0,1,
112.453,100.000,pred,block2_B_pred,1,3.3734,1.7665,0.1031,0.1550,0.0920,0.0695,-0.0897,0,1.1725,1.2320,0.6941,1.4840,0.5407,105.8,35,0.9397,1.3859,0.2261,1.7008,1.6744,2.3294,0.2386,0,0,1,
112.553,100.100,pred,block2_B_pred,1,3.3837,1.7676,0.1231,0.1200,0.4450,0.1011,0.2303,0,1.1725,1.2320,0.6941,1.4840,0.5407,105.8,35,0.9397,1.3859,0.2261,1.7008,1.6744,2.3294,0.2400,0,0,1,
112.653,100.200,pred,block2_B_pred,1,3.3913,1.7686,0.1335,0.0690,0.4080,0.1200,0.3462,0,1.1725,1.2320,0.6941,1.4840,0.5407,105.8,35,0.9397,1.3859,0.2261,1.7008,1.6744,2.3294,0.2338,0,0,1,
112.753,100.300,pred,block2_B_pred,1,3.4006,1.7699,0.1577,0.0790,0.4640,0.1200,0.3718,0,1.1725,1.2320,0.6941,1.4840,0.5407,105.8,35,0.9397,1.3859,0.2261,1.7008,1.6744,2.3294,0.2338,0,0,1,
112.853,100.400,pred,block2_B_pred,1,3.4101,1.7714,0.1710,0.0910,0.5380,0.1137,0.3974,0,1.1725,1.2320,0.6941,1.4840,0.5407,105.8,35,0.9397,1.3859,0.2261,1.7008,1.6744,2.3294,0.2233,0,0,1,
112.953,100.500,pred,block2_B_pred,1,3.4197,1.7731,0.1969,0.0720,0.4270,0.0505,0.1605,0,1.1725,1.2320,0.6941,1.4840,0.5407,105.8,35,0.9397,1.3859,0.2261,1.7008,1.6744,2.3294,0.2379,0,0,1,
113.053,100.600,pred,block2_B_pred,1,3.4310,1.7755,0.2326,0.1070,0.5570,0.1200,0.3718,0,1.1725,1.2320,0.6941,1.4840,0.5407,105.8,35,0.9397,1.3859,0.2261,1.7008,1.6744,2.3294,0.2274,0,0,1,
113.153,100.700,pred,block2_B_pred,1,3.4415,1.7781,0.2656,0.0760,0.2600,0.1074,0.3205,0,1.1725,1.2320,0.6941,1.4840,0.5407,105.8,35,0.9397,1.3859,0.2261,1.7008,1.6744,2.3294,0.2028,0,0,1,
113.253,100.800,pred,block2_B_pred,1,3.4516,1.7812,0.3042,0.1260,-0.0740,0.1011,0.2949,0,1.1725,1.2320,0.6941,1.4840,0.5407,105.8,35,0.9397,1.3859,0.2261,1.7008,1.6744,2.3294,0.2400,0,0,1,
113.353,100.900,pred,block2_B_pred,1,3.4598,1.7839,0.3484,0.0950,0.5570,0.1200,0.2436,0,1.1725,1.2320,0.6941,1.4840,0.5407,105.8,35,0.9397,1.3859,0.2261,1.7008,1.6744,2.3294,0.2367,0,0,1,
113.455,101.002,pred,block2_B_pred,1,3.4692,1.7875,0.3785,0.0760,0.0000,0.1200,0.2436,0,1.1725,1.2320,0.6941,1.4840,0.5407,105.8,35,0.9397,1.3859,0.2261,1.7008,1.6744,2.2280,0.2400,0,0,1,
113.553,101.100,pred,block2_B_pred,1,3.4775,1.7909,0.4268,0.0660,0.3900,0.1137,0.2179,0,1.1725,1.2320,0.6941,1.4840,0.5407,105.8,35,0.9397,1.3859,0.2261,1.7008,1.6744,2.2280,0.2147,0,0,1,
113.653,101.200,pred,block2_B_pred,1,3.4863,1.7952,0.4635,0.1740,0.0920,0.1074,0.1923,0,1.1725,1.2320,0.6941,1.4840,0.5407,105.8,35,0.9397,1.3859,0.2261,1.7008,1.6744,2.2280,0.2147,0,0,1,
113.753,101.300,pred,block2_B_pred,1,3.4938,1.7991,0.4995,0.0980,0.5750,0.1011,0.1667,0,1.1725,1.2320,0.6941,1.4840,0.5407,105.8,35,0.9397,1.3859,0.2261,1.7008,1.6744,2.2280,0.2021,0,0,1,
113.853,101.400,pred,block2_B_pred,1,3.5018,1.8036,0.5228,0.0950,-0.0370,0.1011,0.1154,0,1.1725,1.2320,0.6941,1.4840,0.5407,105.8,35,0.9397,1.3859,0.2261,1.7008,1.6744,2.2280,0.2021,0,0,1,
113.953,101.500,pred,block2_B_pred,1,3.5075,1.8070,0.5599,0.0690,0.4080,0.0947,0.1154,0,1.1725,1.2320,0.6941,1.4840,0.5407,105.8,35,0.9397,1.3859,0.2261,1.7008,1.6744,2.2280,0.2382,0,0,1,
114.053,101.600,pred,block2_B_pred,1,3.5161,1.8126,0.5863,0.1170,0.2040,0.0947,0.1154,0,1.1725,1.2320,0.6941,1.4840,0.5407,105.8,35,0.9397,1.3859,0.2261,1.7008,1.6744,2.2280,0.2400,0,0,1,
114.153,101.700,pred,block2_B_pred,1,3.5212,1.8160,0.6196,0.0850,0.5010,0.1200,0.0897,0,1.1725,1.2320,0.6941,1.4840,0.5407,105.8,35,0.9397,1.3859,0.2261,1.7008,1.6744,2.2280,0.2400,0,0,1,
114.253,101.800,pred,block2_B_pred,1,3.5284,1.8213,0.6464,0.1170,0.3530,0.1200,0.0897,0,1.1725,1.2320,0.6941,1.4840,0.5407,105.8,35,0.9397,1.3859,0.2261,1.7008,1.6744,2.2280,0.2274,0,0,1,
114.353,101.900,pred,block2_B_pred,1,3.5351,1.8266,0.6750,0.1330,-0.1480,0.1137,0.0641,0,1.1725,1.2320,0.6941,1.4840,0.5407,105.8,35,0.9397,1.3859,0.2261,1.7008,1.6744,2.2280,0.2274,0,0,1,
114.453,102.000,pred,block2_B_pred,1,3.5424,1.8325,0.6854,0.1260,-0.0370,0.1137,0.0641,0,1.1725,1.2320,0.6941,1.4840,0.5407,105.8,35,0.9397,1.3859,0.2261,1.7008,1.6744,2.2280,0.2147,0,0,1,
114.553,102.100,pred,block2_B_pred,1,3.5509,1.8396,0.6991,0.1140,-0.0740,0.1074,-0.0128,0,1.1725,1.2320,0.6941,1.4840,0.5407,105.8,35,0.9397,1.3859,0.2261,1.7008,1.6744,2.1262,0.2147,0,0,1,
114.653,102.200,pred,block2_B_pred,1,3.5617,1.8487,0.7097,0.1070,0.4080,0.1011,0.0385,0,1.1725,1.2320,0.6941,1.4840,0.5407,105.8,35,0.9397,1.3859,0.2261,1.7008,1.6744,2.1262,0.1895,0,0,1,
114.755,102.302,pred,block2_B_pred,1,3.5721,1.8577,0.7153,0.1140,0.2220,0.0947,0.0385,0,1.1725,1.2320,0.6941,1.4840,0.5407,105.8,35,0.9397,1.3859,0.2261,1.7008,1.6744,2.1262,0.2400,0,0,1,
114.853,102.400,pred,block2_B_pred,1,3.5820,1.8662,0.7171,0.1480,-0.1300,0.1200,0.0385,0,1.1725,1.2320,0.6941,1.4840,0.5407,105.8,35,0.9397,1.3859,0.2261,1.7008,1.6744,2.1262,0.2400,0,0,1,
114.953,102.500,pred,block2_B_pred,1,3.5904,1.8736,0.7204,0.0570,0.1110,0.1137,0.0385,0,1.1725,1.2320,0.6941,1.4840,0.5407,105.8,35,0.9397,1.3859,0.2261,1.7008,1.6744,2.1262,0.2274,0,0,1,
115.053,102.600,pred,block2_B_pred,1,3.5994,1.8815,0.7270,0.0850,0.0920,0.1074,0.0128,0,1.1725,1.2320,0.6941,1.4840,0.5407,105.8,35,0.9397,1.3859,0.2261,1.7008,1.6744,2.1262,0.2147,0,0,1,
115.153,102.700,pred,block2_B_pred,1,3.6060,1.8874,0.7352,0.1040,0.3900,0.1074,0.0385,0,1.1725,1.2320,0.6941,1.4840,0.5407,105.8,35,0.9397,1.3859,0.2261,1.7008,1.6744,2.1262,0.2021,0,0,1,
115.253,102.800,pred,block2_B_pred,1,3.6135,1.8942,0.7334,0.0630,-0.2220,0.1011,0.0385,0,1.1725,1.2320,0.6941,1.4840,0.5407,105.8,35,0.9397,1.3859,0.2261,1.7008,1.6744,2.1262,0.1895,0,0,1,
115.353,102.900,pred,block2_B_pred,1,3.6198,1.9000,0.7383,0.0570,0.2970,0.0947,0.0128,0,1.1725,1.2320,0.6941,1.4840,0.5407,105.8,35,0.9397,1.3859,0.2261,1.7008,1.6744,2.1262,0.2400,0,0,1,
115.453,103.000,pred,block2_B_pred,1,3.6260,1.9056,0.7375,0.1010,-0.3710,0.1200,0.0128,0,1.1725,1.2320,0.6941,1.4840,0.5407,105.8,35,0.9397,1.3859,0.2261,1.7008,1.6744,2.1262,0.2400,0,0,1,
115.553,103.100,pred,block2_B_pred,1,3.6311,1.9102,0.7345,0.0440,-0.1850,0.0632,0.0703,0,1.1725,1.2320,0.6941,1.4840,0.5407,105.8,35,0.9397,1.3859,0.2261,1.7008,1.6744,2.0160,0.1263,0,0,1,
115.653,103.200,pred,block2_B_pred,1,3.6397,1.9181,0.7412,0.1520,-0.1110,0.0758,0.1154,0,1.1725,1.2320,0.6941,1.4840,0.5407,105.8,35,0.9397,1.3859,0.2261,1.7008,1.6744,2.0160,0.2274,0,0,1,
115.753,103.300,pred,block2_B_pred,1,3.6461,1.9240,0.7365,0.0220,-0.0550,0.0189,0.1410,0,1.1725,1.2320,0.6941,1.4840,0.5407,105.8,35,0.9397,1.3859,0.2261,1.7008,1.6744,2.0160,0.0394,0,0,1,
115.853,103.400,pred,block2_B_pred,1,3.6550,1.9320,0.7277,0.1290,-0.0920,0.0189,0.1667,0,1.1725,1.2320,0.6941,1.4840,0.5407,105.8,35,0.9397,1.3859,0.2261,1.7008,1.6744,2.0160,0.0354,0,0,1,
115.953,103.500,pred,block2_B_pred,1,3.6600,1.9364,0.7262,0.0280,0.0550,0.0505,0.1410,0,1.1725,1.2320,0.6941,1.4840,0.5407,105.8,35,0.9397,1.3859,0.2261,1.7008,1.6744,2.0160,0.0884,0,0,1,
116.053,103.600,pred,block2_B_pred,1,3.6654,1.9411,0.7262,0.0060,0.0000,0.0505,0.2179,0,1.1725,1.2320,0.6941,1.4840,0.5407,105.8,35,0.9397,1.3859,0.2261,1.7008,1.6744,2.0160,0.0884,0,0,1,
116.153,103.700,pred,block2_B_pred,1,3.6696,1.9449,0.7227,0.0000,0.0000,0.1074,-0.0190,0,1.1725,1.2320,0.6941,1.4840,0.5407,105.8,35,0.9397,1.3859,0.2261,1.7008,1.6744,2.0160,0.2055,0,0,1,
116.256,103.803,pred,block2_B_pred,1,3.6736,1.9483,0.7152,0.1010,0.1850,0.1137,-0.3205,0,1.1725,1.2320,0.6941,1.4840,0.5407,105.8,35,0.9397,1.3859,0.2261,1.7008,1.6744,2.0160,0.2147,0,0,1,
116.353,103.900,pred,block2_B_pred,1,3.6744,1.9490,0.7193,0.0000,0.0000,0.1074,-0.4487,0,1.1725,1.2320,0.6941,1.4840,0.5407,105.8,35,0.9397,1.3859,0.2261,1.7008,1.6744,2.0160,0.2042,0,0,1,
116.453,104.000,pred,block2_B_pred,1,3.6744,1.9490,0.7193,0.0000,0.0000,0.1074,-0.3205,0,1.1725,1.2320,0.6941,1.4840,0.5407,105.8,35,0.9397,1.3859,0.2261,1.7008,1.6744,2.0160,0.2042,0,0,1,
116.553,104.100,pred,block2_B_pred,1,3.6787,1.9527,0.7170,0.0280,-0.0180,0.1011,-0.2949,0,1.1725,1.2320,0.6941,1.4840,0.5407,105.8,35,0.9397,1.3859,0.2261,1.7008,1.6744,1.9707,0.2133,0,0,1,
116.653,104.200,pred,block2_B_pred,1,3.6856,1.9587,0.7052,0.0570,-0.1110,0.1200,-0.4231,0,1.1725,1.2320,0.6941,1.4840,0.5407,105.8,35,0.9397,1.3859,0.2261,1.7008,1.6744,1.9707,0.2400,0,0,1,
116.753,104.300,pred,block2_B_pred,1,3.6942,1.9658,0.6721,0.0980,-0.3530,0.1200,-0.3400,0,1.1725,1.2320,0.6941,1.4840,0.5407,105.8,35,0.9397,1.3859,0.2261,1.7008,1.6744,1.9707,0.2400,0,0,1,
116.853,104.400,pred,block2_B_pred,1,3.7050,1.9742,0.6491,0.0950,-0.4080,0.1200,-0.2436,0,1.1725,1.2320,0.6941,1.4840,0.5407,105.8,35,0.9397,1.3859,0.2261,1.7008,1.6744,1.9707,0.2274,0,0,1,
116.953,104.501,pred,block2_B_pred,1,3.7180,1.9838,0.6209,0.1550,-0.3900,0.1137,-0.2179,0,1.1725,1.2320,0.6941,1.4840,0.5407,105.8,35,0.9397,1.3859,0.2261,1.7008,1.6744,1.9707,0.2166,0,0,1,
117.053,104.600,pred,block2_B_pred,1,3.7316,1.9935,0.6054,0.1740,-0.0180,0.1011,-0.1923,0,1.1725,1.2320,0.6941,1.4840,0.5407,105.8,35,0.9397,1.3859,0.2261,1.7008,1.6744,1.9707,0.2404,0,0,1,
117.153,104.700,pred,block2_B_pred,1,3.7440,2.0018,0.5872,0.1550,0.0550,0.1200,-0.2179,0,1.1725,1.2320,0.6941,1.4840,0.5407,105.8,35,0.9397,1.3859,0.2261,1.7008,1.6744,1.9707,0.2400,0,0,1,
117.254,104.802,pred,block2_B_pred,1,3.7557,2.0095,0.5664,0.1480,0.0180,0.1137,-0.2179,0,1.1725,1.2320,0.6941,1.4840,0.5407,105.8,35,0.9397,1.3859,0.2261,1.7008,1.6744,1.9707,0.2147,0,0,1,
117.353,104.900,pred,block2_B_pred,1,3.7642,2.0147,0.5404,0.0630,0.0000,0.1074,-0.2179,0,1.1725,1.2320,0.6941,1.4840,0.5407,105.8,35,0.9397,1.3859,0.2261,1.7008,1.6744,1.9707,0.2034,0,0,1,
117.453,105.000,pred,block2_B_pred,1,3.7728,2.0197,0.5252,0.0440,-0.0370,0.1011,-0.1667,0,1.1725,1.2320,0.6941,1.4840,0.5407,105.8,35,0.9397,1.3859,0.2261,1.7008,1.6744,1.9707,0.2021,0,0,1,
117.553,105.100,pred,block2_B_pred,1,3.7785,2.0229,0.5089,0.1010,0.3340,0.1200,-0.1667,0,1.1725,1.2320,0.6941,1.4840,0.5407,105.8,35,0.9397,1.3859,0.2261,1.7008,1.6744,1.9707,0.2400,0,0,1,
117.653,105.200,pred,block2_B_pred,1,3.7845,2.0262,0.4826,0.0500,-0.2970,0.1200,-0.2179,0,1.1725,1.2320,0.6941,1.4840,0.5407,105.8,35,0.9397,1.3859,0.2261,1.7008,1.6744,1.8250,0.2400,0,0,1,
117.753,105.300,pred,block2_B_pred,1,3.7916,2.0299,0.4648,0.0880,-0.5200,0.1200,-0.2179,0,1.1725,1.2320,0.6941,1.4840,0.5407,105.8,35,0.9397,1.3859,0.2261,1.7008,1.6744,1.8250,0.2265,0,0,1,
117.853,105.400,pred,block2_B_pred,1,3.7997,2.0339,0.4453,0.0910,-0.5010,0.1137,-0.1923,0,1.1725,1.2320,0.6941,1.4840,0.5407,105.8,35,0.9397,1.3859,0.2261,1.7008,1.6744,1.8250,0.2118,0,0,1,
117.953,105.500,pred,block2_B_pred,1,3.8090,2.0382,0.4140,0.0980,-0.3900,0.1074,-0.1667,0,1.1725,1.2320,0.6941,1.4840,0.5407,105.8,35,0.9397,1.3859,0.2261,1.7008,1.6744,1.8250,0.2021,0,0,1,
118.053,105.600,pred,block2_B_pred,1,3.8188,2.0424,0.3940,0.1100,-0.3900,0.1011,-0.1667,0,1.1725,1.2320,0.6941,1.4840,0.5407,105.8,35,0.9397,1.3859,0.2261,1.7008,1.6744,1.8250,0.2021,0,0,1,
118.155,105.702,pred,block2_B_pred,1,3.8285,2.0463,0.3662,0.0880,-0.4450,0.1200,-0.1154,0,1.1725,1.2320,0.6941,1.4840,0.5407,105.8,35,0.9397,1.3859,0.2261,1.7008,1.6744,1.8250,0.2400,0,0,1,
118.253,105.800,pred,block2_B_pred,1,3.8393,2.0503,0.3404,0.0690,-0.3710,0.1137,-0.0897,0,1.1725,1.2320,0.6941,1.4840,0.5407,105.8,35,0.9397,1.3859,0.2261,1.7008,1.6744,1.8250,0.2274,0,0,1,
118.353,105.900,pred,block2_B_pred,1,3.8486,2.0535,0.3094,0.0820,-0.4830,0.1137,-0.1154,0,1.1725,1.2320,0.6941,1.4840,0.5407,105.8,35,0.9397,1.3859,0.2261,1.7008,1.6744,1.8250,0.2147,0,0,1,
118.454,106.001,pred,block2_B_pred,1,3.8573,2.0562,0.2849,0.0470,-0.2780,0.1074,-0.1667,0,1.1725,1.2320,0.6941,1.4840,0.5407,105.8,35,0.9397,1.3859,0.2261,1.7008,1.6744,1.8250,0.2021,0,0,1,
118.553,106.100,pred,block2_B_pred,1,3.8666,2.0589,0.2604,0.0280,-0.1670,0.1011,-0.0897,0,1.1725,1.2320,0.6941,1.4840,0.5407,105.8,35,0.9397,1.3859,0.2261,1.7008,1.6744,1.8250,0.2400,0,0,1,
118.653,106.200,pred,block2_B_pred,1,3.8769,2.0616,0.2413,0.0790,-0.4640,0.1200,-0.1154,0,1.1725,1.2320,0.6941,1.4840,0.5407,105.8,35,0.9397,1.3859,0.2261,1.7008,1.6744,1.7642,0.2392,0,0,1,
118.753,106.300,pred,block2_B_pred,1,3.8857,2.0638,0.2227,0.0220,-0.1300,0.1200,0.1667,0,1.1725,1.2320,0.6941,1.4840,0.5407,105.8,35,0.9397,1.3859,0.2261,1.7008,1.6744,1.7642,0.2270,0,0,1,
118.853,106.400,pred,block2_B_pred,1,3.8946,2.0657,0.2060,0.0310,-0.1110,0.1137,0.4487,0,1.1725,1.2320,0.6941,1.4840,0.5407,105.8,35,0.9397,1.3859,0.2261,1.7008,1.6744,1.7642,0.2274,0,0,1,
118.953,106.500,pred,block2_B_pred,1,3.9024,2.0673,0.1882,0.0570,-0.1850,0.1074,0.2692,0,1.1725,1.2320,0.6941,1.4840,0.5407,105.8,35,0.9397,1.3859,0.2261,1.7008,1.6744,1.7642,0.2400,0,0,1,
119.053,106.600,pred,block2_B_pred,1,3.9125,2.0691,0.1826,0.1100,0.3530,0.1137,0.2179,0,1.1725,1.2320,0.6941,1.4840,0.5407,105.8,35,0.9397,1.3859,0.2261,1.7008,1.6744,1.7642,0.2256,0,0,1,
119.153,106.700,pred,block2_B_pred,1,3.9257,2.0715,0.1782,0.1860,0.0180,0.1200,0.2949,0,1.1725,1.2320,0.6941,1.4840,0.5407,105.8,35,0.9397,1.3859,0.2261,1.7008,1.6744,1.7642,0.2400,0,0,1,
119.253,106.800,pred,block2_B_pred,1,3.9392,2.0740,0.1821,0.1670,0.0550,0.1200,0.3974,0,1.1725,1.2320,0.6941,1.4840,0.5407,105.8,35,0.9397,1.3859,0.2261,1.7008,1.6744,1.7642,0.2400,0,0,1,
119.353,106.900,pred,block2_B_pred,1,3.9537,2.0768,0.2124,0.1390,0.5940,0.1200,0.2179,0,1.1725,1.2320,0.6941,1.4840,0.5407,105.8,35,0.9397,1.3859,0.2261,1.7008,1.6744,1.7642,0.2274,0,0,1,
119.453,107.000,pred,block2_B_pred,1,3.9696,2.0804,0.2444,0.1800,0.3530,0.1200,0.1923,0,1.1725,1.2320,0.6941,1.4840,0.5407,105.8,35,0.9397,1.3859,0.2261,1.7008,1.6744,1.7642,0.2400,0,0,1,
119.553,107.100,pred,block2_B_pred,1,3.9823,2.0837,0.2718,0.1260,0.3710,0.1137,0.1667,0,1.1725,1.2320,0.6941,1.4840,0.5407,105.8,35,0.9397,1.3859,0.2261,1.7008,1.6744,1.7642,0.2400,0,0,1,
119.653,107.200,pred,block2_B_pred,1,3.9938,2.0872,0.3072,0.1930,0.1670,0.1200,0.1154,0,1.1725,1.2320,0.6941,1.4840,0.5407,105.8,35,0.9397,1.3859,0.2261,1.7008,1.6744,1.6139,0.2400,0,0,1,
119.753,107.300,pred,block2_B_pred,1,4.0020,2.0899,0.3506,0.0850,0.5010,0.1137,0.1154,0,1.1725,1.2320,0.6941,1.4840,0.5407,105.8,35,0.9397,1.3859,0.2261,1.7008,1.6744,1.6139,0.2400,0,0,1,
119.853,107.401,pred,block2_B_pred,1,4.0121,2.0937,0.3821,0.0690,0.4080,0.1200,0.0641,0,1.1725,1.2320,0.6941,1.4840,0.5407,105.8,35,0.9397,1.3859,0.2261,1.7008,1.6744,1.6139,0.2274,0,0,1,
119.953,107.500,pred,block2_B_pred,1,4.0209,2.0974,0.4099,0.0720,-0.0180,0.1137,0.0128,0,1.1725,1.2320,0.6941,1.4840,0.5407,105.8,35,0.9397,1.3859,0.2261,1.7008,1.6744,1.6139,0.2274,0,0,1,
120.053,107.600,pred,block2_B_pred,1,4.0273,2.1003,0.4462,0.0570,0.3340,0.1137,0.0128,0,1.1725,1.2320,0.6941,1.4840,0.5407,105.8,35,0.9397,1.3859,0.2261,1.7008,1.6744,1.6139,0.2147,0,0,1,
120.153,107.700,pred,block2_B_pred,1,4.0344,2.1038,0.4592,0.0120,0.0370,0.1074,-0.0641,0,1.1725,1.2320,0.6941,1.4840,0.5407,105.8,35,0.9397,1.3859,0.2261,1.7008,1.6744,1.6139,0.2400,0,0,1,
120.253,107.800,pred,block2_B_pred,1,4.0393,2.1062,0.4603,0.0120,-0.0740,0.1200,-0.1667,0,1.1725,1.2320,0.6941,1.4840,0.5407,105.8,35,0.9397,1.3859,0.2261,1.7008,1.6744,1.6139,0.2400,0,0,1,
120.353,107.900,pred,block2_B_pred,1,4.0407,2.1069,0.4511,0.0760,-0.4450,0.1200,-0.0385,0,1.1725,1.2320,0.6941,1.4840,0.5407,105.8,35,0.9397,1.3859,0.2261,1.7008,1.6744,1.6139,0.2400,0,0,1,
120.453,108.000,pred,block2_B_pred,1,4.0475,2.1102,0.4530,0.1140,-0.2970,0.1200,-0.0128,0,1.1725,1.2320,0.6941,1.4840,0.5407,105.8,35,0.9397,1.3859,0.2261,1.7008,1.6744,1.6139,0.2274,0,0,1,
120.553,108.100,pred,block2_B_pred,1,4.0590,2.1158,0.4526,0.1170,-0.3530,0.1137,-0.0641,0,1.1725,1.2320,0.6941,1.4840,0.5407,105.8,35,0.9397,1.3859,0.2261,1.7008,1.6744,1.6139,0.2147,0,0,1,
120.656,108.204,pred,block2_B_pred,1,4.0718,2.1221,0.4537,0.1640,0.2220,0.1200,0.0385,0,1.1725,1.2320,0.6941,1.4840,0.5407,105.8,35,0.9397,1.3859,0.2261,1.7008,1.6744,1.5145,0.2274,0,0,1,
120.753,108.300,pred,block2_B_pred,1,4.0860,2.1290,0.4455,0.1830,-0.1480,0.1074,-0.0641,0,1.1725,1.2320,0.6941,1.4840,0.5407,105.8,35,0.9397,1.3859,0.2261,1.7008,1.6744,1.5145,0.2021,0,0,1,
120.853,108.400,pred,block2_B_pred,1,4.0994,2.1354,0.4452,0.1070,-0.1110,0.1200,-0.1154,0,1.1725,1.2320,0.6941,1.4840,0.5407,105.8,35,0.9397,1.3859,0.2261,1.7008,1.6744,1.5145,0.2400,0,0,1,
120.953,108.500,pred,block2_B_pred,1,4.1131,2.1420,0.4482,0.1770,0.0370,0.1200,0.0000,0,1.1725,1.2320,0.6941,1.4840,0.5407,105.8,35,0.9397,1.3859,0.2261,1.7008,1.6744,1.5145,0.2274,0,0,1,
121.053,108.600,pred,block2_B_pred,1,4.1256,2.1480,0.4452,0.1480,0.0550,0.1137,-0.0128,0,1.1725,1.2320,0.6941,1.4840,0.5407,105.8,35,0.9397,1.3859,0.2261,1.7008,1.6744,1.5145,0.2147,0,0,1,
121.154,108.701,pred,block2_B_pred,1,4.1357,2.1527,0.4430,0.1670,0.0550,0.1074,0.0128,0,1.1725,1.2320,0.6941,1.4840,0.5407,105.8,35,0.9397,1.3859,0.2261,1.7008,1.6744,1.5145,0.2400,0,0,1,
121.253,108.800,pred,block2_B_pred,1,4.1450,2.1572,0.4504,0.1070,-0.0740,0.1200,-0.0385,0,1.1725,1.2320,0.6941,1.4840,0.5407,105.8,35,0.9397,1.3859,0.2261,1.7008,1.6744,1.5145,0.2400,0,0,1,
121.353,108.900,pred,block2_B_pred,1,4.1539,2.1615,0.4563,0.0600,0.2040,0.1137,-0.0385,0,1.1725,1.2320,0.6941,1.4840,0.5407,105.8,35,0.9397,1.3859,0.2261,1.7008,1.6744,1.5145,0.2274,0,0,1,
121.453,109.000,pred,block2_B_pred,1,4.1606,2.1648,0.4504,0.0790,-0.4270,0.1074,-0.0385,0,1.1725,1.2320,0.6941,1.4840,0.5407,105.8,35,0.9397,1.3859,0.2261,1.7008,1.6744,1.5145,0.2147,0,0,1,
121.553,109.100,pred,block2_B_pred,1,4.1688,2.1688,0.4530,0.1260,0.2600,0.1200,0.0385,0,1.1725,1.2320,0.6941,1.4840,0.5407,105.8,35,0.9397,1.3859,0.2261,1.7008,1.6744,1.5145,0.2400,0,0,1,
121.653,109.200,pred,block2_B_pred,1,4.1769,2.1727,0.4607,0.0380,0.1850,0.1137,0.0641,0,1.1725,1.2320,0.6941,1.4840,0.5407,105.8,35,0.9397,1.3859,0.2261,1.7008,1.6744,1.5145,0.2274,0,0,1,
121.753,109.300,pred,block2_B_pred,1,4.1832,2.1758,0.4511,0.0910,-0.4640,0.1137,0.0385,0,1.1725,1.2320,0.6941,1.4840,0.5407,105.8,35,0.9397,1.3859,0.2261,1.7008,1.6744,1.4068,0.2400,0,0,1,
121.853,109.400,pred,block2_B_pred,1,4.1905,2.1794,0.4534,0.1040,0.2780,0.1200,-0.0897,0,1.1725,1.2320,0.6941,1.4840,0.5407,105.8,35,0.9397,1.3859,0.2261,1.7008,1.6744,1.4068,0.2400,0,0,1,
121.953,109.500,pred,block2_B_pred,1,4.1988,2.1833,0.4419,0.0790,-0.2040,0.1200,-0.0897,0,1.1725,1.2320,0.6941,1.4840,0.5407,105.8,35,0.9397,1.3859,0.2261,1.7008,1.6744,1.4068,0.2274,0,0,1,
122.053,109.600,pred,block2_B_pred,1,4.2087,2.1881,0.4401,0.1170,-0.3530,0.1200,-0.0385,0,1.1725,1.2320,0.6941,1.4840,0.5407,105.8,35,0.9397,1.3859,0.2261,1.7008,1.6744,1.4068,0.2400,0,0,1,
122.153,109.700,pred,block2_B_pred,1,4.2190,2.1928,0.4308,0.1420,-0.0180,0.1200,0.0000,0,1.1725,1.2320,0.6941,1.4840,0.5407,105.8,35,0.9397,1.3859,0.2261,1.7008,1.6744,1.4068,0.2274,0,0,1,
122.253,109.800,pred,block2_B_pred,1,4.2310,2.1984,0.4348,0.1550,0.0920,0.1137,0.0000,0,1.1725,1.2320,0.6941,1.4840,0.5407,105.8,35,0.9397,1.3859,0.2261,1.7008,1.6744,1.4068,0.2147,0,0,1,
122.353,109.900,pred,block2_B_pred,1,4.2433,2.2041,0.4322,0.1360,-0.1300,0.1200,-0.0128,0,1.1725,1.2320,0.6941,1.4840,0.5407,105.8,35,0.9397,1.3859,0.2261,1.7008,1.6744,1.4068,0.2400,0,0,1,
122.453,110.000,pred,block2_B_pred,1,4.2539,2.2089,0.4282,0.1330,0.2600,0.1200,-0.0128,0,1.1725,1.2320,0.6941,1.4840,0.5407,105.8,35,0.9397,1.3859,0.2261,1.7008,1.6744,1.4068,0.2400,0,0,1,
122.553,110.100,pred,block2_B_pred,1,4.2636,2.2133,0.4237,0.1140,0.0740,0.1137,-0.0128,0,1.1725,1.2320,0.6941,1.4840,0.5407,105.8,35,0.9397,1.3859,0.2261,1.7008,1.6744,1.4068,0.2400,0,0,1,
122.653,110.200,pred,block2_B_pred,1,4.2754,2.2187,0.4186,0.1520,-0.0740,0.1074,-0.0128,0,1.1725,1.2320,0.6941,1.4840,0.5407,105.8,35,0.9397,1.3859,0.2261,1.7008,1.6744,1.4068,0.2147,0,0,1,
122.753,110.300,pred,block2_B_pred,1,4.2856,2.2232,0.4197,0.1230,-0.2410,0.1011,-0.0641,0,1.1725,1.2320,0.6941,1.4840,0.5407,105.8,35,0.9397,1.3859,0.2261,1.7008,1.6744,1.2601,0.2400,0,0,1,
122.856,110.403,pred,block2_B_pred,1,4.2948,2.2274,0.4271,0.0820,0.2970,0.1200,-0.0641,0,1.1725,1.2320,0.6941,1.4840,0.5407,105.8,35,0.9397,1.3859,0.2261,1.7008,1.6744,1.2601,0.2400,0,0,1,
122.953,110.500,pred,block2_B_pred,1,4.3034,2.2312,0.4226,0.0440,-0.0370,0.1137,-0.0641,0,1.1725,1.2320,0.6941,1.4840,0.5407,105.8,35,0.9397,1.3859,0.2261,1.7008,1.6744,1.2601,0.2274,0,0,1,
123.053,110.600,pred,block2_B_pred,1,4.3135,2.2358,0.4286,0.1770,0.0000,0.1200,0.0385,0,1.1725,1.2320,0.6941,1.4840,0.5407,105.8,35,0.9397,1.3859,0.2261,1.7008,1.6744,1.2601,0.2400,0,0,1,
123.153,110.700,pred,block2_B_pred,1,4.3203,2.2389,0.4249,0.0310,0.0000,0.1137,0.0385,0,1.1725,1.2320,0.6941,1.4840,0.5407,105.8,35,0.9397,1.3859,0.2261,1.7008,1.6744,1.2601,0.2274,0,0,1,
123.253,110.800,pred,block2_B_pred,1,4.3297,2.2431,0.4230,0.0880,0.1850,0.1137,0.0641,0,1.1725,1.2320,0.6941,1.4840,0.5407,105.8,35,0.9397,1.3859,0.2261,1.7008,1.6744,1.2601,0.2147,0,0,1,
123.353,110.900,pred,block2_B_pred,1,4.3381,2.2468,0.4148,0.1170,-0.0550,0.1200,0.0000,0,1.1725,1.2320,0.6941,1.4840,0.5407,105.8,35,0.9397,1.3859,0.2261,1.7008,1.6744,1.2601,0.2400,0,0,1,
123.456,111.004,pred,block2_B_pred,1,4.3498,2.2520,0.4062,0.1140,-0.2600,0.1200,0.0000,0,1.1725,1.2320,0.6941,1.4840,0.5407,105.8,35,0.9397,1.3859,0.2261,1.7008,1.6744,1.2601,0.2400,0,0,1,
123.553,111.100,pred,block2_B_pred,1,4.3609,2.2568,0.4059,0.1100,-0.2040,0.1137,0.0000,0,1.1725,1.2320,0.6941,1.4840,0.5407,105.8,35,0.9397,1.3859,0.2261,1.7008,1.6744,1.2601,0.2274,0,0,1,
123.653,111.200,pred,block2_B_pred,1,4.3723,2.2618,0.4185,0.1610,-0.0550,0.1137,-0.0128,0,1.1725,1.2320,0.6941,1.4840,0.5407,105.8,35,0.9397,1.3859,0.2261,1.7008,1.6744,1.2601,0.2274,0,0,1,
123.754,111.301,pred,block2_B_pred,1,4.3816,2.2659,0.4281,0.1140,0.3710,0.1074,0.0000,0,1.1725,1.2320,0.6941,1.4840,0.5407,105.8,35,0.9397,1.3859,0.2261,1.7008,1.6744,1.1590,0.2274,0,0,1,
123.853,111.400,pred,block2_B_pred,1,4.3888,2.2692,0.4233,0.0440,0.0000,0.1200,0.0000,0,1.1725,1.2320,0.6941,1.4840,0.5407,105.8,35,0.9397,1.3859,0.2261,1.7008,1.6744,1.1590,0.2400,0,0,1,
123.954,111.501,pred,block2_B_pred,1,4.3993,2.2739,0.4278,0.0910,-0.1300,0.1200,0.0641,0,1.1725,1.2320,0.6941,1.4840,0.5407,105.8,35,0.9397,1.3859,0.2261,1.7008,1.6744,1.1590,0.2400,0,0,1,
124.056,111.603,pred,block2_B_pred,1,4.4079,2.2779,0.4222,0.1290,-0.1670,0.1137,0.0641,0,1.1725,1.2320,0.6941,1.4840,0.5407,105.8,35,0.9397,1.3859,0.2261,1.7008,1.6744,1.1590,0.2274,0,0,1,
124.153,111.700,pred,block2_B_pred,1,4.4164,2.2817,0.4284,0.0380,0.1110,0.1200,0.0385,0,1.1725,1.2320,0.6941,1.4840,0.5407,105.8,35,0.9397,1.3859,0.2261,1.7008,1.6744,1.1590,0.2400,0,0,1,
124.253,111.800,pred,block2_B_pred,1,4.4259,2.2860,0.4217,0.1230,0.2410,0.1137,0.1410,0,1.1725,1.2320,0.6941,1.4840,0.5407,105.8,35,0.9397,1.3859,0.2261,1.7008,1.6744,1.1590,0.2274,0,0,1,
124.353,111.900,pred,block2_B_pred,1,4.4345,2.2898,0.4161,0.0790,-0.3900,0.1137,0.0385,0,1.1725,1.2320,0.6941,1.4840,0.5407,105.8,35,0.9397,1.3859,0.2261,1.7008,1.6744,1.1590,0.2400,0,0,1,
124.453,112.000,pred,block2_B_pred,1,4.4451,2.2945,0.4153,0.1330,-0.2600,0.1200,0.0128,0,1.1725,1.2320,0.6941,1.4840,0.5407,105.8,35,0.9397,1.3859,0.2261,1.7008,1.6744,1.1590,0.2400,0,0,1,
124.553,112.100,pred,block2_B_pred,1,4.4545,2.2987,0.4235,0.0880,0.1480,0.1200,0.0000,0,1.1725,1.2320,0.6941,1.4840,0.5407,105.8,35,0.9397,1.3859,0.2261,1.7008,1.6744,1.1590,0.2400,0,0,1,
124.653,112.200,pred,block2_B_pred,1,4.4640,2.3030,0.4272,0.0950,0.3710,0.1137,0.0000,0,1.1725,1.2320,0.6941,1.4840,0.5407,105.8,35,0.9397,1.3859,0.2261,1.7008,1.6744,1.1590,0.2274,0,0,1,
124.755,112.302,pred,block2_B_pred,1,4.4737,2.3073,0.4142,0.0950,0.1850,0.1137,-0.0128,0,1.1725,1.2320,0.6941,1.4840,0.5407,105.8,35,0.9397,1.3859,0.2261,1.7008,1.6744,1.1590,0.2147,0,0,1,
124.853,112.400,pred,block2_B_pred,1,4.4855,2.3125,0.4105,0.1200,-0.1110,0.1074,0.0000,0,1.1725,1.2320,0.6941,1.4840,0.5407,105.8,35,0.9397,1.3859,0.2261,1.7008,1.6744,1.0542,0.2400,0,0,1,
124.953,112.500,pred,block2_B_pred,1,4.4965,2.3173,0.4139,0.0910,-0.2040,0.1200,-0.0128,0,1.1725,1.2320,0.6941,1.4840,0.5407,105.8,35,0.9397,1.3859,0.2261,1.7008,1.6744,1.0542,0.2274,0,0,1,
125.053,112.600,pred,block2_B_pred,1,4.5073,2.3221,0.4176,0.1580,-0.1480,0.1137,-0.1410,0,1.1725,1.2320,0.6941,1.4840,0.5407,105.8,35,0.9397,1.3859,0.2261,1.7008,1.6744,1.0542,0.2147,0,0,1,
125.154,112.701,pred,block2_B_pred,1,4.5171,2.3264,0.4153,0.1290,0.0920,0.1200,0.0641,0,1.1725,1.2320,0.6941,1.4840,0.5407,105.8,35,0.9397,1.3859,0.2261,1.7008,1.6744,1.0542,0.2400,0,0,1,
125.254,112.801,pred,block2_B_pred,1,4.5257,2.3302,0.3978,0.0470,0.0180,0.1137,0.1667,0,1.1725,1.2320,0.6941,1.4840,0.5407,105.8,35,0.9397,1.3859,0.2261,1.7008,1.6744,1.0542,0.2274,0,0,1,
125.353,112.900,pred,block2_B_pred,1,4.5365,2.3346,0.3867,0.0850,-0.3530,0.1137,0.0641,0,1.1725,1.2320,0.6941,1.4840,0.5407,105.8,35,0.9397,1.3859,0.2261,1.7008,1.6744,1.0542,0.2400,0,0,1,
125.454,113.001,pred,block2_B_pred,1,4.5462,2.3386,0.3874,0.1330,-0.1110,0.1200,0.0385,0,1.1725,1.2320,0.6941,1.4840,0.5407,105.8,35,0.9397,1.3859,0.2261,1.7008,1.6744,1.0542,0.2400,0,0,1,
125.553,113.100,pred,block2_B_pred,1,4.5577,2.3433,0.3944,0.1740,0.0180,0.1200,0.0385,0,1.1725,1.2320,0.6941,1.4840,0.5407,105.8,35,0.9397,1.3859,0.2261,1.7008,1.6744,1.0542,0.2400,0,0,1,
125.653,113.200,pred,block2_B_pred,1,4.5675,2.3475,0.4037,0.1070,0.3710,0.1137,0.0385,0,1.1725,1.2320,0.6941,1.4840,0.5407,105.8,35,0.9397,1.3859,0.2261,1.7008,1.6744,1.0542,0.2274,0,0,1,
125.753,113.300,pred,block2_B_pred,1,4.5773,2.3516,0.4037,0.0820,0.2600,0.1200,0.1410,0,1.1725,1.2320,0.6941,1.4840,0.5407,105.8,35,0.9397,1.3859,0.2261,1.7008,1.6744,1.0542,0.2400,0,0,1,
125.853,113.400,pred,block2_B_pred,1,4.5869,2.3557,0.3978,0.0600,-0.2040,0.1200,0.1154,0,1.1725,1.2320,0.6941,1.4840,0.5407,105.8,35,0.9397,1.3859,0.2261,1.7008,1.6744,0.9427,0.2400,0,0,1,
125.953,113.500,pred,block2_B_pred,1,4.5995,2.3610,0.3960,0.1550,0.0920,0.1200,0.0000,0,1.1725,1.2320,0.6941,1.4840,0.5407,105.8,35,0.9397,1.3859,0.2261,1.7008,1.6744,0.9427,0.2400,0,0,1,
126.053,113.600,pred,block2_B_pred,1,4.6107,2.3657,0.4049,0.1230,0.0180,0.1200,0.0641,0,1.1725,1.2320,0.6941,1.4840,0.5407,105.8,35,0.9397,1.3859,0.2261,1.7008,1.6744,0.9427,0.2274,0,0,1,
126.153,113.700,pred,block2_B_pred,1,4.6217,2.3705,0.3992,0.1290,-0.2780,0.1200,0.0641,0,1.1725,1.2320,0.6941,1.4840,0.5407,105.8,35,0.9397,1.3859,0.2261,1.7008,1.6744,0.9427,0.2400,0,0,1,
126.253,113.800,pred,block2_B_pred,1,4.6336,2.3755,0.4021,0.1830,0.0370,0.1137,0.0897,0,1.1725,1.2320,0.6941,1.4840,0.5407,105.8,35,0.9397,1.3859,0.2261,1.7008,1.6744,0.9427,0.2274,0,0,1,
126.353,113.900,pred,block2_B_pred,1,4.6434,2.3796,0.4051,0.1100,0.4270,0.1200,0.0641,0,1.1725,1.2320,0.6941,1.4840,0.5407,105.8,35,0.9397,1.3859,0.2261,1.7008,1.6744,0.9427,0.2400,0,0,1,
126.453,114.000,pred,block2_B_pred,1,4.6548,2.3845,0.4073,0.1330,0.1110,0.1200,0.2241,0,1.1725,1.2320,0.6941,1.4840,0.5407,105.8,35,0.9397,1.3859,0.2261,1.7008,1.6744,0.9427,0.2400,0,0,1,
126.553,114.100,pred,block2_B_pred,1,4.6656,2.3892,0.4136,0.1450,-0.0370,0.1137,0.1410,0,1.1725,1.2320,0.6941,1.4840,0.5407,105.8,35,0.9397,1.3859,0.2261,1.7008,1.6744,0.9427,0.2274,0,0,1,
126.653,114.200,pred,block2_B_pred,1,4.6766,2.3941,0.4206,0.1230,0.2410,0.1200,0.0897,0,1.1725,1.2320,0.6941,1.4840,0.5407,105.8,35,0.9397,1.3859,0.2261,1.7008,1.6744,0.9427,0.2400,0,0,1,
126.753,114.300,pred,block2_B_pred,1,4.6847,2.3978,0.4417,0.0530,0.2040,0.1200,0.2754,0,1.1725,1.2320,0.6941,1.4840,0.5407,105.8,35,0.9397,1.3859,0.2261,1.7008,1.6744,0.9427,0.2400,0,0,1,
126.853,114.400,pred,block2_B_pred,1,4.6950,2.4027,0.4510,0.0880,-0.1480,0.1074,0.3974,0,1.1725,1.2320,0.6941,1.4840,0.5407,105.8,35,0.9397,1.3859,0.2261,1.7008,1.6744,0.8486,0.2276,0,0,1,
126.953,114.500,pred,block2_B_pred,1,4.7051,2.4077,0.4673,0.0790,0.2410,0.1200,0.2179,0,1.1725,1.2320,0.6941,1.4840,0.5407,105.8,35,0.9397,1.3859,0.2261,1.7008,1.6744,0.8486,0.2274,0,0,1,
127.053,114.600,pred,block2_B_pred,1,4.7157,2.4131,0.4811,0.1740,0.0550,0.1137,0.2436,0,1.1725,1.2320,0.6941,1.4840,0.5407,105.8,35,0.9397,1.3859,0.2261,1.7008,1.6744,0.8486,0.2362,0,0,1,
127.153,114.700,pred,block2_B_pred,1,4.7257,2.4184,0.4975,0.1140,-0.0740,0.1200,0.2436,0,1.1725,1.2320,0.6941,1.4840,0.5407,105.8,35,0.9397,1.3859,0.2261,1.7008,1.6744,0.8486,0.2400,0,0,1,
127.253,114.800,pred,block2_B_pred,1,4.7357,2.4241,0.5283,0.1100,0.4640,0.1200,0.2179,0,1.1725,1.2320,0.6941,1.4840,0.5407,105.8,35,0.9397,1.3859,0.2261,1.7008,1.6744,0.8486,0.2400,0,0,1,
127.353,114.900,pred,block2_B_pred,1,4.7459,2.4301,0.5569,0.1010,0.5570,0.1200,0.1667,0,1.1725,1.2320,0.6941,1.4840,0.5407,105.8,35,0.9397,1.3859,0.2261,1.7008,1.6744,0.8486,0.2396,0,0,1,
127.453,115.000,pred,block2_B_pred,1,4.7543,2.4355,0.5865,0.0500,0.2220,0.1200,0.2436,0,1.1725,1.2320,0.6941,1.4840,0.5407,105.8,35,0.9397,1.3859,0.2261,1.7008,1.6744,0.8486,0.2400,0,0,1,
127.553,115.100,pred,block2_B_pred,1,4.7638,2.4419,0.6213,0.0630,0.3710,0.1200,0.1923,0,1.1725,1.2320,0.6941,1.4840,0.5407,105.8,35,0.9397,1.3859,0.2261,1.7008,1.6744,0.8486,0.2274,0,0,1,
127.653,115.200,pred,block2_B_pred,1,4.7731,2.4487,0.6506,0.1420,0.3530,0.1200,0.1667,0,1.1725,1.2320,0.6941,1.4840,0.5407,105.8,35,0.9397,1.3859,0.2261,1.7008,1.6744,0.8486,0.2147,0,0,1,
127.753,115.300,pred,block2_B_pred,1,4.7823,2.4557,0.6695,0.1670,0.0920,0.1074,0.1923,0,1.1725,1.2320,0.6941,1.4840,0.5407,105.8,35,0.9397,1.3859,0.2261,1.7008,1.6744,0.8486,0.2021,0,0,1,
127.853,115.400,pred,block2_B_pred,1,4.7901,2.4620,0.6970,0.1100,0.1670,0.1011,0.1410,0,1.1725,1.2320,0.6941,1.4840,0.5407,105.8,35,0.9397,1.3859,0.2261,1.7008,1.6744,0.8486,0.2021,0,0,1,
127.953,115.500,pred,block2_B_pred,1,4.7971,2.4680,0.7239,0.1420,0.2410,0.1200,0.1985,0,1.1725,1.2320,0.6941,1.4840,0.5407,105.8,35,0.9397,1.3859,0.2261,1.7008,1.6744,0.6894,0.2400,0,0,1,
128.053,115.600,pred,block2_B_pred,1,4.8049,2.4750,0.7477,0.1140,0.2600,0.1200,-0.0641,0,1.1725,1.2320,0.6941,1.4840,0.5407,105.8,35,0.9397,1.3859,0.2261,1.7008,1.6744,0.6894,0.2399,0,0,1,
128.157,115.704,pred,block2_B_pred,1,4.8107,2.4804,0.7714,0.0570,0.2600,0.1137,-0.0641,0,1.1725,1.2320,0.6941,1.4840,0.5407,105.8,35,0.9397,1.3859,0.2261,1.7008,1.6744,0.6894,0.2272,0,0,1,
128.253,115.800,pred,block2_B_pred,1,4.8168,2.4864,0.7900,0.0530,0.3150,0.1200,-0.1154,0,1.1725,1.2320,0.6941,1.4840,0.5407,105.8,35,0.9397,1.3859,0.2261,1.7008,1.6744,0.6894,0.2147,0,0,1,
128.353,115.900,pred,block2_B_pred,1,4.8240,2.4937,0.8086,0.0570,0.2970,0.1200,-0.1923,0,1.1725,1.2320,0.6941,1.4840,0.5407,105.8,35,0.9397,1.3859,0.2261,1.7008,1.6744,0.6894,0.2400,0,0,1,
128.453,116.001,pred,block2_B_pred,1,4.8312,2.5013,0.8145,0.1260,-0.1480,0.1137,-0.1410,0,1.1725,1.2320,0.6941,1.4840,0.5407,105.8,35,0.9397,1.3859,0.2261,1.7008,1.6744,0.6894,0.2400,0,0,1,
128.553,116.100,pred,block2_B_pred,1,4.8395,2.5101,0.8194,0.1480,-0.2040,0.1200,-0.1667,0,1.1725,1.2320,0.6941,1.4840,0.5407,105.8,35,0.9397,1.3859,0.2261,1.7008,1.6744,0.6894,0.2274,0,0,1,
128.653,116.200,pred,block2_B_pred,1,4.8487,2.5200,0.8130,0.1100,-0.3150,0.1137,-0.1410,0,1.1725,1.2320,0.6941,1.4840,0.5407,105.8,35,0.9397,1.3859,0.2261,1.7008,1.6744,0.6894,0.2400,0,0,1,
128.753,116.300,pred,block2_B_pred,1,4.8598,2.5316,0.8034,0.1390,-0.1480,0.1200,-0.1154,0,1.1725,1.2320,0.6941,1.4840,0.5407,105.8,35,0.9397,1.3859,0.2261,1.7008,1.6744,0.6894,0.2274,0,0,1,
128.853,116.400,pred,block2_B_pred,1,4.8697,2.5418,0.7827,0.1390,-0.3710,0.1074,-0.1154,0,1.1725,1.2320,0.6941,1.4840,0.5407,105.8,35,0.9397,1.3859,0.2261,1.7008,1.6744,0.6894,0.2147,0,0,1,
128.957,116.504,pred,block2_B_pred,1,4.8798,2.5516,0.7649,0.1330,-0.0370,0.1200,-0.0641,0,1.1725,1.2320,0.6941,1.4840,0.5407,105.8,35,0.9397,1.3859,0.2261,1.7008,1.6744,0.5770,0.2400,0,0,1,
129.053,116.600,pred,block2_B_pred,1,4.8882,2.5595,0.7452,0.0950,-0.1480,0.1200,-0.0385,0,1.1725,1.2320,0.6941,1.4840,0.5407,105.8,35,0.9397,1.3859,0.2261,1.7008,1.6744,0.5770,0.2274,0,0,1,
129.153,116.700,pred,block2_B_pred,1,4.8959,2.5664,0.7222,0.0570,-0.0740,0.1074,0.0641,0,1.1725,1.2320,0.6941,1.4840,0.5407,105.8,35,0.9397,1.3859,0.2261,1.7008,1.6744,0.5770,0.2147,0,0,1,
129.253,116.800,pred,block2_B_pred,1,4.9027,2.5723,0.7107,0.0380,-0.1850,0.1200,0.0000,0,1.1725,1.2320,0.6941,1.4840,0.5407,105.8,35,0.9397,1.3859,0.2261,1.7008,1.6744,0.5770,0.2400,0,0,1,
129.353,116.900,pred,block2_B_pred,1,4.9093,2.5779,0.6940,0.0570,-0.2220,0.1137,0.0385,0,1.1725,1.2320,0.6941,1.4840,0.5407,105.8,35,0.9397,1.3859,0.2261,1.7008,1.6744,0.5770,0.2400,0,0,1,
129.453,117.000,pred,block2_B_pred,1,4.9153,2.5829,0.6829,0.1070,-0.3710,0.1200,-0.0641,0,1.1725,1.2320,0.6941,1.4840,0.5407,105.8,35,0.9397,1.3859,0.2261,1.7008,1.6744,0.5770,0.2400,0,0,1,
129.553,117.100,pred,block2_B_pred,1,4.9204,2.5869,0.6773,0.0310,-0.0370,0.1200,-0.0641,0,1.1725,1.2320,0.6941,1.4840,0.5407,105.8,35,0.9397,1.3859,0.2261,1.7008,1.6744,0.5770,0.2274,0,0,1,
129.653,117.200,pred,block2_B_pred,1,4.9264,2.5917,0.6655,0.1230,-0.0180,0.1137,-0.0385,0,1.1725,1.2320,0.6941,1.4840,0.5407,105.8,35,0.9397,1.3859,0.2261,1.7008,1.6744,0.5770,0.2400,0,0,1,
129.753,117.300,pred,block2_B_pred,1,4.9320,2.5960,0.6565,0.1040,-0.1300,0.1200,0.0641,0,1.1725,1.2320,0.6941,1.4840,0.5407,105.8,35,0.9397,1.3859,0.2261,1.7008,1.6744,0.5770,0.2400,0,0,1,
129.853,117.400,pred,block2_B_pred,1,4.9404,2.6024,0.6383,0.1070,-0.4450,0.1200,0.0641,0,1.1725,1.2320,0.6941,1.4840,0.5407,105.8,35,0.9397,1.3859,0.2261,1.7008,1.6744,0.5770,0.2274,0,0,1,
129.953,117.500,pred,block2_B_pred,1,4.9477,2.6077,0.6142,0.1040,-0.5010,0.1200,0.2497,0,1.1725,1.2320,0.6941,1.4840,0.5407,105.8,35,0.9397,1.3859,0.2261,1.7008,1.6744,0.5087,0.2274,0,0,1,
130.053,117.600,pred,block2_B_pred,1,4.9576,2.6147,0.6089,0.1040,-0.0920,0.1074,0.1154,0,1.1725,1.2320,0.6941,1.4840,0.5407,105.8,35,0.9397,1.3859,0.2261,1.7008,1.6744,0.5087,0.2147,0,0,1,
130.153,117.700,pred,block2_B_pred,1,4.9680,2.6218,0.5966,0.1170,0.2040,0.1200,0.0385,0,1.1725,1.2320,0.6941,1.4840,0.5407,105.8,35,0.9397,1.3859,0.2261,1.7008,1.6744,0.5087,0.2400,0,0,1,
130.253,117.800,pred,block2_B_pred,1,4.9801,2.6300,0.5940,0.1520,-0.2600,0.1137,0.0385,0,1.1725,1.2320,0.6941,1.4840,0.5407,105.8,35,0.9397,1.3859,0.2261,1.7008,1.6744,0.5087,0.2400,0,0,1,
130.353,117.900,pred,block2_B_pred,1,4.9927,2.6386,0.6003,0.1480,0.2410,0.1200,0.1410,0,1.1725,1.2320,0.6941,1.4840,0.5407,105.8,35,0.9397,1.3859,0.2261,1.7008,1.6744,0.5087,0.2274,0,0,1,
130.453,118.000,pred,block2_B_pred,1,5.0034,2.6460,0.6132,0.1260,0.0000,0.1200,0.1410,0,1.1725,1.2320,0.6941,1.4840,0.5407,105.8,35,0.9397,1.3859,0.2261,1.7008,1.6744,0.5087,0.2274,0,0,1,
130.553,118.100,pred,block2_B_pred,1,5.0146,2.6540,0.6134,0.1330,-0.2220,0.1137,0.1410,0,1.1725,1.2320,0.6941,1.4840,0.5407,105.8,35,0.9397,1.3859,0.2261,1.7008,1.6744,0.5087,0.2400,0,0,1,
130.653,118.200,pred,block2_B_pred,1,5.0234,2.6603,0.6300,0.0980,0.4640,0.1200,0.0641,0,1.1725,1.2320,0.6941,1.4840,0.5407,105.8,35,0.9397,1.3859,0.2261,1.7008,1.6744,0.5087,0.2400,0,0,1,
130.753,118.300,pred,block2_B_pred,1,5.0319,2.6664,0.6389,0.1640,0.0370,0.1200,0.1410,0,1.1725,1.2320,0.6941,1.4840,0.5407,105.8,35,0.9397,1.3859,0.2261,1.7008,1.6744,0.5087,0.2274,0,0,1,
130.853,118.400,pred,block2_B_pred,1,5.0408,2.6732,0.6558,0.1610,-0.0550,0.1137,0.1154,0,1.1725,1.2320,0.6941,1.4840,0.5407,105.8,35,0.9397,1.3859,0.2261,1.7008,1.6744,0.5087,0.2274,0,0,1,
130.953,118.500,pred,block2_B_pred,1,5.0480,2.6789,0.6714,0.1290,0.2780,0.1200,0.1923,0,1.1725,1.2320,0.6941,1.4840,0.5407,105.8,35,0.9397,1.3859,0.2261,1.7008,1.6744,0.4005,0.2147,0,0,1,
131.053,118.600,pred,block2_B_pred,1,5.0560,2.6853,0.6944,0.1420,0.2040,0.1200,0.1667,0,1.1725,1.2320,0.6941,1.4840,0.5407,105.8,35,0.9397,1.3859,0.2261,1.7008,1.6744,0.4005,0.2274,0,0,1,
131.153,118.700,pred,block2_B_pred,1,5.0628,2.6912,0.7164,0.0850,0.0180,0.1137,0.1410,0,1.1725,1.2320,0.6941,1.4840,0.5407,105.8,35,0.9397,1.3859,0.2261,1.7008,1.6744,0.4005,0.2147,0,0,1,
131.253,118.801,pred,block2_B_pred,1,5.0706,2.6980,0.7302,0.0720,0.1670,0.1074,0.1410,0,1.1725,1.2320,0.6941,1.4840,0.5407,105.8,35,0.9397,1.3859,0.2261,1.7008,1.6744,0.4005,0.2147,0,0,1,
131.353,118.900,pred,block2_B_pred,1,5.0777,2.7046,0.7529,0.0820,0.2600,0.1011,0.0897,0,1.1725,1.2320,0.6941,1.4840,0.5407,105.8,35,0.9397,1.3859,0.2261,1.7008,1.6744,0.4005,0.2021,0,0,1,
131.453,119.000,pred,block2_B_pred,1,5.0854,2.7120,0.7759,0.0880,0.4450,0.1011,0.0897,0,1.1725,1.2320,0.6941,1.4840,0.5407,105.8,35,0.9397,1.3859,0.2261,1.7008,1.6744,0.4005,0.1895,0,0,1,
131.553,119.100,pred,block2_B_pred,1,5.0922,2.7188,0.7985,0.0600,0.3150,0.0947,0.0897,0,1.1725,1.2320,0.6941,1.4840,0.5407,105.8,35,0.9397,1.3859,0.2261,1.7008,1.6744,0.4005,0.1768,0,0,1,
131.653,119.200,pred,block2_B_pred,1,5.0993,2.7261,0.8197,0.0660,0.3530,0.1200,0.0641,0,1.1725,1.2320,0.6941,1.4840,0.5407,105.8,35,0.9397,1.3859,0.2261,1.7008,1.6744,0.4005,0.2400,0,0,1,
131.753,119.300,pred,block2_B_pred,1,5.1054,2.7328,0.8375,0.0440,0.2600,0.1200,-0.2559,0,1.1725,1.2320,0.6941,1.4840,0.5407,105.8,35,0.9397,1.3859,0.2261,1.7008,1.6744,0.4005,0.2274,0,0,1,
131.853,119.400,pred,block2_B_pred,1,5.1109,2.7389,0.8542,0.0470,0.2780,0.1137,0.0190,0,1.1725,1.2320,0.6941,1.4840,0.5407,105.8,35,0.9397,1.3859,0.2261,1.7008,1.6744,0.4005,0.2147,0,0,1,
131.953,119.500,pred,block2_B_pred,1,5.1162,2.7450,0.8693,0.0760,0.3710,0.1074,0.0128,0,1.1725,1.2320,0.6941,1.4840,0.5407,105.8,35,0.9397,1.3859,0.2261,1.7008,1.6744,0.4005,0.0018,0,0,1,
132.054,119.601,pred,block2_B_pred,1,5.1218,2.7517,0.8853,0.0880,0.4830,0.0000,-0.3072,0,1.1725,1.2320,0.6941,1.4840,0.5407,105.8,35,0.9397,1.3859,0.2261,1.7008,1.6744,0.2788,0.0004,0,0,1,
132.153,119.700,pred,block2_B_pred,1,5.1285,2.7599,0.8901,0.1640,0.1110,0.0000,-0.2949,0,1.1725,1.2320,0.6941,1.4840,0.5407,105.8,35,0.9397,1.3859,0.2261,1.7008,1.6744,0.2788,0.0006,0,0,1,
132.253,119.800,pred,block2_B_pred,1,5.1344,2.7673,0.9005,0.1170,0.0550,0.0000,-0.3205,0,1.1725,1.2320,0.6941,1.4840,0.5407,105.8,35,0.9397,1.3859,0.2261,1.7008,1.6744,0.2788,0.0079,0,0,1,
132.353,119.900,pred,block2_B_pred,1,5.1407,2.7753,0.9120,0.0500,0.0740,0.0000,-0.4549,0,1.1725,1.2320,0.6941,1.4840,0.5407,105.8,35,0.9397,1.3859,0.2261,1.7008,1.6744,0.2788,0.0188,0,0,1,
132.453,120.000,pred,block2_B_pred,1,5.1426,2.7777,0.8949,0.0630,-0.3710,0.0000,-0.3462,0,1.1725,1.2320,0.6941,1.4840,0.5407,105.8,35,0.9397,1.3859,0.2261,1.7008,1.6744,0.2788,0.0038,0,0,1,
132.553,120.100,pred,block2_B_pred,1,5.1425,2.7776,0.8898,-0.0250,-0.1480,0.0000,-0.2949,0,1.1725,1.2320,0.6941,1.4840,0.5407,105.8,35,0.9397,1.3859,0.2261,1.7008,1.6744,0.2788,0.0000,0,0,1,
132.653,120.200,pred,block2_B_pred,1,5.1397,2.7742,0.8637,-0.0850,-0.5010,0.0000,-0.2692,0,1.1725,1.2320,0.6941,1.4840,0.5407,105.8,35,0.9397,1.3859,0.2261,1.7008,1.6744,0.2788,0.0000,0,0,1,
132.756,120.304,pred,block2_B_pred,1,5.1393,2.7738,0.8203,-0.0820,-0.4830,0.0000,-0.2179,0,1.1725,1.2320,0.6941,1.4840,0.5407,105.8,35,0.9397,1.3859,0.2261,1.7008,1.6744,0.2788,0.0024,0,0,1,
132.853,120.400,pred,block2_B_pred,1,5.1411,2.7757,0.7838,0.0150,-0.7610,0.0000,-0.2179,0,1.1725,1.2320,0.6941,1.4840,0.5407,105.8,35,0.9397,1.3859,0.2261,1.7008,1.6744,0.2788,0.0000,0,0,1,
132.953,120.500,pred,block2_B_pred,1,5.1421,2.7767,0.7471,0.0820,-0.4830,0.0000,-0.1092,0,1.1725,1.2320,0.6941,1.4840,0.5407,105.8,35,0.9397,1.3859,0.2261,1.7008,1.6744,0.2788,0.0000,0,0,1,
133.053,120.600,pred,block2_B_pred,1,5.1426,2.7771,0.7093,0.0120,-0.0740,0.0000,-0.1410,0,1.1725,1.2320,0.6941,1.4840,0.5407,105.8,35,0.9397,1.3859,0.2261,1.7008,1.6744,0.2105,0.0000,0,0,1,
133.153,120.700,pred,block2_B_pred,1,5.1428,2.7773,0.6736,-0.0380,-0.2600,0.0000,-0.2179,0,1.1725,1.2320,0.6941,1.4840,0.5407,105.8,35,0.9397,1.3859,0.2261,1.7008,1.6744,0.2105,0.0000,0,0,1,
133.253,120.800,pred,block2_B_pred,1,5.1456,2.7795,0.6495,0.0090,-0.0550,0.0000,-0.1410,0,1.1725,1.2320,0.6941,1.4840,0.5407,105.8,35,0.9397,1.3859,0.2261,1.7008,1.6744,0.2105,0.0000,0,0,1,
133.353,120.900,pred,block2_B_pred,1,5.1475,2.7809,0.6351,0.0120,-0.0740,0.0000,-0.1410,0,1.1725,1.2320,0.6941,1.4840,0.5407,105.8,35,0.9397,1.3859,0.2261,1.7008,1.6744,0.2105,0.0000,0,0,1,
133.453,121.000,pred,block2_B_pred,1,5.1473,2.7808,0.6009,-0.0030,-0.0180,0.0000,-0.1410,0,1.1725,1.2320,0.6941,1.4840,0.5407,105.8,35,0.9397,1.3859,0.2261,1.7008,1.6744,0.2105,0.0000,0,0,1,
133.553,121.100,pred,block2_B_pred,1,5.1495,2.7823,0.5853,0.0440,-0.2600,0.0000,-0.1410,0,1.1725,1.2320,0.6941,1.4840,0.5407,105.8,35,0.9397,1.3859,0.2261,1.7008,1.6744,0.2105,0.0000,0,0,1,
133.653,121.200,pred,block2_B_pred,1,5.1473,2.7809,0.5675,0.0000,0.0000,0.0000,-0.1410,0,1.1725,1.2320,0.6941,1.4840,0.5407,105.8,35,0.9397,1.3859,0.2261,1.7008,1.6744,0.2105,0.0000,0,0,1,
133.753,121.300,pred,block2_B_pred,1,5.1473,2.7809,0.5675,0.0000,0.0000,0.0000,-0.1410,0,1.1725,1.2320,0.6941,1.4840,0.5407,105.8,35,0.9397,1.3859,0.2261,1.7008,1.6744,0.2105,0.0000,0,0,1,
133.853,121.400,pred,block2_B_pred,1,5.1473,2.7809,0.5675,0.0000,0.0000,0.0000,-0.1410,0,1.1725,1.2320,0.6941,1.4840,0.5407,105.8,35,0.9397,1.3859,0.2261,1.7008,1.6744,0.2105,0.0000,0,0,1,
133.953,121.500,pred,block2_B_pred,1,5.1473,2.7809,0.5675,0.0000,0.0000,0.0000,-0.1410,0,1.1725,1.2320,0.6941,1.4840,0.5407,105.8,35,0.9397,1.3859,0.2261,1.7008,1.6744,0.2105,0.0000,0,0,1,
134.053,121.600,pred,block2_B_pred,1,5.1473,2.7809,0.5675,0.0000,0.0000,0.0000,-0.1410,0,1.1725,1.2320,0.6941,1.4840,0.5407,105.8,35,0.9397,1.3859,0.2261,1.7008,1.6744,0.2105,0.0000,0,0,1,
134.153,121.700,pred,block2_B_pred,1,5.1453,2.7796,0.5534,-0.0570,-0.3340,0.0000,-0.1410,0,1.1725,1.2320,0.6941,1.4840,0.5407,105.8,35,0.9397,1.3859,0.2261,1.7008,1.6744,0.2105,0.0000,0,0,1,
134.253,121.800,pred,block2_B_pred,1,5.1447,2.7792,0.5493,0.0000,0.0000,0.0000,0.0000,0,1.1725,1.2320,0.6941,1.4840,0.5407,105.8,35,0.9397,1.3859,0.2261,1.7008,1.6744,0.2105,0.0000,0,0,1,
134.353,121.900,pred,block2_B_pred,1,5.1447,2.7792,0.5493,0.0000,0.0000,0.0000,0.0000,0,1.1725,1.2320,0.6941,1.4840,0.5407,105.8,35,0.9397,1.3859,0.2261,1.7008,1.6744,0.2105,0.0000,0,0,1,
134.453,122.001,pred,block2_B_pred,1,5.1447,2.7792,0.5493,0.0000,0.0000,0.0000,0.0000,0,1.1725,1.2320,0.6941,1.4840,0.5407,105.8,35,0.9397,1.3859,0.2261,1.7008,1.6744,0.2105,0.0000,0,0,1,
134.553,122.100,pred,block2_B_pred,1,5.1416,2.7774,0.5504,0.0000,0.0000,0.0000,0.0000,0,1.1725,1.2320,0.6941,1.4840,0.5407,105.8,35,0.9397,1.3859,0.2261,1.7008,1.6744,0.2105,0.0000,0,0,1,
134.653,122.201,pred,block2_B_pred,1,5.1416,2.7774,0.5504,0.0000,0.0000,0.0000,0.0000,0,1.1725,1.2320,0.6941,1.4840,0.5407,105.8,35,0.9397,1.3859,0.2261,1.7008,1.6744,0.2105,0.0000,0,0,1,
134.753,122.300,pred,block2_B_pred,1,5.1416,2.7774,0.5504,0.0000,0.0000,0.0000,0.0000,0,1.1725,1.2320,0.6941,1.4840,0.5407,105.8,35,0.9397,1.3859,0.2261,1.7008,1.6744,0.2105,0.0000,0,0,1,
134.853,122.400,pred,block2_B_pred,1,5.1416,2.7774,0.5504,0.0000,0.0000,0.0000,0.0000,0,1.1725,1.2320,0.6941,1.4840,0.5407,105.8,35,0.9397,1.3859,0.2261,1.7008,1.6744,0.2105,0.0000,0,0,1,
134.954,122.502,pred,block2_B_pred,1,5.1416,2.7774,0.5504,0.0000,0.0000,0.0000,0.0000,0,1.1725,1.2320,0.6941,1.4840,0.5407,105.8,35,0.9397,1.3859,0.2261,1.7008,1.6744,0.2105,0.0000,0,0,1,
135.053,122.600,pred,block2_B_pred,1,5.1416,2.7774,0.5504,0.0000,0.0000,0.0000,0.0000,0,1.1725,1.2320,0.6941,1.4840,0.5407,105.8,35,0.9397,1.3859,0.2261,1.7008,1.6744,0.2105,0.0000,0,0,1,
135.153,122.700,pred,block2_B_pred,1,5.1416,2.7774,0.5504,0.0000,0.0000,0.0000,0.0000,0,1.1725,1.2320,0.6941,1.4840,0.5407,105.8,35,0.9397,1.3859,0.2261,1.7008,1.6744,0.2105,0.0000,0,0,1,
135.253,122.800,pred,block2_B_pred,1,5.1416,2.7774,0.5504,0.0000,0.0000,0.0000,0.0000,0,1.1725,1.2320,0.6941,1.4840,0.5407,105.8,35,0.9397,1.3859,0.2261,1.7008,1.6744,0.2105,0.0000,0,0,1,
135.353,122.900,pred,block2_B_pred,1,5.1416,2.7774,0.5504,0.0000,0.0000,0.0000,0.0000,0,1.1725,1.2320,0.6941,1.4840,0.5407,105.8,35,0.9397,1.3859,0.2261,1.7008,1.6744,0.2105,0.0000,0,0,1,
135.453,123.000,pred,block2_B_pred,1,5.1416,2.7774,0.5504,0.0000,0.0000,0.0000,0.0000,0,1.1725,1.2320,0.6941,1.4840,0.5407,105.8,35,0.9397,1.3859,0.2261,1.7008,1.6744,0.2105,0.0000,0,0,1,
135.553,123.100,pred,block2_B_pred,1,5.1416,2.7774,0.5504,0.0000,0.0000,0.0000,0.0000,0,1.1725,1.2320,0.6941,1.4840,0.5407,105.8,35,0.9397,1.3859,0.2261,1.7008,1.6744,7.2041,0.0000,0,0,1,
135.653,123.200,pred,block2_B_pred,1,5.1416,2.7774,0.5504,0.0000,0.0000,0.0000,-0.3200,0,1.1725,1.2320,0.6941,1.4840,0.5407,105.8,35,0.9397,1.3859,0.2261,1.7008,1.6744,7.2041,0.0000,0,0,1,
135.753,123.300,pred,block2_B_pred,1,5.1416,2.7774,0.5504,0.0000,0.0000,0.0000,-0.3974,0,1.1725,1.2320,0.6941,1.4840,0.5407,105.8,35,0.9397,1.3859,0.2261,1.7008,1.6744,7.2041,0.0000,0,0,1,
135.853,123.400,pred,block2_B_pred,1,5.1416,2.7774,0.5504,0.0000,0.0000,0.0000,-0.3974,0,1.1725,1.2320,0.6941,1.4840,0.5407,105.8,35,0.9397,1.3859,0.2261,1.7008,1.6744,7.2041,0.0000,0,0,1,
135.953,123.500,pred,block2_B_pred,1,5.1416,2.7774,0.5504,0.0000,0.0000,0.0000,-0.3974,0,1.1725,1.2320,0.6941,1.4840,0.5407,105.8,35,0.9397,1.3859,0.2261,1.7008,1.6744,7.2041,0.0000,0,0,1,
136.053,123.600,pred,block2_B_pred,1,5.1416,2.7774,0.5504,0.0000,0.0000,0.0000,-0.3974,0,1.1725,1.2320,0.6941,1.4840,0.5407,105.8,35,0.9397,1.3859,0.2261,1.7008,1.6744,7.2041,0.0000,0,0,1,
136.153,123.701,pred,block2_B_pred,1,5.1435,2.7785,0.5375,0.0630,-0.3710,0.0000,-0.3974,0,1.1725,1.2320,0.6941,1.4840,0.5407,105.8,35,0.9397,1.3859,0.2261,1.7008,1.6744,7.2041,0.0008,0,0,1,
136.253,123.800,pred,block2_B_pred,1,5.1414,2.7773,0.5178,-0.0120,-0.0740,0.0000,-0.3718,0,1.1725,1.2320,0.6941,1.4840,0.5407,105.8,35,0.9397,1.3859,0.2261,1.7008,1.6744,7.2041,0.0017,0,0,1,
136.353,123.900,pred,block2_B_pred,1,5.1411,2.7771,0.4887,0.0060,-0.1850,0.0000,-0.3718,0,1.1725,1.2320,0.6941,1.4840,0.5407,105.8,35,0.9397,1.3859,0.2261,1.7008,1.6744,7.2041,0.0000,0,0,1,
136.453,124.000,pred,block2_B_pred,1,5.1414,2.7773,0.4504,0.0060,-0.1480,0.0000,-0.3462,0,1.1725,1.2320,0.6941,1.4840,0.5407,105.8,35,0.9397,1.3859,0.2261,1.7008,1.6744,7.2041,0.0000,0,0,1,
136.556,124.103,pred,block2_B_pred,1,5.1416,2.7774,0.4050,-0.0440,-0.4080,0.0000,-0.2949,0,1.1725,1.2320,0.6941,1.4840,0.5407,105.8,35,0.9397,1.3859,0.2261,1.7008,1.6744,7.2029,0.0000,0,0,1,
136.653,124.200,pred,block2_B_pred,1,5.1421,2.7776,0.3541,0.0220,-0.5010,0.0000,-0.1667,0,1.1725,1.2320,0.6941,1.4840,0.5407,105.8,35,0.9397,1.3859,0.2261,1.7008,1.6744,7.2029,0.0000,0,0,1,
136.754,124.301,pred,block2_B_pred,1,5.1425,2.7777,0.3135,0.0000,-0.1110,0.0000,-0.2436,0,1.1725,1.2320,0.6941,1.4840,0.5407,105.8,35,0.9397,1.3859,0.2261,1.7008,1.6744,7.2029,0.0000,0,0,1,
136.853,124.400,pred,block2_B_pred,1,5.1410,2.7773,0.2640,-0.0790,-0.5010,0.0000,-0.1410,0,1.1725,1.2320,0.6941,1.4840,0.5407,105.8,35,0.9397,1.3859,0.2261,1.7008,1.6744,7.2029,0.0000,0,0,1,
136.953,124.500,pred,block2_B_pred,1,5.1424,2.7777,0.2217,-0.0120,-0.9280,0.0000,-0.3779,0,1.1725,1.2320,0.6941,1.4840,0.5407,105.8,35,0.9397,1.3859,0.2261,1.7008,1.6744,7.2029,0.0000,0,0,1,
137.053,124.600,pred,block2_B_pred,1,5.1414,2.7775,0.1905,-0.0720,-0.4270,0.0000,-0.3779,0,1.1725,1.2320,0.6941,1.4840,0.5407,105.8,35,0.9397,1.3859,0.2261,1.7008,1.6744,7.2029,0.0000,0,0,1,
137.153,124.700,pred,block2_B_pred,1,5.1427,2.7777,0.1642,0.0000,0.0000,0.0000,-0.3779,0,1.1725,1.2320,0.6941,1.4840,0.5407,105.8,35,0.9397,1.3859,0.2261,1.7008,1.6744,7.2029,0.0000,0,0,1,
137.253,124.800,pred,block2_B_pred,1,5.1401,2.7773,0.1486,-0.0120,-0.0740,0.0000,-0.1667,0,1.1725,1.2320,0.6941,1.4840,0.5407,105.8,35,0.9397,1.3859,0.2261,1.7008,1.6744,7.2029,0.0027,0,0,1,
137.353,124.900,pred,block2_B_pred,1,5.1435,2.7778,0.1275,0.0000,0.0000,0.0000,-0.4867,0,1.1725,1.2320,0.6941,1.4840,0.5407,105.8,35,0.9397,1.3859,0.2261,1.7008,1.6744,7.2029,0.0000,0,0,1,
137.453,125.000,pred,block2_B_pred,1,5.1435,2.7778,0.1275,0.0000,0.0000,0.0000,-0.1667,0,1.1725,1.2320,0.6941,1.4840,0.5407,105.8,35,0.9397,1.3859,0.2261,1.7008,1.6744,7.2029,0.0000,0,0,1,
137.553,125.100,pred,block2_B_pred,1,5.1435,2.7778,0.1271,-0.0030,-0.0180,0.0000,-0.1410,0,1.1725,1.2320,0.6941,1.4840,0.5407,105.8,35,0.9397,1.3859,0.2261,1.7008,1.6744,7.2029,0.0000,0,0,1,
137.653,125.200,pred,block2_B_pred,1,5.1426,2.7776,0.1004,0.0790,-0.4640,0.0000,-0.3010,0,1.1725,1.2320,0.6941,1.4840,0.5407,105.8,35,0.9397,1.3859,0.2261,1.7008,1.6744,7.1597,0.0000,0,0,1,
137.754,125.302,pred,block2_B_pred,1,5.1437,2.7777,0.0938,0.0000,0.0000,0.0000,-0.5000,0,1.1725,1.2320,0.6941,1.4840,0.5407,105.8,35,0.9397,1.3859,0.2261,1.7008,1.6744,7.1597,0.0000,0,0,1,
137.853,125.400,pred,block2_B_pred,1,5.1437,2.7777,0.0938,0.0000,0.0000,0.0000,-0.1800,0,1.1725,1.2320,0.6941,1.4840,0.5407,105.8,35,0.9397,1.3859,0.2261,1.7008,1.6744,7.1597,0.0000,0,0,1,
137.953,125.500,pred,block2_B_pred,1,5.1417,2.7775,0.0819,-0.0820,-0.4830,0.0000,-0.1154,0,1.1725,1.2320,0.6941,1.4840,0.5407,105.8,35,0.9397,1.3859,0.2261,1.7008,1.6744,7.1597,0.0000,0,0,1,
138.053,125.600,pred,block2_B_pred,1,5.1434,2.7777,0.0585,0.0000,0.0000,0.0000,-0.4354,0,1.1725,1.2320,0.6941,1.4840,0.5407,105.8,35,0.9397,1.3859,0.2261,1.7008,1.6744,7.1597,0.0000,0,0,1,
138.153,125.700,pred,block2_B_pred,1,5.1441,2.7777,0.0270,0.0250,-0.1480,0.0000,-0.5000,0,1.1725,1.2320,0.6941,1.4840,0.5407,105.8,35,0.9397,1.3859,0.2261,1.7008,1.6744,7.1597,0.0008,0,0,1,
138.256,125.803,pred,block2_B_pred,1,5.1448,2.7777,-0.0064,0.0000,-0.1110,0.0000,-0.5000,0,1.1725,1.2320,0.6941,1.4840,0.5407,105.8,35,0.9397,1.3859,0.2261,1.7008,1.6744,7.1597,0.0000,0,0,1,
138.353,125.900,pred,block2_B_pred,1,5.1430,2.7777,-0.0522,-0.0790,-0.5010,0.0000,-0.5000,0,1.1725,1.2320,0.6941,1.4840,0.5407,105.8,35,0.9397,1.3859,0.2261,1.7008,1.6744,7.1597,0.0000,0,0,1,
138.453,126.000,pred,block2_B_pred,1,5.1452,2.7775,-0.1113,0.0150,-0.9100,0.0000,-0.3974,0,1.1725,1.2320,0.6941,1.4840,0.5407,105.8,35,0.9397,1.3859,0.2261,1.7008,1.6744,7.1597,0.0000,0,0,1,
138.553,126.100,pred,block2_B_pred,1,5.1448,2.7776,-0.1562,-0.0410,-0.3900,0.0000,-0.4487,0,1.1725,1.2320,0.6941,1.4840,0.5407,105.8,35,0.9397,1.3859,0.2261,1.7008,1.6744,7.1597,0.0005,0,0,1,
138.653,126.200,pred,block2_B_pred,1,5.1449,2.7776,-0.2089,0.0090,-0.9100,0.0000,-0.5000,0,1.1725,1.2320,0.6941,1.4840,0.5407,105.8,35,0.9397,1.3859,0.2261,1.7008,1.6744,7.1633,0.0000,0,0,1,
138.753,126.300,pred,block2_B_pred,1,5.1460,2.7773,-0.2530,0.0310,-0.2600,0.0000,-0.5000,0,1.1725,1.2320,0.6941,1.4840,0.5407,105.8,35,0.9397,1.3859,0.2261,1.7008,1.6744,7.1633,0.0011,0,0,1,
138.853,126.400,pred,block2_B_pred,1,5.1461,2.7772,-0.3057,-0.0340,-0.7240,0.0000,-0.5000,0,1.1725,1.2320,0.6941,1.4840,0.5407,105.8,35,0.9397,1.3859,0.2261,1.7008,1.6744,7.1633,0.0000,0,0,1,
138.953,126.500,pred,block2_B_pred,1,5.1461,2.7772,-0.3569,0.0630,-0.5200,0.0000,-0.5000,0,1.1725,1.2320,0.6941,1.4840,0.5407,105.8,35,0.9397,1.3859,0.2261,1.7008,1.6744,7.1633,0.0017,0,0,1,
139.053,126.600,pred,block2_B_pred,1,5.1456,2.7774,-0.3952,0.0190,-0.1480,0.0000,-0.5000,0,1.1725,1.2320,0.6941,1.4840,0.5407,105.8,35,0.9397,1.3859,0.2261,1.7008,1.6744,7.1633,0.0028,0,0,1,
139.153,126.700,pred,block2_B_pred,1,5.1439,2.7781,-0.4445,-0.0630,-0.4080,0.0000,-0.5000,0,1.1725,1.2320,0.6941,1.4840,0.5407,105.8,35,0.9397,1.3859,0.2261,1.7008,1.6744,7.1633,0.0000,0,0,1,
139.253,126.800,pred,block2_B_pred,1,5.1433,2.7785,-0.4917,-0.0310,-0.1850,0.0000,-0.5000,0,1.1725,1.2320,0.6941,1.4840,0.5407,105.8,35,0.9397,1.3859,0.2261,1.7008,1.6744,7.1633,0.0064,0,0,1,
139.359,126.907,pred,block2_B_pred,1,5.1446,2.7778,-0.5358,0.0530,-0.6870,0.0000,-0.5000,0,1.1725,1.2320,0.6941,1.4840,0.5407,105.8,35,0.9397,1.3859,0.2261,1.7008,1.6744,7.1633,0.0027,0,0,1,
139.453,127.000,pred,block2_B_pred,1,5.1445,2.7779,-0.5745,0.0760,-0.4450,0.0000,-0.5000,0,1.1725,1.2320,0.6941,1.4840,0.5407,105.8,35,0.9397,1.3859,0.2261,1.7008,1.6744,7.1633,0.0000,0,0,1,
139.553,127.100,pred,block2_B_pred,1,5.1451,2.7774,-0.6104,0.0570,-0.3340,0.0000,-0.5000,0,1.1725,1.2320,0.6941,1.4840,0.5407,105.8,35,0.9397,1.3859,0.2261,1.7008,1.6744,7.1633,0.0039,0,0,1,
139.654,127.201,pred,block2_B_pred,1,5.1430,2.7789,-0.6627,-0.0470,-0.3900,0.0000,-0.5000,0,1.1725,1.2320,0.6941,1.4840,0.5407,105.8,35,0.9397,1.3859,0.2261,1.7008,1.6744,7.1468,0.0000,0,0,1,
139.753,127.300,pred,block2_B_pred,1,5.1417,2.7800,-0.7162,-0.0500,-0.6310,0.0000,-0.5000,0,1.1725,1.2320,0.6941,1.4840,0.5407,105.8,35,0.9397,1.3859,0.2261,1.7008,1.6744,7.1468,0.0020,0,0,1,
139.853,127.400,pred,block2_B_pred,1,5.1432,2.7787,-0.7620,0.0470,-0.5010,0.0000,-0.5000,0,1.1725,1.2320,0.6941,1.4840,0.5407,105.8,35,0.9397,1.3859,0.2261,1.7008,1.6744,7.1468,0.0007,0,0,1,
139.953,127.500,pred,block2_B_pred,1,5.1428,2.7791,-0.8225,-0.0410,-0.7610,0.0000,-0.5000,0,1.1725,1.2320,0.6941,1.4840,0.5407,105.8,35,0.9397,1.3859,0.2261,1.7008,1.6744,7.1468,0.0044,0,0,1,
140.053,127.600,pred,block2_B_pred,1,5.1425,2.7794,-0.8668,-0.0410,-0.3900,0.0000,-0.5000,0,1.1725,1.2320,0.6941,1.4840,0.5407,105.8,35,0.9397,1.3859,0.2261,1.7008,1.6744,7.1468,0.0000,0,0,1,
140.153,127.700,pred,block2_B_pred,1,5.1436,2.7782,-0.9136,0.0720,-0.5010,0.0000,-0.5000,0,1.1725,1.2320,0.6941,1.4840,0.5407,105.8,35,0.9397,1.3859,0.2261,1.7008,1.6744,7.1468,0.0000,0,0,1,
140.253,127.800,pred,block2_B_pred,1,5.1437,2.7779,-0.9690,-0.0440,-0.6310,0.0000,-0.5000,0,1.1725,1.2320,0.6941,1.4840,0.5407,105.8,35,0.9397,1.3859,0.2261,1.7008,1.6744,7.1468,0.0028,0,0,1,
140.353,127.900,pred,block2_B_pred,1,5.1438,2.7778,-1.0170,0.0280,-0.2780,0.0000,-0.5000,0,1.1725,1.2320,0.6941,1.4840,0.5407,105.8,35,0.9397,1.3859,0.2261,1.7008,1.6744,7.1468,0.0014,0,0,1,
140.453,128.000,pred,block2_B_pred,1,5.1440,2.7775,-1.0667,0.0280,-0.3900,0.0000,-0.5000,0,1.1725,1.2320,0.6941,1.4840,0.5407,105.8,35,0.9397,1.3859,0.2261,1.7008,1.6744,7.1468,0.0039,0,0,1,
140.553,128.100,pred,block2_B_pred,1,5.1444,2.7768,-1.1092,-0.0190,-0.2220,0.0000,-0.5000,0,1.1725,1.2320,0.6941,1.4840,0.5407,105.8,35,0.9397,1.3859,0.2261,1.7008,1.6744,7.1468,0.0009,0,0,1,
140.653,128.200,pred,block2_B_pred,1,5.1446,2.7764,-1.1489,-0.0090,-0.0550,0.0000,-0.5000,0,1.1725,1.2320,0.6941,1.4840,0.5407,105.8,35,0.9397,1.3859,0.2261,1.7008,1.6744,7.1468,0.0011,0,0,1,
140.753,128.300,pred,block2_B_pred,1,5.1454,2.7746,-1.1911,0.0720,-0.5010,0.0000,-0.5000,0,1.1725,1.2320,0.6941,1.4840,0.5407,105.8,35,0.9397,1.3859,0.2261,1.7008,1.6744,7.1319,0.0000,0,0,1,
140.853,128.400,pred,block2_B_pred,1,5.1453,2.7749,-1.2384,-0.0340,-0.7610,0.0063,-0.5000,0,1.1725,1.2320,0.6941,1.4840,0.5407,105.8,35,0.9397,1.3859,0.2261,1.7008,1.6744,7.1319,0.0394,0,0,1,
140.953,128.500,pred,block2_B_pred,1,5.1451,2.7755,-1.2763,-0.0380,-0.7430,0.0126,-0.5000,1,1.5073,-1.2928,5.3622,1.5596,4.7954,77.1,35,3.3935,0.1029,0.8478,1.9858,3.3950,7.1319,0.0137,0,1,0,
141.053,128.600,pred,block2_B_pred,1,5.1457,2.7733,-1.3276,-0.0470,-0.6130,0.0000,-0.5000,1,1.7402,-1.4304,5.1984,1.3149,4.4154,77.9,35,3.4571,-0.1170,0.7811,2.2526,3.4591,7.1319,0.0028,0,1,0,
141.153,128.700,pred,block2_B_pred,1,5.1460,2.7721,-1.3721,0.0380,-0.2970,0.0000,-0.5000,1,1.7402,-1.4304,5.1984,1.3149,4.4154,77.9,35,3.4571,-0.1170,0.7811,2.2526,3.4591,7.1319,0.0007,0,1,0,
141.253,128.800,pred,block2_B_pred,1,5.1460,2.7724,-1.4207,-0.0280,-0.5010,0.0000,-0.5000,1,2.0952,-1.5526,5.7499,0.9559,4.4328,71.0,35,3.9068,-0.3594,0.7838,2.6078,3.9233,7.1319,0.0034,0,1,0,
141.353,128.900,pred,block2_B_pred,1,5.1459,2.7729,-1.4634,-0.0250,-0.1850,0.0695,-0.5000,1,2.2930,-1.6905,5.3611,0.1630,3.5845,67.5,35,3.8093,-0.8055,0.6343,2.8488,3.8936,7.1319,0.1912,0,1,0,
141.453,129.000,pred,block2_B_pred,1,5.1462,2.7700,-1.5186,0.0600,-0.5010,0.1074,-0.5000,1,2.2930,-1.6905,5.3611,0.1630,3.5845,67.5,35,3.8093,-0.8055,0.6343,2.8488,3.8936,7.1319,0.2208,0,1,0,
141.553,129.100,pred,block2_B_pred,1,5.1461,2.7711,-1.5833,-0.0340,-0.7980,0.1200,-0.5000,1,2.3673,-1.7563,4.6872,-0.3629,2.7062,67.6,35,3.5137,-1.0914,0.4788,2.9476,3.6793,7.1319,0.2066,0,0,0,
141.653,129.200,pred,block2_B_pred,1,5.1460,2.7668,-1.6435,0.0310,-0.9280,0.1200,-0.5000,1,2.5219,-1.7211,4.6284,-0.3524,2.5121,67.3,35,3.5644,-1.0684,0.4444,3.0532,3.7210,7.1319,0.2280,0,0,0,
141.753,129.300,pred,block2_B_pred,1,5.1455,2.7619,-1.7125,0.0500,-0.8910,0.1137,-0.5000,1,2.5219,-1.7211,4.6284,-0.3524,2.5121,67.3,35,3.5644,-1.0684,0.4444,3.0532,3.7210,7.1242,0.2280,0,0,0,
141.853,129.400,pred,block2_B_pred,1,5.1439,2.7520,-1.7740,0.1010,-0.5940,0.1011,-0.5000,1,2.7495,-1.5924,4.8970,0.0756,2.7192,67.9,35,3.8147,-0.7943,0.4809,3.1774,3.8965,7.1242,0.2400,0,0,0,
141.953,129.501,pred,block2_B_pred,1,5.1409,2.7396,-1.8491,0.1100,-0.6500,0.1200,-0.5000,1,2.9786,-1.4039,5.1814,0.6760,3.0296,68.6,35,4.0743,-0.4051,0.5357,3.2929,4.0944,7.1242,0.2274,0,0,0,
142.053,129.600,pred,block2_B_pred,1,5.1372,2.7280,-1.9210,0.1290,-0.7610,0.1074,-0.5000,1,2.9786,-1.4039,5.1814,0.6760,3.0296,68.6,35,4.0743,-0.4051,0.5357,3.2929,4.0944,7.1242,0.2021,0,0,0,
142.153,129.700,pred,block2_B_pred,1,5.1317,2.7141,-1.9803,0.1580,-0.5200,0.0947,-0.5000,1,2.9786,-1.4039,5.1814,0.6760,3.0296,68.6,35,4.0743,-0.4051,0.5357,3.2929,4.0944,7.1242,0.1984,0,0,0,
142.253,129.800,pred,block2_B_pred,1,5.1271,2.7042,-2.0412,0.0850,-0.5010,0.1200,-0.5000,1,3.0905,-0.9776,3.1062,1.1192,2.0969,107.1,35,3.1777,0.1317,0.4021,3.2415,3.1804,7.1242,0.2274,0,0,1,
142.353,129.900,pred,block2_B_pred,1,5.1212,2.6934,-2.0925,0.1830,-0.1480,0.1137,-0.5000,1,3.0905,-0.9776,3.1062,1.1192,2.0969,107.1,35,3.1777,0.1317,0.4021,3.2415,3.1804,7.1242,0.2147,0,0,1,
142.453,130.000,pred,block2_B_pred,1,5.1159,2.6844,-2.1403,0.0660,-0.3900,0.1074,-0.5000,1,3.1122,-0.5218,2.3778,2.4579,3.0689,113.4,35,2.8134,0.9943,0.5583,3.1556,2.9839,7.1242,0.2021,0,1,1,
142.555,130.102,pred,block2_B_pred,1,5.1111,2.6772,-2.1908,0.0790,-0.4640,0.1011,-0.5000,1,3.1122,-0.5218,2.3778,2.4579,3.0689,113.4,35,2.8134,0.9943,0.5583,3.1556,2.9839,7.1242,0.1895,0,1,1,
142.653,130.200,pred,block2_B_pred,1,5.1062,2.6707,-2.2387,0.0950,-0.5570,0.0947,-0.5000,1,2.9943,-0.0775,3.2724,3.4847,3.5730,87.0,35,3.0925,1.7314,0.6545,2.9953,3.5442,7.1242,0.1883,0,1,0,
142.755,130.302,pred,block2_B_pred,1,5.0998,2.6628,-2.2667,0.0630,-0.2220,0.1200,-0.5000,1,2.8256,0.2420,3.2734,4.1777,3.9611,78.6,35,2.9871,2.2147,0.7151,2.8360,3.7186,7.0234,0.2407,0,1,0,
142.853,130.400,pred,block2_B_pred,1,5.0944,2.6565,-2.3146,0.1010,-0.5940,0.1137,-0.4744,1,2.8256,0.2420,3.2734,4.1777,3.9611,78.6,35,2.9871,2.2147,0.7151,2.8360,3.7186,7.0234,0.2247,0,1,0,
142.954,130.502,pred,block2_B_pred,1,5.0889,2.6508,-2.3614,0.0850,-0.5010,0.1137,-0.4744,1,2.5067,0.4957,2.2272,1.9607,1.4914,89.6,35,2.1600,1.4020,0.3506,2.5552,2.5752,7.0234,0.2147,0,0,0,
143.053,130.600,pred,block2_B_pred,1,5.0808,2.6430,-2.3948,0.0820,-0.3710,0.1074,-0.4231,1,2.2116,0.6411,0.8058,1.4883,1.6414,132.8,35,1.3862,1.2082,0.3619,2.3027,1.8388,7.0234,0.2023,0,0,1,
143.153,130.700,pred,block2_B_pred,1,5.0733,2.6364,-2.4538,0.1010,-0.5940,0.1011,-0.3974,1,2.2116,0.6411,0.8058,1.4883,1.6414,132.8,35,1.3862,1.2082,0.3619,2.3027,1.8388,7.0234,0.1895,0,0,1,
143.253,130.800,pred,block2_B_pred,1,5.0640,2.6291,-2.4965,0.1230,-0.3530,0.1200,-0.3974,1,1.9815,0.7238,-0.0186,1.5968,2.1824,136.4,35,0.9116,1.2438,0.4298,2.1096,1.5422,7.0234,0.2424,0,0,1,
143.353,130.900,pred,block2_B_pred,1,5.0568,2.6239,-2.5451,0.0720,-0.4270,0.1137,-0.3974,1,1.7356,0.7950,-0.5575,1.7687,2.4913,132.4,35,0.5521,1.3262,0.4687,1.9090,1.4366,7.0234,0.2274,0,0,1,
143.453,131.000,pred,block2_B_pred,1,5.0486,2.6186,-2.6027,0.0880,-0.5200,0.1137,-0.3462,1,1.5301,0.8454,-0.8660,1.8643,2.6037,128.0,35,0.3162,1.3759,0.4786,1.7481,1.4118,7.0234,0.2147,0,0,1,
143.554,131.101,pred,block2_B_pred,1,5.0388,2.6129,-2.6349,0.0790,-0.4640,0.1074,-0.3205,1,1.5301,0.8454,-0.8660,1.8643,2.6037,128.0,35,0.3162,1.3759,0.4786,1.7481,1.4118,7.0234,0.2021,0,0,1,
143.653,131.200,pred,block2_B_pred,1,5.0305,2.6085,-2.6851,0.1230,-0.4640,0.1011,-0.2692,1,1.3360,0.8851,-1.0890,1.9579,2.6517,122.6,35,0.1207,1.4269,0.4808,1.6026,1.4320,7.0234,0.1895,0,0,1,
143.775,131.322,pred,block2_B_pred,1,5.0208,2.6038,-2.7200,0.1010,-0.5940,0.1200,-0.3205,1,1.1553,0.9106,-1.2811,1.9258,2.6394,119.1,35,-0.0552,1.4190,0.4744,1.4711,1.4201,6.9375,0.2391,0,0,1,
143.853,131.400,pred,block2_B_pred,1,5.0103,2.5992,-2.7448,0.0570,-0.2970,0.1137,-0.1410,1,1.1553,0.9106,-1.2811,1.9258,2.6394,119.1,35,-0.0552,1.4190,0.4744,1.4711,1.4201,6.9375,0.2274,0,0,1,
143.953,131.500,pred,block2_B_pred,1,5.0001,2.5952,-2.7816,0.1580,-0.2600,0.1137,-0.0897,1,0.9778,0.9174,-1.4365,1.7282,2.5469,118.3,35,-0.2145,1.3268,0.4555,1.3408,1.3441,6.9375,0.2147,0,0,1,
144.054,131.601,pred,block2_B_pred,1,4.9899,2.5916,-2.8057,0.1550,-0.1670,0.1074,-0.1410,1,4.9378,0.8276,7.4226,3.3886,3.5684,36.4,35,6.1536,2.0807,0.6308,5.0067,6.4959,6.9375,0.2021,0,1,0,
144.153,131.700,pred,block2_B_pred,1,4.9784,2.5877,-2.8325,0.0910,-0.4640,0.1011,-0.0897,1,4.9378,0.8276,7.4226,3.3886,3.5684,36.4,35,6.1536,2.0807,0.6308,5.0067,6.4959,6.9375,0.2400,0,1,0,
144.253,131.800,pred,block2_B_pred,1,4.9667,2.5839,-2.8366,0.1770,-0.0370,0.1200,-0.0641,1,4.9499,0.8934,7.1987,3.2179,3.2342,35.7,35,6.0484,2.0325,0.5718,5.0299,6.3807,6.9375,0.2400,0,1,0,
144.353,131.900,pred,block2_B_pred,1,4.9532,2.5798,-2.8462,0.1230,-0.3530,0.1137,-0.0385,1,4.9509,0.9697,6.8862,3.0605,2.8490,36.1,35,5.8970,1.9935,0.5037,5.0449,6.2248,6.9375,0.2274,0,0,0,
144.453,132.000,pred,block2_B_pred,1,4.9408,2.5760,-2.8540,0.1290,-0.2780,0.1074,-0.0641,1,4.9509,0.9697,6.8862,3.0605,2.8490,36.1,35,5.8970,1.9935,0.5037,5.0449,6.2248,6.9375,0.2147,0,0,0,
144.557,132.104,pred,block2_B_pred,1,4.9274,2.5720,-2.8513,0.1480,0.0550,0.1011,-0.0897,1,4.9401,1.0842,6.2557,3.0356,2.3534,43.6,35,5.5918,2.0385,0.4175,5.0577,5.9517,6.9375,0.2021,0,0,0,
144.653,132.200,pred,block2_B_pred,1,4.9165,2.5687,-2.8489,0.1550,-0.0180,0.1200,-0.0641,1,4.9401,1.0842,6.2557,3.0356,2.3534,43.6,35,5.5918,2.0385,0.4175,5.0577,5.9517,6.9375,0.2400,0,0,0,
144.754,132.301,pred,block2_B_pred,1,4.9083,2.5663,-2.8503,0.0380,0.0000,0.1137,-0.0641,1,4.9693,1.2039,5.4365,2.9337,1.7917,61.3,35,5.2251,2.0654,0.3247,5.1131,5.6185,6.9375,0.2274,0,0,0,
144.853,132.400,pred,block2_B_pred,1,4.8978,2.5631,-2.8469,0.1040,-0.2040,0.1074,-0.0641,1,4.9922,1.2880,4.8962,2.6971,1.4124,79.4,35,4.9748,2.0017,0.2580,5.1556,5.3624,6.7983,0.2147,0,0,0,
144.953,132.500,pred,block2_B_pred,1,4.8896,2.5606,-2.8412,0.0950,0.4450,0.1074,-0.0641,1,4.9922,1.2880,4.8962,2.6971,1.4124,79.4,35,4.9748,2.0017,0.2580,5.1556,5.3624,6.7983,0.2021,0,0,0,
145.053,132.600,pred,block2_B_pred,1,4.8803,2.5578,-2.8460,0.0880,-0.3710,0.1011,-0.0897,1,5.0842,1.3419,5.2574,2.1743,0.8502,63.5,35,5.1917,1.8151,0.2306,5.2583,5.4999,6.7983,0.2396,0,0,0,
145.153,132.700,pred,block2_B_pred,1,4.8705,2.5547,-2.8399,0.0980,0.3900,0.1200,-0.1154,1,5.1558,1.3682,5.2684,1.9092,0.5526,63.4,35,5.2257,1.6757,0.2269,5.3343,5.4878,6.7983,0.2400,0,0,0,
145.253,132.800,pred,block2_B_pred,1,4.8623,2.5522,-2.8402,0.0500,-0.1850,0.1137,-0.1154,1,5.1558,1.3682,5.2684,1.9092,0.5526,63.4,35,5.2257,1.6757,0.2269,5.3343,5.4878,6.7983,0.2264,0,0,0,
145.353,132.900,pred,block2_B_pred,1,4.8522,2.5490,-2.8276,0.1070,0.3710,0.1074,-0.1154,1,5.1707,1.3664,5.2439,1.7181,0.3592,63.4,31,5.1707,1.3664,0.2200,5.3482,5.3482,6.7983,0.2147,0,0,0,
145.453,133.001,pred,block2_B_pred,1,4.8436,2.5462,-2.8262,0.0980,-0.4270,0.1074,-0.1410,1,5.1537,1.3580,5.2012,1.5866,0.2335,63.5,31,5.1537,1.3580,0.2200,5.3296,5.3296,6.7983,0.2021,0,0,0,
145.553,133.100,pred,block2_B_pred,1,4.8343,2.5431,-2.8147,0.0690,0.1110,0.1011,-0.1667,1,5.1036,1.3539,5.1345,1.5024,0.1518,63.4,31,5.1036,1.3539,0.2200,5.2801,5.2801,6.7983,0.2021,0,0,0,
145.653,133.200,pred,block2_B_pred,1,4.8228,2.5391,-2.8039,0.1330,0.2220,0.1200,-0.1667,1,5.1036,1.3539,5.1345,1.5024,0.1518,63.4,31,5.1036,1.3539,0.2200,5.2801,5.2801,6.7983,0.2400,0,0,0,
145.753,133.300,pred,block2_B_pred,1,4.8107,2.5349,-2.8050,0.1010,0.2970,0.1200,-0.0641,1,5.0341,1.3530,5.0542,1.4496,0.0986,63.2,31,5.0341,1.3530,0.2200,5.2128,5.2128,6.7983,0.2274,0,0,0,
145.854,133.402,pred,block2_B_pred,1,4.7992,2.5310,-2.8106,0.1260,0.2220,0.1137,-0.0641,1,4.9453,1.3538,4.9584,1.4166,0.0641,62.9,31,4.9453,1.3538,0.2200,5.1273,5.1273,6.6767,0.2274,0,0,0,
145.953,133.501,pred,block2_B_pred,1,4.7888,2.5274,-2.8261,0.1140,-0.4830,0.1200,0.0385,1,4.9453,1.3538,4.9584,1.4166,0.0641,62.9,31,4.9453,1.3538,0.2200,5.1273,5.1273,6.6767,0.2274,0,0,0,
146.053,133.600,pred,block2_B_pred,1,4.7771,2.5237,-2.8325,0.1420,-0.2040,0.1137,0.0385,1,4.8600,1.3504,4.8684,1.3912,0.0417,62.7,31,4.8600,1.3504,0.2200,5.0441,5.0441,6.6767,0.2147,0,0,0,
146.153,133.700,pred,block2_B_pred,1,4.7661,2.5202,-2.8326,0.1200,-0.1850,0.1200,0.0000,1,4.7905,1.3495,4.7960,1.3760,0.0271,62.5,31,4.7905,1.3495,0.2200,4.9769,4.9769,6.6767,0.2400,0,0,0,
146.253,133.801,pred,block2_B_pred,1,4.7542,2.5163,-2.8278,0.1770,-0.0370,0.1200,0.0128,1,4.7905,1.3495,4.7960,1.3760,0.0271,62.5,31,4.7905,1.3495,0.2200,4.9769,4.9769,6.6767,0.2400,0,0,0,
146.355,133.902,pred,block2_B_pred,1,4.7448,2.5133,-2.8315,0.0310,-0.0370,0.1137,0.0000,1,4.7390,1.3541,4.7426,1.3713,0.0176,62.3,31,4.7390,1.3541,0.2200,4.9287,4.9287,6.6767,0.2274,0,0,0,
146.453,134.000,pred,block2_B_pred,1,4.7332,2.5096,-2.8252,0.1070,0.1850,0.1074,0.0128,1,4.6999,1.3637,4.7022,1.3749,0.0114,62.1,31,4.6999,1.3637,0.2200,4.8937,4.8937,6.6767,0.2147,0,0,0,
146.555,134.102,pred,block2_B_pred,1,4.7257,2.5071,-2.8345,0.0790,-0.3150,0.1011,0.0000,1,4.6695,1.3754,4.6710,1.3827,0.0074,61.8,31,4.6999,1.3637,0.2200,4.8678,4.8937,6.6767,0.2400,0,0,0,
146.653,134.200,pred,block2_B_pred,1,4.7171,2.5044,-2.8389,0.1070,0.3340,0.1200,-0.0128,1,4.6695,1.3754,4.6710,1.3827,0.0074,61.8,31,4.6695,1.3754,0.2200,4.8678,4.8678,6.6767,0.2400,0,0,0,
146.753,134.300,pred,block2_B_pred,1,4.7091,2.5020,-2.8460,0.1170,-0.2040,0.1200,-0.0128,1,4.6456,1.3892,4.6466,1.3940,0.0048,61.6,31,4.6456,1.3892,0.2200,4.8489,4.8489,6.6767,0.2274,0,0,0,
146.875,134.422,pred,block2_B_pred,1,4.6998,2.4992,-2.8419,0.1100,0.3900,0.1137,-0.0128,1,4.6271,1.4071,4.6277,1.4102,0.0031,61.3,31,4.6271,1.4071,0.2200,4.8363,4.8363,6.5438,0.2274,0,0,0,
146.953,134.500,pred,block2_B_pred,1,4.6900,2.4962,-2.8440,0.0790,-0.0550,0.0947,0.1154,1,4.6271,1.4071,4.6277,1.4102,0.0031,61.3,31,4.6271,1.4071,0.2200,4.8363,4.8363,6.5438,0.1895,0,0,0,
147.054,134.601,pred,block2_B_pred,1,4.6777,2.4924,-2.8477,0.1610,-0.0920,0.0884,0.2179,1,4.6109,1.4252,4.6113,1.4272,0.0020,61.1,31,4.6109,1.4252,0.2200,4.8261,4.8261,6.5438,0.1768,0,0,0,
147.156,134.704,pred,block2_B_pred,1,4.6672,2.4893,-2.8532,0.1230,-0.0180,0.1011,0.0897,1,4.5936,1.4447,4.5939,1.4460,0.0013,60.8,31,4.5936,1.4447,0.2200,4.8154,4.8154,6.5438,0.2147,0,0,0,
147.253,134.800,pred,block2_B_pred,1,4.6563,2.4860,-2.8476,0.0950,-0.2970,0.0947,0.0897,1,4.5936,1.4447,4.5939,1.4460,0.0013,60.8,31,4.5936,1.4447,0.2200,4.8154,4.8154,6.5438,0.1768,0,0,0,
147.353,134.900,pred,block2_B_pred,1,4.6449,2.4825,-2.8454,0.1710,0.0370,0.0884,0.1154,1,4.5744,1.4648,4.5746,1.4657,0.0009,0.0,31,4.5744,1.4648,0.2200,4.8032,4.8032,6.5438,0.1642,0,0,0,
147.453,135.000,pred,block2_B_pred,1,4.6363,2.4799,-2.8454,0.0340,-0.1300,0.0947,0.2754,1,4.5526,1.4843,4.5527,1.4848,0.0006,0.0,31,4.5526,1.4843,0.2200,4.7884,4.7884,6.5438,0.2400,0,0,0,
147.553,135.100,pred,block2_B_pred,1,4.6259,2.4767,-2.8424,0.1520,0.0370,0.1011,0.2436,1,4.5526,1.4843,4.5527,1.4848,0.0006,0.0,31,4.5526,1.4843,0.2200,4.7884,4.7884,6.5438,0.1895,0,0,0,
147.653,135.200,pred,block2_B_pred,1,4.6175,2.4741,-2.8525,0.0380,-0.1480,0.0947,0.2179,1,4.5298,1.5024,4.5299,1.5027,0.0004,0.0,31,4.5298,1.5024,0.2200,4.7724,4.7724,6.5438,0.1895,0,0,0,
147.753,135.300,pred,block2_B_pred,1,4.6098,2.4718,-2.8387,0.0600,0.3150,0.0884,0.1923,1,4.5071,1.5183,4.5071,1.5185,0.0002,0.0,31,4.5071,1.5183,0.2200,4.7559,4.7559,6.5438,0.2400,0,0,0,
147.853,135.400,pred,block2_B_pred,1,4.5990,2.4684,-2.8213,0.1420,0.0920,0.1200,0.1410,1,4.5071,1.5183,4.5071,1.5185,0.0002,0.0,31,4.5071,1.5183,0.2200,4.7559,4.7559,6.5438,0.2274,0,0,0,
147.953,135.500,pred,block2_B_pred,1,4.5898,2.4653,-2.8116,0.1100,-0.2780,0.0821,0.2497,1,4.4848,1.5283,4.4848,1.5285,0.0002,0.0,31,4.4848,1.5283,0.2200,4.7380,4.7380,6.4337,0.2147,0,0,0,
148.057,135.604,pred,block2_B_pred,1,4.5786,2.4613,-2.7897,0.1610,-0.0550,0.1011,-0.0128,1,4.4693,1.5265,4.4693,1.5266,0.0001,0.0,31,4.4848,1.5283,0.2200,4.7228,4.7380,6.4337,0.2021,0,0,0,
148.153,135.700,pred,block2_B_pred,1,4.5692,2.4577,-2.7645,0.1360,0.2040,0.0947,0.1472,1,4.4693,1.5265,4.4693,1.5266,0.0001,0.0,31,4.4693,1.5265,0.2200,4.7228,4.7228,6.4337,0.1799,0,0,0,
148.253,135.800,pred,block2_B_pred,1,4.5630,2.4551,-2.7404,0.0980,-0.0180,0.0884,0.2692,1,4.4661,1.5096,4.4661,1.5097,0.0001,0.0,31,4.4661,1.5096,0.2200,4.7144,4.7144,6.4337,0.1751,0,0,0,
148.353,135.900,pred,block2_B_pred,1,4.5543,2.4512,-2.7118,0.1360,0.0180,0.0695,0.1349,1,4.4661,1.5096,4.4661,1.5097,0.0001,0.0,31,4.4661,1.5096,0.2200,4.7144,4.7144,6.4337,0.1642,0,0,0,
148.453,136.000,pred,block2_B_pred,1,4.5479,2.4483,-2.6810,0.0760,0.4450,0.0821,0.2692,1,4.4775,1.4740,4.4775,1.4740,0.0000,0.0,31,4.4775,1.4740,0.2200,4.7139,4.7139,6.4337,0.1516,0,0,0,
148.553,136.100,pred,block2_B_pred,1,4.5408,2.4448,-2.6751,0.0150,0.0920,0.0821,0.3205,1,4.4918,1.4214,4.4918,1.4214,0.0000,0.0,31,4.4918,1.4214,0.2200,4.7114,4.7114,6.4337,0.1516,0,0,0,
148.653,136.200,pred,block2_B_pred,1,4.5335,2.4410,-2.6543,0.0530,0.0550,0.0695,0.2179,1,4.4918,1.4214,4.4918,1.4214,0.0000,0.0,31,4.4918,1.4214,0.2200,4.7114,4.7114,6.4337,0.1409,0,0,0,
148.753,136.300,pred,block2_B_pred,1,4.5291,2.4386,-2.6268,0.0850,0.5010,0.0632,0.2436,1,4.4999,1.3563,4.4999,1.3563,0.0000,0.0,31,4.4999,1.3563,0.2200,4.6999,4.6999,6.4337,0.1372,0,0,0,
148.853,136.400,pred,block2_B_pred,1,4.5220,2.4345,-2.6139,0.0440,-0.0370,0.1074,0.0836,1,4.4945,1.2797,4.4945,1.2797,0.0000,0.0,31,4.4945,1.2797,0.2200,4.6731,4.6731,6.4337,0.2021,0,0,0,
148.953,136.500,pred,block2_B_pred,1,4.5194,2.4329,-2.5966,0.0090,0.0550,0.0632,0.0836,1,4.4945,1.2797,4.4945,1.2797,0.0000,0.0,31,4.4945,1.2797,0.2200,4.6731,4.6731,6.5128,0.1252,0,0,0,
149.053,136.600,pred,block2_B_pred,1,4.5144,2.4298,-2.5803,0.0980,-0.3530,0.1011,0.0579,1,4.4802,1.1970,4.4802,1.1970,0.0000,0.0,31,4.4802,1.1970,0.2200,4.6374,4.6374,6.5128,0.2020,0,0,0,
149.153,136.700,pred,block2_B_pred,1,4.5098,2.4269,-2.5575,0.0820,0.4830,0.1200,-0.1410,1,4.4574,1.1132,4.4574,1.1132,0.0000,0.0,31,4.4574,1.1132,0.2200,4.5943,4.5943,6.5128,0.2335,0,0,0,
149.255,136.802,pred,block2_B_pred,1,4.5033,2.4225,-2.5527,0.0500,-0.0740,0.1200,-0.2949,1,4.4574,1.1132,4.4574,1.1132,0.0000,0.0,31,4.4574,1.1132,0.2200,4.5943,4.5943,6.5128,0.2400,0,0,0,
149.353,136.900,pred,block2_B_pred,1,4.4991,2.4197,-2.5246,0.0760,0.4450,0.1200,-0.2949,1,4.4284,1.0319,4.4284,1.0319,0.0000,0.0,31,4.4284,1.0319,0.2200,4.5470,4.5470,6.5128,0.2318,0,0,0,
149.453,137.000,pred,block2_B_pred,1,4.4927,2.4151,-2.5145,0.0410,0.1300,0.1137,-0.2692,1,4.4370,0.9597,4.4370,0.9597,0.0000,0.0,31,4.4370,0.9597,0.2200,4.5396,4.5396,6.5128,0.2241,0,0,0,
149.555,137.102,pred,block2_B_pred,1,4.4840,2.4088,-2.5183,0.1290,0.0180,0.1137,-0.3718,1,4.4370,0.9597,4.4370,0.9597,0.0000,0.0,31,4.4370,0.9597,0.2200,4.5396,4.5396,6.5128,0.2147,0,0,0,
149.654,137.201,pred,block2_B_pred,1,4.4728,2.4008,-2.5206,0.1640,0.1480,0.1074,-0.2436,1,4.4743,0.8948,4.4743,0.8948,0.0000,0.0,31,4.4743,0.8948,0.2200,4.5629,4.5629,6.5128,0.2021,0,0,0,
149.753,137.300,pred,block2_B_pred,1,4.4583,2.3905,-2.5354,0.1960,-0.2600,0.1011,-0.2179,1,4.5976,0.8452,4.5976,0.8452,0.0000,0.0,31,4.5976,0.8452,0.2200,4.6746,4.6746,6.5128,0.2426,0,0,0,
149.853,137.400,pred,block2_B_pred,1,4.4447,2.3812,-2.5643,0.1420,-0.5380,0.1200,-0.2179,1,4.5976,0.8452,4.5976,0.8452,0.0000,0.0,31,4.5976,0.8452,0.2200,4.6746,4.6746,6.5128,0.2400,0,0,0,
149.957,137.504,pred,block2_B_pred,1,4.4322,2.3733,-2.5970,0.1420,-0.2410,0.1137,-0.1154,1,4.7667,0.8089,4.7667,0.8089,0.0000,0.0,31,4.7667,0.8089,0.2200,4.8349,4.8349,6.4044,0.2274,0,0,0,
150.056,137.603,pred,block2_B_pred,1,4.4225,2.3676,-2.6234,0.0910,-0.3530,0.1074,-0.0897,1,4.8536,0.8120,4.8536,0.8120,0.0000,0.0,31,4.7667,0.8089,0.2200,4.9211,4.8349,6.4044,0.2021,0,0,0,
150.153,137.700,pred,block2_B_pred,1,4.4134,2.3625,-2.6517,0.0690,-0.4080,0.1200,-0.1410,1,4.8536,0.8120,4.8536,0.8120,0.0000,0.0,31,4.8536,0.8120,0.2200,4.9211,4.9211,6.4044,0.1895,0,0,0,
150.253,137.800,pred,block2_B_pred,1,4.4061,2.3587,-2.6710,0.0280,-0.1670,0.1200,-0.0897,1,4.8263,0.8693,4.9588,1.1083,0.2732,50.8,35,4.8886,0.9876,0.2229,4.9040,4.9874,6.4044,0.2400,0,0,0,
150.353,137.900,pred,block2_B_pred,1,4.4010,2.3562,-2.6883,0.0570,-0.2970,0.1137,-0.1154,1,4.8263,0.8693,4.9588,1.1083,0.2732,50.8,35,4.8886,0.9876,0.2229,4.9040,4.9874,6.4044,0.2274,0,0,0,
150.453,138.000,pred,block2_B_pred,1,4.3964,2.3539,-2.6900,0.0910,-0.0180,0.1137,-0.1154,1,4.7606,0.9731,4.9933,1.4815,0.5591,53.9,35,4.8725,1.2228,0.2260,4.8591,5.0236,6.4044,0.2274,0,0,0,
150.553,138.100,pred,block2_B_pred,1,4.3919,2.3518,-2.7127,0.0190,-0.0740,0.1074,-0.1154,1,4.6737,1.0918,5.0000,1.7975,0.7776,52.0,35,4.8308,1.4383,0.2283,4.7995,5.0404,6.4044,0.2147,0,0,0,
150.653,138.200,pred,block2_B_pred,1,4.3850,2.3486,-2.7246,0.0760,-0.4450,0.1074,-0.1410,1,4.6737,1.0918,5.0000,1.7975,0.7776,52.0,35,4.8308,1.4383,0.2283,4.7995,5.0404,6.4044,0.2147,0,0,0,
150.753,138.300,pred,block2_B_pred,1,4.3767,2.3450,-2.7433,0.0880,-0.5200,0.1200,-0.0128,1,4.6202,1.2338,5.1051,2.1087,1.0003,46.1,35,4.8528,1.6646,0.2306,4.7821,5.1303,6.4044,0.2400,0,0,0,
150.853,138.400,pred,block2_B_pred,1,4.3669,2.3410,-2.7641,0.0760,-0.3710,0.1137,0.0000,1,4.5772,1.3911,5.2125,2.3847,1.1793,40.5,35,4.8822,1.8810,0.2323,4.7839,5.2321,6.4044,0.2400,0,0,0,
150.953,138.500,pred,block2_B_pred,1,4.3608,2.3386,-2.7827,0.0760,-0.4080,0.1200,0.0000,1,4.5143,1.5504,5.2270,2.6148,1.2810,37.2,35,4.8578,2.0747,0.2333,4.7731,5.2823,6.4044,0.2400,0,0,0,
151.053,138.600,pred,block2_B_pred,1,4.3525,2.3355,-2.8127,0.0530,-0.3150,0.1200,0.0385,1,4.5143,1.5504,5.2270,2.6148,1.2810,37.2,35,4.8578,2.0747,0.2333,4.7731,5.2823,6.2990,0.2400,0,0,0,
151.153,138.700,pred,block2_B_pred,1,4.3415,2.3319,-2.8435,0.0950,-0.4830,0.1137,0.0385,1,4.4255,1.7095,5.1539,2.7916,1.3043,34.9,35,4.7777,2.2418,0.2335,4.7442,5.2775,6.2990,0.2274,0,0,0,
151.255,138.802,pred,block2_B_pred,1,4.3300,2.3284,-2.8580,0.1330,-0.2970,0.1137,0.0641,1,4.3106,1.8800,4.9124,3.0138,1.2836,38.5,35,4.6063,2.4354,0.2336,4.7028,5.2104,6.2990,0.2400,0,0,0,
151.353,138.900,pred,block2_B_pred,1,4.3203,2.3257,-2.8750,0.0820,-0.1480,0.1074,0.0897,1,4.3106,1.8800,4.9124,3.0138,1.2836,38.5,35,4.6063,2.4354,0.2336,4.7028,5.2104,6.2990,0.2021,0,0,0,
151.453,139.000,pred,block2_B_pred,1,4.3081,2.3224,-2.8865,0.1100,-0.2780,0.1200,0.0641,1,4.1845,2.0508,4.6593,3.2474,1.2874,42.3,35,4.4216,2.6359,0.2338,4.6600,5.1476,6.2990,0.2400,0,0,0,
151.553,139.100,pred,block2_B_pred,1,4.2951,2.3190,-2.8913,0.1640,-0.1480,0.1200,0.0641,1,4.0847,2.2308,4.4791,3.5395,1.3668,44.6,35,4.2828,2.8705,0.2420,4.6542,5.1558,6.2990,0.2400,0,0,0,
151.653,139.201,pred,block2_B_pred,1,4.2822,2.3156,-2.8828,0.1200,0.1480,0.1137,0.0641,1,4.0847,2.2308,4.4791,3.5395,1.3668,44.6,35,4.2828,2.8705,0.2420,4.6542,5.1558,6.2990,0.2274,0,0,0,
151.753,139.300,pred,block2_B_pred,1,4.2704,2.3125,-2.8791,0.1640,0.0370,0.1074,0.0641,1,4.0482,2.4048,4.3944,3.8678,1.5034,46.0,35,4.2228,3.1200,0.2660,4.7086,5.2504,6.2990,0.2147,0,0,0,
151.853,139.400,pred,block2_B_pred,1,4.2603,2.3097,-2.8605,0.0820,0.2600,0.1200,0.1410,1,4.0672,2.5515,4.3385,4.1175,1.5893,48.1,35,4.2069,3.3170,0.2811,4.8013,5.3573,6.2990,0.2274,0,0,0,
151.953,139.500,pred,block2_B_pred,1,4.2528,2.3076,-2.8542,0.0600,0.1670,0.1137,0.1154,1,4.0672,2.5515,4.3385,4.1175,1.5893,48.1,35,4.2069,3.3170,0.2811,4.8013,5.3573,6.2990,0.2274,0,0,0,
152.053,139.600,pred,block2_B_pred,1,4.2401,2.3038,-2.8609,0.1520,0.1110,0.1137,0.1154,1,4.0586,2.6378,4.3947,3.3871,0.8212,32.8,35,4.2954,3.0797,0.2308,4.8405,5.2853,6.2171,0.2400,0,0,0,
152.154,139.701,pred,block2_B_pred,1,4.2330,2.3018,-2.8524,0.0880,0.3710,0.1011,0.0323,1,4.0129,2.6594,4.2314,3.1464,0.5338,32.3,35,4.2954,3.0797,0.2308,4.8141,5.2853,6.2171,0.2274,0,0,0,
152.253,139.800,pred,block2_B_pred,1,4.2233,2.2988,-2.8413,0.1670,0.0550,0.1137,0.0897,1,4.0129,2.6594,4.2314,3.1464,0.5338,32.3,35,4.1668,2.9466,0.2270,4.8141,5.1034,6.2171,0.2274,0,0,0,
152.354,139.901,pred,block2_B_pred,1,4.2135,2.2958,-2.8294,0.0760,-0.1480,0.1200,-0.0128,1,3.9466,2.6382,4.0886,2.9548,0.3470,32.1,31,3.9466,2.6382,0.2200,4.7472,4.7472,6.2171,0.2400,0,0,0,
152.453,140.000,pred,block2_B_pred,1,4.2033,2.2924,-2.8102,0.1170,0.1300,0.1137,0.0641,1,3.9466,2.6382,4.0886,2.9548,0.3470,32.1,31,3.9466,2.6382,0.2200,4.7472,4.7472,6.2171,0.2400,0,0,0,
152.553,140.100,pred,block2_B_pred,1,4.1937,2.2890,-2.8005,0.1550,0.1300,0.1200,-0.0128,1,3.8832,2.6063,3.9755,2.8121,0.2255,32.0,31,3.8832,2.6063,0.2200,4.6768,4.6768,6.2171,0.2274,0,0,0,
152.653,140.200,pred,block2_B_pred,1,4.1840,2.2855,-2.7804,0.1040,0.3900,0.1200,0.0000,1,3.8497,2.5518,3.9097,2.6855,0.1466,32.3,31,3.8497,2.5518,0.2200,4.6187,4.6187,6.2171,0.2400,0,0,0,
152.753,140.300,pred,block2_B_pred,1,4.1746,2.2819,-2.7581,0.1040,0.5010,0.1200,0.0000,1,3.8497,2.5518,3.9097,2.6855,0.1466,32.3,31,3.8497,2.5518,0.2200,4.6187,4.6187,6.2171,0.2274,0,0,0,
152.853,140.400,pred,block2_B_pred,1,4.1636,2.2774,-2.7455,0.1070,0.2600,0.1200,-0.0128,1,3.8390,2.4731,3.8708,2.3237,0.1527,-110.8,35,3.8656,2.4087,0.2215,4.5666,4.5546,6.2171,0.2400,0,0,1,
152.953,140.500,pred,block2_B_pred,1,4.1549,2.2737,-2.7362,0.1480,0.0550,0.1200,-0.0128,1,3.8337,2.3627,3.8204,1.8979,0.4649,-123.3,35,3.8370,2.1407,0.2246,4.5032,4.3938,6.2171,0.2021,0,0,1,
153.069,140.616,pred,block2_B_pred,1,4.1433,2.2687,-2.7251,0.0950,0.3340,0.1011,-0.0897,1,3.8235,2.2391,3.7523,1.4841,0.7584,-125.7,35,3.7977,1.8729,0.2278,4.4309,4.2344,6.1641,0.2021,0,0,1,
153.153,140.700,pred,block2_B_pred,1,4.1352,2.2651,-2.7069,0.0630,0.2970,0.1074,-0.0128,1,3.8235,2.2391,3.7523,1.4841,0.7584,-125.7,35,3.7977,1.8729,0.2278,4.4309,4.2344,6.1641,0.2274,0,0,1,
153.254,140.801,pred,block2_B_pred,1,4.1238,2.2598,-2.7024,0.0910,0.0550,0.1137,0.0128,1,3.8022,2.0984,3.6235,1.0914,1.0227,-129.0,35,3.7241,1.6069,0.2308,4.3428,4.0560,6.1641,0.2274,0,0,1,
153.353,140.900,pred,block2_B_pred,1,4.1130,2.2546,-2.7054,0.1140,-0.2600,0.1074,-0.0128,1,3.8022,2.0984,3.6235,1.0914,1.0227,-129.0,35,3.7241,1.6069,0.2308,4.3428,4.0560,6.1641,0.2400,0,0,1,
153.453,141.000,pred,block2_B_pred,1,4.1008,2.2489,-2.6962,0.1480,0.0180,0.1200,0.0128,1,3.7769,1.9565,3.4905,0.7434,1.2464,-130.7,35,3.6460,1.3628,0.2333,4.2535,3.8924,6.1641,0.2400,0,0,1,
153.553,141.100,pred,block2_B_pred,1,4.0908,2.2441,-2.7014,0.0530,-0.0180,0.0695,-0.0385,1,3.7467,1.8061,3.3515,0.4352,1.4267,-131.8,35,3.5619,1.1343,0.2517,4.1593,3.7381,6.1641,0.2147,0,0,1,
153.653,141.200,pred,block2_B_pred,1,4.0798,2.2389,-2.7032,0.0760,-0.0740,0.0632,-0.0385,1,3.7467,1.8061,3.3515,0.4352,1.4267,-131.8,35,3.5619,1.1343,0.2517,4.1593,3.7381,6.1641,0.2021,0,0,1,
153.753,141.300,pred,block2_B_pred,1,4.0706,2.2346,-2.7002,0.0760,-0.0740,0.1074,-0.0128,1,3.7124,1.6573,3.1750,0.2094,1.5445,-134.4,35,3.4588,0.9464,0.2727,4.0656,3.5859,6.1641,0.2147,0,0,1,
153.854,141.401,pred,block2_B_pred,1,4.0603,2.2297,-2.6895,0.1610,0.0180,0.1011,-0.1154,1,3.6732,1.5198,3.0488,0.0960,1.5547,-136.2,35,3.3762,0.8202,0.2746,3.9752,3.4744,6.1641,0.2021,0,0,1,
153.953,141.500,pred,block2_B_pred,1,4.0530,2.2261,-2.6961,0.0340,-0.0920,0.1200,-0.0641,1,3.6732,1.5198,3.0488,0.0960,1.5547,-136.2,35,3.3762,0.8202,0.2746,3.9752,3.4744,6.1641,0.2400,0,0,1,
154.053,141.600,pred,block2_B_pred,1,4.0463,2.2229,-2.7084,0.0850,-0.5010,0.1137,-0.0641,1,3.6324,1.4027,3.0159,-0.0259,1.5559,-134.5,35,3.3348,0.7024,0.2749,3.8938,3.4079,6.1641,0.2274,0,0,1,
154.153,141.700,pred,block2_B_pred,1,4.0374,2.2188,-2.7121,0.0850,0.2780,0.1200,0.0385,1,3.5909,1.3020,3.0337,-0.1055,1.5139,-131.5,35,3.3183,0.6134,0.2676,3.8197,3.3745,6.0256,0.2147,0,0,1,
154.253,141.800,pred,block2_B_pred,1,4.0292,2.2151,-2.7224,0.0630,-0.0370,0.1074,-0.0641,1,3.5909,1.3020,3.0337,-0.1055,1.5139,-131.5,35,3.3183,0.6134,0.2676,3.8197,3.3745,6.0256,0.2147,0,0,1,
154.353,141.900,pred,block2_B_pred,1,4.0204,2.2113,-2.7432,0.0600,-0.0920,0.1074,0.0959,1,3.5482,1.2123,3.0686,-0.1258,1.4215,-128.6,35,3.3118,0.5581,0.2513,3.7496,3.3585,6.0256,0.2274,0,0,1,
154.453,142.000,pred,block2_B_pred,1,4.0097,2.2069,-2.7558,0.1170,0.2780,0.1200,0.0128,1,3.5482,1.2123,3.0686,-0.1258,1.4215,-128.6,35,3.3118,0.5581,0.2513,3.7496,3.3585,6.0256,0.2400,0,0,1,
154.553,142.100,pred,block2_B_pred,1,4.0003,2.2032,-2.7636,0.0880,-0.0370,0.1137,0.0128,1,3.5033,1.1460,3.0854,-0.1140,1.3275,-126.5,35,3.2968,0.5301,0.2347,3.6860,3.3391,6.0256,0.2400,0,0,1,
154.653,142.200,pred,block2_B_pred,1,3.9910,2.1995,-2.7825,0.0570,-0.0370,0.1200,0.1985,1,3.5033,1.1460,3.0854,-0.1140,1.3275,-126.5,35,3.2968,0.5301,0.2347,3.6860,3.3391,6.0256,0.2400,0,0,1,
154.753,142.300,pred,block2_B_pred,1,3.9807,2.1958,-2.7958,0.1010,0.1110,0.1137,0.0385,1,3.4582,1.1051,3.1301,0.0038,1.1492,-124.3,35,3.2954,0.5668,0.2323,3.6305,3.3438,6.0256,0.2274,0,0,1,
154.853,142.400,pred,block2_B_pred,1,3.9714,2.1925,-2.8073,0.0570,-0.1850,0.1074,0.0897,1,3.4115,1.0875,3.1982,0.3716,0.7470,-124.3,35,3.3057,0.7376,0.2280,3.5806,3.3870,6.0256,0.2147,0,0,1,
154.953,142.500,pred,block2_B_pred,1,3.9621,2.1892,-2.8099,0.1230,-0.0180,0.1200,0.0641,1,3.4115,1.0875,3.1982,0.3716,0.7470,-124.3,35,3.3057,0.7376,0.2280,3.5806,3.3870,6.0256,0.2391,0,0,1,
155.053,142.600,pred,block2_B_pred,1,3.9530,2.1861,-2.8214,0.1200,-0.3710,0.1200,0.0641,1,3.3607,1.0821,3.2221,0.6167,0.4855,-124.4,35,3.2920,0.8546,0.2252,3.5306,3.4011,6.0256,0.2400,0,0,1,
155.153,142.700,pred,block2_B_pred,1,3.9428,2.1828,-2.8329,0.1710,0.0000,0.1200,0.0641,1,3.3100,1.0854,3.2199,0.7829,0.3156,-124.7,31,3.3100,1.0854,0.2200,3.4834,3.4834,5.9105,0.2400,0,0,1,
155.253,142.800,pred,block2_B_pred,1,3.9319,2.1794,-2.8314,0.1610,0.1670,0.1137,0.1410,1,3.3100,1.0854,3.2199,0.7829,0.3156,-124.7,31,3.3100,1.0854,0.2200,3.4834,3.4834,5.9105,0.2400,0,0,1,
155.353,142.900,pred,block2_B_pred,1,3.9202,2.1756,-2.8240,0.1390,0.0370,0.1200,0.1667,1,3.2606,1.0871,3.2020,0.8905,0.2051,-125.0,31,3.2606,1.0871,0.2200,3.4371,3.4371,5.9105,0.2274,0,0,1,
155.453,143.000,pred,block2_B_pred,1,3.9075,2.1714,-2.8188,0.0630,0.1110,0.1200,0.1154,1,3.2192,1.0823,3.1811,0.9545,0.1333,-125.2,31,3.2192,1.0823,0.2200,3.3963,3.3963,5.9105,0.2400,0,0,0,
155.553,143.100,pred,block2_B_pred,1,3.8939,2.1667,-2.8091,0.1390,0.1850,0.1137,0.1154,1,3.2192,1.0823,3.1811,0.9545,0.1333,-125.2,31,3.2192,1.0823,0.2200,3.3963,3.3963,5.9105,0.2400,0,0,0,
155.654,143.201,pred,block2_B_pred,1,3.8824,2.1627,-2.7939,0.1290,-0.2040,0.1200,0.0897,1,3.1857,1.0612,3.1609,0.9781,0.0867,-125.0,31,3.1857,1.0612,0.2200,3.3578,3.3578,5.9105,0.2274,0,0,0,
155.753,143.300,pred,block2_B_pred,1,3.8713,2.1586,-2.7743,0.0820,0.3710,0.1200,0.1667,1,3.1592,1.0252,3.1431,0.9712,0.0563,-124.6,31,3.1592,1.0252,0.2200,3.3214,3.3214,5.9105,0.2400,0,0,0,
155.854,143.401,pred,block2_B_pred,1,3.8599,2.1542,-2.7680,0.1740,0.0550,0.1200,0.1410,1,3.1359,0.9726,3.0676,0.7148,0.2666,-122.1,35,3.1028,0.8464,0.2229,3.2833,3.2161,5.9105,0.2274,0,0,1,
155.953,143.500,pred,block2_B_pred,1,3.8503,2.1503,-2.7501,0.0980,0.3900,0.1200,0.0897,1,3.1359,0.9726,3.0676,0.7148,0.2666,-122.1,35,3.1028,0.8464,0.2229,3.2833,3.2161,5.9105,0.2274,0,0,1,
156.053,143.600,pred,block2_B_pred,1,3.8419,2.1468,-2.7354,0.0950,0.5200,0.1137,0.0897,1,3.1161,0.9058,2.9890,0.4653,0.4584,-122.3,35,3.0548,0.6900,0.2249,3.2451,3.1317,5.9105,0.2274,0,0,1,
156.169,143.716,pred,block2_B_pred,1,3.8314,2.1423,-2.7280,0.1670,0.0920,0.1074,0.0897,1,3.0972,0.8211,2.9036,0.2122,0.6390,-122.5,35,3.0039,0.5227,0.2268,3.2042,3.0491,5.7896,0.2400,0,0,1,
156.253,143.800,pred,block2_B_pred,1,3.8211,2.1377,-2.7180,0.1260,0.2600,0.1074,-0.0128,1,3.0972,0.8211,2.9036,0.2122,0.6390,-122.5,35,3.0039,0.5227,0.2268,3.2042,3.0491,5.7896,0.2147,0,0,1,
156.353,143.900,pred,block2_B_pred,1,3.8124,2.1337,-2.6916,0.1100,0.4640,0.1200,-0.0641,1,3.0711,0.7248,2.8149,-0.0564,0.8222,-121.4,35,2.9471,0.3421,0.2288,3.1555,2.9669,5.7896,0.2400,0,0,1,
156.455,144.002,pred,block2_B_pred,1,3.8023,2.1288,-2.6820,0.1710,0.0370,0.1200,-0.0641,1,3.0711,0.7248,2.8149,-0.0564,0.8222,-121.4,35,2.9471,0.3421,0.2288,3.1555,2.9669,5.7896,0.2400,0,0,1,
156.553,144.100,pred,block2_B_pred,1,3.7922,2.1237,-2.6667,0.1520,0.1480,0.1137,-0.0641,1,3.0325,0.6065,2.7637,-0.3549,0.9982,-116.9,35,2.9006,0.1361,0.2307,3.0926,2.9038,5.7896,0.2400,0,0,1,
156.654,144.201,pred,block2_B_pred,1,3.7836,2.1192,-2.6437,0.0760,0.2970,0.1200,-0.0128,1,2.9924,0.4947,2.7589,-0.6111,1.1302,-111.3,35,2.8749,-0.0460,0.2321,3.0330,2.8753,5.7896,0.2274,0,0,1,
156.753,144.301,pred,block2_B_pred,1,3.7748,2.1144,-2.6374,0.1610,0.0550,0.1137,-0.0128,1,2.9924,0.4947,2.7589,-0.6111,1.1302,-111.3,35,2.8749,-0.0460,0.2321,3.0330,2.8753,5.7896,0.2274,0,0,1,
156.853,144.400,pred,block2_B_pred,1,3.7636,2.1082,-2.6300,0.1140,0.3340,0.1074,-0.0128,1,2.9553,0.3844,2.7200,-0.8030,1.2105,-108.6,35,2.8377,-0.1963,0.2329,2.9801,2.8445,5.7896,0.2400,0,0,1,
156.953,144.500,pred,block2_B_pred,1,3.7538,2.1027,-2.6237,0.1200,-0.2220,0.1200,-0.0641,1,2.9480,0.2888,2.6570,-0.9038,1.2275,-109.3,35,2.8067,-0.2953,0.2331,2.9621,2.8222,5.7896,0.2400,0,0,1,
157.053,144.600,pred,block2_B_pred,1,3.7435,2.0968,-2.6222,0.1100,-0.1670,0.1200,-0.0641,1,2.9480,0.2888,2.6570,-0.9038,1.2275,-109.3,35,2.8067,-0.2953,0.2331,2.9621,2.8222,5.7896,0.2400,0,0,1,
157.153,144.700,pred,block2_B_pred,1,3.7318,2.0901,-2.6266,0.0600,0.0180,0.1137,-0.0897,1,2.9359,0.1967,2.5983,-0.9764,1.2207,-109.9,35,2.7732,-0.3784,0.2331,2.9425,2.7989,5.7896,0.2274,0,0,1,
157.253,144.801,pred,block2_B_pred,1,3.7204,2.0837,-2.6221,0.1140,0.0740,0.1074,-0.0897,1,2.9359,0.1967,2.5983,-0.9764,1.2207,-109.9,35,2.7732,-0.3784,0.2331,2.9425,2.7989,5.6232,0.2147,0,0,1,
157.353,144.900,pred,block2_B_pred,1,3.7078,2.0764,-2.6232,0.1710,-0.0740,0.1011,0.0385,1,2.9142,0.1118,2.5621,-1.0301,1.1949,-109.3,35,2.7439,-0.4477,0.2328,2.9163,2.7802,5.6232,0.2400,0,0,1,
157.454,145.001,pred,block2_B_pred,1,3.6979,2.0708,-2.6333,0.1360,-0.3530,0.1200,0.0897,1,2.8910,0.0479,2.5433,-1.0493,1.1509,-108.5,35,2.7221,-0.4895,0.2323,2.8914,2.7658,5.6232,0.2274,0,0,1,
157.553,145.100,pred,block2_B_pred,1,3.6882,2.0654,-2.6357,0.0690,-0.1480,0.1200,0.0897,1,2.8539,0.0021,2.5763,-0.4998,0.5736,-119.0,35,2.6559,-0.2820,0.2273,2.8539,2.6708,5.6232,0.2400,0,0,1,
157.653,145.200,pred,block2_B_pred,1,3.6804,2.0612,-2.6529,0.1010,-0.4450,0.1137,0.0897,1,2.8539,0.0021,2.5763,-0.4998,0.5736,-119.0,35,2.6559,-0.2820,0.2273,2.8539,2.6708,5.6232,0.2274,0,0,1,
157.753,145.300,pred,block2_B_pred,1,3.6725,2.0569,-2.6473,0.0910,0.3150,0.1137,0.0897,1,2.8143,-0.0080,2.6470,-0.1245,0.2039,-145.0,35,2.6612,-0.0952,0.2238,2.8143,2.6629,5.6232,0.2400,0,0,1,
157.853,145.400,pred,block2_B_pred,1,3.6648,2.0528,-2.6572,0.1040,-0.0180,0.1200,0.0897,1,2.8206,0.0082,2.7119,-0.0676,0.1325,-145.3,31,2.8206,0.0082,0.2200,2.8206,2.8206,5.6232,0.2400,0,0,0,
157.953,145.501,pred,block2_B_pred,1,3.6588,2.0497,-2.6587,0.0340,0.0550,0.1200,0.0641,1,2.8206,0.0082,2.7119,-0.0676,0.1325,-145.3,31,2.8206,0.0082,0.2200,2.8206,2.8206,5.6232,0.2274,0,0,0,
158.053,145.600,pred,block2_B_pred,1,3.6516,2.0459,-2.6665,0.0850,-0.5010,0.1137,0.0641,1,2.8288,0.0242,2.7581,-0.0251,0.0861,-145.6,31,2.8288,0.0242,0.2200,2.8289,2.8289,5.6232,0.2147,0,0,0,
158.156,145.703,pred,block2_B_pred,1,3.6442,2.0421,-2.6676,0.1170,0.2040,0.1074,0.0897,1,2.8238,0.0441,2.7778,0.0121,0.0560,-146.0,31,2.8288,0.0242,0.2200,2.8241,2.8289,5.6232,0.2380,0,0,0,
158.253,145.800,pred,block2_B_pred,1,3.6353,2.0375,-2.6728,0.0690,-0.1110,0.1200,0.2179,1,2.8238,0.0441,2.7778,0.0121,0.0560,-146.0,31,2.8238,0.0441,0.2200,2.8241,2.8241,5.5270,0.2400,0,0,0,
158.353,145.900,pred,block2_B_pred,1,3.6256,2.0327,-2.6769,0.1140,0.1850,0.1200,0.0836,1,2.8142,0.0645,2.7843,0.0437,0.0364,-146.5,31,2.8142,0.0645,0.2200,2.8149,2.8149,5.5270,0.2274,0,0,0,
158.453,146.001,pred,block2_B_pred,1,3.6160,2.0278,-2.6750,0.1390,0.1480,0.1137,0.0385,1,2.8019,0.0824,2.7825,0.0688,0.0237,-146.8,31,2.8019,0.0824,0.2200,2.8031,2.8031,5.5270,0.2274,0,0,0,
158.553,146.100,pred,block2_B_pred,1,3.6038,2.0217,-2.6754,0.1040,0.0180,0.1074,0.0385,1,2.8019,0.0824,2.7825,0.0688,0.0237,-146.8,31,2.8019,0.0824,0.2200,2.8031,2.8031,5.5270,0.2400,0,0,0,
158.654,146.201,pred,block2_B_pred,1,3.5919,2.0157,-2.6632,0.1290,0.4270,0.1200,0.1154,1,2.7863,0.0967,2.7737,0.0879,0.0154,-147.1,31,2.7863,0.0967,0.2200,2.7880,2.7880,5.5270,0.2400,0,0,0,
158.753,146.300,pred,block2_B_pred,1,3.5797,2.0093,-2.6543,0.1290,0.2410,0.1137,0.1154,1,2.7659,0.1051,2.7576,0.0994,0.0100,-147.3,31,2.7659,0.1051,0.2200,2.7678,2.7678,5.5270,0.2274,0,0,0,
158.854,146.401,pred,block2_B_pred,1,3.5680,2.0032,-2.6587,0.1070,-0.1850,0.1200,0.0641,1,2.7659,0.1051,2.7576,0.0994,0.0100,-147.3,31,2.7659,0.1051,0.2200,2.7678,2.7678,5.5270,0.2400,0,0,0,
158.955,146.502,pred,block2_B_pred,1,3.5574,1.9975,-2.6506,0.0950,-0.2220,0.1137,0.0641,1,2.7431,0.1055,2.7377,0.1018,0.0065,-147.3,31,2.7431,0.1055,0.2200,2.7451,2.7451,5.5270,0.2274,0,0,0,
159.053,146.600,pred,block2_B_pred,1,3.5472,1.9920,-2.6428,0.0950,0.0000,0.1137,0.0641,1,2.7214,0.0988,2.7180,0.0963,0.0042,-147.2,31,2.7214,0.0988,0.2200,2.7232,2.7232,5.5270,0.2147,0,0,0,
159.156,146.703,pred,block2_B_pred,1,3.5394,1.9876,-2.6124,0.0570,0.1480,0.1200,0.1410,1,2.7214,0.0988,2.7180,0.0963,0.0042,-147.2,31,2.7214,0.0988,0.2200,2.7232,2.7232,5.5270,0.2389,0,0,0,
159.271,146.819,pred,block2_B_pred,1,3.5309,1.9827,-2.6077,0.1390,-0.1480,0.1200,0.2179,1,2.7017,0.0852,2.6995,0.0836,0.0027,-147.0,31,2.7017,0.0852,0.2200,2.7031,2.7031,5.4175,0.2400,0,0,0,
159.353,146.900,pred,block2_B_pred,1,3.5218,1.9773,-2.6162,0.1580,0.1110,0.1137,0.1667,1,2.6823,0.0638,2.6808,0.0628,0.0018,-146.5,31,2.6823,0.0638,0.2200,2.6830,2.6830,5.4175,0.2274,0,0,0,
159.453,147.000,pred,block2_B_pred,1,3.5131,1.9722,-2.5987,0.0980,0.4640,0.1137,0.0897,1,2.6645,0.0398,2.6635,0.0392,0.0012,-146.0,31,2.6645,0.0398,0.2200,2.6648,2.6648,5.4175,0.2400,0,0,0,
159.553,147.100,pred,block2_B_pred,1,3.5050,1.9672,-2.5794,0.1170,0.3900,0.1074,0.0897,1,2.6645,0.0398,2.6635,0.0392,0.0012,-146.0,31,2.6645,0.0398,0.2200,2.6648,2.6648,5.4175,0.2400,0,0,0,
159.654,147.201,pred,block2_B_pred,1,3.4947,1.9607,-2.5709,0.1450,0.1480,0.1137,0.0641,1,2.6445,0.0102,2.6439,0.0098,0.0008,0.0,31,2.6445,0.0102,0.2200,2.6445,2.6445,5.4175,0.2400,0,0,0,
159.753,147.300,pred,block2_B_pred,1,3.4862,1.9552,-2.5575,0.0410,0.1670,0.1200,-0.0385,1,2.6279,-0.0197,2.6275,-0.0199,0.0005,0.0,31,2.6279,-0.0197,0.2200,2.6280,2.6280,5.4175,0.2274,0,0,0,
159.855,147.402,pred,block2_B_pred,1,3.4767,1.9488,-2.5407,0.1230,-0.2040,0.1200,0.1154,1,2.6279,-0.0197,2.6275,-0.0199,0.0005,0.0,31,2.6279,-0.0197,0.2200,2.6280,2.6280,5.4175,0.2400,0,0,0,
159.953,147.500,pred,block2_B_pred,1,3.4678,1.9426,-2.5206,0.1170,0.3900,0.1200,0.0897,1,2.6183,-0.0463,2.6180,-0.0465,0.0003,0.0,31,2.6183,-0.0463,0.2200,2.6187,2.6187,5.4175,0.2274,0,0,0,
160.057,147.604,pred,block2_B_pred,1,3.4577,1.9353,-2.5088,0.1450,0.2220,0.1137,0.0641,1,2.6208,-0.0644,2.6206,-0.0646,0.0002,0.0,31,2.6208,-0.0644,0.2200,2.6216,2.6216,5.4175,0.2274,0,0,0,
160.153,147.700,pred,block2_B_pred,1,3.4500,1.9296,-2.5021,0.1550,-0.0180,0.1074,0.1410,1,2.6412,-0.0736,2.6411,-0.0737,0.0001,0.0,31,2.6412,-0.0736,0.2200,2.6423,2.6423,5.4175,0.1895,0,0,0,
160.253,147.800,pred,block2_B_pred,1,3.4422,1.9237,-2.4802,0.1070,0.4080,0.0947,-0.0641,1,2.6412,-0.0736,2.6411,-0.0737,0.0001,0.0,31,2.6412,-0.0736,0.2200,2.6423,2.6423,5.4175,0.1895,0,0,0,
160.353,147.900,pred,block2_B_pred,1,3.4351,1.9182,-2.4647,0.0820,0.4450,0.0947,0.0641,1,2.6708,-0.0749,2.6708,-0.0749,0.0001,0.0,31,2.6708,-0.0749,0.2200,2.6719,2.6719,5.2647,0.2391,0,0,0,
160.455,148.002,pred,block2_B_pred,1,3.4285,1.9129,-2.4660,0.0690,-0.2600,0.1200,-0.1667,1,2.7016,-0.0742,2.7016,-0.0742,0.0001,0.0,31,2.6708,-0.0749,0.2200,2.7026,2.6719,5.2647,0.2344,0,0,0,
160.553,148.100,pred,block2_B_pred,1,3.4205,1.9064,-2.4526,0.1100,0.2410,0.1137,-0.1923,1,2.7016,-0.0742,2.7016,-0.0742,0.0001,0.0,31,2.7016,-0.0742,0.2200,2.7026,2.7026,5.2647,0.2274,0,0,0,
160.653,148.200,pred,block2_B_pred,1,3.4133,1.9004,-2.4367,0.0440,0.1480,0.1074,-0.3267,1,2.7341,-0.0748,2.7341,-0.0748,0.0000,0.0,31,2.7341,-0.0748,0.2200,2.7352,2.7352,5.2647,0.2021,0,0,0,
160.753,148.300,pred,block2_B_pred,1,3.4035,1.8919,-2.4341,0.0910,-0.1300,0.0947,-0.1923,1,2.7737,-0.0761,2.7737,-0.0761,0.0000,0.0,31,2.7737,-0.0761,0.2200,2.7748,2.7748,5.2647,0.1895,0,0,0,
160.853,148.400,pred,block2_B_pred,1,3.3943,1.8841,-2.4374,0.0950,-0.1110,0.0947,-0.2179,1,2.7737,-0.0761,2.7737,-0.0761,0.0000,0.0,31,2.7737,-0.0761,0.2200,2.7748,2.7748,5.2647,0.2400,0,0,0,
160.953,148.500,pred,block2_B_pred,1,3.3834,1.8749,-2.4467,0.1330,-0.3340,0.0947,-0.0897,1,2.8205,-0.0747,2.8205,-0.0747,0.0000,0.0,31,2.8205,-0.0747,0.2200,2.8215,2.8215,5.2647,0.2400,0,0,0,
161.053,148.600,pred,block2_B_pred,1,3.3734,1.8666,-2.4567,0.0950,-0.1480,0.1137,-0.1667,1,2.8758,-0.0656,2.8758,-0.0656,0.0000,0.0,31,2.8758,-0.0656,0.2200,2.8765,2.8765,5.2647,0.2274,0,0,0,
161.153,148.700,pred,block2_B_pred,1,3.3646,1.8596,-2.4827,0.1010,-0.5200,0.1137,-0.1154,1,2.8758,-0.0656,2.8758,-0.0656,0.0000,0.0,31,2.8758,-0.0656,0.2200,2.8765,2.8765,5.2647,0.2274,0,0,0,
161.254,148.802,pred,block2_B_pred,1,3.3547,1.8519,-2.4990,0.1520,-0.1850,0.1074,-0.1410,1,2.9425,-0.0407,3.1923,-0.0345,0.2499,2.2,35,3.0647,-0.0358,0.2227,2.9428,3.0649,5.2647,0.2147,0,0,0,
161.353,148.900,pred,block2_B_pred,1,3.3466,1.8460,-2.5257,0.1140,-0.0370,0.1200,-0.1667,1,3.0142,0.0026,3.4601,-0.0562,0.4498,-7.6,35,3.2332,-0.0205,0.2248,3.0142,3.2332,5.1480,0.2400,0,0,0,
161.453,149.000,pred,block2_B_pred,1,3.3401,1.8414,-2.5442,0.0600,-0.3530,0.0947,-0.1923,1,3.0142,0.0026,3.4601,-0.0562,0.4498,-7.6,35,3.2332,-0.0205,0.2248,3.0142,3.2332,5.1480,0.2021,0,0,0,
161.554,149.101,pred,block2_B_pred,1,3.3316,1.8356,-2.5620,0.0660,-0.3900,0.0884,-0.1154,1,3.0875,0.0845,3.1849,0.2374,0.1813,55.9,35,3.1885,0.1923,0.2232,3.0886,3.1943,5.1480,0.1895,0,0,0,
161.653,149.200,pred,block2_B_pred,1,3.3243,1.8309,-2.5791,0.0530,-0.3150,0.0821,-0.1154,1,3.1543,0.2239,2.9172,0.6591,0.4956,114.5,35,3.1037,0.4786,0.2256,3.1622,3.1404,5.1480,0.1768,0,0,1,
161.753,149.300,pred,block2_B_pred,1,3.3176,1.8266,-2.5965,0.0630,-0.3710,0.0884,-0.0897,1,3.1543,0.2239,2.9172,0.6591,0.4956,114.5,35,3.1037,0.4786,0.2256,3.1622,3.1404,5.1480,0.1642,0,0,1,
161.853,149.400,pred,block2_B_pred,1,3.3096,1.8219,-2.6199,0.0850,-0.4270,0.0821,-0.0641,1,3.2246,0.4121,2.6767,1.2708,1.0186,115.3,35,3.0199,0.8717,0.2310,3.2508,3.1431,5.1480,0.1768,0,0,1,
161.958,149.506,pred,block2_B_pred,1,3.3015,1.8173,-2.6336,0.0910,-0.5010,0.1200,-0.0385,1,3.2933,0.6434,2.5071,2.0175,1.5832,108.7,35,3.0199,0.8717,0.2310,3.3556,3.1431,5.1480,0.2400,0,0,1,
162.053,149.600,pred,block2_B_pred,1,3.2941,1.8133,-2.6432,0.0470,0.0920,0.1200,-0.0128,1,3.2933,0.6434,2.5071,2.0175,1.5832,108.7,35,2.9620,1.3473,0.2811,3.3556,3.2540,5.1480,0.2400,0,0,1,
162.153,149.700,pred,block2_B_pred,1,3.2882,1.8101,-2.6685,0.1360,-0.1670,0.0884,-0.0641,1,3.3109,0.9072,2.3886,2.7803,2.0878,100.9,35,2.8976,1.8456,0.3705,3.4329,3.4354,5.1480,0.1768,0,0,1,
162.255,149.803,pred,block2_B_pred,1,3.2822,1.8071,-2.6799,0.0150,-0.0920,0.0884,-0.1154,1,3.2511,1.1912,1.9773,3.4039,2.5532,99.8,35,2.8976,1.8456,0.3705,3.4625,3.4354,5.1480,0.1768,0,0,1,
162.361,149.908,pred,block2_B_pred,1,3.2736,1.8028,-2.6944,0.0850,-0.5010,0.1074,0.0000,1,3.2511,1.1912,1.9773,3.4039,2.5532,99.8,35,2.6610,2.2936,0.4518,3.4625,3.5131,5.1031,0.2400,0,0,1,
162.453,150.000,pred,block2_B_pred,1,3.2660,1.7992,-2.7133,0.0820,-0.3340,0.0884,0.0385,1,3.1294,1.4709,1.1755,3.5328,2.8406,108.3,35,2.2104,2.5178,0.5033,3.4578,3.3504,5.1031,0.2021,0,0,1,
162.559,150.106,pred,block2_B_pred,1,3.2589,1.7961,-2.7323,0.1040,0.1300,0.0758,-0.0385,1,3.1294,1.4709,1.1755,3.5328,2.8406,108.3,35,2.2104,2.5178,0.5033,3.4578,3.3504,5.1031,0.1516,0,0,1,
162.653,150.200,pred,block2_B_pred,1,3.2494,1.7921,-2.7546,0.1140,-0.2220,0.0695,-0.0385,1,2.9957,1.7156,0.4523,3.1987,2.9443,120.0,35,1.7828,2.5083,0.5235,3.4522,3.0773,5.1031,0.1389,0,0,1,
162.753,150.300,pred,block2_B_pred,1,3.2415,1.7890,-2.7742,0.0910,-0.3530,0.0063,0.1215,1,2.9378,1.9815,2.2240,3.4131,1.5997,82.5,35,2.5132,2.8423,0.3468,3.5436,3.7940,5.1031,0.0085,0,0,0,
162.857,150.404,pred,block2_B_pred,1,3.2340,1.7862,-2.7931,0.0660,-0.2780,0.1200,0.1215,1,2.9352,2.2311,3.4392,3.6586,1.5138,33.3,35,3.0890,3.0973,0.3179,3.6869,4.3744,5.1031,0.0142,0,0,0,
162.953,150.500,pred,block2_B_pred,1,3.2258,1.7832,-2.8017,0.0250,-0.1480,0.0316,0.4415,1,2.9352,2.2311,3.4392,3.6586,1.5138,33.3,35,3.0890,3.0973,0.3179,3.6869,4.3744,5.1031,0.2379,0,0,0,
163.053,150.600,pred,block2_B_pred,1,3.2212,1.7816,-2.8017,0.0030,-0.0180,0.1200,0.1410,1,2.9535,2.4402,4.2119,3.8515,1.8908,8.7,35,3.4867,3.2756,0.3581,3.8311,4.7840,5.1031,0.0758,0,0,0,
163.156,150.703,pred,block2_B_pred,1,3.2140,1.7790,-2.8081,0.0760,-0.2970,0.0758,0.2692,1,2.9754,2.6042,4.5497,3.9583,2.0766,-0.5,35,3.6834,3.3747,0.3781,3.9541,4.9956,5.1031,0.1516,0,0,0,
163.253,150.800,pred,block2_B_pred,1,3.2082,1.7770,-2.8102,0.0000,0.0000,0.1137,0.0897,1,2.9754,2.6042,4.5497,3.9583,2.0766,-0.5,35,3.6834,3.3747,0.3781,3.9541,4.9956,5.1031,0.2400,0,0,0,
163.353,150.900,pred,block2_B_pred,1,3.2043,1.7757,-2.7857,0.0600,0.3530,0.0253,0.2754,1,2.9772,2.7131,4.5550,3.9233,1.9885,-4.9,35,3.7052,3.3811,0.3570,4.0280,5.0160,5.1031,0.0510,0,0,0,
163.453,151.000,pred,block2_B_pred,1,3.1951,1.7721,-2.7597,0.0790,0.3900,0.0253,0.4744,1,2.9721,2.7758,4.3738,3.8105,1.7423,-6.6,35,3.6286,3.3326,0.3110,4.0668,4.9267,5.0371,0.1895,0,0,0,
163.553,151.100,pred,block2_B_pred,1,3.1879,1.7691,-2.7141,0.0880,0.5200,0.0632,0.1544,1,2.9721,2.7758,4.3738,3.8105,1.7423,-6.6,35,3.6286,3.3326,0.3110,4.0668,4.9267,5.0371,0.1263,0,0,0,
163.654,151.201,pred,block2_B_pred,1,3.1786,1.7647,-2.6874,0.0820,0.4450,0.0253,-0.1656,1,2.9635,2.7956,4.1270,3.6280,1.4306,-7.8,35,3.5133,3.2362,0.2546,4.0740,4.7767,5.0371,0.1011,0,0,0,
163.756,151.303,pred,block2_B_pred,1,3.1715,1.7611,-2.6406,0.0910,0.5380,0.0821,-0.0641,1,2.9635,2.7956,4.1270,3.6280,1.4306,-7.8,35,3.5133,3.2362,0.2546,4.0740,4.7767,5.0371,0.1642,0,0,0,
163.853,151.400,pred,block2_B_pred,1,3.1667,1.7584,-2.6080,0.0470,0.2780,0.0632,-0.2949,1,2.9991,2.7924,4.0245,3.4676,1.2277,-9.6,35,3.4875,3.1456,0.2332,4.0978,4.6966,5.0371,0.1137,0,0,0,
163.953,151.500,pred,block2_B_pred,1,3.1596,1.7542,-2.5942,0.1010,0.4450,0.1200,-0.0836,1,3.0441,2.7566,3.9118,3.3023,1.0250,-10.0,35,3.4599,3.0386,0.2310,4.1067,4.6048,5.0371,0.2400,0,0,0,
164.053,151.600,pred,block2_B_pred,1,3.1562,1.7520,-2.5705,0.0820,0.4830,0.1137,-0.1154,1,3.0441,2.7566,3.9118,3.3023,1.0250,-10.0,35,3.4599,3.0386,0.2310,4.1067,4.6048,5.0371,0.2147,0,0,0,
164.153,151.700,pred,block2_B_pred,1,3.1547,1.7511,-2.5598,0.0530,0.3150,0.1074,-0.1154,1,3.0735,2.6932,3.6375,3.0479,0.6663,-9.1,31,3.0735,2.6932,0.2200,4.0865,4.0865,5.0371,0.2239,0,0,0,
164.253,151.800,pred,block2_B_pred,1,3.1513,1.7488,-2.5542,0.0790,-0.4640,0.0505,-0.2497,1,3.0941,2.6150,3.4607,2.8456,0.4331,-8.0,31,3.0941,2.6150,0.2200,4.0511,4.0511,5.0371,0.2206,0,0,0,
164.356,151.903,pred,block2_B_pred,1,3.1460,1.7452,-2.5497,0.0820,-0.4830,0.1011,-0.1410,1,3.1111,2.5281,3.3494,2.6780,0.2815,-6.9,31,3.0941,2.6150,0.2200,4.0088,4.0511,5.0371,0.2099,0,0,0,
164.453,152.000,pred,block2_B_pred,1,3.1400,1.7412,-2.5620,0.0190,-0.0740,0.1074,-0.1154,1,3.1111,2.5281,3.3494,2.6780,0.2815,-6.9,31,3.1111,2.5281,0.2200,4.0088,4.0088,5.1083,0.2021,0,0,0,
164.553,152.100,pred,block2_B_pred,1,3.1300,1.7347,-2.5646,0.1140,0.0370,0.1011,-0.1154,1,3.1286,2.4432,3.2835,2.5406,0.1830,-5.8,31,3.1286,2.4432,0.2200,3.9695,3.9695,5.1083,0.2400,0,0,0,
164.653,152.200,pred,block2_B_pred,1,3.1190,1.7277,-2.5776,0.1740,-0.1300,0.0947,-0.0641,1,3.1286,2.4432,3.2835,2.5406,0.1830,-5.8,31,3.1286,2.4432,0.2200,3.9695,3.9695,5.1083,0.2400,0,0,0,
164.753,152.300,pred,block2_B_pred,1,3.1069,1.7201,-2.5928,0.0820,-0.2600,0.1137,-0.0385,1,3.1423,2.3612,3.2430,2.4245,0.1189,-4.8,31,3.1423,2.3612,0.2200,3.9306,3.9306,5.1083,0.2147,0,0,0,
164.853,152.400,pred,block2_B_pred,1,3.0939,1.7122,-2.6026,0.1710,-0.0370,0.1074,-0.0385,1,3.1368,2.2865,3.2023,2.3277,0.0773,-3.9,31,3.1368,2.2865,0.2200,3.8817,3.8817,5.1083,0.2400,0,0,0,
164.954,152.501,pred,block2_B_pred,1,3.0839,1.7062,-2.6200,0.0850,-0.4640,0.1137,0.0641,1,3.1096,2.2252,3.1521,2.2520,0.0502,-3.4,31,3.1096,2.2252,0.2200,3.8238,3.8238,5.1083,0.2274,0,0,0,
165.053,152.600,pred,block2_B_pred,1,3.0735,1.7004,-2.6374,0.1670,-0.0550,0.1074,0.0641,1,3.1096,2.2252,3.1521,2.2520,0.0502,-3.4,31,3.1096,2.2252,0.2200,3.8238,3.8238,5.1083,0.2147,0,0,0,
165.153,152.700,pred,block2_B_pred,1,3.0666,1.6966,-2.6430,0.0310,0.0000,0.1011,0.0897,1,3.0628,2.1783,2.8882,2.0820,0.1994,173.5,35,2.9779,2.1302,0.2221,3.7584,3.6614,5.1083,0.2021,0,0,1,
165.253,152.800,pred,block2_B_pred,1,3.0603,1.6932,-2.6489,0.0250,-0.0740,0.1011,0.2497,1,2.9998,2.1413,2.6546,1.9224,0.4088,176.9,35,2.8312,2.0337,0.2244,3.6856,3.4859,5.1083,0.2147,0,0,1,
165.356,152.903,pred,block2_B_pred,1,3.0522,1.6889,-2.6731,0.0820,-0.4830,0.1200,0.2436,1,2.9998,2.1413,2.6546,1.9224,0.4088,176.9,35,2.8312,2.0337,0.2244,3.6856,3.4859,5.1083,0.2147,0,0,1,
165.454,153.001,pred,block2_B_pred,1,3.0457,1.6856,-2.6805,0.0060,-0.0370,0.1137,0.0385,1,2.9227,2.1102,2.4470,1.7820,0.5779,178.8,35,2.6898,1.9498,0.2262,3.6049,3.3221,4.9439,0.2274,0,0,1,
165.553,153.100,pred,block2_B_pred,1,3.0376,1.6816,-2.6812,0.1710,0.0000,0.1200,0.0385,1,2.8449,2.0872,2.2958,1.6592,0.6962,-178.3,35,2.5750,1.8792,0.2275,3.5284,3.1877,4.9439,0.2147,0,0,1,
165.654,153.202,pred,block2_B_pred,1,3.0300,1.6779,-2.6805,0.0500,0.0370,0.1137,0.0385,1,2.8449,2.0872,2.2958,1.6592,0.6962,-178.3,35,2.5750,1.8792,0.2275,3.5284,3.1877,4.9439,0.2274,0,0,1,
165.753,153.300,pred,block2_B_pred,1,3.0208,1.6732,-2.6745,0.1390,-0.1850,0.1011,0.0641,1,2.7642,2.0664,2.1651,1.5748,0.7750,-177.4,35,2.4698,1.8274,0.2283,3.4512,3.0723,4.9439,0.2021,0,0,1,
165.853,153.401,pred,block2_B_pred,1,3.0118,1.6687,-2.6678,0.0690,0.2600,0.1011,0.0385,1,2.6921,2.0508,2.0579,1.5192,0.8275,-177.3,35,2.3807,1.7919,0.2288,3.3843,2.9798,4.9439,0.2021,0,0,1,
165.953,153.500,pred,block2_B_pred,1,2.9995,1.6623,-2.6645,0.1140,-0.2600,0.1200,0.0641,1,2.6921,2.0508,2.0579,1.5192,0.8275,-177.3,35,2.3807,1.7919,0.2288,3.3843,2.9798,4.9439,0.2400,0,0,1,
166.053,153.600,pred,block2_B_pred,1,2.9883,1.6565,-2.6527,0.1580,0.2220,0.1200,0.0641,1,2.6256,2.0219,2.0378,1.4242,0.8383,-172.1,35,2.3353,1.7317,0.2289,3.3139,2.9073,4.9439,0.2274,0,0,1,
166.153,153.700,pred,block2_B_pred,1,2.9780,1.6510,-2.6463,0.1390,0.2600,0.1200,0.0641,1,2.5750,1.9870,2.0614,1.3320,0.8325,-165.8,35,2.3190,1.6695,0.2286,3.2526,2.8574,4.9439,0.2400,0,0,1,
166.253,153.800,pred,block2_B_pred,1,2.9680,1.6455,-2.6374,0.1770,0.0370,0.1074,0.0641,1,2.5750,1.9870,2.0614,1.3320,0.8325,-165.8,35,2.3190,1.6695,0.2286,3.2526,2.8574,4.9439,0.2147,0,0,1,
166.353,153.900,pred,block2_B_pred,1,2.9575,1.6397,-2.6266,0.1040,0.2410,0.1011,0.0641,1,2.5318,1.9405,1.9804,1.3112,0.8367,-168.7,35,2.2608,1.6327,0.2288,3.1899,2.7887,4.9439,0.2021,0,0,1,
166.453,154.000,pred,block2_B_pred,1,2.9483,1.6345,-2.6203,0.1480,0.1670,0.0947,0.0641,1,2.4958,1.8896,1.8909,1.3103,0.8376,-173.4,35,2.2011,1.6033,0.2289,3.1305,2.7232,4.9439,0.1895,0,0,1,
166.559,154.106,pred,block2_B_pred,1,2.9403,1.6298,-2.6147,0.1070,0.1480,0.0884,0.0641,1,2.4958,1.8896,1.8909,1.3103,0.8376,-173.4,35,2.2011,1.6033,0.2289,3.1305,2.7232,4.8491,0.2400,0,0,1,
166.653,154.200,pred,block2_B_pred,1,2.9324,1.6252,-2.6010,0.0880,0.4080,0.0884,0.0641,1,2.4674,1.8381,1.8259,1.2867,0.8459,-176.0,35,2.1556,1.5648,0.2290,3.0768,2.6637,4.8491,0.1642,0,0,1,
166.753,154.300,pred,block2_B_pred,1,2.9254,1.6210,-2.5954,0.0470,0.2780,0.1200,0.0128,1,2.4393,1.7737,1.8448,1.1738,0.8445,-170.8,35,2.1480,1.4792,0.2290,3.0160,2.6081,4.8491,0.2274,0,0,1,
166.858,154.405,pred,block2_B_pred,1,2.9172,1.6161,-2.5943,0.1640,-0.0370,0.1137,0.1472,1,2.4183,1.7104,1.8647,1.0792,0.8396,-166.5,35,2.1480,1.4792,0.2290,2.9621,2.6081,4.8491,0.2400,0,0,1,
166.953,154.500,pred,block2_B_pred,1,2.9103,1.6118,-2.5865,0.1100,-0.3150,0.1200,0.0385,1,2.4183,1.7104,1.8647,1.0792,0.8396,-166.5,35,2.1460,1.4018,0.2288,2.9621,2.5632,4.8491,0.2274,0,0,1,
167.053,154.600,pred,block2_B_pred,1,2.9036,1.6076,-2.5749,0.1640,0.0000,0.1011,0.0641,1,2.4010,1.6499,1.8741,1.0062,0.8319,-163.8,35,2.1418,1.3354,0.2287,2.9132,2.5240,4.8491,0.2147,0,0,1,
167.153,154.700,pred,block2_B_pred,1,2.8977,1.6039,-2.5760,0.0630,-0.0740,0.1200,0.1410,1,2.3826,1.5901,1.8679,0.9554,0.8172,-162.8,35,2.1302,1.2797,0.2285,2.8645,2.4850,4.8491,0.2400,0,0,1,
167.253,154.800,pred,block2_B_pred,1,2.8903,1.5991,-2.5675,0.0720,0.2410,0.1200,0.1154,1,2.3826,1.5901,1.8679,0.9554,0.8172,-162.8,35,2.1302,1.2797,0.2285,2.8645,2.4850,4.8491,0.2400,0,0,1,
167.354,154.901,pred,block2_B_pred,1,2.8817,1.5935,-2.5612,0.1770,0.0370,0.1200,0.1410,1,2.3681,1.5393,1.8741,0.9262,0.7874,-161.9,35,2.1261,1.2393,0.2282,2.8244,2.4609,4.8491,0.2274,0,0,1,
167.461,155.008,pred,block2_B_pred,1,2.8722,1.5873,-2.5553,0.0910,0.2410,0.1137,0.1410,1,2.3502,1.4884,1.8724,0.8941,0.7625,-161.1,35,2.1164,1.1975,0.2279,2.7819,2.4316,4.8491,0.2147,0,0,1,
167.563,155.110,pred,block2_B_pred,1,2.8658,1.5830,-2.5516,0.1100,0.2780,0.1074,0.1923,1,2.3502,1.4884,1.8724,0.8941,0.7625,-161.1,35,2.1164,1.1975,0.2279,2.7819,2.4316,4.7998,0.2274,0,0,1,
167.653,155.200,pred,block2_B_pred,1,2.8492,1.5718,-2.5412,0.1860,0.0920,0.0884,0.0128,1,2.3292,1.4372,1.8651,0.8498,0.7486,-160.0,35,2.1020,1.1498,0.2277,2.7370,2.3959,4.7998,0.1895,0,0,1,
167.753,155.300,pred,block2_B_pred,1,2.8394,1.5651,-2.5308,0.0720,0.2780,0.1074,0.0641,1,2.3292,1.4372,1.8651,0.8498,0.7486,-160.0,35,2.1020,1.1498,0.2277,2.7370,2.3959,4.7998,0.2400,0,0,1,
167.853,155.400,pred,block2_B_pred,1,2.8291,1.5578,-2.5234,0.0950,-0.0740,0.1011,0.0385,1,2.3083,1.3881,1.8378,0.8177,0.7394,-160.5,35,2.0786,1.1085,0.2277,2.6935,2.3557,4.7998,0.1895,0,0,1,
167.953,155.500,pred,block2_B_pred,1,2.8188,1.5504,-2.5060,0.1740,0.0550,0.0947,0.0385,1,2.2821,1.3320,1.7976,0.7769,0.7368,-161.4,35,2.0458,1.0596,0.2277,2.6424,2.3040,4.7998,0.1768,0,0,1,
168.053,155.600,pred,block2_B_pred,1,2.8097,1.5436,-2.4958,0.1100,0.4270,0.0884,0.0385,1,2.2821,1.3320,1.7976,0.7769,0.7368,-161.4,35,2.0458,1.0596,0.2277,2.6424,2.3040,4.7998,0.2274,0,0,1,
168.154,155.701,pred,block2_B_pred,1,2.8021,1.5379,-2.5009,0.1290,-0.0920,0.1137,0.0897,1,2.2827,1.2832,1.9677,0.9224,0.4789,-160.5,35,2.1291,1.1061,0.2250,2.6186,2.3992,4.7998,0.2147,0,0,1,
168.253,155.800,pred,block2_B_pred,1,2.7952,1.5327,-2.4961,0.0600,-0.2410,0.1200,0.1410,1,2.2712,1.2267,1.8844,0.8597,0.5332,-164.9,35,2.0832,1.0455,0.2257,2.5813,2.3308,4.7998,0.2400,0,0,1,
168.353,155.900,pred,block2_B_pred,1,2.7893,1.5283,-2.4894,0.1010,0.3710,0.1074,0.0385,1,2.2417,1.1657,1.7562,0.7797,0.6203,-169.0,35,2.0059,0.9743,0.2266,2.5267,2.2300,4.7998,0.2021,0,0,1,
168.453,156.000,pred,block2_B_pred,1,2.7838,1.5241,-2.4900,0.0190,0.0370,0.1074,0.0385,1,2.2417,1.1657,1.7562,0.7797,0.6203,-169.0,35,2.0059,0.9743,0.2266,2.5267,2.2300,4.7998,0.2400,0,0,1,
168.553,156.100,pred,block2_B_pred,1,2.7778,1.5195,-2.4803,0.0910,0.4640,0.1200,0.0897,1,2.2058,1.1059,1.6259,0.7134,0.7003,-172.5,35,1.9243,0.9104,0.2275,2.4675,2.1287,4.7420,0.2400,0,0,1,
168.653,156.200,pred,block2_B_pred,1,2.7713,1.5144,-2.4725,0.0190,0.0740,0.1200,0.0641,1,2.2058,1.1059,1.6259,0.7134,0.7003,-172.5,35,1.9243,0.9104,0.2275,2.4675,2.1287,4.7420,0.2274,0,0,1,
168.753,156.300,pred,block2_B_pred,1,2.7625,1.5074,-2.4603,0.1670,-0.0180,0.1200,-0.0641,1,2.1683,1.0494,1.5206,0.6977,0.7370,-177.3,35,1.8537,0.8727,0.2279,2.4089,2.0489,4.7420,0.2147,0,0,1,
168.853,156.400,pred,block2_B_pred,1,2.7539,1.5004,-2.4562,0.1170,0.3530,0.1137,-0.0641,1,2.1368,1.0000,1.4633,0.6914,0.7408,179.5,35,1.8093,0.8443,0.2278,2.3592,1.9966,4.7420,0.2274,0,0,1,
168.953,156.500,pred,block2_B_pred,1,2.7450,1.4931,-2.4447,0.1580,0.1110,0.1137,0.0641,1,2.1088,0.9571,1.4349,0.6946,0.7232,176.9,35,1.7808,0.8243,0.2275,2.3158,1.9623,4.7420,0.2021,0,0,1,
169.054,156.602,pred,block2_B_pred,1,2.7351,1.4848,-2.4451,0.1420,-0.1670,0.1011,0.0385,1,2.1088,0.9571,1.4349,0.6946,0.7232,176.9,35,1.7808,0.8243,0.2275,2.3158,1.9623,4.7420,0.1895,0,0,1,
169.153,156.700,pred,block2_B_pred,1,2.7245,1.4759,-2.4373,0.1070,0.0000,0.1200,-0.0385,1,2.0795,0.9184,1.4304,0.6736,0.6938,176.8,35,1.7630,0.7959,0.2272,2.2733,1.9343,4.7420,0.2400,0,0,1,
169.253,156.800,pred,block2_B_pred,1,2.7146,1.4674,-2.4250,0.1200,0.4080,0.1200,0.0385,1,2.0500,0.8843,1.4265,0.6435,0.6684,177.8,35,1.7454,0.7652,0.2269,2.2326,1.9058,4.7420,0.2274,0,0,1,
169.354,156.902,pred,block2_B_pred,1,2.7047,1.4589,-2.4243,0.0630,0.0740,0.1074,-0.0385,1,2.0181,0.8535,1.4094,0.6168,0.6532,178.3,35,1.7454,0.7652,0.2269,2.1912,1.9058,4.7420,0.2021,0,0,1,
169.453,157.000,pred,block2_B_pred,1,2.6945,1.4500,-2.4239,0.1200,-0.1110,0.1011,-0.0385,1,2.0181,0.8535,1.4094,0.6168,0.6532,178.3,35,1.7206,0.7370,0.2268,2.1912,1.8718,4.7420,0.2400,0,0,1,
169.553,157.100,pred,block2_B_pred,1,2.6862,1.4427,-2.4206,0.1170,-0.3530,0.0947,-0.0385,1,1.9847,0.8249,1.3845,0.5894,0.6446,178.9,35,1.6912,0.7093,0.2267,2.1492,1.8339,4.7420,0.2400,0,0,1,
169.653,157.200,pred,block2_B_pred,1,2.6781,1.4355,-2.4180,0.0470,-0.0920,0.1200,-0.0385,1,1.9491,0.7962,1.3615,0.5605,0.6331,179.6,35,1.6616,0.6808,0.2266,2.1054,1.7957,4.6727,0.2400,0,0,1,
169.753,157.300,pred,block2_B_pred,1,2.6713,1.4294,-2.4161,0.1100,0.2040,0.1137,-0.0641,1,1.9491,0.7962,1.3615,0.5605,0.6331,179.6,35,1.6616,0.6808,0.2266,2.1054,1.7957,4.6727,0.2274,0,0,1,
169.853,157.400,pred,block2_B_pred,1,2.6654,1.4242,-2.4212,0.0500,-0.2220,0.1137,-0.0641,1,1.9163,0.7688,1.5344,0.6156,0.4115,180.0,35,1.7295,0.6938,0.2243,2.0648,1.8634,4.6727,0.2147,0,0,1,
169.953,157.500,pred,block2_B_pred,1,2.6583,1.4180,-2.4223,0.1010,-0.2220,0.1137,-0.0641,1,1.8836,0.7405,1.6353,0.6410,0.2675,-179.6,35,1.7621,0.6918,0.2228,2.0239,1.8931,4.6727,0.2147,0,0,1,
170.053,157.600,pred,block2_B_pred,1,2.6508,1.4114,-2.4212,0.0880,0.1850,0.1011,-0.0641,1,1.8836,0.7405,1.6353,0.6410,0.2675,-179.6,35,1.7621,0.6918,0.2228,2.0239,1.8931,4.6727,0.2021,0,0,1,
170.153,157.700,pred,block2_B_pred,1,2.6438,1.4053,-2.4286,0.0500,-0.0740,0.1200,-0.0897,1,1.8506,0.7122,1.6892,0.6474,0.1739,-179.2,35,1.7716,0.6805,0.2218,1.9829,1.8978,4.6727,0.2400,0,0,1,
170.254,157.801,pred,block2_B_pred,1,2.6343,1.3972,-2.4301,0.1290,0.2410,0.1200,-0.0641,1,1.8115,0.6843,1.5028,0.5836,0.3247,177.4,35,1.6607,0.6342,0.2233,1.9364,1.7777,4.6727,0.2400,0,0,1,
170.353,157.900,pred,block2_B_pred,1,2.6260,1.3901,-2.4449,0.1230,-0.3900,0.1200,-0.0641,1,1.8115,0.6843,1.5028,0.5836,0.3247,177.4,35,1.6607,0.6342,0.2233,1.9364,1.7777,4.6727,0.2400,0,0,1,
170.455,158.002,pred,block2_B_pred,1,2.6171,1.3826,-2.4552,0.1770,-0.0370,0.1137,-0.0385,1,1.7701,0.6602,1.3546,0.5485,0.4303,174.6,35,1.5672,0.6039,0.2244,1.8892,1.6795,4.6727,0.2274,0,0,1,
170.553,158.100,pred,block2_B_pred,1,2.6079,1.3752,-2.4641,0.1290,-0.3150,0.1074,-0.0385,1,1.7275,0.6410,1.2366,0.5228,0.5049,173.2,35,1.4877,0.5815,0.2253,1.8426,1.5973,4.6727,0.2400,0,0,1,
170.653,158.200,pred,block2_B_pred,1,2.5999,1.3688,-2.4823,0.0760,-0.4080,0.1200,-0.0128,1,1.7275,0.6410,1.2366,0.5228,0.5049,173.2,35,1.4877,0.5815,0.2253,1.8426,1.5973,4.5132,0.2263,0,0,1,
170.753,158.300,pred,block2_B_pred,1,2.5914,1.3622,-2.4868,0.1420,-0.2040,0.1137,-0.3328,1,1.6830,0.6276,1.1381,0.5049,0.5585,172.2,35,1.4167,0.5660,0.2258,1.7962,1.5256,4.5132,0.2400,0,0,1,
170.853,158.400,pred,block2_B_pred,1,2.5836,1.3562,-2.5004,0.0980,-0.5010,0.1137,-0.0897,1,1.6331,0.6199,1.0517,0.4875,0.5963,172.0,35,1.3488,0.5542,0.2262,1.7468,1.4582,4.5132,0.2400,0,0,1,
170.953,158.500,pred,block2_B_pred,1,2.5750,1.3498,-2.5108,0.1290,-0.2410,0.1200,-0.1923,1,1.6331,0.6199,1.0517,0.4875,0.5963,172.0,35,1.3488,0.5542,0.2262,1.7468,1.4582,4.5132,0.2364,0,0,1,
171.053,158.600,pred,block2_B_pred,1,2.5666,1.3437,-2.5230,0.1140,-0.4080,0.1200,-0.0385,1,1.5781,0.6184,0.9679,0.4761,0.6266,171.7,35,1.2796,0.5483,0.2265,1.6949,1.3921,4.5132,0.2274,0,0,1,
171.153,158.700,pred,block2_B_pred,1,2.5583,1.3379,-2.5471,0.0910,-0.3900,0.1137,-0.0385,1,1.5217,0.6231,0.8866,0.4648,0.6545,171.7,35,1.2109,0.5458,0.2268,1.6443,1.3282,4.5132,0.2400,0,0,1,
171.253,158.800,pred,block2_B_pred,1,2.5494,1.3319,-2.5567,0.0760,-0.1850,0.1200,-0.1923,1,1.5217,0.6231,0.8866,0.4648,0.6545,171.7,35,1.2109,0.5458,0.2268,1.6443,1.3282,4.5132,0.2400,0,0,1,
171.353,158.900,pred,block2_B_pred,1,2.5395,1.3255,-2.5748,0.1520,-0.2220,0.1200,-0.0128,1,1.4639,0.6325,0.8108,0.4457,0.6793,172.6,35,1.1440,0.5422,0.2270,1.5947,1.2659,4.5132,0.2400,0,0,1,
171.453,159.000,pred,block2_B_pred,1,2.5295,1.3191,-2.5856,0.1100,-0.2410,0.1200,-0.0641,1,1.4014,0.6450,0.7401,0.4253,0.6968,173.7,35,1.0772,0.5392,0.2271,1.5427,1.2046,4.5132,0.2274,0,0,1,
171.553,159.100,pred,block2_B_pred,1,2.5201,1.3134,-2.5938,0.1100,0.0180,0.1137,-0.0641,1,1.4014,0.6450,0.7401,0.4253,0.6968,173.7,35,1.0772,0.5392,0.2271,1.5427,1.2046,4.5132,0.2147,0,0,1,
171.653,159.200,pred,block2_B_pred,1,2.5092,1.3068,-2.5997,0.0820,-0.0370,0.1074,-0.0641,1,1.3369,0.6597,0.6786,0.4104,0.7039,174.5,35,1.0140,0.5397,0.2273,1.4908,1.1487,4.4132,0.2400,0,0,1,
171.753,159.300,pred,block2_B_pred,1,2.5017,1.3023,-2.6214,0.0690,-0.2970,0.1137,-0.1154,1,1.2753,0.6759,0.6250,0.4033,0.7051,174.8,35,0.9562,0.5445,0.2274,1.4433,1.1004,4.4132,0.2274,0,0,1,
171.854,159.401,pred,block2_B_pred,1,2.4917,1.2967,-2.6282,0.0850,0.2410,0.1200,-0.0641,1,1.2753,0.6759,0.6250,0.4033,0.7051,174.8,35,0.9562,0.5445,0.2274,1.4433,1.1004,4.4132,0.2274,0,0,1,
171.954,159.501,pred,block2_B_pred,1,2.4827,1.2917,-2.6409,0.0690,0.0370,0.0821,-0.1154,1,1.2172,0.6908,0.5912,0.4076,0.6871,174.8,35,0.9101,0.5539,0.2272,1.3996,1.0655,4.4132,0.1516,0,0,1,
172.053,159.601,pred,block2_B_pred,1,2.4758,1.2880,-2.6561,0.0410,-0.1300,0.1200,-0.2436,1,1.2172,0.6908,0.5912,0.4076,0.6871,174.8,35,0.9101,0.5539,0.2272,1.3996,1.0655,4.4132,0.2400,0,0,1,
172.153,159.700,pred,block2_B_pred,1,2.4675,1.2837,-2.6687,0.0790,-0.0920,0.1200,-0.3718,1,1.1631,0.7028,0.5707,0.4154,0.6584,174.7,35,0.8725,0.5637,0.2269,1.3590,1.0388,4.4132,0.2274,0,0,1,
172.253,159.800,pred,block2_B_pred,1,2.4576,1.2785,-2.6720,0.1740,-0.0180,0.1200,-0.4036,1,1.1103,0.7105,0.7253,0.5237,0.4280,173.3,35,0.9214,0.6201,0.2245,1.3182,1.1107,4.4132,0.2400,0,0,1,
172.353,159.901,pred,block2_B_pred,1,2.4498,1.2747,-2.6868,0.1070,-0.3710,0.1200,-0.1410,1,1.0599,0.7150,0.8097,0.5936,0.2782,171.9,35,0.9372,0.6562,0.2229,1.2786,1.1441,4.4132,0.2274,0,0,1,
172.453,160.000,pred,block2_B_pred,1,2.4412,1.2705,-2.7051,0.1040,-0.4640,0.1200,-0.1410,1,1.0599,0.7150,0.8097,0.5936,0.2782,171.9,35,0.9372,0.6562,0.2229,1.2786,1.1441,4.4132,0.2147,0,0,1,
172.553,160.100,pred,block2_B_pred,1,2.4287,1.2647,-2.7054,0.1230,0.2040,0.1200,0.0128,1,1.0096,0.7165,0.6464,0.5561,0.3970,168.5,35,0.8320,0.6378,0.2242,1.2380,1.0483,4.4132,0.2274,0,0,1,
172.653,160.200,pred,block2_B_pred,1,2.4168,1.2593,-2.7284,0.1450,-0.3710,0.1137,0.0641,1,0.9565,0.7153,0.5154,0.5292,0.4788,166.1,35,0.7409,0.6237,0.2250,1.1944,0.9685,4.4132,0.2147,0,0,1,
172.753,160.300,pred,block2_B_pred,1,2.4043,1.2538,-2.7329,0.0880,-0.1850,0.0884,-0.1215,1,0.9565,0.7153,0.5154,0.5292,0.4788,166.1,35,0.7409,0.6237,0.2250,1.1944,0.9685,4.2181,0.1701,0,0,1,
172.853,160.400,pred,block2_B_pred,1,2.3927,1.2489,-2.7507,0.1710,-0.1110,0.0821,-0.2436,1,0.9087,0.7153,0.6220,0.5943,0.3112,164.7,35,0.7685,0.6557,0.2233,1.1564,1.0103,4.2181,0.1516,0,0,1,
172.953,160.500,pred,block2_B_pred,1,2.3823,1.2447,-2.7644,0.0760,-0.3340,0.1074,-0.1667,1,0.8614,0.7147,0.6750,0.6361,0.2023,163.2,35,0.7703,0.6760,0.2221,1.1193,1.0249,4.2181,0.2021,0,0,1,
173.053,160.600,pred,block2_B_pred,1,2.3732,1.2411,-2.7874,0.0660,-0.2780,0.1200,-0.1667,1,0.8614,0.7147,0.6750,0.6361,0.2023,163.2,35,0.7703,0.6760,0.2221,1.1193,1.0249,4.2181,0.2147,0,0,1,
173.153,160.700,pred,block2_B_pred,1,2.3623,1.2371,-2.7867,0.1360,0.1300,0.0947,-0.1923,1,0.8299,0.7133,0.7087,0.6622,0.1315,162.2,35,0.7706,0.6882,0.2214,1.0943,1.0332,4.2181,0.1895,0,0,0,
173.253,160.800,pred,block2_B_pred,1,2.3546,1.2343,-2.8017,0.1480,-0.1670,0.0947,-0.1667,1,0.8112,0.7035,0.7325,0.6703,0.0855,161.9,31,0.8112,0.7035,0.2200,1.0738,1.0738,4.2181,0.1642,0,0,0,
173.353,160.900,pred,block2_B_pred,1,2.3477,1.2319,-2.8002,0.0910,0.3530,0.0884,-0.0323,1,0.8112,0.7035,0.7325,0.6703,0.0855,161.9,31,0.8112,0.7035,0.2200,1.0738,1.0738,4.2181,0.1642,0,0,0,
173.453,161.000,pred,block2_B_pred,1,2.3408,1.2295,-2.8076,0.1290,-0.2410,0.0758,0.0897,1,0.8020,0.6881,0.7508,0.6665,0.0556,162.2,31,0.8020,0.6881,0.2200,1.0567,1.0567,4.2181,0.1642,0,0,0,
173.553,161.100,pred,block2_B_pred,1,2.3353,1.2277,-2.8173,0.1290,0.1670,0.0821,0.2179,1,0.8020,0.6881,0.7508,0.6665,0.0556,162.2,31,0.8020,0.6881,0.2200,1.0567,1.0567,4.2181,0.1768,0,0,0,
173.653,161.200,pred,block2_B_pred,1,2.3304,1.2260,-2.8317,0.0030,-0.0180,0.0758,0.0897,1,0.8020,0.6881,0.7508,0.6665,0.0556,162.2,31,0.8020,0.6881,0.2200,1.0567,1.0567,4.2181,0.1642,0,0,0,
173.753,161.300,pred,block2_B_pred,1,2.3248,1.2242,-2.8299,0.0030,-0.0180,0.0632,0.1154,1,0.8020,0.6881,0.7508,0.6665,0.0556,162.2,31,0.8020,0.6881,0.2200,1.0567,1.0567,4.0643,0.1137,0,0,0,
173.853,161.400,pred,block2_B_pred,1,2.3178,1.2220,-2.8443,0.0820,-0.4830,0.0695,0.3010,1,0.8020,0.6881,0.7508,0.6665,0.0556,162.2,31,0.8020,0.6881,0.2200,1.0567,1.0567,4.0643,0.2400,0,0,0,
173.953,161.500,pred,block2_B_pred,1,2.3121,1.2203,-2.8488,0.1100,-0.0920,0.0632,0.3010,1,0.8020,0.6881,0.7508,0.6665,0.0556,162.2,31,0.8020,0.6881,0.2200,1.0567,1.0567,4.0643,0.1240,0,0,0,
174.053,161.600,pred,block2_B_pred,1,2.3088,1.2193,-2.8566,0.1230,-0.2040,0.0695,0.5000,1,0.8020,0.6881,0.7508,0.6665,0.0556,162.2,31,0.8020,0.6881,0.2200,1.0567,1.0567,4.0643,0.1230,0,0,0,
174.153,161.700,pred,block2_B_pred,1,2.3011,1.2170,-2.8536,0.1520,0.1110,0.0063,0.2949,1,0.8020,0.6881,0.7508,0.6665,0.0556,162.2,31,0.8020,0.6881,0.2200,1.0567,1.0567,4.0643,0.0638,0,0,0,
174.253,161.800,pred,block2_B_pred,1,2.2945,1.2150,-2.8469,0.0790,0.0550,0.0632,-0.0251,1,0.8020,0.6881,0.7508,0.6665,0.0556,162.2,31,0.8020,0.6881,0.2200,1.0567,1.0567,4.0643,0.0510,0,0,0,
174.353,161.900,pred,block2_B_pred,1,2.2863,1.2124,-2.8325,0.0660,-0.0550,0.0379,-0.1923,1,0.8020,0.6881,0.7508,0.6665,0.0556,162.2,31,0.8020,0.6881,0.2200,1.0567,1.0567,4.0643,0.0706,0,0,0,
174.453,162.000,pred,block2_B_pred,1,2.2784,1.2098,-2.8140,0.0850,0.0180,0.0316,-0.1923,0,0.8020,0.6881,0.7508,0.6665,0.0556,162.2,31,0.8020,0.6881,0.2200,1.0567,1.0567,4.0643,0.0516,0,0,0,
174.553,162.100,pred,block2_B_pred,1,2.2728,1.2078,-2.7837,0.0600,0.3530,0.0126,-0.3205,0,0.8020,0.6881,0.7508,0.6665,0.0556,162.2,31,0.8020,0.6881,0.2200,1.0567,1.0567,4.0643,0.0379,0,0,0,
174.653,162.200,pred,block2_B_pred,1,2.2665,1.2055,-2.7800,0.0310,-0.0740,0.0189,-0.2179,0,0.8020,0.6881,0.7508,0.6665,0.0556,162.2,31,0.8020,0.6881,0.2200,1.0567,1.0567,4.0643,0.0268,0,0,0,
174.753,162.300,pred,block2_B_pred,1,2.2631,1.2041,-2.7593,0.0000,0.0000,0.0126,-0.3205,0,0.8020,0.6881,0.7508,0.6665,0.0556,162.2,31,0.8020,0.6881,0.2200,1.0567,1.0567,4.0087,0.0253,0,0,0,
174.853,162.400,pred,block2_B_pred,1,2.2631,1.2041,-2.7593,0.0000,0.0000,0.0884,-0.2692,0,0.8020,0.6881,0.7508,0.6665,0.0556,162.2,31,0.8020,0.6881,0.2200,1.0567,1.0567,4.0087,0.1707,0,0,0,
174.953,162.500,pred,block2_B_pred,1,2.2624,1.2039,-2.7545,-0.0820,-0.4830,0.0884,-0.3205,0,0.8020,0.6881,0.7508,0.6665,0.0556,162.2,31,0.8020,0.6881,0.2200,1.0567,1.0567,4.0087,0.1719,0,0,0,
175.053,162.600,pred,block2_B_pred,1,2.2634,1.2043,-2.7607,0.0000,0.0000,0.0947,-0.2436,0,0.8020,0.6881,0.7508,0.6665,0.0556,162.2,31,0.8020,0.6881,0.2200,1.0567,1.0567,4.0087,0.1707,0,0,0,
175.153,162.700,pred,block2_B_pred,1,2.2634,1.2043,-2.7607,0.0000,0.0000,0.0379,-0.2179,0,0.8020,0.6881,0.7508,0.6665,0.0556,162.2,31,0.8020,0.6881,0.2200,1.0567,1.0567,4.0087,0.0758,0,0,0,
175.253,162.800,pred,block2_B_pred,1,2.2579,1.2021,-2.7589,0.0090,-0.0180,0.0379,-0.2179,0,0.8020,0.6881,0.7508,0.6665,0.0556,162.2,31,0.8020,0.6881,0.2200,1.0567,1.0567,4.0087,0.0632,0,0,0,
175.353,162.900,pred,block2_B_pred,1,2.2551,1.2010,-2.7771,0.0060,-0.0370,0.0316,-0.2179,0,0.8020,0.6881,0.7508,0.6665,0.0556,162.2,31,0.8020,0.6881,0.2200,1.0567,1.0567,4.0087,0.0632,0,0,0,
175.453,163.000,pred,block2_B_pred,1,2.2456,1.1974,-2.7956,0.0880,-0.4450,0.0316,-0.1667,0,0.8020,0.6881,0.7508,0.6665,0.0556,162.2,31,0.8020,0.6881,0.2200,1.0567,1.0567,4.0087,0.1516,0,0,0,
175.554,163.102,pred,block2_B_pred,1,2.2379,1.1947,-2.8145,0.1360,-0.2040,0.0947,-0.1410,0,0.8020,0.6881,0.7508,0.6665,0.0556,162.2,31,0.8020,0.6881,0.2200,1.0567,1.0567,4.0087,0.0521,0,0,0,
175.653,163.201,pred,block2_B_pred,1,2.2333,1.1932,-2.8408,0.0150,-0.0920,0.0758,-0.1410,0,0.8020,0.6881,0.7508,0.6665,0.0556,162.2,31,0.8020,0.6881,0.2200,1.0567,1.0567,4.0087,0.1516,0,0,0,
175.758,163.305,pred,block2_B_pred,1,2.2274,1.1915,-2.8772,0.0690,-0.4080,0.1137,0.0446,0,0.8020,0.6881,0.7508,0.6665,0.0556,162.2,31,0.8020,0.6881,0.2200,1.0567,1.0567,3.9290,0.2147,0,0,0,
175.853,163.400,pred,block2_B_pred,1,2.2196,1.1895,-2.8953,0.0910,-0.3900,0.0821,-0.0190,0,0.8020,0.6881,0.7508,0.6665,0.0556,162.2,31,0.8020,0.6881,0.2200,1.0567,1.0567,3.9290,0.1768,0,0,0,
175.953,163.500,pred,block2_B_pred,1,2.2141,1.1881,-2.9291,0.0340,-0.2040,0.0947,0.0703,0,0.8020,0.6881,0.7508,0.6665,0.0556,162.2,31,0.8020,0.6881,0.2200,1.0567,1.0567,3.9290,0.2021,0,0,0,
176.053,163.600,pred,block2_B_pred,1,2.2062,1.1865,-2.9480,0.0880,-0.5200,0.0758,0.0703,0,0.8020,0.6881,0.7508,0.6665,0.0556,162.2,31,0.8020,0.6881,0.2200,1.0567,1.0567,3.9290,0.1516,0,0,0,
176.153,163.700,pred,block2_B_pred,1,2.2007,1.1854,-2.9536,0.0310,0.0740,0.0947,0.1154,0,0.8020,0.6881,0.7508,0.6665,0.0556,162.2,31,0.8020,0.6881,0.2200,1.0567,1.0567,3.9290,0.1895,0,0,0,
176.255,163.802,pred,block2_B_pred,1,2.1955,1.1845,-2.9841,0.0600,-0.3530,0.0947,0.1667,0,0.8020,0.6881,0.7508,0.6665,0.0556,162.2,31,0.8020,0.6881,0.2200,1.0567,1.0567,3.9290,0.1895,0,0,0,
176.353,163.900,pred,block2_B_pred,1,2.1901,1.1836,-2.9829,0.0060,0.0000,0.0758,0.0897,0,0.8020,0.6881,0.7508,0.6665,0.0556,162.2,31,0.8020,0.6881,0.2200,1.0567,1.0567,3.9290,0.1389,0,0,0,
176.453,164.000,pred,block2_B_pred,1,2.1826,1.1825,-2.9919,0.1520,0.0000,0.0821,0.1923,0,0.8020,0.6881,0.7508,0.6665,0.0556,162.2,31,0.8020,0.6881,0.2200,1.0567,1.0567,3.9290,0.1389,0,0,0,
176.553,164.100,pred,block2_B_pred,1,2.1769,1.1817,-2.9987,0.0950,0.3340,0.0947,0.1923,0,0.8020,0.6881,0.7508,0.6665,0.0556,162.2,31,0.8020,0.6881,0.2200,1.0567,1.0567,3.9290,0.1890,0,0,0,
176.653,164.200,pred,block2_B_pred,1,2.1696,1.1807,-3.0093,0.1710,0.0000,0.0884,0.1923,0,0.8020,0.6881,0.7508,0.6665,0.0556,162.2,31,0.8020,0.6881,0.2200,1.0567,1.0567,3.9290,0.1849,0,0,0,
176.755,164.302,pred,block2_B_pred,1,2.1611,1.1796,-3.0186,0.0570,-0.0740,0.1200,0.3718,0,0.8020,0.6881,0.7508,0.6665,0.0556,162.2,31,0.8020,0.6881,0.2200,1.0567,1.0567,3.9290,0.2277,0,0,0,
176.853,164.400,pred,block2_B_pred,1,2.1528,1.1785,-2.9990,0.0530,0.2040,0.1074,0.2949,0,0.8020,0.6881,0.7508,0.6665,0.0556,162.2,31,0.8020,0.6881,0.2200,1.0567,1.0567,3.8965,0.2021,0,0,0,
176.953,164.500,pred,block2_B_pred,1,2.1400,1.1765,-2.9820,0.1420,0.1300,0.1200,0.2692,0,0.8020,0.6881,0.7508,0.6665,0.0556,162.2,31,0.8020,0.6881,0.2200,1.0567,1.0567,3.8965,0.2400,0,0,0,
177.053,164.600,pred,block2_B_pred,1,2.1275,1.1744,-2.9560,0.1200,0.4830,0.1137,0.2436,0,0.8020,0.6881,0.7508,0.6665,0.0556,162.2,31,0.8020,0.6881,0.2200,1.0567,1.0567,3.8965,0.2148,0,0,0,
177.153,164.700,pred,block2_B_pred,1,2.1143,1.1717,-2.9144,0.0950,0.5200,0.1137,0.0897,0,0.8020,0.6881,0.7508,0.6665,0.0556,162.2,31,0.8020,0.6881,0.2200,1.0567,1.0567,3.8965,0.2400,0,0,0,
177.253,164.800,pred,block2_B_pred,1,2.1037,1.1692,-2.8851,0.0530,0.3150,0.1200,0.0897,0,0.8020,0.6881,0.7508,0.6665,0.0556,162.2,31,0.8020,0.6881,0.2200,1.0567,1.0567,3.8965,0.2274,0,0,0,
177.353,164.900,pred,block2_B_pred,1,2.0926,1.1661,-2.8491,0.0470,0.2410,0.0189,0.1985,0,0.8020,0.6881,0.7508,0.6665,0.0556,162.2,31,0.8020,0.6881,0.2200,1.0567,1.0567,3.8965,0.0370,0,0,0,
177.453,165.000,pred,block2_B_pred,1,2.0816,1.1627,-2.8236,0.1010,0.5570,0.0126,0.3462,0,0.8020,0.6881,0.7508,0.6665,0.0556,162.2,31,0.8020,0.6881,0.2200,1.0567,1.0567,3.8965,0.0275,0,0,0,
177.554,165.101,pred,block2_B_pred,1,2.0734,1.1598,-2.7954,0.1330,-0.0370,0.0758,0.3462,0,0.8020,0.6881,0.7508,0.6665,0.0556,162.2,31,0.8020,0.6881,0.2200,1.0567,1.0567,3.8965,0.1895,0,0,0,
177.653,165.200,pred,block2_B_pred,1,2.0676,1.1577,-2.7653,0.0280,0.1670,0.0695,0.3205,0,0.8020,0.6881,0.7508,0.6665,0.0556,162.2,31,0.8020,0.6881,0.2200,1.0567,1.0567,3.8965,0.1768,0,0,0,
177.753,165.300,pred,block2_B_pred,1,2.0603,1.1547,-2.7477,0.0880,0.1110,0.0947,0.2436,0,0.8020,0.6881,0.7508,0.6665,0.0556,162.2,31,0.8020,0.6881,0.2200,1.0567,1.0567,3.8965,0.1917,0,0,0,
177.853,165.400,pred,block2_B_pred,1,2.0575,1.1535,-2.7332,0.0060,0.0370,0.1011,0.1923,0,0.8020,0.6881,0.7508,0.6665,0.0556,162.2,31,0.8020,0.6881,0.2200,1.0567,1.0567,3.9175,0.1751,0,0,0,
177.953,165.500,pred,block2_B_pred,1,2.0542,1.1521,-2.7117,0.0630,0.3710,0.0884,0.4036,0,0.8020,0.6881,0.7508,0.6665,0.0556,162.2,31,0.8020,0.6881,0.2200,1.0567,1.0567,3.9175,0.1717,0,0,0,
178.053,165.600,pred,block2_B_pred,1,2.0498,1.1500,-2.7043,0.1330,-0.1110,0.1074,0.5000,0,0.8020,0.6881,0.7508,0.6665,0.0556,162.2,31,0.8020,0.6881,0.2200,1.0567,1.0567,3.9175,0.1602,0,0,0,
178.153,165.700,pred,block2_B_pred,1,2.0452,1.1479,-2.6869,0.0600,0.3530,0.1074,0.5000,1,1.0427,0.2209,3.1688,-0.5436,2.2594,-31.7,35,2.0830,-0.1532,0.3994,1.0658,2.0886,3.9175,0.2010,0,0,0,
178.253,165.800,pred,block2_B_pred,1,2.0403,1.1454,-2.6544,0.0850,0.5010,0.1074,0.4487,1,1.0427,0.2209,3.1688,-0.5436,2.2594,-31.7,35,2.0830,-0.1532,0.3994,1.0658,2.0886,3.9175,0.1967,0,0,0,
178.353,165.900,pred,block2_B_pred,1,2.0327,1.1412,-2.6226,0.1520,-0.0740,0.0947,0.5000,1,1.0883,0.1973,3.1699,-0.6394,2.2434,-32.2,35,2.1081,-0.2092,0.3967,1.1060,2.1185,3.9175,0.2400,0,0,0,
178.453,166.000,pred,block2_B_pred,1,2.0228,1.1353,-2.5658,0.1040,0.6130,0.1200,0.5000,1,1.1726,0.1433,3.2238,-0.7600,2.2413,-30.7,35,2.1778,-0.2954,0.3963,1.1813,2.1977,3.9175,0.2274,0,0,0,
178.553,166.100,pred,block2_B_pred,1,2.0111,1.1273,-2.5138,0.1290,0.6130,0.1137,0.4744,1,1.1726,0.1433,3.2238,-0.7600,2.2413,-30.7,35,2.1778,-0.2954,0.3963,1.1813,2.1977,3.9175,0.2160,0,0,0,
178.653,166.200,pred,block2_B_pred,1,2.0025,1.1207,-2.4506,0.0880,0.5200,0.1011,0.5000,1,1.2696,0.0662,3.2959,-0.9288,2.2575,-29.1,35,2.2632,-0.4165,0.3992,1.2713,2.3013,3.9175,0.2021,0,0,0,
178.753,166.300,pred,block2_B_pred,1,1.9924,1.1121,-2.4107,0.1100,0.6130,0.1011,0.4231,1,1.3707,-0.0358,3.3823,-1.1256,2.2879,-27.0,35,2.3573,-0.5648,0.4045,1.3711,2.4241,3.9175,0.2397,0,0,0,
178.856,166.403,pred,block2_B_pred,1,1.9852,1.1053,-2.3523,0.0980,0.5750,0.1200,0.3974,1,1.4737,-0.1752,3.4622,-1.3516,2.3105,-23.8,35,2.4487,-0.7474,0.4085,1.4841,2.5602,3.6991,0.2400,0,0,0,
178.953,166.500,pred,block2_B_pred,1,1.9785,1.0983,-2.2951,0.1170,0.6870,0.1200,0.3400,1,1.4737,-0.1752,3.4622,-1.3516,2.3105,-23.8,35,2.4487,-0.7474,0.4085,1.4841,2.5602,3.6991,0.2400,0,0,0,
179.053,166.600,pred,block2_B_pred,1,1.9719,1.0904,-2.2346,0.1170,0.6870,0.1137,0.0200,1,1.5578,-0.3377,3.5119,-1.5876,2.3197,-20.4,35,2.5154,-0.9468,0.4101,1.5940,2.6877,3.6991,0.2400,0,0,0,
179.153,166.700,pred,block2_B_pred,1,1.9646,1.0806,-2.1901,0.1770,0.3340,0.1200,-0.2436,1,1.6251,-0.5298,3.5152,-1.8389,2.2992,-16.6,35,2.5509,-1.1687,0.4064,1.7093,2.8059,3.6991,0.2274,0,0,0,
179.253,166.800,pred,block2_B_pred,1,1.9595,1.0732,-2.1459,0.1070,0.6310,0.1137,-0.0385,1,1.6251,-0.5298,3.5152,-1.8389,2.2992,-16.6,35,2.5509,-1.1687,0.4064,1.7093,2.8059,3.6991,0.2400,0,0,0,
179.353,166.900,pred,block2_B_pred,1,1.9551,1.0662,-2.0972,0.0720,0.4270,0.1200,-0.0897,1,1.6591,-0.7220,3.4877,-2.0584,2.2650,-12.6,35,2.5537,-1.3757,0.4004,1.8093,2.9007,3.6991,0.2400,0,0,0,
179.453,167.000,pred,block2_B_pred,1,1.9500,1.0570,-2.0738,0.1290,0.3530,0.1200,-0.2949,1,1.6733,-0.9228,3.4349,-2.2586,2.2108,-8.3,35,2.5338,-1.5779,0.3908,1.9109,2.9850,3.6991,0.2274,0,0,0,
179.553,167.100,pred,block2_B_pred,1,1.9455,1.0486,-2.0510,0.1200,0.0740,0.1200,-0.0641,1,1.6733,-0.9228,3.4349,-2.2586,2.2108,-8.3,35,2.5338,-1.5779,0.3908,1.9109,2.9850,3.6991,0.2400,0,0,0,
179.653,167.200,pred,block2_B_pred,1,1.9403,1.0386,-2.0480,0.1550,-0.0180,0.1200,-0.1410,1,1.6733,-0.9228,3.4349,-2.2586,2.2108,-8.3,35,2.5338,-1.5779,0.3908,1.9109,2.9850,3.6991,0.2400,0,0,0,
179.753,167.300,pred,block2_B_pred,1,1.9358,1.0301,-2.0663,0.1040,-0.2410,0.1200,-0.1667,1,1.6733,-0.9228,3.4349,-2.2586,2.2108,-8.3,35,2.5338,-1.5779,0.3908,1.9109,2.9850,3.6991,0.2400,0,0,0,
179.853,167.400,pred,block2_B_pred,1,1.9292,1.0181,-2.0895,0.1200,-0.5200,0.1137,-0.1667,1,1.6733,-0.9228,3.4349,-2.2586,2.2108,-8.3,35,2.5338,-1.5779,0.3908,1.9109,2.9850,3.6991,0.2274,0,0,0,
179.953,167.500,pred,block2_B_pred,1,1.9230,1.0075,-2.1195,0.1360,-0.5010,0.1074,-0.1410,1,1.6733,-0.9228,3.4349,-2.2586,2.2108,-8.3,35,2.5338,-1.5779,0.3908,1.9109,2.9850,3.6638,0.2147,0,0,0,
180.053,167.600,pred,block2_B_pred,1,1.9150,0.9947,-2.1489,0.1610,-0.3530,0.1011,-0.1410,1,1.6733,-0.9228,3.4349,-2.2586,2.2108,-8.3,35,2.5338,-1.5779,0.3908,1.9109,2.9850,3.6638,0.2400,0,0,0,
180.153,167.700,pred,block2_B_pred,1,1.9094,0.9865,-2.1816,0.1480,0.0920,0.1200,-0.2179,1,1.6733,-0.9228,3.4349,-2.2586,2.2108,-8.3,35,2.5338,-1.5779,0.3908,1.9109,2.9850,3.6638,0.2274,0,0,0,
180.253,167.800,pred,block2_B_pred,1,1.9027,0.9772,-2.2138,0.1450,0.1110,0.1200,-0.0897,1,1.6733,-0.9228,3.4349,-2.2586,2.2108,-8.3,35,2.5338,-1.5779,0.3908,1.9109,2.9850,3.6638,0.2400,0,0,0,
180.353,167.900,pred,block2_B_pred,1,1.8970,0.9698,-2.2381,0.1290,0.2410,0.1200,-0.0897,1,1.6733,-0.9228,3.4349,-2.2586,2.2108,-8.3,35,2.5338,-1.5779,0.3908,1.9109,2.9850,3.6638,0.2400,0,0,0,
180.453,168.000,pred,block2_B_pred,1,1.8919,0.9635,-2.2666,0.0690,-0.4080,0.1137,-0.0641,0,1.6733,-0.9228,3.4349,-2.2586,2.2108,-8.3,35,2.5338,-1.5779,0.3908,1.9109,2.9850,3.6638,0.2274,0,0,0,
180.553,168.100,pred,block2_B_pred,1,1.8858,0.9562,-2.2844,0.0410,-0.2040,0.1137,-0.0641,0,1.6733,-0.9228,3.4349,-2.2586,2.2108,-8.3,35,2.5338,-1.5779,0.3908,1.9109,2.9850,3.6638,0.2147,0,0,0,
180.653,168.200,pred,block2_B_pred,1,1.8804,0.9500,-2.3011,0.0470,-0.1300,0.1074,0.0000,0,1.6733,-0.9228,3.4349,-2.2586,2.2108,-8.3,35,2.5338,-1.5779,0.3908,1.9109,2.9850,3.6638,0.2021,0,0,0,
180.753,168.300,pred,block2_B_pred,1,1.8745,0.9435,-2.3104,0.0570,0.0370,0.1074,0.0000,1,2.5498,-2.5002,4.2692,-3.9495,2.2487,4.3,35,2.5338,-1.5779,0.3908,3.5711,2.9850,3.6638,0.2021,0,0,0,
180.853,168.400,pred,block2_B_pred,1,1.8706,0.9394,-2.3414,0.0530,-0.2780,0.1200,-0.1154,1,2.5498,-2.5002,4.2692,-3.9495,2.2487,4.3,35,3.3910,-3.2093,0.3975,3.5711,4.6689,3.6638,0.2400,0,0,0,
180.953,168.500,pred,block2_B_pred,1,1.8650,0.9337,-2.3619,0.0880,-0.5200,0.1200,-0.1154,1,2.6006,-2.5209,4.3388,-3.9433,2.2460,4.8,35,3.4507,-3.2173,0.3971,3.6219,4.7179,3.5576,0.2147,0,0,0,
181.056,168.603,pred,block2_B_pred,1,1.8588,0.9276,-2.3860,0.0880,-0.5200,0.1074,0.1154,1,2.7054,-2.5602,4.5200,-3.9585,2.2908,5.8,35,3.5925,-3.2455,0.4050,3.7248,4.8414,3.5576,0.2400,0,0,0,
181.153,168.700,pred,block2_B_pred,1,1.8518,0.9210,-2.4022,0.0880,-0.5200,0.1137,0.1410,1,2.7054,-2.5602,4.5200,-3.9585,2.2908,5.8,35,3.5925,-3.2455,0.4050,3.7248,4.8414,3.5576,0.2370,0,0,0,
181.253,168.800,pred,block2_B_pred,1,1.8445,0.9142,-2.3892,0.1170,-0.0180,0.1200,0.1923,1,2.8148,-2.5933,4.6481,-3.9822,2.3000,5.5,35,3.7120,-3.2725,0.4066,3.8273,4.9486,3.5576,0.2274,0,0,0,
181.354,168.901,pred,block2_B_pred,1,1.8340,0.9045,-2.3911,0.1670,0.0180,0.1137,0.1923,1,2.9343,-2.6263,4.6479,-4.0130,2.2044,2.9,35,3.7757,-3.3015,0.3898,3.9379,5.0155,3.5576,0.2147,0,0,0,
181.453,169.000,pred,block2_B_pred,1,1.8242,0.8953,-2.3904,0.1420,0.0180,0.1200,0.1154,1,2.9343,-2.6263,4.6479,-4.0130,2.2044,2.9,35,3.7757,-3.3015,0.3898,3.9379,5.0155,3.5576,0.2420,0,0,0,
181.553,169.100,pred,block2_B_pred,1,1.8139,0.8856,-2.3777,0.1100,0.2040,0.1200,0.2179,1,3.0594,-2.6600,4.5864,-4.0668,2.0762,-1.7,35,3.8127,-3.3426,0.3673,4.0541,5.0705,3.5576,0.2400,0,0,0,
181.653,169.200,pred,block2_B_pred,1,1.8021,0.8742,-2.3579,0.1450,0.4080,0.1200,0.1154,1,3.1701,-2.6898,4.4542,-4.1214,1.9232,-7.8,35,3.8091,-3.3826,0.3405,4.1575,5.0942,3.5576,0.2400,0,0,0,
181.758,169.306,pred,block2_B_pred,1,1.7915,0.8636,-2.3523,0.1830,0.1850,0.1200,0.1667,1,3.1701,-2.6898,4.4542,-4.1214,1.9232,-7.8,35,3.8091,-3.3826,0.3405,4.1575,5.0942,3.5576,0.2400,0,0,0,
181.854,169.401,pred,block2_B_pred,1,1.7833,0.8552,-2.3318,0.0660,0.3530,0.1137,0.1410,1,3.2505,-2.7199,4.3150,-4.0693,1.7188,-11.8,35,3.7808,-3.3736,0.3042,4.2383,5.0672,3.5576,0.2400,0,0,0,
181.953,169.500,pred,block2_B_pred,1,1.7751,0.8465,-2.3140,0.1740,0.0180,0.1200,0.0641,1,3.3019,-2.7509,4.1331,-4.0109,1.5095,-16.8,35,3.7187,-3.3617,0.2672,4.2976,5.0129,3.4517,0.2400,0,0,0,
182.053,169.600,pred,block2_B_pred,1,1.7686,0.8392,-2.2898,0.1480,-0.0180,0.1137,0.0641,1,3.3019,-2.7509,4.1331,-4.0109,1.5095,-16.8,35,3.7187,-3.3617,0.2672,4.2976,5.0129,3.4517,0.2274,0,0,0,
182.153,169.700,pred,block2_B_pred,1,1.7632,0.8330,-2.2639,0.0950,0.1480,0.1137,0.0385,1,3.3270,-2.7916,4.0217,-3.9191,1.3244,-18.4,35,3.6734,-3.3396,0.2342,4.3430,4.9646,3.4517,0.2147,0,0,0,
182.253,169.800,pred,block2_B_pred,1,1.7578,0.8264,-2.2446,0.0880,0.5200,0.1200,-0.0128,1,3.3212,-2.8409,3.8125,-3.8677,1.1383,-23.9,35,3.5695,-3.3403,0.2321,4.3705,4.8886,3.4517,0.2400,0,0,0,
182.353,169.900,pred,block2_B_pred,1,1.7525,0.8198,-2.2346,0.0600,0.3530,0.1200,-0.0641,1,3.3212,-2.8409,3.8125,-3.8677,1.1383,-23.9,35,3.5695,-3.3403,0.2321,4.3705,4.8886,3.4517,0.2400,0,0,0,
182.453,170.000,pred,block2_B_pred,1,1.7477,0.8136,-2.2231,0.0410,0.1670,0.1200,-0.2179,1,3.2932,-2.8904,3.6374,-3.8242,0.9952,-28.5,35,3.4689,-3.3451,0.2307,4.3817,4.8190,3.4517,0.2274,0,0,0,
182.553,170.100,pred,block2_B_pred,1,1.7427,0.8070,-2.2074,0.1070,0.1480,0.1074,-0.2754,1,3.2498,-2.9403,3.4900,-3.7976,0.8904,-32.2,35,3.3733,-3.3582,0.2295,4.3825,4.7600,3.4517,0.2274,0,0,0,
182.653,170.200,pred,block2_B_pred,1,1.7378,0.8002,-2.1911,0.1010,0.4450,0.1137,-0.1410,1,3.2498,-2.9403,3.4900,-3.7976,0.8904,-32.2,35,3.3733,-3.3582,0.2295,4.3825,4.7600,3.4517,0.2400,0,0,0,
182.753,170.300,pred,block2_B_pred,1,1.7321,0.7922,-2.1892,0.1740,0.0180,0.1200,-0.0385,1,3.1996,-2.9965,3.3613,-3.8054,0.8249,-35.6,35,3.2835,-3.3913,0.2288,4.3837,4.7204,3.4517,0.2400,0,0,0,
182.854,170.401,pred,block2_B_pred,1,1.7241,0.7810,-2.1904,0.1610,-0.1300,0.1200,-0.0385,1,3.1488,-3.0520,3.2533,-3.8322,0.7872,-38.3,35,3.2038,-3.4331,0.2283,4.3851,4.6958,3.4517,0.2400,0,0,0,
182.955,170.502,pred,block2_B_pred,1,1.7160,0.7695,-2.1934,0.1330,-0.3340,0.1137,-0.0385,1,3.1488,-3.0520,3.2533,-3.8322,0.7872,-38.3,35,3.2038,-3.4331,0.2283,4.3851,4.6958,3.3454,0.2274,0,0,0,
183.053,170.600,pred,block2_B_pred,1,1.7074,0.7576,-2.1978,0.1260,-0.1850,0.1200,0.0000,1,3.1488,-3.0520,3.2533,-3.8322,0.7872,-38.3,35,3.2038,-3.4331,0.2283,4.3851,4.6958,3.3454,0.2274,0,0,0,
183.153,170.700,pred,block2_B_pred,1,1.6999,0.7473,-2.2082,0.0880,-0.0370,0.1137,0.0000,1,3.1488,-3.0520,3.2533,-3.8322,0.7872,-38.3,35,3.2038,-3.4331,0.2283,4.3851,4.6958,3.3454,0.2400,0,0,0,
183.254,170.801,pred,block2_B_pred,1,1.6916,0.7361,-2.2134,0.1100,-0.3530,0.1200,0.0385,1,3.1488,-3.0520,3.2533,-3.8322,0.7872,-38.3,35,3.2038,-3.4331,0.2283,4.3851,4.6958,3.3454,0.2400,0,0,0,
183.353,170.900,pred,block2_B_pred,1,1.6849,0.7272,-2.2189,0.1360,0.1300,0.1200,-0.0385,1,3.1488,-3.0520,3.2533,-3.8322,0.7872,-38.3,35,3.2038,-3.4331,0.2283,4.3851,4.6958,3.3454,0.2400,0,0,0,
183.454,171.001,pred,block2_B_pred,1,1.6799,0.7206,-2.2178,0.0340,-0.0550,0.1137,-0.0385,1,3.1488,-3.0520,3.2533,-3.8322,0.7872,-38.3,35,3.2038,-3.4331,0.2283,4.3851,4.6958,3.3454,0.2274,0,0,0,
183.553,171.100,pred,block2_B_pred,1,1.6755,0.7149,-2.2279,0.0850,-0.4270,0.1137,-0.0641,1,3.1488,-3.0520,3.2533,-3.8322,0.7872,-38.3,35,3.2038,-3.4331,0.2283,4.3851,4.6958,3.3454,0.2147,0,0,0,
183.653,171.200,pred,block2_B_pred,1,1.6703,0.7081,-2.2197,0.0850,0.2780,0.1200,0.0000,1,3.1488,-3.0520,3.2533,-3.8322,0.7872,-38.3,35,3.2038,-3.4331,0.2283,4.3851,4.6958,3.3454,0.2400,0,0,0,
183.753,171.300,pred,block2_B_pred,1,1.6648,0.7009,-2.2320,0.1040,-0.0180,0.1200,0.0000,1,3.1488,-3.0520,3.2533,-3.8322,0.7872,-38.3,35,3.2038,-3.4331,0.2283,4.3851,4.6958,3.3454,0.2274,0,0,0,
183.853,171.400,pred,block2_B_pred,1,1.6599,0.6947,-2.2472,0.0950,-0.4450,0.1137,0.0128,0,3.1488,-3.0520,3.2533,-3.8322,0.7872,-38.3,35,3.2038,-3.4331,0.2283,4.3851,4.6958,3.3454,0.2147,0,0,0,
183.953,171.500,pred,block2_B_pred,1,1.6544,0.6878,-2.2453,0.0950,0.3340,0.1200,0.0641,0,3.1488,-3.0520,3.2533,-3.8322,0.7872,-38.3,35,3.2038,-3.4331,0.2283,4.3851,4.6958,3.3454,0.2400,0,0,0,
184.053,171.600,pred,block2_B_pred,1,1.6484,0.6804,-2.2513,0.0340,-0.0180,0.1200,0.0000,0,3.1488,-3.0520,3.2533,-3.8322,0.7872,-38.3,35,3.2038,-3.4331,0.2283,4.3851,4.6958,3.2396,0.2400,0,0,0,
184.153,171.700,pred,block2_B_pred,1,1.6407,0.6709,-2.2505,0.1230,0.2410,0.1200,-0.0641,0,3.1488,-3.0520,3.2533,-3.8322,0.7872,-38.3,35,3.2038,-3.4331,0.2283,4.3851,4.6958,3.2396,0.2274,0,0,0,
184.253,171.800,pred,block2_B_pred,1,1.6330,0.6615,-2.2572,0.1330,0.1110,0.1137,-0.0385,0,3.1488,-3.0520,3.2533,-3.8322,0.7872,-38.3,35,3.2038,-3.4331,0.2283,4.3851,4.6958,3.2396,0.2147,0,0,0,
184.353,171.900,pred,block2_B_pred,1,1.6262,0.6532,-2.2621,0.0980,0.0550,0.1074,-0.1154,0,3.1488,-3.0520,3.2533,-3.8322,0.7872,-38.3,35,3.2038,-3.4331,0.2283,4.3851,4.6958,3.2396,0.2400,0,0,0,
184.453,172.000,pred,block2_B_pred,1,1.6190,0.6446,-2.2776,0.1550,-0.0550,0.1200,0.0128,1,2.8055,-2.8778,2.8055,-2.8778,0.0000,0.0,31,2.8055,-2.8778,0.2200,4.0190,4.0190,3.2396,0.2274,0,0,0,
184.553,172.100,pred,block2_B_pred,1,1.6128,0.6374,-2.2890,0.1010,-0.2220,0.1137,0.0385,1,2.8055,-2.8778,2.8055,-2.8778,0.0000,0.0,31,2.8055,-2.8778,0.2200,4.0190,4.0190,3.2396,0.2147,0,0,0,
184.653,172.200,pred,block2_B_pred,1,1.6054,0.6291,-2.2912,0.1770,0.0000,0.1074,0.0641,1,2.8089,-2.8689,2.8089,-2.8689,0.0000,0.0,31,2.8089,-2.8689,0.2200,4.0150,4.0150,3.2396,0.2400,0,0,0,
184.755,172.302,pred,block2_B_pred,1,1.6003,0.6232,-2.2951,0.0380,0.0370,0.1200,-0.0128,1,2.8116,-2.8548,2.8116,-2.8548,0.0000,0.0,31,2.8116,-2.8548,0.2200,4.0068,4.0068,3.2396,0.2400,0,0,0,
184.853,172.400,pred,block2_B_pred,1,1.5936,0.6158,-2.2966,0.1170,0.3530,0.1200,0.0385,1,2.8116,-2.8548,2.8116,-2.8548,0.0000,0.0,31,2.8116,-2.8548,0.2200,4.0068,4.0068,3.2396,0.2400,0,0,0,
184.953,172.500,pred,block2_B_pred,1,1.5878,0.6092,-2.2989,0.1100,-0.2410,0.1137,-0.0385,1,2.8151,-2.8334,2.8151,-2.8334,0.0000,0.0,31,2.8151,-2.8334,0.2200,3.9941,3.9941,3.2396,0.2274,0,0,0,
185.054,172.601,pred,block2_B_pred,1,1.5802,0.6007,-2.3019,0.1480,-0.1670,0.1074,-0.0128,1,2.8210,-2.8053,2.8210,-2.8053,0.0000,0.0,31,2.8210,-2.8053,0.2200,3.9785,3.9785,3.1333,0.2147,0,0,0,
185.153,172.700,pred,block2_B_pred,1,1.5729,0.5927,-2.3130,0.1360,-0.2780,0.1200,0.0385,1,2.8210,-2.8053,2.8210,-2.8053,0.0000,0.0,31,2.8210,-2.8053,0.2200,3.9785,3.9785,3.1333,0.2274,0,0,0,
185.253,172.800,pred,block2_B_pred,1,1.5656,0.5846,-2.3168,0.0910,-0.3150,0.1137,0.0641,1,2.8279,-2.7772,2.8279,-2.7772,0.0000,0.0,31,2.8279,-2.7772,0.2200,3.9636,3.9636,3.1333,0.2400,0,0,0,
185.354,172.901,pred,block2_B_pred,1,1.5583,0.5767,-2.3142,0.0880,-0.0740,0.1200,0.0641,1,2.8346,-2.7508,2.8346,-2.7508,0.0000,0.0,31,2.8346,-2.7508,0.2200,3.9499,3.9499,3.1333,0.2274,0,0,0,
185.453,173.000,pred,block2_B_pred,1,1.5507,0.5685,-2.3224,0.1580,-0.0740,0.1137,0.0897,1,2.8346,-2.7508,2.8346,-2.7508,0.0000,0.0,31,2.8346,-2.7508,0.2200,3.9499,3.9499,3.1333,0.2400,0,0,0,
185.553,173.100,pred,block2_B_pred,1,1.5431,0.5603,-2.3112,0.1010,0.3710,0.1200,0.1410,1,2.8402,-2.7252,2.8402,-2.7252,0.0000,0.0,31,2.8402,-2.7252,0.2200,3.9362,3.9362,3.1333,0.2274,0,0,0,
185.653,173.200,pred,block2_B_pred,1,1.5354,0.5520,-2.3076,0.0950,0.3710,0.1137,0.2754,1,2.8402,-2.7252,2.8402,-2.7252,0.0000,0.0,31,2.8402,-2.7252,0.2200,3.9362,3.9362,3.1333,0.2400,0,0,0,
185.754,173.302,pred,block2_B_pred,1,1.5269,0.5425,-2.2961,0.1330,0.1480,0.1200,0.0385,1,2.8402,-2.7252,2.8402,-2.7252,0.0000,0.0,31,2.8402,-2.7252,0.2200,3.9362,3.9362,3.1333,0.2400,0,0,0,
185.853,173.400,pred,block2_B_pred,1,1.5191,0.5338,-2.2976,0.1140,-0.3340,0.1200,0.0897,1,2.8402,-2.7252,2.8402,-2.7252,0.0000,0.0,31,2.8402,-2.7252,0.2200,3.9362,3.9362,3.1333,0.2400,0,0,0,
185.953,173.500,pred,block2_B_pred,1,1.5109,0.5244,-2.2746,0.1260,0.4080,0.1200,0.0385,1,2.8402,-2.7252,2.8402,-2.7252,0.0000,0.0,31,2.8402,-2.7252,0.2200,3.9362,3.9362,3.1333,0.2274,0,0,0,
186.056,173.603,pred,block2_B_pred,1,1.5035,0.5156,-2.2668,0.1580,0.1850,0.1200,0.1154,1,2.8402,-2.7252,2.8402,-2.7252,0.0000,0.0,31,2.8402,-2.7252,0.2200,3.9362,3.9362,3.0275,0.2400,0,0,0,
186.154,173.701,pred,block2_B_pred,1,1.4974,0.5082,-2.2469,0.0760,0.2600,0.1137,-0.0641,1,2.8402,-2.7252,2.8402,-2.7252,0.0000,0.0,31,2.8402,-2.7252,0.2200,3.9362,3.9362,3.0275,0.2021,0,0,0,
186.253,173.800,pred,block2_B_pred,1,1.4905,0.4996,-2.2387,0.1290,-0.2410,0.1011,0.2179,1,2.8402,-2.7252,2.8402,-2.7252,0.0000,0.0,31,2.8402,-2.7252,0.2200,3.9362,3.9362,3.0275,0.2400,0,0,0,
186.353,173.900,pred,block2_B_pred,1,1.4840,0.4911,-2.2202,0.1390,0.0740,0.1200,0.1667,1,2.8402,-2.7252,2.8402,-2.7252,0.0000,0.0,31,2.8402,-2.7252,0.2200,3.9362,3.9362,3.0275,0.2274,0,0,0,
186.453,174.000,pred,block2_B_pred,1,1.4791,0.4846,-2.2075,0.0910,0.3900,0.1200,0.1154,1,2.8402,-2.7252,2.8402,-2.7252,0.0000,0.0,31,2.8402,-2.7252,0.2200,3.9362,3.9362,3.0275,0.2400,0,0,0,
186.554,174.101,pred,block2_B_pred,1,1.4737,0.4773,-2.1901,0.0980,0.5010,0.1200,0.0897,0,2.8402,-2.7252,2.8402,-2.7252,0.0000,0.0,31,2.8402,-2.7252,0.2200,3.9362,3.9362,3.0275,0.2400,0,0,0,
186.653,174.200,pred,block2_B_pred,1,1.4696,0.4714,-2.1775,0.0500,0.2220,0.1137,0.0897,0,2.8402,-2.7252,2.8402,-2.7252,0.0000,0.0,31,2.8402,-2.7252,0.2200,3.9362,3.9362,3.0275,0.2274,0,0,0,
186.753,174.300,pred,block2_B_pred,1,1.4628,0.4615,-2.1623,0.1710,0.0370,0.1074,0.0897,0,2.8402,-2.7252,2.8402,-2.7252,0.0000,0.0,31,2.8402,-2.7252,0.2200,3.9362,3.9362,3.0275,0.2360,0,0,0,
186.853,174.400,pred,block2_B_pred,1,1.4567,0.4524,-2.1410,0.1450,0.0370,0.1200,0.1410,0,2.8402,-2.7252,2.8402,-2.7252,0.0000,0.0,31,2.8402,-2.7252,0.2200,3.9362,3.9362,3.0275,0.2400,0,0,0,
186.953,174.500,pred,block2_B_pred,1,1.4514,0.4440,-2.1209,0.0910,0.3530,0.1200,0.1154,0,2.8402,-2.7252,2.8402,-2.7252,0.0000,0.0,31,2.8402,-2.7252,0.2200,3.9362,3.9362,3.0275,0.2400,0,0,0,
187.053,174.600,pred,block2_B_pred,1,1.4449,0.4331,-2.1020,0.1770,0.1110,0.1137,0.0897,0,2.8402,-2.7252,2.8402,-2.7252,0.0000,0.0,31,2.8402,-2.7252,0.2200,3.9362,3.9362,3.0275,0.2274,0,0,0,
187.153,174.700,pred,block2_B_pred,1,1.4385,0.4221,-2.0920,0.1260,0.3340,0.1200,-0.0128,0,2.8402,-2.7252,2.8402,-2.7252,0.0000,0.0,31,2.8402,-2.7252,0.2200,3.9362,3.9362,2.8879,0.2400,0,0,0,
187.254,174.801,pred,block2_B_pred,1,1.4342,0.4145,-2.0731,0.0380,0.1480,0.1200,-0.2692,0,2.8402,-2.7252,2.8402,-2.7252,0.0000,0.0,31,2.8402,-2.7252,0.2200,3.9362,3.9362,2.8879,0.1895,0,0,0,
187.353,174.900,pred,block2_B_pred,1,1.4278,0.4029,-2.0582,0.1480,0.1300,0.1074,-0.1923,0,2.8402,-2.7252,2.8402,-2.7252,0.0000,0.0,31,2.8402,-2.7252,0.2200,3.9362,3.9362,2.8879,0.2400,0,0,0,
187.453,175.001,pred,block2_B_pred,1,1.4236,0.3948,-2.0388,0.0950,0.4080,0.1200,-0.2436,0,2.8402,-2.7252,2.8402,-2.7252,0.0000,0.0,31,2.8402,-2.7252,0.2200,3.9362,3.9362,2.8879,0.2400,0,0,0,
187.553,175.100,pred,block2_B_pred,1,1.4181,0.3838,-2.0279,0.0910,0.2410,0.1200,-0.1667,0,2.8402,-2.7252,2.8402,-2.7252,0.0000,0.0,31,2.8402,-2.7252,0.2200,3.9362,3.9362,2.8879,0.2274,0,0,0,
187.653,175.200,pred,block2_B_pred,1,1.4116,0.3706,-2.0327,0.1140,-0.2600,0.1137,-0.1667,0,2.8402,-2.7252,2.8402,-2.7252,0.0000,0.0,31,2.8402,-2.7252,0.2200,3.9362,3.9362,2.8879,0.2170,0,0,0,
187.753,175.300,pred,block2_B_pred,1,1.4052,0.3576,-2.0338,0.1610,-0.1670,0.1200,-0.1154,0,2.8402,-2.7252,2.8402,-2.7252,0.0000,0.0,31,2.8402,-2.7252,0.2200,3.9362,3.9362,2.8879,0.2400,0,0,0,
187.853,175.400,pred,block2_B_pred,1,1.3991,0.3457,-2.0497,0.1330,-0.3340,0.1137,-0.1154,0,2.8402,-2.7252,2.8402,-2.7252,0.0000,0.0,31,2.8402,-2.7252,0.2200,3.9362,3.9362,2.8879,0.2147,0,0,0,
187.953,175.500,pred,block2_B_pred,1,1.3928,0.3335,-2.0620,0.0910,-0.2040,0.1200,-0.1667,0,2.8402,-2.7252,2.8402,-2.7252,0.0000,0.0,31,2.8402,-2.7252,0.2200,3.9362,3.9362,2.8879,0.2400,0,0,0,
188.053,175.600,pred,block2_B_pred,1,1.3874,0.3238,-2.0872,0.0570,-0.2970,0.1200,-0.1410,0,2.8402,-2.7252,2.8402,-2.7252,0.0000,0.0,31,2.8402,-2.7252,0.2200,3.9362,3.9362,2.8879,0.2274,0,0,0,
188.153,175.700,pred,block2_B_pred,1,1.3822,0.3147,-2.1099,0.1290,-0.3150,0.1137,-0.1667,0,2.8402,-2.7252,2.8402,-2.7252,0.0000,0.0,31,2.8402,-2.7252,0.2200,3.9362,3.9362,2.7807,0.2274,0,0,0,
188.253,175.800,pred,block2_B_pred,1,1.3777,0.3072,-2.1354,0.0910,-0.5380,0.1074,0.0000,0,2.8402,-2.7252,2.8402,-2.7252,0.0000,0.0,31,2.8402,-2.7252,0.2200,3.9362,3.9362,2.7807,0.2400,0,0,0,
188.353,175.900,pred,block2_B_pred,1,1.3725,0.2991,-2.1580,0.0910,-0.5380,0.1200,-0.0641,0,2.8402,-2.7252,2.8402,-2.7252,0.0000,0.0,31,2.8402,-2.7252,0.2200,3.9362,3.9362,2.7807,0.2400,0,0,0,
188.453,176.000,pred,block2_B_pred,1,1.3676,0.2919,-2.1732,0.0880,-0.4450,0.1200,0.0000,0,2.8402,-2.7252,2.8402,-2.7252,0.0000,0.0,31,2.8402,-2.7252,0.2200,3.9362,3.9362,2.7807,0.2400,0,0,0,
188.553,176.100,pred,block2_B_pred,1,1.3635,0.2859,-2.1883,0.0850,-0.3900,0.1200,-0.0385,0,2.8402,-2.7252,2.8402,-2.7252,0.0000,0.0,31,2.8402,-2.7252,0.2200,3.9362,3.9362,2.7807,0.2400,0,0,0,
188.653,176.200,pred,block2_B_pred,1,1.3582,0.2788,-2.2154,0.1140,-0.3710,0.1137,0.0128,0,2.8402,-2.7252,2.8402,-2.7252,0.0000,0.0,31,2.8402,-2.7252,0.2200,3.9362,3.9362,2.7807,0.2274,0,0,0,
188.753,176.300,pred,block2_B_pred,1,1.3522,0.2709,-2.2317,0.1230,-0.3530,0.1200,0.1410,0,2.8402,-2.7252,2.8402,-2.7252,0.0000,0.0,31,2.8402,-2.7252,0.2200,3.9362,3.9362,2.7807,0.2400,0,0,0,
188.853,176.400,pred,block2_B_pred,1,1.3472,0.2645,-2.2428,0.0820,-0.2220,0.1200,0.0641,0,2.8402,-2.7252,2.8402,-2.7252,0.0000,0.0,31,2.8402,-2.7252,0.2200,3.9362,3.9362,2.7807,0.2400,0,0,0,
188.953,176.500,pred,block2_B_pred,1,1.3411,0.2571,-2.2694,0.1040,-0.4270,0.1137,0.1923,0,2.8402,-2.7252,2.8402,-2.7252,0.0000,0.0,31,2.8402,-2.7252,0.2200,3.9362,3.9362,2.7807,0.2274,0,0,0,
189.054,176.601,pred,block2_B_pred,1,1.3339,0.2487,-2.2794,0.1610,-0.0550,0.1137,0.1667,0,2.8402,-2.7252,2.8402,-2.7252,0.0000,0.0,31,2.8402,-2.7252,0.2200,3.9362,3.9362,2.7807,0.2400,0,0,0,
189.153,176.700,pred,block2_B_pred,1,1.3264,0.2400,-2.2927,0.1260,-0.2220,0.1200,0.0128,0,2.8402,-2.7252,2.8402,-2.7252,0.0000,0.0,31,2.8402,-2.7252,0.2200,3.9362,3.9362,2.6761,0.2400,0,0,0,
189.253,176.800,pred,block2_B_pred,1,1.3176,0.2300,-2.2857,0.1100,0.2780,0.1137,0.0128,0,2.8402,-2.7252,2.8402,-2.7252,0.0000,0.0,31,2.8402,-2.7252,0.2200,3.9362,3.9362,2.6761,0.2147,0,0,0,
189.353,176.900,pred,block2_B_pred,1,1.3077,0.2187,-2.2854,0.1390,0.1480,0.1074,0.0128,0,2.8402,-2.7252,2.8402,-2.7252,0.0000,0.0,31,2.8402,-2.7252,0.2200,3.9362,3.9362,2.6761,0.2400,0,0,0,
189.453,177.001,pred,block2_B_pred,1,1.2985,0.2080,-2.2826,0.1960,0.0370,0.1200,0.0000,0,2.8402,-2.7252,2.8402,-2.7252,0.0000,0.0,31,2.8402,-2.7252,0.2200,3.9362,3.9362,2.6761,0.2400,0,0,0,
189.554,177.101,pred,block2_B_pred,1,1.2906,0.1988,-2.2700,0.1140,0.4450,0.1137,0.0000,0,2.8402,-2.7252,2.8402,-2.7252,0.0000,0.0,31,2.8402,-2.7252,0.2200,3.9362,3.9362,2.6761,0.2274,0,0,0,
189.653,177.200,pred,block2_B_pred,1,1.2829,0.1897,-2.2659,0.1330,0.2600,0.1200,0.0000,0,2.8402,-2.7252,2.8402,-2.7252,0.0000,0.0,31,2.8402,-2.7252,0.2200,3.9362,3.9362,2.6761,0.2274,0,0,0,
189.753,177.300,pred,block2_B_pred,1,1.2759,0.1812,-2.2537,0.1520,0.1110,0.1200,0.0385,0,2.8402,-2.7252,2.8402,-2.7252,0.0000,0.0,31,2.8402,-2.7252,0.2200,3.9362,3.9362,2.6761,0.2400,0,0,0,
189.854,177.401,pred,block2_B_pred,1,1.2698,0.1737,-2.2570,0.0630,-0.1850,0.1137,0.0385,0,2.8402,-2.7252,2.8402,-2.7252,0.0000,0.0,31,2.8402,-2.7252,0.2200,3.9362,3.9362,2.6761,0.2274,0,0,0,
189.953,177.500,pred,block2_B_pred,1,1.2643,0.1669,-2.2396,0.0630,0.1850,0.1137,-0.1728,0,2.8402,-2.7252,2.8402,-2.7252,0.0000,0.0,31,2.8402,-2.7252,0.2200,3.9362,3.9362,2.6761,0.2147,0,0,0,
190.053,177.600,pred,block2_B_pred,1,1.2589,0.1600,-2.2302,0.0790,0.4270,0.1074,-0.0128,0,2.8402,-2.7252,2.8402,-2.7252,0.0000,0.0,31,2.8402,-2.7252,0.2200,3.9362,3.9362,2.6761,0.2400,0,0,0,
190.154,177.701,pred,block2_B_pred,1,1.2527,0.1519,-2.2213,0.1010,-0.2970,0.1200,-0.1410,0,2.8402,-2.7252,2.8402,-2.7252,0.0000,0.0,31,2.8402,-2.7252,0.2200,3.9362,3.9362,2.5687,0.2400,0,0,0,
190.253,177.800,pred,block2_B_pred,1,1.2472,0.1447,-2.2206,0.1640,0.0000,0.1137,-0.0579,0,2.8402,-2.7252,2.8402,-2.7252,0.0000,0.0,31,2.8402,-2.7252,0.2200,3.9362,3.9362,2.5687,0.2147,0,0,0,
190.353,177.900,pred,block2_B_pred,1,1.2424,0.1384,-2.2169,0.0190,0.0000,0.1200,0.0385,0,2.8402,-2.7252,2.8402,-2.7252,0.0000,0.0,31,2.8402,-2.7252,0.2200,3.9362,3.9362,2.5687,0.2400,0,0,0,
190.453,178.000,pred,block2_B_pred,1,1.2356,0.1292,-2.2118,0.1360,-0.2040,0.1200,-0.0128,0,2.8402,-2.7252,2.8402,-2.7252,0.0000,0.0,31,2.8402,-2.7252,0.2200,3.9362,3.9362,2.5687,0.2400,0,0,0,
190.556,178.103,pred,block2_B_pred,1,1.2285,0.1196,-2.2128,0.1290,-0.1670,0.1137,0.0897,0,2.8402,-2.7252,2.8402,-2.7252,0.0000,0.0,31,2.8402,-2.7252,0.2200,3.9362,3.9362,2.5687,0.2400,0,0,0,
190.655,178.202,pred,block2_B_pred,1,1.2215,0.1103,-2.2137,0.0720,0.1300,0.1137,0.1154,0,2.8402,-2.7252,2.8402,-2.7252,0.0000,0.0,31,2.8402,-2.7252,0.2200,3.9362,3.9362,2.5687,0.2400,0,0,0,
190.753,178.300,pred,block2_B_pred,1,1.2139,0.1002,-2.2085,0.1010,0.1110,0.0000,0.0000,0,2.8402,-2.7252,2.8402,-2.7252,0.0000,0.0,31,2.8402,-2.7252,0.2200,3.9362,3.9362,2.5687,0.2400,0,0,0,
190.853,178.400,pred,block2_B_pred,1,1.2070,0.0909,-2.2081,0.0760,-0.0740,0.0000,0.0000,0,2.8402,-2.7252,2.8402,-2.7252,0.0000,0.0,31,2.8402,-2.7252,0.2200,3.9362,3.9362,2.5687,0.2400,0,0,0,
190.953,178.500,pred,block2_B_pred,1,1.2061,0.0896,-2.2041,0.0000,0.0000,0.0000,0.0000,0,2.8402,-2.7252,2.8402,-2.7252,0.0000,0.0,31,2.8402,-2.7252,0.2200,3.9362,3.9362,2.5687,0.2400,0,0,0,
191.053,178.600,pred,block2_B_pred,1,1.2059,0.0894,-2.2052,0.0600,-0.3530,0.0000,0.0000,0,2.8402,-2.7252,2.8402,-2.7252,0.0000,0.0,31,2.8402,-2.7252,0.2200,3.9362,3.9362,2.5687,0.2400,0,0,0,
191.153,178.700,pred,block2_B_pred,1,1.2033,0.0858,-2.1967,0.0000,0.0000,0.0000,0.0000,0,2.8402,-2.7252,2.8402,-2.7252,0.0000,0.0,31,2.8402,-2.7252,0.2200,3.9362,3.9362,2.5687,0.2400,0,0,0,
191.253,178.800,pred,block2_B_pred,1,1.2001,0.0813,-2.1997,0.0120,-0.0740,0.0000,0.0000,0,2.8402,-2.7252,2.8402,-2.7252,0.0000,0.0,31,2.8402,-2.7252,0.2200,3.9362,3.9362,2.5687,0.2400,0,0,0,
191.353,178.900,pred,block2_B_pred,1,1.2001,0.0813,-2.1997,0.0000,0.0000,0.0000,0.0000,0,2.8402,-2.7252,2.8402,-2.7252,0.0000,0.0,31,2.8402,-2.7252,0.2200,3.9362,3.9362,2.5687,0.2400,0,0,0,
191.453,179.000,pred,block2_B_pred,1,1.2001,0.0813,-2.1997,0.0000,0.0000,0.0000,0.0000,0,2.8402,-2.7252,2.8402,-2.7252,0.0000,0.0,31,2.8402,-2.7252,0.2200,3.9362,3.9362,2.5687,0.2400,0,0,0,
191.553,179.100,pred,block2_B_pred,1,1.2001,0.0813,-2.1997,0.0000,0.0000,0.0000,0.0000,0,2.8402,-2.7252,2.8402,-2.7252,0.0000,0.0,31,2.8402,-2.7252,0.2200,3.9362,3.9362,2.5687,0.2400,0,0,0,
191.653,179.200,pred,block2_B_pred,1,1.2001,0.0813,-2.1997,0.0000,0.0000,0.0000,0.0000,0,2.8402,-2.7252,2.8402,-2.7252,0.0000,0.0,31,2.8402,-2.7252,0.2200,3.9362,3.9362,2.5687,0.2400,0,0,0,
191.753,179.300,pred,block2_B_pred,1,1.2001,0.0813,-2.1997,0.0000,0.0000,0.0000,0.0000,0,2.8402,-2.7252,2.8402,-2.7252,0.0000,0.0,31,2.8402,-2.7252,0.2200,3.9362,3.9362,2.5687,0.2400,0,0,0,
191.854,179.401,pred,block2_B_pred,1,1.2001,0.0813,-2.1997,0.0000,0.0000,0.0000,0.0000,0,2.8402,-2.7252,2.8402,-2.7252,0.0000,0.0,31,2.8402,-2.7252,0.2200,3.9362,3.9362,2.5687,0.2400,0,0,0,
191.953,179.501,pred,block2_B_pred,1,1.2001,0.0813,-2.1997,0.0000,0.0000,0.0000,0.0000,0,2.8402,-2.7252,2.8402,-2.7252,0.0000,0.0,31,2.8402,-2.7252,0.2200,3.9362,3.9362,2.5687,0.2400,0,0,0,
192.053,179.600,pred,block2_B_pred,1,1.2001,0.0813,-2.1997,0.0000,0.0000,0.0000,0.0000,0,2.8402,-2.7252,2.8402,-2.7252,0.0000,0.0,31,2.8402,-2.7252,0.2200,3.9362,3.9362,2.5687,0.2400,0,0,0,
192.153,179.700,pred,block2_B_pred,1,1.2001,0.0813,-2.1997,0.0000,0.0000,0.0000,0.0000,0,2.8402,-2.7252,2.8402,-2.7252,0.0000,0.0,31,2.8402,-2.7252,0.2200,3.9362,3.9362,2.5687,0.2400,0,0,0,
192.253,179.800,pred,block2_B_pred,1,1.2001,0.0813,-2.1997,0.0000,0.0000,0.0000,0.0000,0,2.8402,-2.7252,2.8402,-2.7252,0.0000,0.0,31,2.8402,-2.7252,0.2200,3.9362,3.9362,2.5687,0.2400,0,0,0,
192.353,179.900,pred,block2_B_pred,1,1.2001,0.0813,-2.1997,0.0000,0.0000,0.0000,0.0000,0,2.8402,-2.7252,2.8402,-2.7252,0.0000,0.0,31,2.8402,-2.7252,0.2200,3.9362,3.9362,2.5687,0.2400,0,0,0,
192.453,180.000,pred,block2_B_pred,1,1.2001,0.0813,-2.1997,0.0000,0.0000,0.0000,0.0000,0,2.8402,-2.7252,2.8402,-2.7252,0.0000,0.0,31,2.8402,-2.7252,0.2200,3.9362,3.9362,2.5687,0.2400,0,0,0,
192.553,180.100,pred,block2_B_pred,1,1.2001,0.0813,-2.1997,0.0000,0.0000,0.0000,0.0000,0,2.8402,-2.7252,2.8402,-2.7252,0.0000,0.0,31,2.8402,-2.7252,0.2200,3.9362,3.9362,2.5687,0.2400,0,0,0,
192.653,180.200,pred,block2_B_pred,1,1.2001,0.0813,-2.1997,0.0000,0.0000,0.0000,0.0000,0,2.8402,-2.7252,2.8402,-2.7252,0.0000,0.0,31,2.8402,-2.7252,0.2200,3.9362,3.9362,2.5687,0.2400,0,0,0,
192.753,180.300,pred,block2_B_pred,1,1.2001,0.0813,-2.1997,0.0000,0.0000,0.0000,0.0000,0,2.8402,-2.7252,2.8402,-2.7252,0.0000,0.0,31,2.8402,-2.7252,0.2200,3.9362,3.9362,2.5687,0.2400,0,0,0,
192.853,180.400,pred,block2_B_pred,1,1.2001,0.0813,-2.1997,0.0000,0.0000,0.0000,0.0000,0,2.8402,-2.7252,2.8402,-2.7252,0.0000,0.0,31,2.8402,-2.7252,0.2200,3.9362,3.9362,2.5687,0.2400,0,0,0,
192.953,180.500,pred,block2_B_pred,1,1.2001,0.0813,-2.1997,0.0000,0.0000,0.0000,0.0000,0,2.8402,-2.7252,2.8402,-2.7252,0.0000,0.0,31,2.8402,-2.7252,0.2200,3.9362,3.9362,2.5687,0.2400,0,0,0,
193.053,180.600,pred,block2_B_pred,1,1.2001,0.0813,-2.1997,0.0000,0.0000,0.0000,0.0000,0,2.8402,-2.7252,2.8402,-2.7252,0.0000,0.0,31,2.8402,-2.7252,0.2200,3.9362,3.9362,2.5687,0.2400,0,0,0,
193.153,180.700,pred,block2_B_pred,1,1.2001,0.0813,-2.1997,0.0000,0.0000,0.0000,0.0000,0,2.8402,-2.7252,2.8402,-2.7252,0.0000,0.0,31,2.8402,-2.7252,0.2200,3.9362,3.9362,2.5687,0.2400,0,0,0,
193.253,180.800,pred,block2_B_pred,1,1.2001,0.0813,-2.1997,0.0000,0.0000,0.0000,0.0000,0,2.8402,-2.7252,2.8402,-2.7252,0.0000,0.0,31,2.8402,-2.7252,0.2200,3.9362,3.9362,2.5687,0.2400,0,0,0,
193.353,180.900,pred,block2_B_pred,1,1.2001,0.0813,-2.1997,0.0000,0.0000,0.0000,0.0000,0,2.8402,-2.7252,2.8402,-2.7252,0.0000,0.0,31,2.8402,-2.7252,0.2200,3.9362,3.9362,2.5687,0.2400,0,0,0,
193.453,181.000,pred,block2_B_pred,1,1.2001,0.0813,-2.1997,0.0000,0.0000,0.0000,0.0000,0,2.8402,-2.7252,2.8402,-2.7252,0.0000,0.0,31,2.8402,-2.7252,0.2200,3.9362,3.9362,2.5687,0.2400,0,0,0,
193.554,181.101,pred,block2_B_pred,1,1.2001,0.0813,-2.1997,0.0000,0.0000,0.0000,0.0000,0,2.8402,-2.7252,2.8402,-2.7252,0.0000,0.0,31,2.8402,-2.7252,0.2200,3.9362,3.9362,2.5687,0.2400,0,0,0,
193.653,181.200,pred,block2_B_pred,1,1.2001,0.0813,-2.1997,0.0000,0.0000,0.0000,0.0000,0,2.8402,-2.7252,2.8402,-2.7252,0.0000,0.0,31,2.8402,-2.7252,0.2200,3.9362,3.9362,2.5687,0.2400,0,0,0,
193.753,181.300,pred,block2_B_pred,1,1.2001,0.0813,-2.1997,0.0000,0.0000,0.0000,0.0000,0,2.8402,-2.7252,2.8402,-2.7252,0.0000,0.0,31,2.8402,-2.7252,0.2200,3.9362,3.9362,2.5687,0.2400,0,0,0,
