t_wall,t_seg,mode,test_name,moving,robot_x,robot_y,robot_yaw,odom_v,odom_w,cmd_vx,cmd_wz,person_detected,person_now_x,person_now_y,person_pred2s_x,person_pred2s_y,pred_vs_now_dist,pred_bearing_err_deg,cloud_n,cloud_cx,cloud_cy,cloud_extent_m,robot_to_person_m,robot_to_cloud_m,plan_length_m,local_plan_length_m,progress_fail_count,flag_cloud_enlarged,flag_pred_wrong_side,last_nav_warn
1.706,0.000,pred,block2_B_pred,1,0.6716,-0.0133,0.2463,0.0500,0.2970,0.0000,0.0000,0,,,,,,,0,,,0.0000,,,0.0000,0.0000,0,0,0,
1.806,0.100,pred,block2_B_pred,1,0.6685,-0.0140,0.2274,-0.0060,-0.0370,0.0000,0.0000,0,,,,,,,0,,,0.0000,,,0.0000,0.0000,0,0,0,
1.906,0.200,pred,block2_B_pred,1,0.6708,-0.0135,0.2411,0.0570,0.3340,0.0000,0.0000,0,,,,,,,0,,,0.0000,,,0.0000,0.0000,0,0,0,
2.006,0.300,pred,block2_B_pred,1,0.6684,-0.0141,0.2265,-0.0190,-0.1110,0.0000,0.0000,0,,,,,,,0,,,0.0000,,,0.0000,0.0000,0,0,0,
2.106,0.400,pred,block2_B_pred,1,0.6703,-0.0136,0.2384,0.0660,0.3900,0.0000,0.0000,0,,,,,,,0,,,0.0000,,,0.0000,0.0000,0,0,0,
2.206,0.500,pred,block2_B_pred,1,0.6678,-0.0142,0.2232,-0.0220,-0.1300,0.0000,0.0000,0,,,,,,,0,,,0.0000,,,0.0000,0.0000,0,0,0,
2.309,0.603,pred,block2_B_pred,1,0.6695,-0.0138,0.2337,0.0790,0.4640,0.0000,0.0000,0,,,,,,,0,,,0.0000,,,0.0000,0.0000,0,0,0,
2.420,0.714,pred,block2_B_pred,1,0.6685,-0.0141,0.2272,-0.0280,-0.1670,0.0000,0.0000,0,,,,,,,0,,,0.0000,,,0.0000,0.0000,0,0,0,
2.506,0.800,pred,block2_B_pred,1,0.6696,-0.0138,0.2341,0.0690,0.4080,0.0000,0.0000,0,,,,,,,0,,,0.0000,,,0.0000,0.0000,0,0,0,
2.606,0.900,pred,block2_B_pred,1,0.6684,-0.0141,0.2268,-0.0630,-0.3710,0.0000,0.0000,0,,,,,,,0,,,0.0000,,,0.0000,0.0000,0,0,0,
2.706,1.000,pred,block2_B_pred,1,0.6691,-0.0140,0.2309,0.0500,0.2970,0.0000,0.0000,0,,,,,,,0,,,0.0000,,,0.0000,0.0000,0,0,0,
2.806,1.100,pred,block2_B_pred,1,0.6680,-0.0142,0.2245,-0.0720,-0.4270,0.0000,0.0000,0,,,,,,,0,,,0.0000,,,0.0000,0.0000,0,0,0,
2.906,1.200,pred,block2_B_pred,1,0.6680,-0.0142,0.2244,0.0250,0.1480,0.0000,0.0000,0,,,,,,,0,,,0.0000,,,0.0000,0.0000,0,0,0,
3.006,1.300,pred,block2_B_pred,1,0.6690,-0.0140,0.2307,-0.0790,-0.4640,0.0000,0.0000,0,,,,,,,0,,,0.0000,,,0.0000,0.0000,0,0,0,
3.106,1.400,pred,block2_B_pred,1,0.6683,-0.0142,0.2263,0.0000,0.0000,0.0000,0.0000,0,,,,,,,0,,,0.0000,,,0.0000,0.0000,0,0,0,
3.206,1.500,pred,block2_B_pred,1,0.6697,-0.0139,0.2347,-0.0820,-0.4830,0.0000,0.0000,0,,,,,,,0,,,0.0000,,,0.0000,0.0000,0,0,0,
3.306,1.600,pred,block2_B_pred,1,0.6683,-0.0142,0.2258,0.0000,0.0000,0.0000,0.0000,0,,,,,,,0,,,0.0000,,,0.0000,0.0000,0,0,0,
3.406,1.700,pred,block2_B_pred,1,0.6711,-0.0136,0.2433,-0.0310,-0.1850,0.0000,0.0000,0,,,,,,,0,,,0.0000,,,0.0000,0.0000,0,0,0,
3.506,1.800,pred,block2_B_pred,1,0.6694,-0.0140,0.2325,0.0000,0.0000,0.0000,0.0000,0,,,,,,,0,,,0.0000,,,0.0000,0.0000,0,0,0,
3.606,1.900,pred,block2_B_pred,1,0.6720,-0.0134,0.2485,-0.0060,-0.0370,0.0000,0.0000,0,,,,,,,0,,,0.0000,,,0.0000,0.0000,0,0,0,
3.706,2.000,pred,block2_B_pred,1,0.6694,-0.0140,0.2329,0.0000,0.0000,0.0000,0.0000,0,,,,,,,0,,,0.0000,,,0.0000,0.0000,0,0,0,
3.806,2.100,pred,block2_B_pred,1,0.6724,-0.0133,0.2507,0.0030,0.0180,0.0000,0.0000,0,,,,,,,0,,,0.0000,,,0.0000,0.0000,0,0,0,
3.906,2.200,pred,block2_B_pred,1,0.6695,-0.0140,0.2333,0.0000,0.0000,0.0000,0.0000,0,,,,,,,0,,,0.0000,,,0.0000,0.0000,0,0,0,
4.009,2.303,pred,block2_B_pred,1,0.6730,-0.0131,0.2544,0.0030,0.0180,0.0000,0.0000,0,,,,,,,0,,,0.0000,,,0.0000,0.0000,0,0,0,
4.106,2.400,pred,block2_B_pred,1,0.6705,-0.0138,0.2392,0.0000,0.0000,0.0000,0.0000,0,,,,,,,0,,,0.0000,,,0.0000,0.0000,0,0,0,
4.206,2.500,pred,block2_B_pred,1,0.6731,-0.0131,0.2552,0.0150,0.0920,0.0000,0.0000,0,,,,,,,0,,,0.0000,,,0.0000,0.0000,0,0,0,
4.306,2.600,pred,block2_B_pred,1,0.6704,-0.0138,0.2386,0.0000,0.0000,0.0000,0.0000,0,,,,,,,0,,,0.0000,,,0.0000,0.0000,0,0,0,
4.406,2.700,pred,block2_B_pred,1,0.6738,-0.0130,0.2594,0.0220,0.1300,0.0000,0.0000,0,,,,,,,0,,,0.0000,,,0.0000,0.0000,0,0,0,
4.506,2.800,pred,block2_B_pred,1,0.6712,-0.0136,0.2435,-0.0030,-0.0180,0.0000,0.0000,0,,,,,,,0,,,0.0000,,,0.0000,0.0000,0,0,0,
4.606,2.900,pred,block2_B_pred,1,0.6733,-0.0131,0.2557,0.0250,0.1480,0.0000,0.0000,0,,,,,,,0,,,0.0000,,,0.0000,0.0000,0,0,0,
4.706,3.000,pred,block2_B_pred,1,0.6706,-0.0138,0.2394,-0.0060,-0.0370,0.0000,0.0000,0,,,,,,,0,,,0.0000,,,0.0000,0.0000,0,0,0,
4.805,3.100,pred,block2_B_pred,1,0.6734,-0.0131,0.2565,0.0600,0.3530,0.0000,0.0000,0,,,,,,,0,,,0.0000,,,0.0000,0.0000,0,0,0,
4.906,3.200,pred,block2_B_pred,1,0.6709,-0.0138,0.2417,-0.0060,-0.0370,0.0000,0.0000,0,,,,,,,0,,,0.0000,,,0.0000,0.0000,0,0,0,
5.006,3.300,pred,block2_B_pred,1,0.6739,-0.0130,0.2595,0.0690,0.4080,0.0000,0.0000,0,,,,,,,0,,,0.0000,,,0.0000,0.0000,0,0,0,
5.106,3.400,pred,block2_B_pred,1,0.6716,-0.0136,0.2454,-0.0090,-0.0550,0.0000,0.0000,0,,,,,,,0,,,0.0000,,,0.0000,0.0000,0,0,0,
5.206,3.500,pred,block2_B_pred,1,0.6731,-0.0132,0.2547,0.0760,0.4450,0.0000,0.0000,0,,,,,,,0,,,0.0000,,,0.0000,0.0000,0,0,0,
5.306,3.600,pred,block2_B_pred,1,0.6709,-0.0138,0.2413,-0.0280,-0.1670,0.0000,0.0000,0,,,,,,,0,,,0.0000,,,0.0000,0.0000,0,0,0,
5.406,3.700,pred,block2_B_pred,1,0.6725,-0.0134,0.2508,0.0820,0.4830,0.0000,0.0000,0,,,,,,,0,,,0.0000,,,0.0000,0.0000,0,0,0,
5.506,3.800,pred,block2_B_pred,1,0.6707,-0.0139,0.2399,-0.0340,-0.2040,0.0000,0.0000,0,,,,,,,0,,,0.0000,,,0.0000,0.0000,0,0,0,
5.605,3.900,pred,block2_B_pred,1,0.6713,-0.0137,0.2436,0.0410,0.2410,0.0000,0.0000,0,,,,,,,0,,,0.0000,,,0.0000,0.0000,0,0,0,
5.706,4.000,pred,block2_B_pred,1,0.6707,-0.0139,0.2399,-0.0410,-0.2410,0.0000,0.0000,0,,,,,,,0,,,0.0000,,,0.0000,0.0000,0,0,0,
5.806,4.100,pred,block2_B_pred,1,0.6706,-0.0139,0.2391,0.0150,0.0920,0.0000,0.0000,0,,,,,,,0,,,0.0000,,,0.0000,0.0000,0,0,0,
5.906,4.200,pred,block2_B_pred,1,0.6701,-0.0141,0.2365,-0.0760,-0.4450,0.0000,0.0000,0,,,,,,,0,,,0.0000,,,0.0000,0.0000,0,0,0,
6.006,4.300,pred,block2_B_pred,1,0.6696,-0.0142,0.2332,0.0000,0.0000,0.0000,0.0000,0,,,,,,,0,,,0.0000,,,0.0000,0.0000,0,0,0,
6.106,4.401,pred,block2_B_pred,1,0.6697,-0.0142,0.2339,-0.0820,-0.4830,0.0000,0.0000,0,,,,,,,0,,,0.0000,,,0.0000,0.0000,0,0,0,
6.206,4.500,pred,block2_B_pred,1,0.6689,-0.0144,0.2295,0.0000,0.0000,0.0000,0.0000,0,,,,,,,0,,,0.0000,,,0.0000,0.0000,0,0,0,
6.306,4.600,pred,block2_B_pred,1,0.6699,-0.0141,0.2357,-0.0820,-0.4830,0.0000,0.0000,0,,,,,,,0,,,0.0000,,,0.0000,0.0000,0,0,0,
6.406,4.700,pred,block2_B_pred,1,0.6689,-0.0144,0.2290,0.0000,0.0000,0.0000,0.0000,0,,,,,,,0,,,0.0000,,,0.0000,0.0000,0,0,0,
6.506,4.800,pred,block2_B_pred,1,0.6701,-0.0141,0.2367,-0.0790,-0.4640,0.0000,0.0000,0,,,,,,,0,,,0.0000,,,0.0000,0.0000,0,0,0,
6.607,4.901,pred,block2_B_pred,1,0.6682,-0.0146,0.2252,0.0000,0.0000,0.0000,0.0000,0,,,,,,,0,,,0.0000,,,0.0000,0.0000,0,0,0,
6.708,5.002,pred,block2_B_pred,1,0.6710,-0.0139,0.2419,0.0030,0.0180,0.0000,0.0000,0,,,,,,,0,,,0.0000,,,0.0000,0.0000,0,0,0,
6.806,5.100,pred,block2_B_pred,1,0.6687,-0.0145,0.2278,0.0000,0.0000,0.0000,0.0000,0,,,,,,,0,,,0.0000,,,0.0000,0.0000,0,0,0,
6.907,5.201,pred,block2_B_pred,1,0.6717,-0.0138,0.2462,0.0060,0.0370,0.0000,0.0000,0,,,,,,,0,,,0.0000,,,0.0000,0.0000,0,0,0,
7.006,5.300,pred,block2_B_pred,1,0.6687,-0.0145,0.2278,0.0000,0.0000,0.0000,0.0000,0,,,,,,,0,,,0.0000,,,0.0000,0.0000,0,0,0,
7.106,5.400,pred,block2_B_pred,1,0.6719,-0.0137,0.2475,0.0060,0.0370,0.0000,0.0000,0,,,,,,,0,,,0.0000,,,0.0000,0.0000,0,0,0,
7.206,5.500,pred,block2_B_pred,1,0.6686,-0.0146,0.2270,0.0000,0.0000,0.0000,0.0000,0,,,,,,,0,,,0.0000,,,0.0000,0.0000,0,0,0,
7.306,5.600,pred,block2_B_pred,1,0.6714,-0.0139,0.2441,0.0090,0.0550,0.0000,0.0000,0,,,,,,,0,,,0.0000,,,0.0000,0.0000,0,0,0,
7.406,5.700,pred,block2_B_pred,1,0.6692,-0.0144,0.2311,0.0000,0.0000,0.0000,0.0000,0,,,,,,,0,,,0.0000,,,0.0000,0.0000,0,0,0,
7.506,5.800,pred,block2_B_pred,1,0.6721,-0.0137,0.2485,0.0280,0.1670,0.0000,0.0000,0,,,,,,,0,,,0.0000,,,0.0000,0.0000,0,0,0,
7.607,5.901,pred,block2_B_pred,1,0.6692,-0.0145,0.2311,0.0000,0.0000,0.0000,0.0000,0,,,,,,,0,,,0.0000,,,0.0000,0.0000,0,0,0,
7.706,6.000,pred,block2_B_pred,1,0.6724,-0.0137,0.2504,0.0340,0.2040,0.0000,0.0000,0,,,,,,,0,,,0.0000,,,0.0000,0.0000,0,0,0,
7.806,6.100,pred,block2_B_pred,1,0.6701,-0.0143,0.2363,-0.0060,-0.0370,0.0000,0.0000,0,,,,,,,0,,,0.0000,,,0.0000,0.0000,0,0,0,
7.906,6.200,pred,block2_B_pred,1,0.6725,-0.0137,0.2511,0.0440,0.2600,0.0000,0.0000,0,,,,,,,0,,,0.0000,,,0.0000,0.0000,0,0,0,
8.006,6.300,pred,block2_B_pred,1,0.6703,-0.0142,0.2378,-0.0090,-0.0550,0.0000,0.0000,0,,,,,,,0,,,0.0000,,,0.0000,0.0000,0,0,0,
8.106,6.400,pred,block2_B_pred,1,0.6733,-0.0135,0.2556,0.0790,0.4640,0.0000,0.0000,0,,,,,,,0,,,0.0000,,,0.0000,0.0000,0,0,0,
8.206,6.501,pred,block2_B_pred,1,0.6713,-0.0140,0.2433,-0.0120,-0.0740,0.0000,0.0000,0,,,,,,,0,,,0.0000,,,0.0000,0.0000,0,0,0,
8.306,6.600,pred,block2_B_pred,1,0.6738,-0.0134,0.2589,0.0820,0.4830,0.0000,0.0000,0,,,,,,,0,,,0.0000,,,0.0000,0.0000,0,0,0,
8.407,6.702,pred,block2_B_pred,1,0.6722,-0.0138,0.2489,-0.0150,-0.0920,0.0000,0.0000,0,,,,,,,0,,,0.0000,,,0.0000,0.0000,0,0,0,
8.506,6.800,pred,block2_B_pred,1,0.6737,-0.0134,0.2578,0.0820,0.4830,0.0000,0.0000,0,,,,,,,0,,,0.0000,,,0.0000,0.0000,0,0,0,
8.606,6.900,pred,block2_B_pred,1,0.6723,-0.0138,0.2493,-0.0410,-0.2410,0.0000,0.0000,0,,,,,,,0,,,0.0000,,,0.0000,0.0000,0,0,0,
8.706,7.001,pred,block2_B_pred,1,0.6736,-0.0135,0.2575,0.0790,0.4640,0.0000,0.0000,0,,,,,,,0,,,0.0000,,,0.0000,0.0000,0,0,0,
8.806,7.100,pred,block2_B_pred,1,0.6732,-0.0136,0.2549,-0.0470,-0.2780,0.0000,0.0000,0,,,,,,,0,,,0.0000,,,0.0000,0.0000,0,0,0,
8.906,7.200,pred,block2_B_pred,1,0.6730,-0.0136,0.2534,0.0000,0.0000,0.0000,0.0000,0,,,,,,,0,,,0.0000,,,0.0000,0.0000,0,0,0,
9.006,7.300,pred,block2_B_pred,1,0.6731,-0.0136,0.2542,-0.0570,-0.3340,0.0000,0.0000,0,,,,,,,0,,,0.0000,,,0.0000,0.0000,0,0,0,
9.106,7.400,pred,block2_B_pred,1,0.6724,-0.0138,0.2497,0.0000,0.0000,0.0000,0.0000,0,,,,,,,0,,,0.0000,,,0.0000,0.0000,0,0,0,
9.206,7.500,pred,block2_B_pred,1,0.6733,-0.0136,0.2553,-0.0820,-0.4830,0.0000,0.0000,0,,,,,,,0,,,0.0000,,,0.0000,0.0000,0,0,0,
9.306,7.600,pred,block2_B_pred,1,0.6725,-0.0138,0.2501,0.0000,0.0000,0.0000,0.0000,0,,,,,,,0,,,0.0000,,,0.0000,0.0000,0,0,0,
9.406,7.700,pred,block2_B_pred,1,0.6727,-0.0138,0.2520,-0.0790,-0.4640,0.0000,0.0000,0,,,,,,,0,,,0.0000,,,0.0000,0.0000,0,0,0,
9.506,7.800,pred,block2_B_pred,1,0.6717,-0.0141,0.2453,0.0000,0.0000,0.0000,0.0000,0,,,,,,,0,,,0.0000,,,0.0000,0.0000,0,0,0,
9.606,7.900,pred,block2_B_pred,1,0.6726,-0.0138,0.2512,-0.0690,-0.4080,0.0000,0.0000,0,,,,,,,0,,,0.0000,,,0.0000,0.0000,0,0,0,
9.706,8.000,pred,block2_B_pred,1,0.6711,-0.0142,0.2420,0.0000,0.0000,0.0000,0.0000,0,,,,,,,0,,,0.0000,,,0.0000,0.0000,0,0,0,
9.806,8.100,pred,block2_B_pred,1,0.6732,-0.0137,0.2546,-0.0530,-0.3150,0.0000,0.0000,0,,,,,,,0,,,0.0000,,,0.0000,0.0000,0,0,0,
9.906,8.200,pred,block2_B_pred,1,0.6709,-0.0143,0.2405,0.0000,0.0000,0.0000,0.0000,0,,,,,,,0,,,0.0000,,,0.0000,0.0000,0,0,0,
10.007,8.301,pred,block2_B_pred,1,0.6733,-0.0137,0.2550,0.0060,0.0370,0.0000,0.0000,0,,,,,,,0,,,0.0000,,,0.0000,0.0000,0,0,0,
10.106,8.400,pred,block2_B_pred,1,0.6705,-0.0144,0.2383,0.0000,0.0000,0.0000,0.0000,0,,,,,,,0,,,0.0000,,,0.0000,0.0000,0,0,0,
10.206,8.500,pred,block2_B_pred,1,0.6732,-0.0137,0.2546,0.0090,0.0550,0.0000,0.0000,0,,,,,,,0,,,0.0000,,,0.0000,0.0000,0,0,0,
10.306,8.600,pred,block2_B_pred,1,0.6698,-0.0146,0.2341,0.0000,0.0000,0.0000,0.0000,0,,,,,,,0,,,0.0000,,,0.0000,0.0000,0,0,0,
10.406,8.700,pred,block2_B_pred,1,0.6723,-0.0140,0.2493,0.0120,0.0740,0.0000,0.0000,0,,,,,,,0,,,0.0000,,,0.0000,0.0000,0,0,0,
10.508,8.803,pred,block2_B_pred,1,0.6701,-0.0145,0.2359,0.0000,0.0000,0.0000,0.0000,0,,,,,,,0,,,0.0000,,,0.0000,0.0000,0,0,0,
10.606,8.900,pred,block2_B_pred,1,0.6725,-0.0140,0.2504,0.0150,0.0920,0.0000,0.0000,0,,,,,,,0,,,0.0000,,,0.0000,0.0000,0,0,0,
10.706,9.000,pred,block2_B_pred,1,0.6700,-0.0146,0.2352,-0.0030,-0.0180,0.0000,0.0000,0,,,,,,,0,,,0.0000,,,0.0000,0.0000,0,0,0,
10.806,9.100,pred,block2_B_pred,1,0.6726,-0.0140,0.2508,0.0440,0.2600,0.0000,0.0000,0,,,,,,,0,,,0.0000,,,0.0000,0.0000,0,0,0,
10.906,9.200,pred,block2_B_pred,1,0.6693,-0.0148,0.2311,-0.0030,-0.0180,0.0000,0.0000,0,,,,,,,0,,,0.0000,,,0.0000,0.0000,0,0,0,
11.006,9.300,pred,block2_B_pred,1,0.6716,-0.0142,0.2452,0.0530,0.3150,0.0000,0.0000,0,,,,,,,0,,,0.0000,,,0.0000,0.0000,0,0,0,
11.106,9.400,pred,block2_B_pred,1,0.6697,-0.0147,0.2333,-0.0090,-0.0550,0.0000,0.0000,0,,,,,,,0,,,0.0000,,,0.0000,0.0000,0,0,0,
11.206,9.500,pred,block2_B_pred,1,0.6718,-0.0142,0.2463,0.0630,0.3710,0.0000,0.0000,0,,,,,,,0,,,0.0000,,,0.0000,0.0000,0,0,0,
11.309,9.603,pred,block2_B_pred,1,0.6696,-0.0147,0.2329,-0.0120,-0.0740,0.0000,0.0000,0,,,,,,,0,,,0.0000,,,0.0000,0.0000,0,0,0,
11.406,9.700,pred,block2_B_pred,1,0.6717,-0.0142,0.2458,0.0820,0.4830,0.0000,0.0000,0,,,,,,,0,,,0.0000,,,0.0000,0.0000,0,0,0,
11.506,9.800,pred,block2_B_pred,1,0.6704,-0.0146,0.2379,-0.0190,-0.1110,0.0000,0.0000,0,,,,,,,0,,,0.0000,,,0.0000,0.0000,0,0,0,
11.606,9.900,pred,block2_B_pred,1,0.6718,-0.0142,0.2460,0.0760,0.4450,0.0000,0.0000,0,,,,,,,0,,,0.0000,,,0.0000,0.0000,0,0,0,
11.706,10.000,pred,block2_B_pred,1,0.6709,-0.0145,0.2408,-0.0220,-0.1300,0.0000,0.0000,0,,,,,,,0,,,0.0000,,,0.0000,0.0000,0,0,0,
11.806,10.100,pred,block2_B_pred,1,0.6720,-0.0142,0.2471,0.0630,0.3710,0.0000,0.0000,0,,,,,,,0,,,0.0000,,,0.0000,0.0000,0,0,0,
11.906,10.200,pred,block2_B_pred,1,0.6713,-0.0144,0.2426,-0.0530,-0.3150,0.0000,0.0000,0,,,,,,,0,,,0.0000,,,0.0000,0.0000,0,0,0,
12.006,10.300,pred,block2_B_pred,1,0.6718,-0.0143,0.2460,0.0410,0.2410,0.0000,0.0000,0,,,,,,,0,,,0.0000,,,0.0000,0.0000,0,0,0,
12.106,10.400,pred,block2_B_pred,1,0.6722,-0.0142,0.2486,-0.0600,-0.3530,0.0000,0.0000,0,,,,,,,0,,,0.0000,,,0.0000,0.0000,0,0,0,
12.206,10.500,pred,block2_B_pred,1,0.6718,-0.0143,0.2460,0.0000,0.0000,0.0000,0.0000,0,,,,,,,0,,,0.0000,,,0.0000,0.0000,0,0,0,
12.306,10.600,pred,block2_B_pred,1,0.6729,-0.0140,0.2523,-0.0690,-0.4080,0.0000,0.0000,0,,,,,,,0,,,0.0000,,,0.0000,0.0000,0,0,0,
12.406,10.700,pred,block2_B_pred,1,0.6720,-0.0143,0.2468,0.0000,0.0000,0.0000,0.0000,0,,,,,,,0,,,0.0000,,,0.0000,0.0000,0,0,0,
12.506,10.800,pred,block2_B_pred,1,0.6739,-0.0138,0.2587,-0.0760,-0.4450,0.0000,0.0000,0,,,,,,,0,,,0.0000,,,0.0000,0.0000,0,0,0,
12.605,10.900,pred,block2_B_pred,1,0.6728,-0.0141,0.2517,0.0000,0.0000,0.0000,0.0000,0,,,,,,,0,,,0.0000,,,0.0000,0.0000,0,0,0,
12.706,11.000,pred,block2_B_pred,1,0.6742,-0.0137,0.2601,-0.0600,-0.3530,0.0000,0.0000,0,,,,,,,0,,,0.0000,,,0.0000,0.0000,0,0,0,
12.805,11.100,pred,block2_B_pred,1,0.6727,-0.0141,0.2512,0.0000,0.0000,0.0000,0.0000,0,,,,,,,0,,,0.0000,,,0.0000,0.0000,0,0,0,
12.906,11.200,pred,block2_B_pred,1,0.6747,-0.0136,0.2631,-0.0410,-0.2410,0.0000,0.0000,0,,,,,,,0,,,0.0000,,,0.0000,0.0000,0,0,0,
13.006,11.300,pred,block2_B_pred,1,0.6727,-0.0141,0.2509,0.0000,0.0000,0.0000,0.0000,0,,,,,,,0,,,0.0000,,,0.0000,0.0000,0,0,0,
13.106,11.400,pred,block2_B_pred,1,0.6758,-0.0133,0.2698,-0.0150,-0.0920,0.0000,0.0000,0,,,,,,,0,,,0.0000,,,0.0000,0.0000,0,0,0,
13.206,11.500,pred,block2_B_pred,1,0.6732,-0.0140,0.2540,0.0000,0.0000,0.0000,0.0000,0,,,,,,,0,,,0.0000,,,0.0000,0.0000,0,0,0,
13.306,11.600,pred,block2_B_pred,1,0.6756,-0.0134,0.2685,0.0120,0.0740,0.0000,0.0000,0,,,,,,,0,,,0.0000,,,0.0000,0.0000,0,0,0,
13.406,11.700,pred,block2_B_pred,1,0.6727,-0.0142,0.2510,0.0000,0.0000,0.0000,0.0000,0,,,,,,,0,,,0.0000,,,0.0000,0.0000,0,0,0,
13.506,11.800,pred,block2_B_pred,1,0.6760,-0.0133,0.2707,0.0150,0.0920,0.0000,0.0000,0,,,,,,,0,,,0.0000,,,0.0000,0.0000,0,0,0,
13.606,11.900,pred,block2_B_pred,1,0.6726,-0.0142,0.2503,0.0000,0.0000,0.0000,0.0000,0,,,,,,,0,,,0.0000,,,0.0000,0.0000,0,0,0,
13.706,12.000,pred,block2_B_pred,1,0.6748,-0.0137,0.2636,0.0220,0.1300,0.0000,0.0000,0,,,,,,,0,,,0.0000,,,0.0000,0.0000,0,0,0,
13.806,12.100,pred,block2_B_pred,1,0.6722,-0.0143,0.2480,-0.0030,-0.0180,0.0000,0.0000,0,,,,,,,0,,,0.0000,,,0.0000,0.0000,0,0,0,
13.906,12.200,pred,block2_B_pred,1,0.6743,-0.0138,0.2603,0.0250,0.1480,0.0000,0.0000,0,,,,,,,0,,,0.0000,,,0.0000,0.0000,0,0,0,
14.006,12.300,pred,block2_B_pred,1,0.6717,-0.0145,0.2447,-0.0030,-0.0180,0.0000,0.0000,0,,,,,,,0,,,0.0000,,,0.0000,0.0000,0,0,0,
14.106,12.400,pred,block2_B_pred,1,0.6746,-0.0138,0.2621,0.0630,0.3710,0.0000,0.0000,0,,,,,,,0,,,0.0000,,,0.0000,0.0000,0,0,0,
14.206,12.500,pred,block2_B_pred,1,0.6715,-0.0146,0.2436,-0.0030,-0.0180,0.0000,0.0000,0,,,,,,,0,,,0.0000,,,0.0000,0.0000,0,0,0,
14.306,12.600,pred,block2_B_pred,1,0.6733,-0.0141,0.2547,0.0690,0.4080,0.0000,0.0000,0,,,,,,,0,,,0.0000,,,0.0000,0.0000,0,0,0,
14.405,12.700,pred,block2_B_pred,1,0.6713,-0.0146,0.2424,-0.0150,-0.0920,0.0000,0.0000,0,,,,,,,0,,,0.0000,,,0.0000,0.0000,0,0,0,
14.506,12.801,pred,block2_B_pred,1,0.6729,-0.0142,0.2521,0.0790,0.4640,0.0000,0.0000,0,,,,,,,0,,,0.0000,,,0.0000,0.0000,0,0,0,
14.606,12.900,pred,block2_B_pred,1,0.6707,-0.0148,0.2387,-0.0190,-0.1110,0.0000,0.0000,0,,,,,,,0,,,0.0000,,,0.0000,0.0000,0,0,0,
14.706,13.001,pred,block2_B_pred,1,0.6719,-0.0145,0.2460,0.0630,0.3710,0.0000,0.0000,0,,,,,,,0,,,0.0000,,,0.0000,0.0000,0,0,0,
14.806,13.100,pred,block2_B_pred,1,0.6713,-0.0147,0.2421,-0.0250,-0.1480,0.0000,0.0000,0,,,,,,,0,,,0.0000,,,0.0000,0.0000,0,0,0,
14.906,13.200,pred,block2_B_pred,1,0.6719,-0.0145,0.2458,0.0410,0.2410,0.0000,0.0000,0,,,,,,,0,,,0.0000,,,0.0000,0.0000,0,0,0,
15.006,13.300,pred,block2_B_pred,1,0.6718,-0.0146,0.2454,-0.0280,-0.1670,0.0000,0.0000,0,,,,,,,0,,,0.0000,,,0.0000,0.0000,0,0,0,
15.106,13.400,pred,block2_B_pred,1,0.6720,-0.0145,0.2462,0.0190,0.1110,0.0000,0.0000,0,,,,,,,0,,,0.0000,,,0.0000,0.0000,0,0,0,
15.209,13.503,pred,block2_B_pred,1,0.6715,-0.0147,0.2437,-0.0630,-0.3710,0.0000,0.0000,0,,,,,,,0,,,0.0000,,,0.0000,0.0000,0,0,0,
15.306,13.600,pred,block2_B_pred,1,0.6712,-0.0147,0.2415,0.0000,0.0000,0.0000,0.0000,0,,,,,,,0,,,0.0000,,,0.0000,0.0000,0,0,0,
15.407,13.701,pred,block2_B_pred,1,0.6722,-0.0145,0.2474,-0.0690,-0.4080,0.0000,0.0000,0,,,,,,,0,,,0.0000,,,0.0000,0.0000,0,0,0,
15.506,13.800,pred,block2_B_pred,1,0.6716,-0.0147,0.2441,0.0000,0.0000,0.0000,0.0000,0,,,,,,,0,,,0.0000,,,0.0000,0.0000,0,0,0,
15.606,13.900,pred,block2_B_pred,1,0.6730,-0.0143,0.2527,-0.0760,-0.4450,0.0000,0.0000,0,,,,,,,0,,,0.0000,,,0.0000,0.0000,0,0,0,
15.706,14.000,pred,block2_B_pred,1,0.6719,-0.0146,0.2456,0.0000,0.0000,0.0000,0.0000,0,,,,,,,0,,,0.0000,,,0.0000,0.0000,0,0,0,
15.806,14.100,pred,block2_B_pred,1,0.6739,-0.0141,0.2582,-0.0570,-0.3340,0.0000,0.0000,0,,,,,,,0,,,0.0000,,,0.0000,0.0000,0,0,0,
15.906,14.200,pred,block2_B_pred,1,0.6725,-0.0145,0.2493,0.0000,0.0000,0.0000,0.0000,0,,,,,,,0,,,0.0000,,,0.0000,0.0000,0,0,0,
16.005,14.300,pred,block2_B_pred,1,0.6746,-0.0139,0.2623,-0.0340,-0.2040,0.0000,0.0000,0,,,,,,,0,,,0.0000,,,0.0000,0.0000,0,0,0,
16.105,14.400,pred,block2_B_pred,1,0.6725,-0.0145,0.2493,0.0000,0.0000,0.0000,0.0000,0,,,,,,,0,,,0.0000,,,0.0000,0.0000,0,0,0,
16.206,14.500,pred,block2_B_pred,1,0.6752,-0.0138,0.2657,-0.0120,-0.0740,0.0000,0.0000,0,,,,,,,0,,,0.0000,,,0.0000,0.0000,0,0,0,
16.306,14.600,pred,block2_B_pred,1,0.6728,-0.0144,0.2508,0.0000,0.0000,0.0000,0.0000,0,,,,,,,0,,,0.0000,,,0.0000,0.0000,0,0,0,
16.406,14.700,pred,block2_B_pred,1,0.6761,-0.0136,0.2712,0.0030,0.0180,0.0000,0.0000,0,,,,,,,0,,,0.0000,,,0.0000,0.0000,0,0,0,
16.506,14.800,pred,block2_B_pred,1,0.6735,-0.0143,0.2553,0.0000,0.0000,0.0000,0.0000,0,,,,,,,0,,,0.0000,,,0.0000,0.0000,0,0,0,
16.606,14.900,pred,block2_B_pred,1,0.6762,-0.0135,0.2720,0.0190,0.1110,0.0000,0.0000,0,,,,,,,0,,,0.0000,,,0.0000,0.0000,0,0,0,
16.706,15.000,pred,block2_B_pred,1,0.6733,-0.0143,0.2542,0.0000,0.0000,0.0000,0.0000,0,,,,,,,0,,,0.0000,,,0.0000,0.0000,0,0,0,
16.806,15.100,pred,block2_B_pred,1,0.6768,-0.0134,0.2750,0.0250,0.1480,0.0000,0.0000,0,,,,,,,0,,,0.0000,,,0.0000,0.0000,0,0,0,
16.906,15.200,pred,block2_B_pred,1,0.6737,-0.0143,0.2562,-0.0030,-0.0180,0.0000,0.0000,0,,,,,,,0,,,0.0000,,,0.0000,0.0000,0,0,0,
17.007,15.302,pred,block2_B_pred,1,0.6758,-0.0137,0.2692,0.0280,0.1670,0.0000,0.0000,0,,,,,,,0,,,0.0000,,,0.0000,0.0000,0,0,0,
17.106,15.400,pred,block2_B_pred,1,0.6733,-0.0144,0.2536,-0.0030,-0.0180,0.0000,0.0000,0,,,,,,,0,,,0.0000,,,0.0000,0.0000,0,0,0,
17.206,15.500,pred,block2_B_pred,1,0.6761,-0.0136,0.2710,0.0630,0.3710,0.0000,0.0000,0,,,,,,,0,,,0.0000,,,0.0000,0.0000,0,0,0,
17.305,15.600,pred,block2_B_pred,1,0.6735,-0.0144,0.2551,-0.0030,-0.0180,0.0000,0.0000,0,,,,,,,0,,,0.0000,,,0.0000,0.0000,0,0,0,
17.405,15.700,pred,block2_B_pred,1,0.6765,-0.0136,0.2733,0.0720,0.4270,0.0000,0.0000,0,,,,,,,0,,,0.0000,,,0.0000,0.0000,0,0,0,
17.506,15.800,pred,block2_B_pred,1,0.6737,-0.0143,0.2562,-0.0060,-0.0370,0.0000,0.0000,0,,,,,,,0,,,0.0000,,,0.0000,0.0000,0,0,0,
17.606,15.900,pred,block2_B_pred,1,0.6752,-0.0139,0.2655,0.0790,0.4640,0.0000,0.0000,0,,,,,,,0,,,0.0000,,,0.0000,0.0000,0,0,0,
17.706,16.000,pred,block2_B_pred,1,0.6733,-0.0145,0.2536,-0.0190,-0.1110,0.0000,0.0000,0,,,,,,,0,,,0.0000,,,0.0000,0.0000,0,0,0,
17.806,16.100,pred,block2_B_pred,1,0.6748,-0.0141,0.2629,0.0820,0.4830,0.0000,0.0000,0,,,,,,,0,,,0.0000,,,0.0000,0.0000,0,0,0,
17.906,16.200,pred,block2_B_pred,1,0.6729,-0.0146,0.2511,-0.0220,-0.1300,0.0000,0.0000,0,,,,,,,0,,,0.0000,,,0.0000,0.0000,0,0,0,
18.006,16.300,pred,block2_B_pred,1,0.6735,-0.0144,0.2552,0.0380,0.2220,0.0000,0.0000,0,,,,,,,0,,,0.0000,,,0.0000,0.0000,0,0,0,
18.106,16.400,pred,block2_B_pred,1,0.6732,-0.0145,0.2533,-0.0280,-0.1670,0.0000,0.0000,0,,,,,,,0,,,0.0000,,,0.0000,0.0000,0,0,0,
18.206,16.500,pred,block2_B_pred,1,0.6733,-0.0145,0.2537,0.0150,0.0920,0.0000,0.0000,0,,,,,,,0,,,0.0000,,,0.0000,0.0000,0,0,0,
18.306,16.600,pred,block2_B_pred,1,0.6730,-0.0146,0.2520,-0.0600,-0.3530,0.0000,0.0000,0,,,,,,,0,,,0.0000,,,0.0000,0.0000,0,0,0,
18.405,16.700,pred,block2_B_pred,1,0.6727,-0.0147,0.2501,0.0000,0.0000,0.0000,0.0000,0,,,,,,,0,,,0.0000,,,0.0000,0.0000,0,0,0,
18.506,16.800,pred,block2_B_pred,1,0.6726,-0.0147,0.2494,-0.0660,-0.3900,0.0000,0.0000,0,,,,,,,0,,,0.0000,,,0.0000,0.0000,0,0,0,
18.606,16.901,pred,block2_B_pred,1,0.6721,-0.0149,0.2468,0.0000,0.0000,0.0000,0.0000,0,,,,,,,0,,,0.0000,,,0.0000,0.0000,0,0,0,
18.706,17.000,pred,block2_B_pred,1,0.6732,-0.0146,0.2531,-0.0720,-0.4270,0.0000,0.0000,0,,,,,,,0,,,0.0000,,,0.0000,0.0000,0,0,0,
18.806,17.100,pred,block2_B_pred,1,0.6726,-0.0148,0.2494,0.0000,0.0000,0.0000,0.0000,0,,,,,,,0,,,0.0000,,,0.0000,0.0000,0,0,0,
18.906,17.200,pred,block2_B_pred,1,0.6739,-0.0144,0.2576,-0.0790,-0.4640,0.0000,0.0000,0,,,,,,,0,,,0.0000,,,0.0000,0.0000,0,0,0,
19.006,17.300,pred,block2_B_pred,1,0.6727,-0.0147,0.2502,0.0000,0.0000,0.0000,0.0000,0,,,,,,,0,,,0.0000,,,0.0000,0.0000,0,0,0,
19.106,17.400,pred,block2_B_pred,1,0.6746,-0.0143,0.2613,-0.0500,-0.2970,0.0000,0.0000,0,,,,,,,0,,,0.0000,,,0.0000,0.0000,0,0,0,
19.206,17.500,pred,block2_B_pred,1,0.6730,-0.0147,0.2516,0.0000,0.0000,0.0000,0.0000,0,,,,,,,0,,,0.0000,,,0.0000,0.0000,0,0,0,
19.307,17.601,pred,block2_B_pred,1,0.6754,-0.0141,0.2661,-0.0280,-0.1670,0.0000,0.0000,0,,,,,,,0,,,0.0000,,,0.0000,0.0000,0,0,0,
19.406,17.700,pred,block2_B_pred,1,0.6732,-0.0146,0.2531,0.0000,0.0000,0.0000,0.0000,0,,,,,,,0,,,0.0000,,,0.0000,0.0000,0,0,0,
19.506,17.800,pred,block2_B_pred,1,0.6764,-0.0138,0.2724,-0.0060,-0.0370,0.0000,0.0000,0,,,,,,,0,,,0.0000,,,0.0000,0.0000,0,0,0,
19.606,17.900,pred,block2_B_pred,1,0.6740,-0.0145,0.2576,0.0000,0.0000,0.0000,0.0000,0,,,,,,,0,,,0.0000,,,0.0000,0.0000,0,0,0,
19.706,18.000,pred,block2_B_pred,1,0.6770,-0.0137,0.2761,0.0060,0.0370,0.0000,0.0000,0,,,,,,,0,,,0.0000,,,0.0000,0.0000,0,0,0,
19.806,18.100,pred,block2_B_pred,1,0.6744,-0.0144,0.2602,0.0000,0.0000,0.0000,0.0000,0,,,,,,,0,,,0.0000,,,0.0000,0.0000,0,0,0,
19.906,18.200,pred,block2_B_pred,1,0.6773,-0.0136,0.2776,0.0250,0.1480,0.0000,0.0000,0,,,,,,,0,,,0.0000,,,0.0000,0.0000,0,0,0,
20.006,18.300,pred,block2_B_pred,1,0.6744,-0.0144,0.2601,0.0000,0.0000,0.0000,0.0000,0,,,,,,,0,,,0.0000,,,0.0000,0.0000,0,0,0,
20.105,18.400,pred,block2_B_pred,1,0.6778,-0.0135,0.2809,0.0280,0.1670,0.0000,0.0000,1,5.3043,-3.8570,12.8727,-1.3308,7.9788,54.5,35,12.7105,-1.3849,2.8211,6.5584,12.7857,0.0000,0.0000,0,1,0,
20.206,18.501,pred,block2_B_pred,1,0.6748,-0.0143,0.2624,-0.0030,-0.0180,0.0000,0.0000,1,5.3043,-3.8570,12.8727,-1.3308,7.9788,54.5,35,12.7105,-1.3849,2.8211,6.5584,12.7857,0.0000,0.0000,0,1,0,
20.306,18.600,pred,block2_B_pred,1,0.6771,-0.0137,0.2765,0.0340,0.2040,0.0000,0.0000,1,5.3582,-3.6841,8.5695,-1.5869,3.8354,67.7,35,8.5007,-1.6319,1.3561,6.5025,8.6559,1.1174,0.0000,0,1,0,
20.406,18.700,pred,block2_B_pred,1,0.6746,-0.0144,0.2612,-0.0030,-0.0180,0.1250,-0.1600,1,5.3582,-3.6841,8.5695,-1.5869,3.8354,67.7,35,8.5007,-1.6319,1.3561,6.5025,8.6559,1.1174,0.3379,0,1,0,
20.506,18.800,pred,block2_B_pred,1,0.6773,-0.0137,0.2776,0.0570,0.3340,0.2200,-0.2436,1,5.4743,-3.5249,5.9315,-1.4698,2.1054,110.2,35,5.9217,-1.5139,0.7444,6.5110,6.1121,1.1174,0.3894,0,1,1,
20.606,18.900,pred,block2_B_pred,1,0.6775,-0.0136,0.2791,0.0000,0.0000,0.2084,-0.4292,1,5.4764,-3.3661,4.4095,-1.8207,1.8778,156.2,35,4.4324,-1.8538,0.6639,6.4281,4.8044,1.1174,0.3894,0,1,1,
20.706,19.000,pred,block2_B_pred,1,0.6775,-0.0136,0.2791,0.0000,0.0000,0.2200,-0.2692,1,5.4295,-3.2286,4.0456,-1.3482,2.3347,157.1,35,4.0752,-1.3885,0.8255,6.3168,4.3053,1.1174,0.3894,0,1,1,
20.806,19.101,pred,block2_B_pred,1,0.6836,-0.0119,0.2716,0.1070,-0.0740,0.2200,-0.2692,1,5.4295,-3.2286,4.0456,-1.3482,2.3347,157.1,35,4.0752,-1.3885,0.8255,6.3168,4.3053,1.1174,0.3923,0,1,1,
20.906,19.200,pred,block2_B_pred,1,0.7007,-0.0073,0.2542,0.2240,-0.0920,0.2200,-0.2692,1,5.3956,-3.1377,3.6951,-1.4882,2.3692,166.1,35,3.7315,-1.5235,0.8377,6.2416,4.0306,1.1174,0.4400,0,1,1,
21.006,19.300,pred,block2_B_pred,1,0.7238,-0.0015,0.2442,0.2780,-0.1480,0.2084,-0.2692,1,5.3659,-3.0782,3.8072,-1.5406,2.1894,165.2,35,3.8406,-1.5736,0.7741,6.1861,4.1505,1.0674,0.4168,0,1,1,
21.106,19.400,pred,block2_B_pred,1,0.7511,0.0052,0.2264,0.2690,-0.2040,0.2200,-0.2692,1,5.3659,-3.0782,3.8072,-1.5406,2.1894,165.2,35,3.8406,-1.5736,0.7741,6.1861,4.1505,1.0674,0.4411,0,1,1,
21.206,19.500,pred,block2_B_pred,1,0.7805,0.0117,0.2096,0.3000,-0.0550,0.2084,-0.2436,1,5.3696,-3.0441,4.2046,-1.6658,1.8047,159.8,35,4.2295,-1.6953,0.6381,6.1725,4.5566,1.0674,0.4013,0,1,1,
21.306,19.600,pred,block2_B_pred,1,0.8091,0.0176,0.1914,0.2810,-0.2410,0.2200,-0.2692,1,5.4095,-3.0331,4.5524,-1.9332,1.3944,157.2,35,4.5708,-1.9567,0.4930,6.2018,4.9720,1.0674,0.4210,0,0,1,
21.406,19.700,pred,block2_B_pred,1,0.8361,0.0227,0.1803,0.2660,-0.0740,0.2084,-0.3205,1,5.4095,-3.0331,4.5524,-1.9332,1.3944,157.2,35,4.5708,-1.9567,0.4930,6.2018,4.9720,0.9881,0.4400,0,0,1,
21.506,19.800,pred,block2_B_pred,1,0.8614,0.0271,0.1610,0.2500,-0.1300,0.2200,-0.0005,1,5.4738,-3.0145,4.9167,-2.2995,0.9064,156.8,31,5.4738,-3.0145,0.2200,6.2490,6.2490,0.9881,0.4400,0,0,1,
21.609,19.903,pred,block2_B_pred,1,0.8833,0.0305,0.1443,0.2020,0.0370,0.2084,0.0641,1,5.5520,-2.9806,5.1899,-2.5159,0.5891,156.2,31,5.5520,-2.9806,0.2200,6.3015,6.3015,0.9881,0.4400,0,0,1,
21.706,20.000,pred,block2_B_pred,1,0.9007,0.0329,0.1251,0.1480,-0.2410,0.2200,0.0641,1,5.5520,-2.9806,5.1899,-2.5159,0.5891,156.2,31,5.5520,-2.9806,0.2200,6.3015,6.3015,0.9881,0.4400,0,0,1,
21.806,20.100,pred,block2_B_pred,1,0.9182,0.0350,0.1117,0.1770,0.0370,0.2200,0.0641,1,5.6272,-2.9299,5.3918,-2.6279,0.3829,155.4,31,5.6272,-2.9299,0.2200,6.3443,6.3443,0.8638,0.3937,0,0,1,
21.906,20.200,pred,block2_B_pred,1,0.9355,0.0368,0.0951,0.1610,-0.3530,0.2200,-0.0641,1,5.7016,-2.8517,5.5486,-2.6554,0.2489,154.5,31,5.7016,-2.8517,0.2200,6.3750,6.3750,0.8638,0.4400,0,0,1,
22.006,20.300,pred,block2_B_pred,1,0.9499,0.0380,0.0765,0.1330,-0.1110,0.2084,-0.0128,1,5.7819,-2.7596,5.6824,-2.6320,0.1618,153.4,31,5.7016,-2.8517,0.2200,6.4067,6.3750,0.8638,0.4168,0,0,1,
22.106,20.400,pred,block2_B_pred,1,0.9651,0.0392,0.0639,0.1360,-0.2040,0.2084,-0.0385,1,5.7819,-2.7596,5.6824,-2.6320,0.1618,153.4,31,5.7819,-2.7596,0.2200,6.4067,6.4067,0.8138,0.4168,0,0,1,
22.206,20.500,pred,block2_B_pred,1,0.9826,0.0402,0.0509,0.1770,0.0370,0.2200,-0.0385,1,5.7819,-2.7596,5.6824,-2.6320,0.1618,153.4,31,5.7819,-2.7596,0.2200,6.4067,6.4067,0.8138,0.4400,0,0,1,
22.306,20.600,pred,block2_B_pred,1,1.0009,0.0410,0.0398,0.1610,-0.3150,0.2200,-0.0128,1,5.7819,-2.7596,5.6824,-2.6320,0.1618,153.4,31,5.7819,-2.7596,0.2200,6.4067,6.4067,0.8138,0.4168,0,0,1,
22.407,20.701,pred,block2_B_pred,1,1.0204,0.0417,0.0284,0.2050,-0.2780,0.2084,-0.0128,1,5.7819,-2.7596,5.6824,-2.6320,0.1618,153.4,31,5.7819,-2.7596,0.2200,6.4067,6.4067,0.8138,0.3937,0,0,1,
22.506,20.800,pred,block2_B_pred,1,1.0428,0.0423,0.0158,0.2310,-0.1670,0.2200,0.0385,1,5.7819,-2.7596,5.6824,-2.6320,0.1618,153.4,31,5.7819,-2.7596,0.2200,6.4067,6.4067,0.7638,0.4400,0,0,1,
22.606,20.900,pred,block2_B_pred,1,1.0655,0.0427,0.0210,0.2240,0.2040,0.2084,0.0128,1,5.7819,-2.7596,5.6824,-2.6320,0.1618,153.4,31,5.7819,-2.7596,0.2200,6.4067,6.4067,0.7638,0.4168,0,0,1,
22.706,21.000,pred,block2_B_pred,1,1.0896,0.0432,0.0207,0.2280,-0.0740,0.2200,-0.0128,1,5.7819,-2.7596,5.6824,-2.6320,0.1618,153.4,31,5.7819,-2.7596,0.2200,6.4067,6.4067,0.7638,0.4400,0,0,1,
22.806,21.100,pred,block2_B_pred,1,1.1125,0.0436,0.0107,0.2090,-0.1850,0.2084,0.0000,1,5.7819,-2.7596,5.6824,-2.6320,0.1618,153.4,31,5.7819,-2.7596,0.2200,6.4067,6.4067,0.6638,0.4168,0,0,1,
22.906,21.200,pred,block2_B_pred,1,1.1341,0.0438,0.0115,0.2210,0.0370,0.2200,0.0128,1,5.7819,-2.7596,5.6824,-2.6320,0.1618,153.4,31,5.7819,-2.7596,0.2200,6.4067,6.4067,0.6638,0.4400,0,0,1,
23.007,21.301,pred,block2_B_pred,1,1.1544,0.0441,0.0141,0.1740,-0.0550,0.2084,0.0128,1,5.7819,-2.7596,5.6824,-2.6320,0.1618,153.4,31,5.7819,-2.7596,0.2200,6.4067,6.4067,0.6638,0.4168,0,0,1,
23.106,21.400,pred,block2_B_pred,1,1.1751,0.0444,0.0177,0.1830,0.0740,0.2084,0.0128,0,5.7819,-2.7596,5.6824,-2.6320,0.1618,153.4,31,5.7819,-2.7596,0.2200,6.4067,6.4067,0.6638,0.4400,0,0,1,
23.206,21.500,pred,block2_B_pred,1,1.1944,0.0448,0.0188,0.1960,0.0370,0.2200,0.0897,0,5.7819,-2.7596,5.6824,-2.6320,0.1618,153.4,31,5.7819,-2.7596,0.2200,6.4067,6.4067,0.5638,0.4400,0,0,1,
23.305,21.600,pred,block2_B_pred,1,1.2126,0.0451,0.0181,0.2120,-0.0180,0.2084,0.0897,0,5.7819,-2.7596,5.6824,-2.6320,0.1618,153.4,31,5.7819,-2.7596,0.2200,6.4067,6.4067,0.5638,0.4168,0,0,1,
23.405,21.700,pred,block2_B_pred,1,1.2318,0.0455,0.0174,0.2120,-0.0180,0.1968,0.0897,0,5.7819,-2.7596,5.6824,-2.6320,0.1618,153.4,31,5.7819,-2.7596,0.2200,6.4067,6.4067,0.5638,0.4400,0,0,1,
23.506,21.800,pred,block2_B_pred,1,1.2522,0.0459,0.0212,0.2050,-0.0180,0.2200,0.0897,0,5.7819,-2.7596,5.6824,-2.6320,0.1618,153.4,31,5.7819,-2.7596,0.2200,6.4067,6.4067,0.5638,0.4168,0,0,1,
23.606,21.900,pred,block2_B_pred,1,1.2725,0.0464,0.0364,0.2240,0.1670,0.2084,0.0641,0,5.7819,-2.7596,5.6824,-2.6320,0.1618,153.4,31,5.7819,-2.7596,0.2200,6.4067,6.4067,0.5138,0.3937,0,0,1,
23.706,22.000,pred,block2_B_pred,1,1.2923,0.0472,0.0434,0.1990,-0.0550,0.2200,0.0641,0,5.7819,-2.7596,5.6824,-2.6320,0.1618,153.4,31,5.7819,-2.7596,0.2200,6.4067,6.4067,0.5138,0.4400,0,0,1,
23.805,22.100,pred,block2_B_pred,1,1.3129,0.0481,0.0530,0.1960,0.2600,0.2084,0.0641,0,5.7819,-2.7596,5.6824,-2.6320,0.1618,153.4,31,5.7819,-2.7596,0.2200,6.4067,6.4067,0.5138,0.4168,0,0,1,
23.906,22.200,pred,block2_B_pred,1,1.3343,0.0494,0.0754,0.2150,0.2600,0.1968,0.0897,0,5.7819,-2.7596,5.6824,-2.6320,0.1618,153.4,31,5.7819,-2.7596,0.2200,6.4067,6.4067,0.4638,0.4400,0,0,1,
24.006,22.300,pred,block2_B_pred,1,1.3550,0.0511,0.0869,0.2050,0.0920,0.1853,0.0641,0,5.7819,-2.7596,5.6824,-2.6320,0.1618,153.4,31,5.7819,-2.7596,0.2200,6.4067,6.4067,0.4638,0.4168,0,0,1,
24.106,22.400,pred,block2_B_pred,1,1.3748,0.0528,0.0932,0.1670,0.1300,0.1737,0.0128,0,5.7819,-2.7596,5.6824,-2.6320,0.1618,153.4,31,5.7819,-2.7596,0.2200,6.4067,6.4067,0.4638,0.3937,0,0,1,
24.206,22.500,pred,block2_B_pred,1,1.3942,0.0547,0.1090,0.1960,0.0370,0.1968,0.1410,0,5.7819,-2.7596,5.6824,-2.6320,0.1618,153.4,31,5.7819,-2.7596,0.2200,6.4067,6.4067,0.4638,0.3242,0,0,1,
24.306,22.600,pred,block2_B_pred,1,1.4138,0.0569,0.1168,0.2120,0.0550,0.1853,0.1154,0,5.7819,-2.7596,5.6824,-2.6320,0.1618,153.4,31,5.7819,-2.7596,0.2200,6.4067,6.4067,0.3638,0.3011,0,0,1,
24.406,22.700,pred,block2_B_pred,1,1.4313,0.0591,0.1320,0.1550,0.0180,0.1737,0.0897,0,5.7819,-2.7596,5.6824,-2.6320,0.1618,153.4,31,5.7819,-2.7596,0.2200,6.4067,6.4067,0.3638,0.3474,0,0,1,
24.506,22.800,pred,block2_B_pred,1,1.4484,0.0615,0.1394,0.1550,-0.0180,0.1621,0.0385,0,5.7819,-2.7596,5.6824,-2.6320,0.1618,153.4,31,5.7819,-2.7596,0.2200,6.4067,6.4067,0.3638,0.3242,0,0,1,
24.605,22.900,pred,block2_B_pred,1,1.4647,0.0638,0.1520,0.1290,0.2780,0.1274,0.0000,0,5.7819,-2.7596,5.6824,-2.6320,0.1618,153.4,31,5.7819,-2.7596,0.2200,6.4067,6.4067,0.3138,0.3011,0,0,1,
24.706,23.000,pred,block2_B_pred,1,1.4812,0.0664,0.1647,0.1710,-0.1110,0.1505,0.0897,0,5.7819,-2.7596,5.6824,-2.6320,0.1618,153.4,31,5.7819,-2.7596,0.2200,6.4067,6.4067,0.3138,0.2316,0,0,1,
24.808,23.102,pred,block2_B_pred,1,1.4970,0.0691,0.1706,0.1800,0.0920,0.1389,0.0385,0,5.7819,-2.7596,5.6824,-2.6320,0.1618,153.4,31,5.7819,-2.7596,0.2200,6.4067,6.4067,0.3138,0.2779,0,0,1,
24.906,23.200,pred,block2_B_pred,1,1.5102,0.0714,0.1765,0.0910,0.0550,0.1158,-0.0641,0,5.7819,-2.7596,5.6824,-2.6320,0.1618,153.4,31,5.7819,-2.7596,0.2200,6.4067,6.4067,0.3138,0.2547,0,0,1,
25.006,23.300,pred,block2_B_pred,1,1.5240,0.0740,0.1877,0.1230,0.2410,0.0024,0.0000,0,5.7819,-2.7596,5.6824,-2.6320,0.1618,153.4,31,5.7819,-2.7596,0.2200,6.4067,6.4067,0.2638,0.2547,0,0,1,
25.106,23.400,pred,block2_B_pred,1,1.5373,0.0765,0.1833,0.1450,-0.0740,0.0000,0.0000,0,5.7819,-2.7596,5.6824,-2.6320,0.1618,153.4,31,5.7819,-2.7596,0.2200,6.4067,6.4067,0.2638,0.2547,0,0,1,
25.206,23.500,pred,block2_B_pred,1,1.5373,0.0765,0.1833,0.0000,0.0000,0.0000,0.0000,0,5.7819,-2.7596,5.6824,-2.6320,0.1618,153.4,31,5.7819,-2.7596,0.2200,6.4067,6.4067,0.2638,0.2547,0,0,1,
25.306,23.600,pred,block2_B_pred,1,1.5433,0.0776,0.1977,0.1330,-0.0370,0.0000,0.0000,0,5.7819,-2.7596,5.6824,-2.6320,0.1618,153.4,31,5.7819,-2.7596,0.2200,6.4067,6.4067,0.2638,0.2547,0,0,1,
25.406,23.700,pred,block2_B_pred,1,1.5482,0.0786,0.2074,0.0310,0.1850,0.0000,0.0000,0,5.7819,-2.7596,5.6824,-2.6320,0.1618,153.4,31,5.7819,-2.7596,0.2200,6.4067,6.4067,0.2638,0.2547,0,0,1,
25.506,23.800,pred,block2_B_pred,1,1.5539,0.0798,0.2070,0.0120,0.0740,0.0000,0.0000,0,5.7819,-2.7596,5.6824,-2.6320,0.1618,153.4,31,5.7819,-2.7596,0.2200,6.4067,6.4067,0.2638,0.2547,0,0,1,
25.606,23.900,pred,block2_B_pred,1,1.5540,0.0798,0.2074,0.0000,0.0000,0.0000,0.0000,0,5.7819,-2.7596,5.6824,-2.6320,0.1618,153.4,31,5.7819,-2.7596,0.2200,6.4067,6.4067,0.2638,0.2547,0,0,1,
25.706,24.000,pred,block2_B_pred,1,1.5540,0.0798,0.2074,0.0000,0.0000,0.0000,0.0000,0,5.7819,-2.7596,5.6824,-2.6320,0.1618,153.4,31,5.7819,-2.7596,0.2200,6.4067,6.4067,0.2638,0.2547,0,0,1,
25.806,24.100,pred,block2_B_pred,1,1.5540,0.0798,0.2074,0.0000,0.0000,0.0000,0.0000,0,5.7819,-2.7596,5.6824,-2.6320,0.1618,153.4,31,5.7819,-2.7596,0.2200,6.4067,6.4067,0.2638,0.2547,0,0,1,
25.906,24.200,pred,block2_B_pred,1,1.5540,0.0798,0.2074,0.0000,0.0000,0.0000,0.0000,0,5.7819,-2.7596,5.6824,-2.6320,0.1618,153.4,31,5.7819,-2.7596,0.2200,6.4067,6.4067,0.2638,0.2547,0,0,1,
26.006,24.300,pred,block2_B_pred,1,1.5540,0.0798,0.2074,0.0000,0.0000,0.0000,0.0000,0,5.7819,-2.7596,5.6824,-2.6320,0.1618,153.4,31,5.7819,-2.7596,0.2200,6.4067,6.4067,0.2638,0.2547,0,0,1,
26.106,24.400,pred,block2_B_pred,1,1.5540,0.0798,0.2074,0.0000,0.0000,0.0000,0.0000,0,5.7819,-2.7596,5.6824,-2.6320,0.1618,153.4,31,5.7819,-2.7596,0.2200,6.4067,6.4067,0.2638,0.2547,0,0,1,
26.206,24.500,pred,block2_B_pred,1,1.5540,0.0798,0.2074,0.0000,0.0000,0.0000,0.0000,0,5.7819,-2.7596,5.6824,-2.6320,0.1618,153.4,31,5.7819,-2.7596,0.2200,6.4067,6.4067,0.2638,0.2547,0,0,1,
26.306,24.600,pred,block2_B_pred,1,1.5540,0.0798,0.2074,0.0000,0.0000,0.0000,0.0000,0,5.7819,-2.7596,5.6824,-2.6320,0.1618,153.4,31,5.7819,-2.7596,0.2200,6.4067,6.4067,0.2638,0.2547,0,0,1,
26.406,24.700,pred,block2_B_pred,1,1.5540,0.0798,0.2074,0.0000,0.0000,0.0000,0.0000,0,5.7819,-2.7596,5.6824,-2.6320,0.1618,153.4,31,5.7819,-2.7596,0.2200,6.4067,6.4067,0.2638,0.2547,0,0,1,
26.506,24.800,pred,block2_B_pred,1,1.5540,0.0798,0.2074,0.0000,0.0000,0.0000,0.0000,0,5.7819,-2.7596,5.6824,-2.6320,0.1618,153.4,31,5.7819,-2.7596,0.2200,6.4067,6.4067,0.2638,0.2547,0,0,1,
26.606,24.900,pred,block2_B_pred,1,1.5540,0.0798,0.2074,0.0000,0.0000,0.0000,0.0000,0,5.7819,-2.7596,5.6824,-2.6320,0.1618,153.4,31,5.7819,-2.7596,0.2200,6.4067,6.4067,0.2638,0.2547,0,0,1,
26.706,25.000,pred,block2_B_pred,1,1.5540,0.0798,0.2074,0.0000,0.0000,0.0000,0.0000,0,5.7819,-2.7596,5.6824,-2.6320,0.1618,153.4,31,5.7819,-2.7596,0.2200,6.4067,6.4067,0.2638,0.2547,0,0,1,
26.806,25.100,pred,block2_B_pred,1,1.5540,0.0798,0.2074,0.0000,0.0000,0.0000,0.0000,0,5.7819,-2.7596,5.6824,-2.6320,0.1618,153.4,31,5.7819,-2.7596,0.2200,6.4067,6.4067,0.2638,0.2547,0,0,1,
26.906,25.200,pred,block2_B_pred,1,1.5540,0.0798,0.2074,0.0000,0.0000,0.0000,0.0000,0,5.7819,-2.7596,5.6824,-2.6320,0.1618,153.4,31,5.7819,-2.7596,0.2200,6.4067,6.4067,0.2638,0.2547,0,0,1,
27.006,25.300,pred,block2_B_pred,1,1.5540,0.0798,0.2074,0.0000,0.0000,0.0000,0.0000,0,5.7819,-2.7596,5.6824,-2.6320,0.1618,153.4,31,5.7819,-2.7596,0.2200,6.4067,6.4067,0.2638,0.2547,0,0,1,
27.105,25.400,pred,block2_B_pred,1,1.5540,0.0798,0.2074,0.0000,0.0000,0.0000,0.0000,0,5.7819,-2.7596,5.6824,-2.6320,0.1618,153.4,31,5.7819,-2.7596,0.2200,6.4067,6.4067,0.2638,0.2547,0,0,1,
27.206,25.500,pred,block2_B_pred,1,1.5540,0.0798,0.2074,0.0000,0.0000,0.0000,0.0000,0,5.7819,-2.7596,5.6824,-2.6320,0.1618,153.4,31,5.7819,-2.7596,0.2200,6.4067,6.4067,0.2638,0.2547,0,0,1,
27.306,25.600,pred,block2_B_pred,1,1.5540,0.0798,0.2074,0.0000,0.0000,0.0000,0.0000,0,5.7819,-2.7596,5.6824,-2.6320,0.1618,153.4,31,5.7819,-2.7596,0.2200,6.4067,6.4067,0.2638,0.2547,0,0,1,
27.406,25.700,pred,block2_B_pred,1,1.5540,0.0798,0.2074,0.0000,0.0000,0.0000,0.0000,0,5.7819,-2.7596,5.6824,-2.6320,0.1618,153.4,31,5.7819,-2.7596,0.2200,6.4067,6.4067,0.2638,0.2547,0,0,1,
27.506,25.801,pred,block2_B_pred,1,1.5540,0.0798,0.2074,0.0000,0.0000,0.0000,0.0000,0,5.7819,-2.7596,5.6824,-2.6320,0.1618,153.4,31,5.7819,-2.7596,0.2200,6.4067,6.4067,0.2638,0.2547,0,0,1,
27.606,25.900,pred,block2_B_pred,1,1.5540,0.0798,0.2074,0.0000,0.0000,0.0000,0.0000,0,5.7819,-2.7596,5.6824,-2.6320,0.1618,153.4,31,5.7819,-2.7596,0.2200,6.4067,6.4067,0.2638,0.2547,0,0,1,
27.706,26.000,pred,block2_B_pred,1,1.5540,0.0798,0.2074,0.0000,0.0000,0.0000,0.0000,0,5.7819,-2.7596,5.6824,-2.6320,0.1618,153.4,31,5.7819,-2.7596,0.2200,6.4067,6.4067,0.2638,0.2547,0,0,1,
27.806,26.100,pred,block2_B_pred,1,1.5540,0.0798,0.2074,0.0000,0.0000,0.0000,0.0000,0,5.7819,-2.7596,5.6824,-2.6320,0.1618,153.4,31,5.7819,-2.7596,0.2200,6.4067,6.4067,0.2638,0.2547,0,0,1,
27.906,26.200,pred,block2_B_pred,1,1.5540,0.0798,0.2074,0.0000,0.0000,0.0000,0.0000,0,5.7819,-2.7596,5.6824,-2.6320,0.1618,153.4,31,5.7819,-2.7596,0.2200,6.4067,6.4067,0.2638,0.2547,0,0,1,
28.006,26.300,pred,block2_B_pred,1,1.5540,0.0798,0.2074,0.0000,0.0000,0.0000,0.0000,0,5.7819,-2.7596,5.6824,-2.6320,0.1618,153.4,31,5.7819,-2.7596,0.2200,6.4067,6.4067,0.2638,0.2547,0,0,1,
37.406,0.000,pred,block2_B_pred,1,1.5540,0.0798,0.2074,0.0000,0.0000,0.2200,0.1923,0,5.7819,-2.7596,5.6824,-2.6320,0.1618,153.4,31,5.7819,-2.7596,0.2200,6.4067,6.4067,3.4951,0.3925,0,0,1,
37.506,0.100,pred,block2_B_pred,1,1.5540,0.0798,0.2074,0.0000,0.0000,0.2200,0.1923,0,5.7819,-2.7596,5.6824,-2.6320,0.1618,153.4,31,5.7819,-2.7596,0.2200,6.4067,6.4067,3.4951,0.3925,0,0,1,
37.616,0.210,pred,block2_B_pred,1,1.5540,0.0798,0.2074,0.0000,0.0000,0.2200,0.1923,0,5.7819,-2.7596,5.6824,-2.6320,0.1618,153.4,31,5.7819,-2.7596,0.2200,6.4067,6.4067,3.4951,0.3925,0,0,1,
37.705,0.300,pred,block2_B_pred,1,1.5576,0.0805,0.2133,0.1260,-0.0370,0.2200,0.1923,0,5.7819,-2.7596,5.6824,-2.6320,0.1618,153.4,31,5.7819,-2.7596,0.2200,6.4067,6.4067,3.4951,0.3925,0,0,1,
37.806,0.400,pred,block2_B_pred,1,1.5723,0.0839,0.2348,0.2180,0.1300,0.2200,0.2436,0,5.7819,-2.7596,5.6824,-2.6320,0.1618,153.4,31,5.7819,-2.7596,0.2200,6.4067,6.4067,3.4951,0.4396,0,0,1,
37.906,0.500,pred,block2_B_pred,1,1.5962,0.0899,0.2596,0.2750,0.2410,0.2200,0.1667,0,5.7819,-2.7596,5.6824,-2.6320,0.1618,153.4,31,5.7819,-2.7596,0.2200,6.4067,6.4067,3.4951,0.4400,0,0,1,
38.006,0.600,pred,block2_B_pred,1,1.6235,0.0975,0.2897,0.2850,0.2970,0.2200,0.1667,0,5.7819,-2.7596,5.6824,-2.6320,0.1618,153.4,31,5.7819,-2.7596,0.2200,6.4067,6.4067,3.4450,0.4400,0,0,1,
38.106,0.700,pred,block2_B_pred,1,1.6512,0.1061,0.3183,0.2970,0.2600,0.2200,0.1154,0,5.7819,-2.7596,5.6824,-2.6320,0.1618,153.4,31,5.7819,-2.7596,0.2200,6.4067,6.4067,3.4450,0.4400,0,0,1,
38.206,0.800,pred,block2_B_pred,1,1.6781,0.1152,0.3431,0.2910,0.3710,0.2084,0.1154,0,5.7819,-2.7596,5.6824,-2.6320,0.1618,153.4,31,5.7819,-2.7596,0.2200,6.4067,6.4067,3.4450,0.4400,0,0,1,
38.307,0.901,pred,block2_B_pred,1,1.7022,0.1241,0.3709,0.2340,0.2970,0.2200,0.0897,0,5.7819,-2.7596,5.6824,-2.6320,0.1618,153.4,31,5.7819,-2.7596,0.2200,6.4067,6.4067,3.4450,0.4400,0,0,1,
38.405,1.000,pred,block2_B_pred,1,1.7261,0.1337,0.3954,0.2620,0.3150,0.2200,0.0385,0,5.7819,-2.7596,5.6824,-2.6320,0.1618,153.4,31,5.7819,-2.7596,0.2200,6.4067,6.4067,3.3319,0.4400,0,0,1,
38.506,1.100,pred,block2_B_pred,1,1.7461,0.1423,0.4169,0.1990,0.0920,0.2084,-0.0641,0,5.7819,-2.7596,5.6824,-2.6320,0.1618,153.4,31,5.7819,-2.7596,0.2200,6.4067,6.4067,3.3319,0.4168,0,0,1,
38.609,1.204,pred,block2_B_pred,1,1.7658,0.1513,0.4388,0.2120,0.2040,0.2200,-0.1410,0,5.7819,-2.7596,5.6824,-2.6320,0.1618,153.4,31,5.7819,-2.7596,0.2200,6.4067,6.4067,3.3319,0.4400,0,0,1,
38.705,1.300,pred,block2_B_pred,1,1.7835,0.1598,0.4607,0.2020,0.2220,0.2084,-0.0897,0,5.7819,-2.7596,5.6824,-2.6320,0.1618,153.4,31,5.7819,-2.7596,0.2200,6.4067,6.4067,3.2425,0.4168,0,0,1,
38.806,1.400,pred,block2_B_pred,1,1.7997,0.1679,0.4696,0.1930,0.0550,0.2200,-0.0385,0,5.7819,-2.7596,5.6824,-2.6320,0.1618,153.4,31,5.7819,-2.7596,0.2200,6.4067,6.4067,3.2425,0.4168,0,0,1,
38.906,1.500,pred,block2_B_pred,1,1.8155,0.1759,0.4629,0.1860,-0.2040,0.2200,-0.0385,0,5.7819,-2.7596,5.6824,-2.6320,0.1618,153.4,31,5.7819,-2.7596,0.2200,6.4067,6.4067,3.2425,0.4400,0,0,1,
39.006,1.600,pred,block2_B_pred,1,1.8334,0.1848,0.4540,0.1990,-0.2780,0.2200,-0.0641,0,5.7819,-2.7596,5.6824,-2.6320,0.1618,153.4,31,5.7819,-2.7596,0.2200,6.4067,6.4067,3.2425,0.4400,0,0,1,
39.106,1.700,pred,block2_B_pred,1,1.8518,0.1936,0.4328,0.2280,-0.1850,0.2200,-0.0641,0,5.7819,-2.7596,5.6824,-2.6320,0.1618,153.4,31,5.7819,-2.7596,0.2200,6.4067,6.4067,3.1732,0.4400,0,0,1,
39.206,1.800,pred,block2_B_pred,1,1.8703,0.2021,0.4195,0.2180,-0.1300,0.2200,-0.0641,0,5.7819,-2.7596,5.6824,-2.6320,0.1618,153.4,31,5.7819,-2.7596,0.2200,6.4067,6.4067,3.1732,0.4400,0,0,1,
39.305,1.900,pred,block2_B_pred,1,1.8897,0.2105,0.3932,0.2280,-0.1110,0.2084,-0.0128,0,5.7819,-2.7596,5.6824,-2.6320,0.1618,153.4,31,5.7819,-2.7596,0.2200,6.4067,6.4067,3.1732,0.4168,0,0,1,
39.418,2.013,pred,block2_B_pred,1,1.9088,0.2183,0.3701,0.1930,-0.3900,0.2200,-0.0385,0,5.7819,-2.7596,5.6824,-2.6320,0.1618,153.4,31,5.7819,-2.7596,0.2200,6.4067,6.4067,3.1264,0.4400,0,0,1,
39.505,2.100,pred,block2_B_pred,1,1.9278,0.2255,0.3553,0.1860,-0.0550,0.2200,0.0385,0,5.7819,-2.7596,5.6824,-2.6320,0.1618,153.4,31,5.7819,-2.7596,0.2200,6.4067,6.4067,3.1264,0.4168,0,0,1,
39.606,2.200,pred,block2_B_pred,1,1.9468,0.2324,0.3387,0.2180,-0.1670,0.2084,-0.0128,0,5.7819,-2.7596,5.6824,-2.6320,0.1618,153.4,31,5.7819,-2.7596,0.2200,6.4067,6.4067,3.1264,0.4400,0,0,1,
39.705,2.300,pred,block2_B_pred,1,1.9668,0.2392,0.3170,0.1930,-0.3530,0.2200,0.0385,0,5.7819,-2.7596,5.6824,-2.6320,0.1618,153.4,31,5.7819,-2.7596,0.2200,6.4067,6.4067,3.1264,0.4400,0,0,1,
39.806,2.400,pred,block2_B_pred,1,1.9846,0.2450,0.3026,0.1480,-0.3530,0.2200,0.0641,0,5.7819,-2.7596,5.6824,-2.6320,0.1618,153.4,31,5.7819,-2.7596,0.2200,6.4067,6.4067,3.0220,0.4168,0,0,1,
39.906,2.500,pred,block2_B_pred,1,2.0024,0.2504,0.2885,0.2120,-0.1670,0.2084,0.1154,0,5.7819,-2.7596,5.6824,-2.6320,0.1618,153.4,31,5.7819,-2.7596,0.2200,6.4067,6.4067,3.0220,0.4400,0,0,1,
40.005,2.600,pred,block2_B_pred,1,2.0216,0.2561,0.2904,0.2050,0.1300,0.2200,0.0641,0,5.7819,-2.7596,5.6824,-2.6320,0.1618,153.4,31,5.7819,-2.7596,0.2200,6.4067,6.4067,3.0220,0.4400,0,0,1,
40.106,2.701,pred,block2_B_pred,1,2.0413,0.2620,0.2885,0.2020,-0.1110,0.2200,0.0641,0,5.7819,-2.7596,5.6824,-2.6320,0.1618,153.4,31,5.7819,-2.7596,0.2200,6.4067,6.4067,3.0220,0.4168,0,0,1,
40.205,2.800,pred,block2_B_pred,1,2.0632,0.2685,0.2966,0.2240,0.0920,0.2200,0.0641,0,5.7819,-2.7596,5.6824,-2.6320,0.1618,153.4,31,5.7819,-2.7596,0.2200,6.4067,6.4067,2.9721,0.4400,0,0,1,
40.306,2.900,pred,block2_B_pred,1,2.0856,0.2754,0.2977,0.2590,0.0370,0.2200,0.0897,0,5.7819,-2.7596,5.6824,-2.6320,0.1618,153.4,31,5.7819,-2.7596,0.2200,6.4067,6.4067,2.9721,0.4400,0,0,1,
40.405,3.000,pred,block2_B_pred,1,2.1087,0.2826,0.3059,0.2470,0.1110,0.2084,0.0897,0,5.7819,-2.7596,5.6824,-2.6320,0.1618,153.4,31,5.7819,-2.7596,0.2200,6.4067,6.4067,2.9721,0.4400,0,0,1,
40.506,3.100,pred,block2_B_pred,1,2.1298,0.2893,0.3125,0.2090,0.1850,0.2200,0.0641,0,5.7819,-2.7596,5.6824,-2.6320,0.1618,153.4,31,5.7819,-2.7596,0.2200,6.4067,6.4067,2.8724,0.4400,0,0,1,
40.606,3.200,pred,block2_B_pred,1,2.1502,0.2960,0.3251,0.1800,0.0920,0.2200,-0.0128,0,5.7819,-2.7596,5.6824,-2.6320,0.1618,153.4,31,5.7819,-2.7596,0.2200,6.4067,6.4067,2.8724,0.4400,0,0,1,
40.707,3.301,pred,block2_B_pred,1,2.1681,0.3021,0.3377,0.1770,0.1850,0.2200,0.0385,0,5.7819,-2.7596,5.6824,-2.6320,0.1618,153.4,31,5.7819,-2.7596,0.2200,6.4067,6.4067,2.8724,0.4400,0,0,1,
40.805,3.400,pred,block2_B_pred,1,2.1879,0.3091,0.3518,0.1990,0.3900,0.2200,0.0128,0,5.7819,-2.7596,5.6824,-2.6320,0.1618,153.4,31,5.7819,-2.7596,0.2200,6.4067,6.4067,2.8724,0.4168,0,0,1,
40.906,3.500,pred,block2_B_pred,1,2.2060,0.3159,0.3599,0.1710,0.0000,0.2200,-0.0128,0,5.7819,-2.7596,5.6824,-2.6320,0.1618,153.4,31,5.7819,-2.7596,0.2200,6.4067,6.4067,2.8017,0.4400,0,0,1,
41.009,3.604,pred,block2_B_pred,1,2.2247,0.3231,0.3773,0.1930,0.1300,0.2200,0.0385,0,5.7819,-2.7596,5.6824,-2.6320,0.1618,153.4,31,5.7819,-2.7596,0.2200,6.4067,6.4067,2.8017,0.4400,0,0,1,
41.105,3.700,pred,block2_B_pred,1,2.2432,0.3305,0.3885,0.2210,0.0000,0.2200,0.0385,0,5.7819,-2.7596,5.6824,-2.6320,0.1618,153.4,31,5.7819,-2.7596,0.2200,6.4067,6.4067,2.8017,0.4400,0,0,1,
41.206,3.800,pred,block2_B_pred,1,2.2622,0.3385,0.4066,0.2210,0.0740,0.2084,0.1923,0,5.7819,-2.7596,5.6824,-2.6320,0.1618,153.4,31,5.7819,-2.7596,0.2200,6.4067,6.4067,2.8017,0.4168,0,0,1,
41.305,3.900,pred,block2_B_pred,1,2.2806,0.3466,0.4196,0.2310,-0.0180,0.2200,0.2436,0,5.7819,-2.7596,5.6824,-2.6320,0.1618,153.4,31,5.7819,-2.7596,0.2200,6.4067,6.4067,2.7045,0.4400,0,0,1,
41.409,4.003,pred,block2_B_pred,1,2.3000,0.3553,0.4248,0.2530,0.1110,0.2200,0.1154,0,5.7819,-2.7596,5.6824,-2.6320,0.1618,153.4,31,5.7819,-2.7596,0.2200,6.4067,6.4067,2.7045,0.4168,0,0,1,
41.506,4.100,pred,block2_B_pred,1,2.3204,0.3646,0.4337,0.2370,0.0180,0.2200,0.0897,0,5.7819,-2.7596,5.6824,-2.6320,0.1618,153.4,31,5.7819,-2.7596,0.2200,6.4067,6.4067,2.7045,0.4400,0,0,1,
41.606,4.200,pred,block2_B_pred,1,2.3389,0.3732,0.4429,0.1830,0.1110,0.2084,0.0897,0,5.7819,-2.7596,5.6824,-2.6320,0.1618,153.4,31,5.7819,-2.7596,0.2200,6.4067,6.4067,2.6278,0.4400,0,0,1,
41.706,4.300,pred,block2_B_pred,1,2.3580,0.3825,0.4611,0.2020,0.2600,0.2084,-0.0128,0,5.7819,-2.7596,5.6824,-2.6320,0.1618,153.4,31,5.7819,-2.7596,0.2200,6.4067,6.4067,2.6278,0.4400,0,0,1,
41.806,4.400,pred,block2_B_pred,1,2.3764,0.3918,0.4775,0.1960,0.2600,0.2200,-0.0897,0,5.7819,-2.7596,5.6824,-2.6320,0.1618,153.4,31,5.7819,-2.7596,0.2200,6.4067,6.4067,2.6278,0.4400,0,0,1,
41.905,4.500,pred,block2_B_pred,1,2.3950,0.4014,0.4764,0.1960,-0.1110,0.2084,-0.0641,0,5.7819,-2.7596,5.6824,-2.6320,0.1618,153.4,31,5.7819,-2.7596,0.2200,6.4067,6.4067,2.6278,0.4168,0,0,1,
42.006,4.600,pred,block2_B_pred,1,2.4132,0.4109,0.4845,0.2120,-0.0920,0.2200,-0.1154,0,5.7819,-2.7596,5.6824,-2.6320,0.1618,153.4,31,5.7819,-2.7596,0.2200,6.4067,6.4067,2.5788,0.4400,0,0,1,
42.107,4.701,pred,block2_B_pred,1,2.4321,0.4210,0.4997,0.2090,0.2220,0.2200,-0.2436,0,5.7819,-2.7596,5.6824,-2.6320,0.1618,153.4,31,5.7819,-2.7596,0.2200,6.4067,6.4067,2.5788,0.4168,0,0,1,
42.205,4.800,pred,block2_B_pred,1,2.4521,0.4320,0.5016,0.2180,-0.0920,0.2084,-0.1667,0,5.7819,-2.7596,5.6824,-2.6320,0.1618,153.4,31,5.7819,-2.7596,0.2200,6.4067,6.4067,2.5788,0.4400,0,0,1,
42.305,4.900,pred,block2_B_pred,1,2.4723,0.4429,0.4924,0.2280,0.0000,0.2200,-0.1667,0,5.7819,-2.7596,5.6824,-2.6320,0.1618,153.4,31,5.7819,-2.7596,0.2200,6.4067,6.4067,2.4585,0.4400,0,0,1,
42.406,5.000,pred,block2_B_pred,1,2.4917,0.4533,0.4783,0.2150,-0.2970,0.2084,-0.0897,0,5.7819,-2.7596,5.6824,-2.6320,0.1618,153.4,31,5.7819,-2.7596,0.2200,6.4067,6.4067,2.4585,0.4168,0,0,1,
42.505,5.100,pred,block2_B_pred,1,2.5110,0.4631,0.4635,0.1930,-0.0550,0.2200,-0.1154,0,5.7819,-2.7596,5.6824,-2.6320,0.1618,153.4,31,5.7819,-2.7596,0.2200,6.4067,6.4067,2.4585,0.4400,0,0,1,
42.607,5.202,pred,block2_B_pred,1,2.5308,0.4728,0.4480,0.2210,-0.0370,0.2200,-0.1154,0,5.7819,-2.7596,5.6824,-2.6320,0.1618,153.4,31,5.7819,-2.7596,0.2200,6.4067,6.4067,2.4585,0.4168,0,0,1,
42.706,5.300,pred,block2_B_pred,1,2.5498,0.4818,0.4402,0.2150,-0.0740,0.2084,-0.0897,0,5.7819,-2.7596,5.6824,-2.6320,0.1618,153.4,31,5.7819,-2.7596,0.2200,6.4067,6.4067,2.4110,0.4400,0,0,1,
42.806,5.400,pred,block2_B_pred,1,2.5670,0.4898,0.4231,0.1670,-0.3530,0.2200,-0.0385,0,5.7819,-2.7596,5.6824,-2.6320,0.1618,153.4,31,5.7819,-2.7596,0.2200,6.4067,6.4067,2.4110,0.4400,0,0,1,
42.905,5.500,pred,block2_B_pred,1,2.5845,0.4976,0.4124,0.1290,-0.2040,0.2200,-0.0385,0,5.7819,-2.7596,5.6824,-2.6320,0.1618,153.4,31,5.7819,-2.7596,0.2200,6.4067,6.4067,2.4110,0.4168,0,0,1,
43.006,5.601,pred,block2_B_pred,1,2.6024,0.5053,0.3931,0.2050,-0.0920,0.2200,-0.0641,0,5.7819,-2.7596,5.6824,-2.6320,0.1618,153.4,31,5.7819,-2.7596,0.2200,6.4067,6.4067,2.4110,0.4400,0,0,1,
43.105,5.700,pred,block2_B_pred,1,2.6208,0.5127,0.3750,0.2210,-0.0370,0.2200,-0.0128,0,5.7819,-2.7596,5.6824,-2.6320,0.1618,153.4,31,5.7819,-2.7596,0.2200,6.4067,6.4067,2.3465,0.4400,0,0,1,
43.206,5.800,pred,block2_B_pred,1,2.6392,0.5198,0.3512,0.1960,-0.3340,0.2200,0.0897,0,5.7819,-2.7596,5.6824,-2.6320,0.1618,153.4,31,5.7819,-2.7596,0.2200,6.4067,6.4067,2.3465,0.4400,0,0,1,
43.308,5.903,pred,block2_B_pred,1,2.6572,0.5263,0.3405,0.2050,-0.0180,0.2084,0.0641,0,5.7819,-2.7596,5.6824,-2.6320,0.1618,153.4,31,5.7819,-2.7596,0.2200,6.4067,6.4067,2.3465,0.4168,0,0,1,
43.405,6.000,pred,block2_B_pred,1,2.6749,0.5325,0.3283,0.2180,-0.1300,0.2200,0.0897,0,5.7819,-2.7596,5.6824,-2.6320,0.1618,153.4,31,5.7819,-2.7596,0.2200,6.4067,6.4067,2.2548,0.4400,0,0,1,
43.505,6.100,pred,block2_B_pred,1,2.6934,0.5387,0.3243,0.1930,0.1300,0.2084,-0.0128,0,5.7819,-2.7596,5.6824,-2.6320,0.1618,153.4,31,5.7819,-2.7596,0.2200,6.4067,6.4067,2.2548,0.4400,0,0,1,
43.606,6.200,pred,block2_B_pred,1,2.7151,0.5459,0.3165,0.2210,-0.1480,0.2200,0.0641,0,5.7819,-2.7596,5.6824,-2.6320,0.1618,153.4,31,5.7819,-2.7596,0.2200,6.4067,6.4067,2.2548,0.4400,0,0,1,
43.706,6.300,pred,block2_B_pred,1,2.7360,0.5527,0.3112,0.2050,0.0550,0.2200,0.0641,0,5.7819,-2.7596,5.6824,-2.6320,0.1618,153.4,31,5.7819,-2.7596,0.2200,6.4067,6.4067,2.2548,0.4400,0,0,1,
43.806,6.400,pred,block2_B_pred,1,2.7570,0.5595,0.3198,0.2240,0.0550,0.2200,0.0385,0,5.7819,-2.7596,5.6824,-2.6320,0.1618,153.4,31,5.7819,-2.7596,0.2200,6.4067,6.4067,2.1894,0.4400,0,0,1,
43.906,6.500,pred,block2_B_pred,1,2.7778,0.5665,0.3313,0.2020,0.0740,0.2200,0.1410,0,5.7819,-2.7596,5.6824,-2.6320,0.1618,153.4,31,5.7819,-2.7596,0.2200,6.4067,6.4067,2.1894,0.4400,0,0,1,
44.005,6.600,pred,block2_B_pred,1,2.7981,0.5736,0.3398,0.2310,0.0920,0.2200,0.1154,0,5.7819,-2.7596,5.6824,-2.6320,0.1618,153.4,31,5.7819,-2.7596,0.2200,6.4067,6.4067,2.1894,0.4400,0,0,1,
44.105,6.700,pred,block2_B_pred,1,2.8181,0.5808,0.3572,0.2150,0.1480,0.2200,0.0641,0,5.7819,-2.7596,5.6824,-2.6320,0.1618,153.4,31,5.7819,-2.7596,0.2200,6.4067,6.4067,2.0942,0.4400,0,0,1,
44.206,6.800,pred,block2_B_pred,1,2.8376,0.5882,0.3627,0.1930,0.1300,0.2200,0.0385,0,5.7819,-2.7596,5.6824,-2.6320,0.1618,153.4,31,5.7819,-2.7596,0.2200,6.4067,6.4067,2.0942,0.4168,0,0,1,
44.306,6.900,pred,block2_B_pred,1,2.8569,0.5954,0.3642,0.1740,0.1670,0.2200,0.0128,0,5.7819,-2.7596,5.6824,-2.6320,0.1618,153.4,31,5.7819,-2.7596,0.2200,6.4067,6.4067,2.0942,0.4400,0,0,1,
44.406,7.000,pred,block2_B_pred,1,2.8760,0.6028,0.3787,0.1800,0.3530,0.2200,0.0000,0,5.7819,-2.7596,5.6824,-2.6320,0.1618,153.4,31,5.7819,-2.7596,0.2200,6.4067,6.4067,2.0942,0.4400,0,0,1,
44.506,7.100,pred,block2_B_pred,1,2.8957,0.6108,0.3961,0.2150,0.2970,0.2084,-0.0385,0,5.7819,-2.7596,5.6824,-2.6320,0.1618,153.4,31,5.7819,-2.7596,0.2200,6.4067,6.4067,2.0474,0.4400,0,0,1,
44.606,7.200,pred,block2_B_pred,1,2.9148,0.6188,0.4054,0.1830,0.2970,0.2200,-0.0385,0,5.7819,-2.7596,5.6824,-2.6320,0.1618,153.4,31,5.7819,-2.7596,0.2200,6.4067,6.4067,2.0474,0.4400,0,0,1,
44.706,7.301,pred,block2_B_pred,1,2.9325,0.6265,0.4191,0.1740,0.0180,0.2084,-0.0641,0,5.7819,-2.7596,5.6824,-2.6320,0.1618,153.4,31,5.7819,-2.7596,0.2200,6.4067,6.4067,2.0474,0.4168,0,0,1,
44.805,7.400,pred,block2_B_pred,1,2.9515,0.6350,0.4239,0.2090,0.1110,0.2200,0.0959,0,5.7819,-2.7596,5.6824,-2.6320,0.1618,153.4,31,5.7819,-2.7596,0.2200,6.4067,6.4067,2.0474,0.4400,0,0,1,
44.905,7.500,pred,block2_B_pred,1,2.9704,0.6435,0.4153,0.1960,-0.0740,0.2200,0.1410,0,5.7819,-2.7596,5.6824,-2.6320,0.1618,153.4,31,5.7819,-2.7596,0.2200,6.4067,6.4067,1.9347,0.4400,0,0,1,
45.006,7.601,pred,block2_B_pred,1,2.9902,0.6523,0.4195,0.2430,0.0550,0.2200,0.1154,0,5.7819,-2.7596,5.6824,-2.6320,0.1618,153.4,31,5.7819,-2.7596,0.2200,6.4067,6.4067,1.9347,0.4400,0,0,1,
45.106,7.700,pred,block2_B_pred,1,3.0111,0.6616,0.4298,0.2240,0.2410,0.2200,0.0897,0,5.7819,-2.7596,5.6824,-2.6320,0.1618,153.4,31,5.7819,-2.7596,0.2200,6.4067,6.4067,1.9347,0.4400,0,0,1,
45.205,7.800,pred,block2_B_pred,1,3.0305,0.6705,0.4298,0.2020,-0.1480,0.2200,0.1154,0,5.7819,-2.7596,5.6824,-2.6320,0.1618,153.4,31,5.7819,-2.7596,0.2200,6.4067,6.4067,1.8516,0.4400,0,0,1,
45.306,7.900,pred,block2_B_pred,1,3.0499,0.6795,0.4357,0.2400,0.0000,0.2200,-0.0128,0,5.7819,-2.7596,5.6824,-2.6320,0.1618,153.4,31,5.7819,-2.7596,0.2200,6.4067,6.4067,1.8516,0.4168,0,0,1,
45.406,8.000,pred,block2_B_pred,1,3.0685,0.6882,0.4472,0.2020,0.1850,0.2200,-0.0385,0,5.7819,-2.7596,5.6824,-2.6320,0.1618,153.4,31,5.7819,-2.7596,0.2200,6.4067,6.4067,1.8516,0.4400,0,0,1,
45.506,8.100,pred,block2_B_pred,1,3.0873,0.6974,0.4624,0.1930,0.2410,0.2200,0.0128,0,5.7819,-2.7596,5.6824,-2.6320,0.1618,153.4,31,5.7819,-2.7596,0.2200,6.4067,6.4067,1.8516,0.4400,0,0,1,
45.606,8.200,pred,block2_B_pred,1,3.1060,0.7068,0.4776,0.2090,0.2600,0.2200,-0.0128,0,5.7819,-2.7596,5.6824,-2.6320,0.1618,153.4,31,5.7819,-2.7596,0.2200,6.4067,6.4067,1.7575,0.4400,0,0,1,
45.706,8.300,pred,block2_B_pred,1,3.1242,0.7163,0.4812,0.2150,-0.0740,0.2200,-0.1154,0,5.7819,-2.7596,5.6824,-2.6320,0.1618,153.4,31,5.7819,-2.7596,0.2200,6.4067,6.4067,1.7575,0.4400,0,0,1,
45.806,8.400,pred,block2_B_pred,1,3.1420,0.7257,0.4864,0.2050,0.0920,0.2200,-0.0641,0,5.7819,-2.7596,5.6824,-2.6320,0.1618,153.4,31,5.7819,-2.7596,0.2200,6.4067,6.4067,1.7575,0.4400,0,0,1,
45.906,8.500,pred,block2_B_pred,1,3.1617,0.7361,0.4916,0.2310,-0.0180,0.2084,-0.0641,0,5.7819,-2.7596,5.6824,-2.6320,0.1618,153.4,31,5.7819,-2.7596,0.2200,6.4067,6.4067,1.6918,0.4400,0,0,1,
46.006,8.600,pred,block2_B_pred,1,3.1817,0.7469,0.4957,0.2310,-0.0550,0.2200,-0.0897,0,5.7819,-2.7596,5.6824,-2.6320,0.1618,153.4,31,5.7819,-2.7596,0.2200,6.4067,6.4067,1.6918,0.4400,0,0,1,
46.105,8.700,pred,block2_B_pred,1,3.2026,0.7582,0.4935,0.2500,0.1300,0.2084,-0.0897,0,5.7819,-2.7596,5.6824,-2.6320,0.1618,153.4,31,5.7819,-2.7596,0.2200,6.4067,6.4067,1.6918,0.4400,0,0,1,
46.206,8.800,pred,block2_B_pred,1,3.2231,0.7692,0.4979,0.2310,0.0550,0.2200,-0.0385,0,5.7819,-2.7596,5.6824,-2.6320,0.1618,153.4,31,5.7819,-2.7596,0.2200,6.4067,6.4067,1.6918,0.4400,0,0,1,
46.306,8.900,pred,block2_B_pred,1,3.2423,0.7796,0.4923,0.2180,-0.1300,0.2200,-0.0641,0,5.7819,-2.7596,5.6824,-2.6320,0.1618,153.4,31,5.7819,-2.7596,0.2200,6.4067,6.4067,1.5968,0.4400,0,0,1,
46.405,9.000,pred,block2_B_pred,1,3.2619,0.7901,0.4827,0.2020,-0.0370,0.2200,-0.1154,0,5.7819,-2.7596,5.6824,-2.6320,0.1618,153.4,31,5.7819,-2.7596,0.2200,6.4067,6.4067,1.5968,0.4400,0,0,1,
46.505,9.100,pred,block2_B_pred,1,3.2803,0.7996,0.4779,0.2150,0.0000,0.2200,-0.0897,0,5.7819,-2.7596,5.6824,-2.6320,0.1618,153.4,31,5.7819,-2.7596,0.2200,6.4067,6.4067,1.5968,0.4400,0,0,1,
46.606,9.200,pred,block2_B_pred,1,3.2998,0.8097,0.4709,0.2240,-0.1300,0.2084,-0.0897,0,5.7819,-2.7596,5.6824,-2.6320,0.1618,153.4,31,5.7819,-2.7596,0.2200,6.4067,6.4067,1.5968,0.4400,0,0,1,
46.705,9.300,pred,block2_B_pred,1,3.3193,0.8195,0.4605,0.1930,-0.0550,0.2200,-0.1154,0,5.7819,-2.7596,5.6824,-2.6320,0.1618,153.4,31,5.7819,-2.7596,0.2200,6.4067,6.4067,1.5381,0.4400,0,0,1,
46.808,9.403,pred,block2_B_pred,1,3.3367,0.8281,0.4479,0.1860,-0.1300,0.2200,-0.0385,0,5.7819,-2.7596,5.6824,-2.6320,0.1618,153.4,31,5.7819,-2.7596,0.2200,6.4067,6.4067,1.5381,0.4400,0,0,1,
46.906,9.500,pred,block2_B_pred,1,3.3559,0.8372,0.4349,0.2310,-0.1670,0.2084,-0.0128,0,5.7819,-2.7596,5.6824,-2.6320,0.1618,153.4,31,5.7819,-2.7596,0.2200,6.4067,6.4067,1.5381,0.4400,0,0,1,
47.006,9.600,pred,block2_B_pred,1,3.3741,0.8455,0.4163,0.2050,-0.1670,0.2200,-0.0385,0,5.7819,-2.7596,5.6824,-2.6320,0.1618,153.4,31,5.7819,-2.7596,0.2200,6.4067,6.4067,1.4674,0.4400,0,0,1,
47.105,9.700,pred,block2_B_pred,1,3.3933,0.8538,0.4011,0.2240,-0.0550,0.2200,0.0385,0,5.7819,-2.7596,5.6824,-2.6320,0.1618,153.4,31,5.7819,-2.7596,0.2200,6.4067,6.4067,1.4674,0.4400,0,0,1,
47.206,9.800,pred,block2_B_pred,1,3.4115,0.8615,0.3915,0.1770,0.0370,0.2200,0.0897,0,5.7819,-2.7596,5.6824,-2.6320,0.1618,153.4,31,5.7819,-2.7596,0.2200,6.4067,6.4067,1.4674,0.4400,0,0,1,
47.305,9.900,pred,block2_B_pred,1,3.4290,0.8686,0.3808,0.2120,-0.0550,0.2200,0.0897,0,5.7819,-2.7596,5.6824,-2.6320,0.1618,153.4,31,5.7819,-2.7596,0.2200,6.4067,6.4067,1.4674,0.4400,0,0,1,
47.406,10.000,pred,block2_B_pred,1,3.4460,0.8753,0.3744,0.1640,-0.1480,0.2200,0.0897,0,5.7819,-2.7596,5.6824,-2.6320,0.1618,153.4,31,5.7819,-2.7596,0.2200,6.4067,6.4067,1.3728,0.4400,0,0,1,
47.506,10.100,pred,block2_B_pred,1,3.4639,0.8823,0.3660,0.2090,-0.2600,0.2084,0.0641,0,5.7819,-2.7596,5.6824,-2.6320,0.1618,153.4,31,5.7819,-2.7596,0.2200,6.4067,6.4067,1.3728,0.4400,0,0,1,
47.606,10.200,pred,block2_B_pred,1,3.4836,0.8899,0.3649,0.1960,-0.0740,0.2200,0.0128,0,5.7819,-2.7596,5.6824,-2.6320,0.1618,153.4,31,5.7819,-2.7596,0.2200,6.4067,6.4067,1.3728,0.4400,0,0,1,
47.709,10.303,pred,block2_B_pred,1,3.5044,0.8978,0.3538,0.2400,-0.0370,0.2084,0.0385,0,5.7819,-2.7596,5.6824,-2.6320,0.1618,153.4,31,5.7819,-2.7596,0.2200,6.4067,6.4067,1.3728,0.4400,0,0,1,
47.806,10.400,pred,block2_B_pred,1,3.5257,0.9056,0.3583,0.2150,0.2600,0.2200,0.0000,0,5.7819,-2.7596,5.6824,-2.6320,0.1618,153.4,31,5.7819,-2.7596,0.2200,6.4067,6.4067,1.3248,0.4400,0,0,1,
47.905,10.500,pred,block2_B_pred,1,3.5460,0.9133,0.3652,0.2120,0.0180,0.2084,0.0000,0,5.7819,-2.7596,5.6824,-2.6320,0.1618,153.4,31,5.7819,-2.7596,0.2200,6.4067,6.4067,1.3248,0.4400,0,0,1,
48.005,10.600,pred,block2_B_pred,1,3.5660,0.9209,0.3678,0.2280,0.0370,0.2200,0.0128,0,5.7819,-2.7596,5.6824,-2.6320,0.1618,153.4,31,5.7819,-2.7596,0.2200,6.4067,6.4067,1.3248,0.4400,0,0,1,
48.106,10.700,pred,block2_B_pred,1,3.5858,0.9287,0.3816,0.2090,0.1110,0.2200,0.0641,0,5.7819,-2.7596,5.6824,-2.6320,0.1618,153.4,31,5.7819,-2.7596,0.2200,6.4067,6.4067,1.2130,0.4400,0,0,1,
48.209,10.803,pred,block2_B_pred,1,3.6055,0.9367,0.3927,0.1990,0.2040,0.2200,0.0385,0,5.7819,-2.7596,5.6824,-2.6320,0.1618,153.4,31,5.7819,-2.7596,0.2200,6.4067,6.4067,1.2130,0.4400,0,0,1,
48.306,10.900,pred,block2_B_pred,1,3.6240,0.9445,0.4023,0.1900,0.0740,0.2200,-0.0128,0,5.7819,-2.7596,5.6824,-2.6320,0.1618,153.4,31,5.7819,-2.7596,0.2200,6.4067,6.4067,1.2130,0.4400,0,0,1,
48.405,11.000,pred,block2_B_pred,1,3.6421,0.9522,0.4042,0.2180,-0.0180,0.2200,0.1472,0,5.7819,-2.7596,5.6824,-2.6320,0.1618,153.4,31,5.7819,-2.7596,0.2200,6.4067,6.4067,1.2130,0.4394,0,0,1,
48.506,11.100,pred,block2_B_pred,1,3.6597,0.9598,0.4050,0.1830,-0.1480,0.2200,0.2179,0,5.7819,-2.7596,5.6824,-2.6320,0.1618,153.4,31,5.7819,-2.7596,0.2200,6.4067,6.4067,1.1678,0.4380,0,0,1,
48.606,11.200,pred,block2_B_pred,1,3.6792,0.9681,0.4043,0.2120,0.0920,0.2200,0.2436,0,5.7819,-2.7596,5.6824,-2.6320,0.1618,153.4,31,5.7819,-2.7596,0.2200,6.4067,6.4067,1.1678,0.4168,0,0,1,
48.705,11.300,pred,block2_B_pred,1,3.7003,0.9772,0.4139,0.2150,0.2600,0.2200,0.1667,0,5.7819,-2.7596,5.6824,-2.6320,0.1618,153.4,31,5.7819,-2.7596,0.2200,6.4067,6.4067,1.1678,0.4400,0,0,1,
48.805,11.400,pred,block2_B_pred,1,3.7212,0.9865,0.4283,0.2210,0.2970,0.2084,0.1923,0,5.7819,-2.7596,5.6824,-2.6320,0.1618,153.4,31,5.7819,-2.7596,0.2200,6.4067,6.4067,1.0482,0.4400,0,0,1,
48.905,11.500,pred,block2_B_pred,1,3.7414,0.9958,0.4465,0.2370,0.1300,0.2200,0.1154,0,5.7819,-2.7596,5.6824,-2.6320,0.1618,153.4,31,5.7819,-2.7596,0.2200,6.4067,6.4067,1.0482,0.4400,0,0,1,
49.006,11.600,pred,block2_B_pred,1,3.7613,1.0055,0.4613,0.2430,0.2040,0.2200,0.0897,0,5.7819,-2.7596,5.6824,-2.6320,0.1618,153.4,31,5.7819,-2.7596,0.2200,6.4067,6.4067,1.0482,0.4400,0,0,1,
49.106,11.700,pred,block2_B_pred,1,3.7804,1.0152,0.4814,0.2240,0.3150,0.2200,0.0385,0,5.7819,-2.7596,5.6824,-2.6320,0.1618,153.4,31,5.7819,-2.7596,0.2200,6.4067,6.4067,1.0482,0.4168,0,0,1,
49.206,11.800,pred,block2_B_pred,1,3.7990,1.0251,0.5047,0.2150,0.2220,0.2200,0.0897,0,5.7819,-2.7596,5.6824,-2.6320,0.1618,153.4,31,5.7819,-2.7596,0.2200,6.4067,6.4067,1.0058,0.4400,0,0,1,
49.306,11.901,pred,block2_B_pred,1,3.8161,1.0346,0.5192,0.1710,0.2970,0.2200,0.0641,0,5.7819,-2.7596,5.6824,-2.6320,0.1618,153.4,31,5.7819,-2.7596,0.2200,6.4067,6.4067,1.0058,0.4400,0,0,1,
49.406,12.000,pred,block2_B_pred,1,3.8347,1.0455,0.5389,0.2120,0.0920,0.2200,0.0385,0,5.7819,-2.7596,5.6824,-2.6320,0.1618,153.4,31,5.7819,-2.7596,0.2200,6.4067,6.4067,1.0058,0.4168,0,0,1,
49.507,12.101,pred,block2_B_pred,1,3.8512,1.0555,0.5547,0.2120,0.0550,0.2200,-0.0128,0,5.7819,-2.7596,5.6824,-2.6320,0.1618,153.4,31,5.7819,-2.7596,0.2200,6.4067,6.4067,0.8911,0.4400,0,0,1,
49.606,12.200,pred,block2_B_pred,1,3.8676,1.0658,0.5696,0.1800,0.2040,0.2200,0.0385,0,5.7819,-2.7596,5.6824,-2.6320,0.1618,153.4,31,5.7819,-2.7596,0.2200,6.4067,6.4067,0.8911,0.4400,0,0,1,
49.705,12.300,pred,block2_B_pred,1,3.8840,1.0766,0.5870,0.2020,0.1480,0.2200,0.0385,0,5.7819,-2.7596,5.6824,-2.6320,0.1618,153.4,31,5.7819,-2.7596,0.2200,6.4067,6.4067,0.8911,0.4400,0,0,1,
49.807,12.401,pred,block2_B_pred,1,3.9012,1.0882,0.6055,0.2020,0.2600,0.2200,0.0000,0,5.7819,-2.7596,5.6824,-2.6320,0.1618,153.4,31,5.7819,-2.7596,0.2200,6.4067,6.4067,0.8911,0.4400,0,0,1,
49.906,12.500,pred,block2_B_pred,1,3.9178,1.0998,0.6192,0.2210,0.2970,0.2200,-0.0385,0,5.7819,-2.7596,5.6824,-2.6320,0.1618,153.4,31,5.7819,-2.7596,0.2200,6.4067,6.4067,0.8482,0.4400,0,0,1,
50.005,12.600,pred,block2_B_pred,1,3.9364,1.1131,0.6277,0.2400,0.0740,0.2200,-0.0641,0,5.7819,-2.7596,5.6824,-2.6320,0.1618,153.4,31,5.7819,-2.7596,0.2200,6.4067,6.4067,0.8482,0.4168,0,0,1,
50.105,12.700,pred,block2_B_pred,1,3.9542,1.1260,0.6311,0.2210,0.0000,0.2200,-0.0641,0,5.7819,-2.7596,5.6824,-2.6320,0.1618,153.4,31,5.7819,-2.7596,0.2200,6.4067,6.4067,0.8482,0.4400,0,0,1,
50.206,12.800,pred,block2_B_pred,1,3.9742,1.1407,0.6329,0.2210,0.0370,0.2084,-0.0641,0,5.7819,-2.7596,5.6824,-2.6320,0.1618,153.4,31,5.7819,-2.7596,0.2200,6.4067,6.4067,0.8482,0.4400,0,0,1,
50.306,12.900,pred,block2_B_pred,1,3.9922,1.1539,0.6322,0.2180,-0.0180,0.2200,-0.0641,0,5.7819,-2.7596,5.6824,-2.6320,0.1618,153.4,31,5.7819,-2.7596,0.2200,6.4067,6.4067,0.7804,0.4168,0,0,1,
50.405,13.000,pred,block2_B_pred,1,4.0110,1.1676,0.6237,0.2340,-0.1480,0.2200,-0.0385,0,5.7819,-2.7596,5.6824,-2.6320,0.1618,153.4,31,5.7819,-2.7596,0.2200,6.4067,6.4067,0.7804,0.4400,0,0,1,
50.506,13.100,pred,block2_B_pred,1,4.0287,1.1802,0.6174,0.2020,0.1110,0.2200,-0.0128,0,5.7819,-2.7596,5.6824,-2.6320,0.1618,153.4,31,5.7819,-2.7596,0.2200,6.4067,6.4067,0.7804,0.4400,0,0,1,
50.606,13.200,pred,block2_B_pred,1,4.0452,1.1919,0.6104,0.2020,-0.1480,0.2200,-0.0385,0,5.7819,-2.7596,5.6824,-2.6320,0.1618,153.4,31,5.7819,-2.7596,0.2200,6.4067,6.4067,0.6658,0.4400,0,0,1,
50.706,13.301,pred,block2_B_pred,1,4.0601,1.2023,0.6052,0.1900,-0.0370,0.2200,-0.0385,0,5.7819,-2.7596,5.6824,-2.6320,0.1618,153.4,31,5.7819,-2.7596,0.2200,6.4067,6.4067,0.6658,0.4168,0,0,1,
50.806,13.400,pred,block2_B_pred,1,4.0765,1.2136,0.6049,0.1960,0.0370,0.2084,-0.0385,0,5.7819,-2.7596,5.6824,-2.6320,0.1618,153.4,31,5.7819,-2.7596,0.2200,6.4067,6.4067,0.6658,0.4168,0,0,1,
50.905,13.500,pred,block2_B_pred,1,4.0920,1.2244,0.6011,0.1930,-0.1670,0.2200,0.0000,0,5.7819,-2.7596,5.6824,-2.6320,0.1618,153.4,31,5.7819,-2.7596,0.2200,6.4067,6.4067,0.6658,0.4400,0,0,1,
51.005,13.600,pred,block2_B_pred,1,4.1085,1.2355,0.5928,0.1860,0.0550,0.2200,0.0000,0,5.7819,-2.7596,5.6824,-2.6320,0.1618,153.4,31,5.7819,-2.7596,0.2200,6.4067,6.4067,0.6039,0.4400,0,0,1,
51.106,13.700,pred,block2_B_pred,1,4.1254,1.2469,0.5871,0.1900,-0.2220,0.2084,0.0000,0,5.7819,-2.7596,5.6824,-2.6320,0.1618,153.4,31,5.7819,-2.7596,0.2200,6.4067,6.4067,0.6039,0.4168,0,0,1,
51.206,13.800,pred,block2_B_pred,1,4.1408,1.2572,0.5819,0.1640,-0.0370,0.1968,0.0000,0,5.7819,-2.7596,5.6824,-2.6320,0.1618,153.4,31,5.7819,-2.7596,0.2200,6.4067,6.4067,0.6039,0.3937,0,0,1,
51.307,13.901,pred,block2_B_pred,1,4.1571,1.2678,0.5738,0.1990,-0.2410,0.2200,0.0000,0,5.7819,-2.7596,5.6824,-2.6320,0.1618,153.4,31,5.7819,-2.7596,0.2200,6.4067,6.4067,0.5549,0.4400,0,0,1,
51.406,14.000,pred,block2_B_pred,1,4.1747,1.2791,0.5697,0.1800,-0.1300,0.2084,0.0128,0,5.7819,-2.7596,5.6824,-2.6320,0.1618,153.4,31,5.7819,-2.7596,0.2200,6.4067,6.4067,0.5549,0.4168,0,0,1,
51.505,14.100,pred,block2_B_pred,1,4.1915,1.2899,0.5572,0.1830,-0.3340,0.1968,0.0385,0,5.7819,-2.7596,5.6824,-2.6320,0.1618,153.4,31,5.7819,-2.7596,0.2200,6.4067,6.4067,0.5549,0.3937,0,0,1,
51.606,14.200,pred,block2_B_pred,1,4.2078,1.3000,0.5571,0.1930,0.0920,0.1968,0.0000,0,5.7819,-2.7596,5.6824,-2.6320,0.1618,153.4,31,5.7819,-2.7596,0.2200,6.4067,6.4067,0.5549,0.4400,0,0,1,
51.705,14.300,pred,block2_B_pred,1,4.2236,1.3099,0.5575,0.1580,-0.0740,0.2200,0.0641,0,5.7819,-2.7596,5.6824,-2.6320,0.1618,153.4,31,5.7819,-2.7596,0.2200,6.4067,6.4067,0.4452,0.4168,0,0,1,
51.805,14.400,pred,block2_B_pred,1,4.2386,1.3192,0.5530,0.1770,0.1110,0.2084,0.0641,0,5.7819,-2.7596,5.6824,-2.6320,0.1618,153.4,31,5.7819,-2.7596,0.2200,6.4067,6.4067,0.4452,0.4168,0,0,1,
51.906,14.501,pred,block2_B_pred,1,4.2541,1.3287,0.5438,0.1670,-0.3530,0.1968,0.0897,0,5.7819,-2.7596,5.6824,-2.6320,0.1618,153.4,31,5.7819,-2.7596,0.2200,6.4067,6.4067,0.4452,0.3937,0,0,1,
52.005,14.600,pred,block2_B_pred,1,4.2709,1.3388,0.5301,0.2150,-0.0370,0.1389,0.2241,0,5.7819,-2.7596,5.6824,-2.6320,0.1618,153.4,31,5.7819,-2.7596,0.2200,6.4067,6.4067,0.4452,0.3025,0,0,1,
52.106,14.700,pred,block2_B_pred,1,4.2879,1.3487,0.5246,0.2180,-0.0920,0.1737,0.5000,0,5.7819,-2.7596,5.6824,-2.6320,0.1618,153.4,31,5.7819,-2.7596,0.2200,6.4067,6.4067,0.4022,0.3496,0,0,1,
52.205,14.800,pred,block2_B_pred,1,4.3040,1.3580,0.5209,0.1770,0.1110,0.1042,0.4744,0,5.7819,-2.7596,5.6824,-2.6320,0.1618,153.4,31,5.7819,-2.7596,0.2200,6.4067,6.4067,0.4022,0.2026,0,0,1,
52.305,14.900,pred,block2_B_pred,1,4.3197,1.3670,0.5217,0.1640,0.0370,0.1389,0.4231,0,5.7819,-2.7596,5.6824,-2.6320,0.1618,153.4,31,5.7819,-2.7596,0.2200,6.4067,6.4067,0.4022,0.1920,0,0,1,
52.405,15.000,pred,block2_B_pred,1,4.3367,1.3768,0.5221,0.1960,0.0740,0.1274,0.3974,0,5.7819,-2.7596,5.6824,-2.6320,0.1618,153.4,31,5.7819,-2.7596,0.2200,6.4067,6.4067,0.3101,0.1918,0,0,1,
52.506,15.101,pred,block2_B_pred,1,4.3484,1.3837,0.5506,0.1140,0.5570,0.1389,0.5000,0,5.7819,-2.7596,5.6824,-2.6320,0.1618,153.4,31,5.7819,-2.7596,0.2200,6.4067,6.4067,0.3101,0.1667,0,0,1,
52.606,15.200,pred,block2_B_pred,1,4.3591,1.3904,0.5895,0.1100,0.6130,0.1389,0.4744,0,5.7819,-2.7596,5.6824,-2.6320,0.1618,153.4,31,5.7819,-2.7596,0.2200,6.4067,6.4067,0.3101,0.2779,0,0,1,
52.705,15.300,pred,block2_B_pred,1,4.3654,1.3948,0.6352,0.0600,0.3530,0.1274,0.4231,0,5.7819,-2.7596,5.6824,-2.6320,0.1618,153.4,31,5.7819,-2.7596,0.2200,6.4067,6.4067,0.3101,0.2482,0,0,1,
52.806,15.400,pred,block2_B_pred,1,4.3725,1.4003,0.6879,0.0630,0.3710,0.1274,0.4231,0,5.7819,-2.7596,5.6824,-2.6320,0.1618,153.4,31,5.7819,-2.7596,0.2200,6.4067,6.4067,0.2805,0.2316,0,0,1,
52.906,15.500,pred,block2_B_pred,1,4.3793,1.4061,0.7403,0.0760,0.4450,0.1158,0.3462,0,5.7819,-2.7596,5.6824,-2.6320,0.1618,153.4,31,5.7819,-2.7596,0.2200,6.4067,6.4067,0.2805,0.2311,0,0,1,
53.006,15.600,pred,block2_B_pred,1,4.3864,1.4129,0.7978,0.0980,0.5750,0.1158,0.2436,0,5.7819,-2.7596,5.6824,-2.6320,0.1618,153.4,31,5.7819,-2.7596,0.2200,6.4067,6.4067,0.2805,0.2308,0,0,1,
53.105,15.700,pred,block2_B_pred,1,4.3928,1.4198,0.8535,0.0980,0.5750,0.1042,0.2949,0,5.7819,-2.7596,5.6824,-2.6320,0.1618,153.4,31,5.7819,-2.7596,0.2200,6.4067,6.4067,0.2661,0.2084,0,0,1,
53.206,15.800,pred,block2_B_pred,1,4.3989,1.4271,0.9092,0.0880,0.5200,0.0463,0.0836,0,5.7819,-2.7596,5.6824,-2.6320,0.1618,153.4,31,5.7819,-2.7596,0.2200,6.4067,6.4067,0.2661,0.0067,0,0,1,
53.306,15.900,pred,block2_B_pred,1,4.4051,1.4354,0.9700,0.1170,0.6870,0.0000,-0.2364,0,5.7819,-2.7596,5.6824,-2.6320,0.1618,153.4,31,5.7819,-2.7596,0.2200,6.4067,6.4067,0.2661,0.0053,0,0,1,
53.406,16.000,pred,block2_B_pred,1,4.4096,1.4422,1.0183,0.0690,0.4080,0.0000,-0.5000,0,5.7819,-2.7596,5.6824,-2.6320,0.1618,153.4,31,5.7819,-2.7596,0.2200,6.4067,6.4067,0.2661,0.0026,0,0,1,
53.506,16.100,pred,block2_B_pred,1,4.4128,1.4477,1.0558,0.0500,0.2970,0.0000,-0.5000,0,5.7819,-2.7596,5.6824,-2.6320,0.1618,153.4,31,5.7819,-2.7596,0.2200,6.4067,6.4067,0.2122,0.0000,0,0,1,
53.606,16.200,pred,block2_B_pred,1,4.4129,1.4479,1.0573,0.0000,0.0000,0.0000,-0.5000,0,5.7819,-2.7596,5.6824,-2.6320,0.1618,153.4,31,5.7819,-2.7596,0.2200,6.4067,6.4067,0.2122,0.0000,0,0,1,
53.705,16.300,pred,block2_B_pred,1,4.4117,1.4458,1.0428,-0.0530,-0.3150,0.0000,-0.5000,0,5.7819,-2.7596,5.6824,-2.6320,0.1618,153.4,31,5.7819,-2.7596,0.2200,6.4067,6.4067,0.2122,0.0000,0,0,1,
53.805,16.400,pred,block2_B_pred,1,4.4103,1.4433,0.9896,-0.0060,-0.9660,0.0000,-0.5000,0,5.7819,-2.7596,5.6824,-2.6320,0.1618,153.4,31,5.7819,-2.7596,0.2200,6.4067,6.4067,0.2122,0.0042,0,0,1,
53.906,16.500,pred,block2_B_pred,1,4.4075,1.4392,0.9453,-0.0120,-0.4830,0.0000,-0.4487,0,5.7819,-2.7596,5.6824,-2.6320,0.1618,153.4,31,5.7819,-2.7596,0.2200,6.4067,6.4067,0.2122,0.0012,0,0,1,
54.006,16.601,pred,block2_B_pred,1,4.4068,1.4383,0.8725,0.0310,-0.5940,0.0000,-0.2887,0,5.7819,-2.7596,5.6824,-2.6320,0.1618,153.4,31,5.7819,-2.7596,0.2200,6.4067,6.4067,0.2122,0.0024,0,0,1,
54.106,16.700,pred,block2_B_pred,1,4.4085,1.4402,0.8220,0.0690,-0.4830,0.0000,-0.3974,0,5.7819,-2.7596,5.6824,-2.6320,0.1618,153.4,31,5.7819,-2.7596,0.2200,6.4067,6.4067,0.2122,0.0000,0,0,1,
54.206,16.800,pred,block2_B_pred,1,4.4107,1.4424,0.7678,0.0530,-0.3150,0.0000,-0.2949,0,5.7819,-2.7596,5.6824,-2.6320,0.1618,153.4,31,5.7819,-2.7596,0.2200,6.4067,6.4067,0.2122,0.0009,0,0,1,
54.306,16.900,pred,block2_B_pred,1,4.4146,1.4461,0.7366,0.0280,-0.1670,0.0000,-0.3205,0,5.7819,-2.7596,5.6824,-2.6320,0.1618,153.4,31,5.7819,-2.7596,0.2200,6.4067,6.4067,0.2122,0.0026,0,0,1,
54.405,17.000,pred,block2_B_pred,1,4.4166,1.4479,0.6877,0.0340,-0.3150,0.0000,-0.2949,0,5.7819,-2.7596,5.6824,-2.6320,0.1618,153.4,31,5.7819,-2.7596,0.2200,6.4067,6.4067,0.2122,0.0020,0,0,1,
54.508,17.103,pred,block2_B_pred,1,4.4193,1.4500,0.6669,0.0090,-0.0550,0.0000,-0.2949,0,5.7819,-2.7596,5.6824,-2.6320,0.1618,153.4,31,5.7819,-2.7596,0.2200,6.4067,6.4067,0.2122,0.0024,0,0,1,
54.606,17.200,pred,block2_B_pred,1,4.4197,1.4504,0.6283,-0.0250,-0.1480,0.0000,-0.2692,0,5.7819,-2.7596,5.6824,-2.6320,0.1618,153.4,31,5.7819,-2.7596,0.2200,6.4067,6.4067,0.2122,0.0010,0,0,1,
54.706,17.300,pred,block2_B_pred,1,4.4203,1.4509,0.5982,-0.0220,-0.1300,0.0000,-0.2436,0,5.7819,-2.7596,5.6824,-2.6320,0.1618,153.4,31,5.7819,-2.7596,0.2200,6.4067,6.4067,0.2122,0.0000,0,0,1,
54.806,17.400,pred,block2_B_pred,1,4.4200,1.4507,0.5689,-0.0570,-0.3340,0.0000,-0.2436,0,5.7819,-2.7596,5.6824,-2.6320,0.1618,153.4,31,5.7819,-2.7596,0.2200,6.4067,6.4067,0.2122,0.0000,0,0,1,
54.905,17.500,pred,block2_B_pred,1,4.4202,1.4509,0.5415,-0.0720,-0.5380,0.0000,-0.2436,0,5.7819,-2.7596,5.6824,-2.6320,0.1618,153.4,31,5.7819,-2.7596,0.2200,6.4067,6.4067,0.2122,0.0018,0,0,1,
55.006,17.600,pred,block2_B_pred,1,4.4176,1.4493,0.5234,-0.0690,-0.4080,0.0000,-0.2179,0,5.7819,-2.7596,5.6824,-2.6320,0.1618,153.4,31,5.7819,-2.7596,0.2200,6.4067,6.4067,0.2122,0.0000,0,0,1,
55.106,17.700,pred,block2_B_pred,1,4.4194,1.4503,0.4989,0.0030,-0.0180,0.0000,-0.1923,0,5.7819,-2.7596,5.6824,-2.6320,0.1618,153.4,31,5.7819,-2.7596,0.2200,6.4067,6.4067,0.2122,0.0000,0,0,1,
55.205,17.800,pred,block2_B_pred,1,4.4164,1.4487,0.4789,-0.0030,-0.0180,0.0000,-0.1923,0,5.7819,-2.7596,5.6824,-2.6320,0.1618,153.4,31,5.7819,-2.7596,0.2200,6.4067,6.4067,0.2122,0.0000,0,0,1,
55.306,17.900,pred,block2_B_pred,1,4.4194,1.4502,0.4566,0.0090,-0.2040,0.0000,-0.1923,0,5.7819,-2.7596,5.6824,-2.6320,0.1618,153.4,31,5.7819,-2.7596,0.2200,6.4067,6.4067,0.2122,0.0011,0,0,1,
55.406,18.000,pred,block2_B_pred,1,4.4170,1.4491,0.4403,0.0000,0.0000,0.0000,-0.1410,0,5.7819,-2.7596,5.6824,-2.6320,0.1618,153.4,31,5.7819,-2.7596,0.2200,6.4067,6.4067,0.2122,0.0000,0,0,1,
55.506,18.101,pred,block2_B_pred,1,4.4170,1.4491,0.4403,0.0000,0.0000,0.0000,-0.1667,0,5.7819,-2.7596,5.6824,-2.6320,0.1618,153.4,31,5.7819,-2.7596,0.2200,6.4067,6.4067,0.2122,0.0000,0,0,1,
55.606,18.200,pred,block2_B_pred,1,4.4176,1.4493,0.4076,0.0060,-0.0370,0.0000,-0.1667,0,5.7819,-2.7596,5.6824,-2.6320,0.1618,153.4,31,5.7819,-2.7596,0.2200,6.4067,6.4067,0.2122,0.0000,0,0,1,
55.706,18.300,pred,block2_B_pred,1,4.4176,1.4493,0.4076,0.0000,0.0000,0.0000,-0.1410,0,5.7819,-2.7596,5.6824,-2.6320,0.1618,153.4,31,5.7819,-2.7596,0.2200,6.4067,6.4067,0.2122,0.0000,0,0,1,
55.809,18.403,pred,block2_B_pred,1,4.4176,1.4493,0.4076,0.0000,0.0000,0.0000,-0.1410,0,5.7819,-2.7596,5.6824,-2.6320,0.1618,153.4,31,5.7819,-2.7596,0.2200,6.4067,6.4067,0.2122,0.0000,0,0,1,
55.906,18.501,pred,block2_B_pred,1,4.4176,1.4493,0.4076,0.0000,0.0000,0.0000,-0.1410,0,5.7819,-2.7596,5.6824,-2.6320,0.1618,153.4,31,5.7819,-2.7596,0.2200,6.4067,6.4067,0.2122,0.0000,0,0,1,
56.006,18.601,pred,block2_B_pred,1,4.4176,1.4493,0.4076,0.0000,0.0000,0.0000,-0.1410,0,5.7819,-2.7596,5.6824,-2.6320,0.1618,153.4,31,5.7819,-2.7596,0.2200,6.4067,6.4067,0.2122,0.0000,0,0,1,
56.108,18.703,pred,block2_B_pred,1,4.4161,1.4487,0.3980,-0.0820,-0.4830,0.0000,-0.1410,0,5.7819,-2.7596,5.6824,-2.6320,0.1618,153.4,31,5.7819,-2.7596,0.2200,6.4067,6.4067,0.2122,0.0000,0,0,1,
56.206,18.800,pred,block2_B_pred,1,4.4143,1.4480,0.3868,0.0000,0.0000,0.0000,-0.1154,0,5.7819,-2.7596,5.6824,-2.6320,0.1618,153.4,31,5.7819,-2.7596,0.2200,6.4067,6.4067,0.2122,0.0000,0,0,1,
56.306,18.900,pred,block2_B_pred,1,4.4159,1.4486,0.3772,0.0760,-0.4450,0.0000,-0.1410,0,5.7819,-2.7596,5.6824,-2.6320,0.1618,153.4,31,5.7819,-2.7596,0.2200,6.4067,6.4067,0.2122,0.0000,0,0,1,
56.406,19.000,pred,block2_B_pred,1,4.4146,1.4481,0.3561,-0.0190,-0.1110,0.0000,-0.1410,0,5.7819,-2.7596,5.6824,-2.6320,0.1618,153.4,31,5.7819,-2.7596,0.2200,6.4067,6.4067,0.2122,0.0000,0,0,1,
56.506,19.100,pred,block2_B_pred,1,4.4145,1.4481,0.3553,0.0000,0.0000,0.0000,-0.1154,0,5.7819,-2.7596,5.6824,-2.6320,0.1618,153.4,31,5.7819,-2.7596,0.2200,6.4067,6.4067,0.2122,0.0000,0,0,1,
56.606,19.200,pred,block2_B_pred,1,4.4133,1.4476,0.3208,0.0600,-0.3530,0.0000,0.0000,0,5.7819,-2.7596,5.6824,-2.6320,0.1618,153.4,31,5.7819,-2.7596,0.2200,6.4067,6.4067,0.2122,0.0000,0,0,1,
56.706,19.300,pred,block2_B_pred,1,4.4140,1.4478,0.3164,0.0000,0.0000,0.0000,0.0000,0,5.7819,-2.7596,5.6824,-2.6320,0.1618,153.4,31,5.7819,-2.7596,0.2200,6.4067,6.4067,0.2122,0.0000,0,0,1,
56.808,19.402,pred,block2_B_pred,1,4.4110,1.4468,0.3178,-0.0410,0.0180,0.0000,0.0000,0,5.7819,-2.7596,5.6824,-2.6320,0.1618,153.4,31,5.7819,-2.7596,0.2200,6.4067,6.4067,0.2122,0.0000,0,0,1,
56.906,19.500,pred,block2_B_pred,1,4.4110,1.4468,0.3178,0.0000,0.0000,0.0000,0.0000,0,5.7819,-2.7596,5.6824,-2.6320,0.1618,153.4,31,5.7819,-2.7596,0.2200,6.4067,6.4067,0.2122,0.0000,0,0,1,
57.006,19.600,pred,block2_B_pred,1,4.4133,1.4476,0.3324,0.0530,0.3150,0.0000,0.0000,0,5.7819,-2.7596,5.6824,-2.6320,0.1618,153.4,31,5.7819,-2.7596,0.2200,6.4067,6.4067,0.2122,0.0000,0,0,1,
57.106,19.700,pred,block2_B_pred,1,4.4137,1.4477,0.3346,0.0000,0.0000,0.0000,0.0000,0,5.7819,-2.7596,5.6824,-2.6320,0.1618,153.4,31,5.7819,-2.7596,0.2200,6.4067,6.4067,0.2122,0.0000,0,0,1,
57.206,19.800,pred,block2_B_pred,1,4.4114,1.4469,0.3204,0.0000,0.0000,0.0000,0.0000,0,5.7819,-2.7596,5.6824,-2.6320,0.1618,153.4,31,5.7819,-2.7596,0.2200,6.4067,6.4067,0.2122,0.0000,0,0,1,
57.306,19.900,pred,block2_B_pred,1,4.4146,1.4480,0.3405,0.0030,0.0180,0.0000,0.0000,0,5.7819,-2.7596,5.6824,-2.6320,0.1618,153.4,31,5.7819,-2.7596,0.2200,6.4067,6.4067,0.2122,0.0000,0,0,1,
57.405,20.000,pred,block2_B_pred,1,4.4113,1.4469,0.3197,0.0000,0.0000,0.0000,0.0000,0,5.7819,-2.7596,5.6824,-2.6320,0.1618,153.4,31,5.7819,-2.7596,0.2200,6.4067,6.4067,0.2122,0.0000,0,0,1,
57.506,20.100,pred,block2_B_pred,1,4.4138,1.4477,0.3349,0.0120,0.0740,0.0000,0.0000,0,5.7819,-2.7596,5.6824,-2.6320,0.1618,153.4,31,5.7819,-2.7596,0.2200,6.4067,6.4067,0.2122,0.0000,0,0,1,
57.606,20.200,pred,block2_B_pred,1,4.4114,1.4469,0.3201,0.0000,0.0000,0.0000,0.0000,0,5.7819,-2.7596,5.6824,-2.6320,0.1618,153.4,31,5.7819,-2.7596,0.2200,6.4067,6.4067,0.2122,0.0000,0,0,1,
57.706,20.300,pred,block2_B_pred,1,4.4142,1.4478,0.3375,0.0280,0.1670,0.0000,0.0000,0,5.7819,-2.7596,5.6824,-2.6320,0.1618,153.4,31,5.7819,-2.7596,0.2200,6.4067,6.4067,0.2122,0.0000,0,0,1,
57.806,20.400,pred,block2_B_pred,1,4.4120,1.4471,0.3236,0.0000,0.0000,0.0000,0.0000,0,5.7819,-2.7596,5.6824,-2.6320,0.1618,153.4,31,5.7819,-2.7596,0.2200,6.4067,6.4067,0.2122,0.0000,0,0,1,
57.907,20.501,pred,block2_B_pred,1,4.4152,1.4482,0.3436,0.0470,0.2780,0.0000,0.0000,0,5.7819,-2.7596,5.6824,-2.6320,0.1618,153.4,31,5.7819,-2.7596,0.2200,6.4067,6.4067,0.2122,0.0000,0,0,1,
58.006,20.600,pred,block2_B_pred,1,4.4127,1.4473,0.3277,0.0000,0.0000,0.0000,0.0000,0,5.7819,-2.7596,5.6824,-2.6320,0.1618,153.4,31,5.7819,-2.7596,0.2200,6.4067,6.4067,0.2122,0.0000,0,0,1,
58.106,20.700,pred,block2_B_pred,1,4.4160,1.4484,0.3485,0.0220,0.1300,0.0000,0.0000,0,5.7819,-2.7596,5.6824,-2.6320,0.1618,153.4,31,5.7819,-2.7596,0.2200,6.4067,6.4067,0.2122,0.0000,0,0,1,
58.206,20.800,pred,block2_B_pred,1,4.4131,1.4474,0.3303,-0.0030,-0.0180,0.0000,0.0000,0,5.7819,-2.7596,5.6824,-2.6320,0.1618,153.4,31,5.7819,-2.7596,0.2200,6.4067,6.4067,0.2122,0.0000,0,0,1,
58.306,20.901,pred,block2_B_pred,1,4.4152,1.4481,0.3437,0.0190,0.1110,0.0000,0.0000,0,5.7819,-2.7596,5.6824,-2.6320,0.1618,153.4,31,5.7819,-2.7596,0.2200,6.4067,6.4067,0.2122,0.0000,0,0,1,
58.406,21.001,pred,block2_B_pred,1,4.4129,1.4473,0.3292,0.0000,0.0000,0.0000,0.0000,0,5.7819,-2.7596,5.6824,-2.6320,0.1618,153.4,31,5.7819,-2.7596,0.2200,6.4067,6.4067,0.2122,0.0000,0,0,1,
58.506,21.100,pred,block2_B_pred,1,4.4156,1.4483,0.3459,0.0340,0.2040,0.0000,0.0000,0,5.7819,-2.7596,5.6824,-2.6320,0.1618,153.4,31,5.7819,-2.7596,0.2200,6.4067,6.4067,0.2122,0.0000,0,0,1,
58.606,21.200,pred,block2_B_pred,1,4.4132,1.4474,0.3308,0.0000,0.0000,0.0000,0.0000,0,5.7819,-2.7596,5.6824,-2.6320,0.1618,153.4,31,5.7819,-2.7596,0.2200,6.4067,6.4067,0.2122,0.0000,0,0,1,
58.706,21.300,pred,block2_B_pred,1,4.4164,1.4485,0.3509,0.0310,0.1850,0.0000,0.0000,0,5.7819,-2.7596,5.6824,-2.6320,0.1618,153.4,31,5.7819,-2.7596,0.2200,6.4067,6.4067,0.2122,0.0000,0,0,1,
58.806,21.400,pred,block2_B_pred,1,4.4138,1.4476,0.3346,-0.0030,-0.0180,0.0000,0.0000,0,5.7819,-2.7596,5.6824,-2.6320,0.1618,153.4,31,5.7819,-2.7596,0.2200,6.4067,6.4067,0.2122,0.0000,0,0,1,
58.906,21.500,pred,block2_B_pred,1,4.4171,1.4487,0.3550,0.0250,0.1480,0.0000,0.0000,0,5.7819,-2.7596,5.6824,-2.6320,0.1618,153.4,31,5.7819,-2.7596,0.2200,6.4067,6.4067,0.2122,0.0000,0,0,1,
59.006,21.600,pred,block2_B_pred,1,4.4135,1.4475,0.3328,-0.0030,-0.0180,0.0000,0.0000,0,5.7819,-2.7596,5.6824,-2.6320,0.1618,153.4,31,5.7819,-2.7596,0.2200,6.4067,6.4067,0.2122,0.0000,0,0,1,
59.106,21.701,pred,block2_B_pred,1,4.4156,1.4482,0.3458,0.0220,0.1300,0.0000,0.0000,0,5.7819,-2.7596,5.6824,-2.6320,0.1618,153.4,31,5.7819,-2.7596,0.2200,6.4067,6.4067,0.2122,0.0000,0,0,1,
59.206,21.800,pred,block2_B_pred,1,4.4134,1.4474,0.3320,0.0000,0.0000,0.0000,0.0000,0,5.7819,-2.7596,5.6824,-2.6320,0.1618,153.4,31,5.7819,-2.7596,0.2200,6.4067,6.4067,0.2122,0.0000,0,0,1,
59.306,21.900,pred,block2_B_pred,1,4.4161,1.4483,0.3487,0.0380,0.2220,0.0000,0.0000,0,5.7819,-2.7596,5.6824,-2.6320,0.1618,153.4,31,5.7819,-2.7596,0.2200,6.4067,6.4067,0.2122,0.0000,0,0,1,
59.406,22.000,pred,block2_B_pred,1,4.4134,1.4474,0.3320,-0.0090,-0.0550,0.0000,0.0000,0,5.7819,-2.7596,5.6824,-2.6320,0.1618,153.4,31,5.7819,-2.7596,0.2200,6.4067,6.4067,0.2122,0.0000,0,0,1,
59.511,22.106,pred,block2_B_pred,1,4.4161,1.4483,0.3487,0.0820,0.4830,0.0000,0.0000,0,5.7819,-2.7596,5.6824,-2.6320,0.1618,153.4,31,5.7819,-2.7596,0.2200,6.4067,6.4067,6.1810,0.0000,0,0,1,
59.606,22.200,pred,block2_B_pred,1,4.4138,1.4475,0.3347,-0.0030,-0.0180,0.0116,-0.1600,0,5.7819,-2.7596,5.6824,-2.6320,0.1618,153.4,31,5.7819,-2.7596,0.2200,6.4067,6.4067,6.1810,0.0011,0,0,1,
59.706,22.300,pred,block2_B_pred,1,4.4162,1.4483,0.3491,0.0410,0.2410,0.0000,-0.4800,0,5.7819,-2.7596,5.6824,-2.6320,0.1618,153.4,31,5.7819,-2.7596,0.2200,6.4067,6.4067,6.1810,0.0000,0,0,1,
59.806,22.400,pred,block2_B_pred,1,4.4142,1.4476,0.3369,0.0000,0.0000,0.0116,-0.3400,0,5.7819,-2.7596,5.6824,-2.6320,0.1618,153.4,31,5.7819,-2.7596,0.2200,6.4067,6.4067,6.1810,0.0000,0,0,1,
59.906,22.500,pred,block2_B_pred,1,4.4142,1.4476,0.3369,0.0000,0.0000,0.0000,-0.5000,0,5.7819,-2.7596,5.6824,-2.6320,0.1618,153.4,31,5.7819,-2.7596,0.2200,6.4067,6.4067,6.1810,0.0000,0,0,1,
60.006,22.600,pred,block2_B_pred,1,4.4142,1.4476,0.3369,0.0000,0.0000,0.0000,-0.5000,0,5.7819,-2.7596,5.6824,-2.6320,0.1618,153.4,31,5.7819,-2.7596,0.2200,6.4067,6.4067,6.1810,0.0000,0,0,1,
60.106,22.700,pred,block2_B_pred,1,4.4152,1.4480,0.3310,0.0500,-0.2970,0.0000,-0.5000,0,5.7819,-2.7596,5.6824,-2.6320,0.1618,153.4,31,5.7819,-2.7596,0.2200,6.4067,6.4067,6.1810,0.0000,0,0,1,
60.206,22.800,pred,block2_B_pred,1,4.4152,1.4480,0.3012,-0.0150,-0.0920,0.0000,-0.5000,0,5.7819,-2.7596,5.6824,-2.6320,0.1618,153.4,31,5.7819,-2.7596,0.2200,6.4067,6.4067,6.1810,0.0014,0,0,1,
60.306,22.900,pred,block2_B_pred,1,4.4150,1.4480,0.2436,0.0000,-0.7430,0.0000,-0.5000,0,5.7819,-2.7596,5.6824,-2.6320,0.1618,153.4,31,5.7819,-2.7596,0.2200,6.4067,6.4067,6.1810,0.0000,0,0,1,
60.406,23.000,pred,block2_B_pred,1,4.4151,1.4481,0.1786,-0.0530,-0.7240,0.0000,-0.4487,0,5.7819,-2.7596,5.6824,-2.6320,0.1618,153.4,31,5.7819,-2.7596,0.2200,6.4067,6.4067,6.1810,0.0000,0,0,1,
60.506,23.100,pred,block2_B_pred,1,4.4132,1.4478,0.1110,-0.0250,-0.6680,0.0000,-0.3974,0,5.7819,-2.7596,5.6824,-2.6320,0.1618,153.4,31,5.7819,-2.7596,0.2200,6.4067,6.4067,6.1810,0.0000,0,0,1,
60.606,23.200,pred,block2_B_pred,1,4.4140,1.4478,0.0319,0.0310,-0.7060,0.0000,-0.3718,0,5.7819,-2.7596,5.6824,-2.6320,0.1618,153.4,31,5.7819,-2.7596,0.2200,6.4067,6.4067,6.1810,0.0000,0,0,1,
60.706,23.300,pred,block2_B_pred,1,4.4130,1.4478,-0.0394,0.0190,-0.7800,0.0000,-0.5000,0,5.7819,-2.7596,5.6824,-2.6320,0.1618,153.4,31,5.7819,-2.7596,0.2200,6.4067,6.4067,6.1810,0.0013,0,0,1,
60.806,23.400,pred,block2_B_pred,1,4.4131,1.4478,-0.1007,-0.0280,-0.6500,0.0000,-0.5000,0,5.7819,-2.7596,5.6824,-2.6320,0.1618,153.4,31,5.7819,-2.7596,0.2200,6.4067,6.4067,6.1810,0.0000,0,0,1,
60.906,23.500,pred,block2_B_pred,1,4.4085,1.4484,-0.1415,-0.0500,-0.4450,0.0000,-0.5000,0,5.7819,-2.7596,5.6824,-2.6320,0.1618,153.4,31,5.7819,-2.7596,0.2200,6.4067,6.4067,6.1810,0.0059,0,0,1,
61.006,23.600,pred,block2_B_pred,1,4.4079,1.4485,-0.1849,-0.0600,-0.4270,0.0000,-0.5000,0,5.7819,-2.7596,5.6824,-2.6320,0.1618,153.4,31,5.7819,-2.7596,0.2200,6.4067,6.4067,6.1810,0.0002,0,0,1,
61.106,23.700,pred,block2_B_pred,1,4.4072,1.4486,-0.2205,-0.0120,-0.0740,0.0000,-0.5000,0,5.7819,-2.7596,5.6824,-2.6320,0.1618,153.4,31,5.7819,-2.7596,0.2200,6.4067,6.4067,6.1810,0.0027,0,0,1,
61.206,23.800,pred,block2_B_pred,1,4.4059,1.4489,-0.2446,-0.0090,-0.0550,0.0000,-0.5000,0,5.7819,-2.7596,5.6824,-2.6320,0.1618,153.4,31,5.7819,-2.7596,0.2200,6.4067,6.4067,6.1810,0.0020,0,0,1,
61.309,23.903,pred,block2_B_pred,1,4.4071,1.4486,-0.2683,-0.0150,-0.3150,0.0000,-0.5000,0,5.7819,-2.7596,5.6824,-2.6320,0.1618,153.4,31,5.7819,-2.7596,0.2200,6.4067,6.4067,6.1810,0.0000,0,0,1,
61.406,24.000,pred,block2_B_pred,1,4.4061,1.4490,-0.3073,-0.0280,-0.2410,0.0000,-0.5000,0,5.7819,-2.7596,5.6824,-2.6320,0.1618,153.4,31,5.7819,-2.7596,0.2200,6.4067,6.4067,6.1810,0.0000,0,0,1,
61.506,24.100,pred,block2_B_pred,1,4.4079,1.4484,-0.3280,0.0250,-0.1480,0.0000,-0.5000,0,5.7819,-2.7596,5.6824,-2.6320,0.1618,153.4,31,5.7819,-2.7596,0.2200,6.4067,6.4067,6.1810,0.0044,0,0,1,
61.606,24.200,pred,block2_B_pred,1,4.4080,1.4483,-0.3673,0.0500,-0.2970,0.0000,-0.5000,0,5.7819,-2.7596,5.6824,-2.6320,0.1618,153.4,31,5.7819,-2.7596,0.2200,6.4067,6.4067,6.1810,0.0000,0,0,1,
61.706,24.300,pred,block2_B_pred,1,4.4079,1.4483,-0.4171,0.0530,-0.6500,0.0000,-0.5000,0,5.7819,-2.7596,5.6824,-2.6320,0.1618,153.4,31,5.7819,-2.7596,0.2200,6.4067,6.4067,6.1810,0.0005,0,0,1,
61.806,24.401,pred,block2_B_pred,1,4.4102,1.4473,-0.4821,0.0120,-0.2220,0.0000,-0.4744,0,5.7819,-2.7596,5.6824,-2.6320,0.1618,153.4,31,5.7819,-2.7596,0.2200,6.4067,6.4067,6.1810,0.0000,0,0,1,
61.906,24.500,pred,block2_B_pred,1,4.4089,1.4480,-0.5292,0.0310,-0.3340,0.0000,-0.4487,0,5.7819,-2.7596,5.6824,-2.6320,0.1618,153.4,31,5.7819,-2.7596,0.2200,6.4067,6.4067,6.1810,0.0009,0,0,1,
62.006,24.600,pred,block2_B_pred,1,4.4085,1.4482,-0.5786,0.0030,-0.2040,0.0000,-0.4231,0,5.7819,-2.7596,5.6824,-2.6320,0.1618,153.4,31,5.7819,-2.7596,0.2200,6.4067,6.4067,6.1810,0.0008,0,0,1,
62.106,24.700,pred,block2_B_pred,1,4.4097,1.4474,-0.6361,0.0720,-0.4270,0.0000,-0.4231,0,5.7819,-2.7596,5.6824,-2.6320,0.1618,153.4,31,5.7819,-2.7596,0.2200,6.4067,6.4067,6.1810,0.0000,0,0,1,
62.208,24.802,pred,block2_B_pred,1,4.4109,1.4464,-0.6737,0.0150,-0.0920,0.0000,-0.3462,0,5.7819,-2.7596,5.6824,-2.6320,0.1618,153.4,31,5.7819,-2.7596,0.2200,6.4067,6.4067,6.1810,0.0003,0,0,1,
62.306,24.900,pred,block2_B_pred,1,4.4105,1.4467,-0.7085,-0.0380,-0.2600,0.0000,-0.3462,0,5.7819,-2.7596,5.6824,-2.6320,0.1618,153.4,31,5.7819,-2.7596,0.2200,6.4067,6.4067,6.1810,0.0000,0,0,1,
62.405,25.000,pred,block2_B_pred,1,4.4133,1.4441,-0.7616,0.0850,-0.5010,0.0000,-0.4805,0,5.7819,-2.7596,5.6824,-2.6320,0.1618,153.4,31,5.7819,-2.7596,0.2200,6.4067,6.4067,6.1810,0.0000,0,0,1,
62.512,25.106,pred,block2_B_pred,1,4.4136,1.4438,-0.7995,0.0470,-0.2780,0.0000,-0.5000,0,5.7819,-2.7596,5.6824,-2.6320,0.1618,153.4,31,5.7819,-2.7596,0.2200,6.4067,6.4067,6.1810,0.0000,0,0,1,
62.606,25.200,pred,block2_B_pred,1,4.4148,1.4425,-0.8358,0.0530,-0.3530,0.0000,-0.5000,0,5.7819,-2.7596,5.6824,-2.6320,0.1618,153.4,31,5.7819,-2.7596,0.2200,6.4067,6.4067,6.1810,0.0008,0,0,1,
62.706,25.300,pred,block2_B_pred,1,4.4148,1.4425,-0.8703,0.0440,-0.2970,0.0000,-0.5000,0,5.7819,-2.7596,5.6824,-2.6320,0.1618,153.4,31,5.7819,-2.7596,0.2200,6.4067,6.4067,6.1810,0.0007,0,0,1,
62.805,25.400,pred,block2_B_pred,1,4.4160,1.4410,-0.9041,0.0190,-0.1850,0.0000,-0.5000,0,5.7819,-2.7596,5.6824,-2.6320,0.1618,153.4,31,5.7819,-2.7596,0.2200,6.4067,6.4067,6.1810,0.0026,0,0,1,
62.908,25.503,pred,block2_B_pred,1,4.4150,1.4422,-0.9431,0.0340,-0.5010,0.0000,-0.5000,0,5.7819,-2.7596,5.6824,-2.6320,0.1618,153.4,31,5.7819,-2.7596,0.2200,6.4067,6.4067,6.1810,0.0064,0,0,1,
63.006,25.600,pred,block2_B_pred,1,4.4140,1.4435,-0.9899,-0.0250,-0.6680,0.0000,-0.5000,0,5.7819,-2.7596,5.6824,-2.6320,0.1618,153.4,31,5.7819,-2.7596,0.2200,6.4067,6.4067,6.1810,0.0000,0,0,1,
63.111,25.705,pred,block2_B_pred,1,4.4140,1.4436,-1.0251,0.0030,-0.6500,0.0000,-0.5000,0,5.7819,-2.7596,5.6824,-2.6320,0.1618,153.4,31,5.7819,-2.7596,0.2200,6.4067,6.4067,6.1810,0.0000,0,0,1,
63.206,25.801,pred,block2_B_pred,1,4.4123,1.4466,-1.0760,-0.0380,-0.3340,0.0000,-0.5000,0,5.7819,-2.7596,5.6824,-2.6320,0.1618,153.4,31,5.7819,-2.7596,0.2200,6.4067,6.4067,6.1810,0.0020,0,0,1,
63.306,25.900,pred,block2_B_pred,1,4.4124,1.4464,-1.1294,0.0190,-0.8540,0.0000,-0.5000,0,5.7819,-2.7596,5.6824,-2.6320,0.1618,153.4,31,5.7819,-2.7596,0.2200,6.4067,6.4067,6.1810,0.0027,0,0,1,
63.406,26.000,pred,block2_B_pred,1,4.4124,1.4463,-1.1781,0.0250,-0.3710,0.0000,-0.5000,0,5.7819,-2.7596,5.6824,-2.6320,0.1618,153.4,31,5.7819,-2.7596,0.2200,6.4067,6.4067,6.1810,0.0000,0,0,1,
63.509,26.103,pred,block2_B_pred,1,4.4118,1.4480,-1.2223,-0.0760,-0.5200,0.0000,-0.5000,0,5.7819,-2.7596,5.6824,-2.6320,0.1618,153.4,31,5.7819,-2.7596,0.2200,6.4067,6.4067,6.1810,0.0002,0,0,1,
63.608,26.202,pred,block2_B_pred,1,4.4121,1.4470,-1.2717,0.0660,-0.6130,0.0579,-0.5000,0,5.7819,-2.7596,5.6824,-2.6320,0.1618,153.4,31,5.7819,-2.7596,0.2200,6.4067,6.4067,6.1810,0.2733,0,0,1,
63.706,26.300,pred,block2_B_pred,1,4.4120,1.4474,-1.3329,-0.0220,-0.6130,0.0463,-0.5000,0,5.7819,-2.7596,5.6824,-2.6320,0.1618,153.4,31,5.7819,-2.7596,0.2200,6.4067,6.4067,6.1810,0.2562,0,0,1,
63.806,26.400,pred,block2_B_pred,1,4.4117,1.4488,-1.3722,-0.0030,-0.1670,0.1274,-0.5000,0,5.7819,-2.7596,5.6824,-2.6320,0.1618,153.4,31,5.7819,-2.7596,0.2200,6.4067,6.4067,6.1810,0.2753,0,0,1,
63.906,26.501,pred,block2_B_pred,1,4.4123,1.4455,-1.4220,0.0500,-0.3710,0.1389,-0.5000,0,5.7819,-2.7596,5.6824,-2.6320,0.1618,153.4,31,5.7819,-2.7596,0.2200,6.4067,6.4067,6.1810,0.3143,0,0,1,
64.009,26.603,pred,block2_B_pred,1,4.4129,1.4403,-1.4923,0.0950,-0.5570,0.1042,-0.5000,0,5.7819,-2.7596,5.6824,-2.6320,0.1618,153.4,31,5.7819,-2.7596,0.2200,6.4067,6.4067,6.1810,0.3585,0,0,1,
64.106,26.700,pred,block2_B_pred,1,4.4135,1.4281,-1.5638,0.1330,-0.7800,0.1505,-0.5000,0,5.7819,-2.7596,5.6824,-2.6320,0.1618,153.4,31,5.7819,-2.7596,0.2200,6.4067,6.4067,6.1810,0.3011,0,0,1,
64.206,26.800,pred,block2_B_pred,1,4.4133,1.4113,-1.6240,0.1450,-0.8170,0.1737,-0.5000,0,5.7819,-2.7596,5.6824,-2.6320,0.1618,153.4,31,5.7819,-2.7596,0.2200,6.4067,6.4067,6.1744,0.3011,0,0,1,
64.305,26.900,pred,block2_B_pred,1,4.4119,1.3936,-1.6919,0.1520,-0.8910,0.2200,-0.5000,0,5.7819,-2.7596,5.6824,-2.6320,0.1618,153.4,31,5.7819,-2.7596,0.2200,6.4067,6.4067,6.1744,0.3480,0,0,1,
64.409,27.003,pred,block2_B_pred,1,4.4091,1.3751,-1.7632,0.2020,-0.6310,0.2200,-0.5000,0,5.7819,-2.7596,5.6824,-2.6320,0.1618,153.4,31,5.7819,-2.7596,0.2200,6.4067,6.4067,6.1744,0.4381,0,0,1,
64.506,27.100,pred,block2_B_pred,1,4.4051,1.3567,-1.8215,0.1640,-0.7060,0.1853,-0.5000,0,5.7819,-2.7596,5.6824,-2.6320,0.1618,153.4,31,5.7819,-2.7596,0.2200,6.4067,6.4067,6.1744,0.4167,0,0,1,
64.606,27.200,pred,block2_B_pred,1,4.3999,1.3385,-1.8776,0.2370,-0.3900,0.2084,-0.5000,0,5.7819,-2.7596,5.6824,-2.6320,0.1618,153.4,31,5.7819,-2.7596,0.2200,6.4067,6.4067,6.1812,0.3937,0,0,1,
64.705,27.300,pred,block2_B_pred,1,4.3936,1.3202,-1.9385,0.1900,-0.7060,0.1968,-0.5000,0,5.7819,-2.7596,5.6824,-2.6320,0.1618,153.4,31,5.7819,-2.7596,0.2200,6.4067,6.4067,6.1812,0.4400,0,0,1,
64.806,27.400,pred,block2_B_pred,1,4.3860,1.3014,-1.9808,0.2430,-0.2780,0.2084,-0.5000,0,5.7819,-2.7596,5.6824,-2.6320,0.1618,153.4,31,5.7819,-2.7596,0.2200,6.4067,6.4067,6.1812,0.4168,0,0,1,
64.908,27.503,pred,block2_B_pred,1,4.3794,1.2868,-2.0195,0.1960,-0.4830,0.1968,-0.5000,0,5.7819,-2.7596,5.6824,-2.6320,0.1618,153.4,31,5.7819,-2.7596,0.2200,6.4067,6.4067,6.1105,0.4400,0,0,1,
65.006,27.600,pred,block2_B_pred,1,4.3687,1.2657,-2.0730,0.2210,-0.4450,0.2200,-0.5000,0,5.7819,-2.7596,5.6824,-2.6320,0.1618,153.4,31,5.7819,-2.7596,0.2200,6.4067,6.4067,6.1105,0.4168,0,0,1,
65.106,27.700,pred,block2_B_pred,1,4.3586,1.2479,-2.1104,0.2180,-0.3150,0.2084,-0.5000,0,5.7819,-2.7596,5.6824,-2.6320,0.1618,153.4,31,5.7819,-2.7596,0.2200,6.4067,6.4067,6.1105,0.3938,0,0,1,
65.206,27.800,pred,block2_B_pred,1,4.3479,1.2309,-2.1580,0.2400,-0.3340,0.1968,-0.5000,0,5.7819,-2.7596,5.6824,-2.6320,0.1618,153.4,31,5.7819,-2.7596,0.2200,6.4067,6.4067,6.1105,0.4400,0,0,1,
65.306,27.900,pred,block2_B_pred,1,4.3367,1.2147,-2.1996,0.2240,-0.2780,0.2084,-0.5000,0,5.7819,-2.7596,5.6824,-2.6320,0.1618,153.4,31,5.7819,-2.7596,0.2200,6.4067,6.4067,6.0563,0.4168,0,0,1,
65.406,28.000,pred,block2_B_pred,1,4.3239,1.1978,-2.2419,0.1960,-0.4080,0.2084,-0.5000,0,5.7819,-2.7596,5.6824,-2.6320,0.1618,153.4,31,5.7819,-2.7596,0.2200,6.4067,6.4067,6.0563,0.4400,0,0,1,
65.510,28.104,pred,block2_B_pred,1,4.3116,1.1829,-2.2887,0.2050,-0.3150,0.2200,-0.5000,0,5.7819,-2.7596,5.6824,-2.6320,0.1618,153.4,31,5.7819,-2.7596,0.2200,6.4067,6.4067,6.0563,0.4168,0,0,1,
65.606,28.200,pred,block2_B_pred,1,4.2970,1.1667,-2.3362,0.1960,-0.6310,0.2084,-0.5000,0,5.7819,-2.7596,5.6824,-2.6320,0.1618,153.4,31,5.7819,-2.7596,0.2200,6.4067,6.4067,6.0563,0.3937,0,0,1,
65.706,28.300,pred,block2_B_pred,1,4.2824,1.1519,-2.3729,0.1740,-0.6500,0.2200,-0.5000,0,5.7819,-2.7596,5.6824,-2.6320,0.1618,153.4,31,5.7819,-2.7596,0.2200,6.4067,6.4067,6.0119,0.4400,0,0,1,
65.806,28.400,pred,block2_B_pred,1,4.2671,1.1375,-2.4193,0.1900,-0.6310,0.2200,-0.5000,1,2.3570,-2.0491,1.3604,1.5399,3.7248,146.5,35,1.3817,1.4630,1.3170,3.1232,2.0124,6.0119,0.4168,0,1,1,
65.909,28.503,pred,block2_B_pred,1,4.2514,1.1243,-2.4683,0.2090,-0.4830,0.2084,-0.5000,1,2.3570,-2.0491,1.3604,1.5399,3.7248,146.5,35,1.3817,1.4630,1.3170,3.1232,2.0124,6.0119,0.4400,0,1,1,
66.006,28.601,pred,block2_B_pred,1,4.2344,1.1111,-2.5132,0.2150,-0.5200,0.2200,-0.5000,1,2.3887,-1.9738,1.5736,1.3581,3.4301,143.3,35,1.5911,1.2867,1.2128,3.0986,2.0462,5.9412,0.4400,0,1,1,
66.107,28.701,pred,block2_B_pred,1,4.2168,1.0989,-2.5601,0.2500,-0.3530,0.2084,-0.3974,1,2.4324,-1.8609,1.6202,1.2123,3.1788,142.2,35,1.6376,1.1465,1.1239,3.0626,1.9990,5.9412,0.4168,0,1,1,
66.205,28.800,pred,block2_B_pred,1,4.1984,1.0874,-2.6098,0.2310,-0.3530,0.2200,-0.3974,1,2.4637,-1.6986,1.3773,1.0924,2.9950,145.9,35,1.4006,1.0326,1.0589,2.9925,1.7401,5.9412,0.4400,0,1,1,
66.306,28.900,pred,block2_B_pred,1,4.1802,1.0771,-2.6629,0.2340,-0.4450,0.2084,-0.3462,1,2.4637,-1.6986,1.3773,1.0924,2.9950,145.9,35,1.4006,1.0326,1.0589,2.9925,1.7401,5.9412,0.4160,0,1,1,
66.406,29.001,pred,block2_B_pred,1,4.1614,1.0678,-2.7056,0.2020,-0.4830,0.2084,-0.3205,1,2.4918,-1.5341,1.1412,1.0230,2.8919,149.5,35,1.1701,0.9682,1.0225,2.9262,1.5187,5.8331,0.4400,0,1,1,
66.507,29.101,pred,block2_B_pred,1,4.1429,1.0597,-2.7549,0.1710,-0.4830,0.2200,-0.2179,1,2.4918,-1.5341,1.1412,1.0230,2.8919,149.5,35,1.1701,0.9682,1.0225,2.9262,1.5187,5.8331,0.4168,0,1,1,
66.606,29.200,pred,block2_B_pred,1,4.1248,1.0527,-2.8010,0.1900,-0.5200,0.2084,-0.2179,1,2.4899,-1.3225,0.9748,1.1018,2.8588,150.0,35,1.0073,1.0498,1.0108,2.8194,1.4549,5.8331,0.4400,0,1,1,
66.709,29.303,pred,block2_B_pred,1,4.1090,1.0472,-2.8281,0.2050,-0.3530,0.2200,-0.1667,1,2.4745,-1.0956,0.8047,1.1921,2.8322,150.0,35,0.8405,1.1430,1.0014,2.7062,1.4188,5.7831,0.4400,0,1,1,
66.807,29.401,pred,block2_B_pred,1,4.0853,1.0401,-2.8700,0.2280,-0.1480,0.2084,-0.1154,1,2.4745,-1.0956,0.8047,1.1921,2.8322,150.0,35,0.8405,1.1430,1.0014,2.7062,1.4188,5.7831,0.4168,0,1,1,
66.906,29.500,pred,block2_B_pred,1,4.0652,1.0348,-2.9045,0.2240,-0.3150,0.1968,-0.1410,1,2.4549,-0.8743,0.6420,1.2699,2.8079,149.8,35,0.6808,1.2239,0.9928,2.6060,1.4005,5.7831,0.4400,0,1,1,
67.006,29.600,pred,block2_B_pred,1,4.0426,1.0296,-2.9208,0.2590,-0.0740,0.2200,-0.1410,1,2.4291,-0.6605,0.4760,1.3071,2.7724,150.0,35,0.5178,1.2649,0.9802,2.5173,1.3668,5.7831,0.4168,0,1,1,
67.106,29.700,pred,block2_B_pred,1,4.0198,1.0246,-2.9323,0.2430,-0.0550,0.2084,-0.1154,1,2.4291,-0.6605,0.4760,1.3071,2.7724,150.0,35,0.5178,1.2649,0.9802,2.5173,1.3668,5.6970,0.4400,0,1,1,
67.206,29.800,pred,block2_B_pred,1,3.9986,1.0200,-2.9315,0.1990,-0.0550,0.2200,-0.0641,1,2.3738,-0.4447,0.2876,1.2236,2.6712,152.0,35,0.3323,1.1879,0.9445,2.4151,1.2335,5.6970,0.4168,0,1,1,
67.315,29.909,pred,block2_B_pred,1,3.9773,1.0155,-2.9311,0.2340,-0.1480,0.2084,-0.0641,1,2.3738,-0.4447,0.2876,1.2236,2.6712,152.0,35,0.3323,1.1879,0.9445,2.4151,1.2335,5.6970,0.3937,0,1,1,
67.406,30.000,pred,block2_B_pred,1,3.9573,1.0112,-2.9245,0.1770,0.1110,0.2200,-0.0641,1,2.3219,-0.2546,0.1742,1.1201,2.5500,153.6,35,0.2202,1.0907,0.9016,2.3358,1.1127,5.6970,0.4400,0,1,1,
67.508,30.102,pred,block2_B_pred,1,3.9398,1.0074,-2.9330,0.1480,0.0550,0.2200,-0.0128,1,2.2607,-0.0907,0.1172,0.9134,2.3670,157.2,35,0.1631,0.8918,0.8369,2.2625,0.9066,5.6467,0.4168,0,1,1,
67.606,30.200,pred,block2_B_pred,1,3.9222,1.0037,-2.9311,0.1770,0.1850,0.2084,-0.0128,1,2.2607,-0.0907,0.1172,0.9134,2.3670,157.2,35,0.1631,0.8918,0.8369,2.2625,0.9066,5.6467,0.4168,0,1,1,
67.706,30.300,pred,block2_B_pred,1,3.9018,0.9993,-2.9319,0.2090,-0.0370,0.2200,-0.0128,1,2.1867,0.0423,0.1473,0.7002,2.1428,161.0,35,0.1910,0.6861,0.7576,2.1871,0.7122,5.6467,0.4400,0,1,1,
67.805,30.400,pred,block2_B_pred,1,3.8820,0.9952,-2.9386,0.2180,-0.0550,0.2200,-0.0128,1,2.1867,0.0423,0.1473,0.7002,2.1428,161.0,35,0.1910,0.6861,0.7576,2.1871,0.7122,5.4981,0.4168,0,1,1,
67.906,30.500,pred,block2_B_pred,1,3.8639,0.9914,-2.9423,0.2050,-0.1670,0.2084,-0.0128,1,2.1069,0.1471,0.2259,0.5963,1.9338,162.6,35,0.2662,0.5866,0.6837,2.1120,0.6442,5.4981,0.4400,0,1,1,
68.006,30.600,pred,block2_B_pred,1,3.8448,0.9875,-2.9360,0.1900,0.0740,0.2200,0.0128,1,2.0436,0.2266,0.3096,0.5295,1.7602,163.8,35,0.3468,0.5230,0.6224,2.0561,0.6275,5.4981,0.4400,0,1,1,
68.107,30.701,pred,block2_B_pred,1,3.8256,0.9835,-2.9323,0.1830,0.1480,0.2084,0.0128,1,2.0436,0.2266,0.3096,0.5295,1.7602,163.8,35,0.3468,0.5230,0.6224,2.0561,0.6275,5.4981,0.4168,0,1,1,
68.206,30.800,pred,block2_B_pred,1,3.8044,0.9789,-2.9222,0.2430,0.1300,0.2200,-0.0128,1,1.9732,0.2851,0.3749,0.4516,1.6069,165.8,35,0.4092,0.4480,0.5682,1.9937,0.6067,5.5076,0.4400,0,1,1,
68.305,30.900,pred,block2_B_pred,1,3.7841,0.9743,-2.9140,0.1960,0.0740,0.1505,0.0641,1,1.8938,0.3267,0.4056,0.3706,1.4888,168.5,35,0.4375,0.3697,0.5264,1.9217,0.5728,5.5076,0.2547,0,0,1,
68.406,31.000,pred,block2_B_pred,1,3.7637,0.9695,-2.9063,0.2120,0.0920,0.2084,0.1728,1,1.8938,0.3267,0.4056,0.3706,1.4888,168.5,35,0.4375,0.3697,0.5264,1.9217,0.5728,5.5076,0.4168,0,0,1,
68.518,31.113,pred,block2_B_pred,1,3.7448,0.9649,-2.9055,0.2150,-0.0740,0.2200,0.3462,1,1.8137,0.3553,0.4149,0.2640,1.4017,172.7,35,0.4449,0.2659,0.4956,1.8481,0.5183,5.4341,0.4400,0,0,1,
68.606,31.200,pred,block2_B_pred,1,3.7253,0.9602,-2.9051,0.2020,-0.1480,0.0950,0.2374,1,1.7269,0.3707,0.4169,0.1320,1.3315,178.2,35,0.4450,0.1371,0.4708,1.7662,0.4657,5.4341,0.0000,0,0,1,
68.706,31.300,pred,block2_B_pred,1,3.7058,0.9554,-2.8948,0.2120,0.0550,0.0000,0.0128,1,1.7269,0.3707,0.4169,0.1320,1.3315,178.2,35,0.4450,0.1371,0.4708,1.7662,0.4657,5.4341,0.0000,0,0,1,
68.806,31.400,pred,block2_B_pred,1,3.6864,0.9504,-2.8848,0.2150,0.1110,0.0000,0.0000,1,1.6458,0.3768,0.4289,0.0038,1.2728,-175.9,35,0.4550,0.0118,0.4500,1.6884,0.4551,5.4341,0.0000,0,0,1,
68.906,31.500,pred,block2_B_pred,1,3.6820,0.9492,-2.8818,0.0000,0.0000,0.0000,0.0000,1,1.5661,0.3697,0.4466,-0.1115,1.2186,-170.0,35,0.4706,-0.1012,0.4308,1.6091,0.4813,5.3653,0.0000,0,0,1,
69.006,31.600,pred,block2_B_pred,1,3.6741,0.9471,-2.8722,0.1580,0.2220,0.1250,0.1600,1,1.5661,0.3697,0.4466,-0.1115,1.2186,-170.0,35,0.4706,-0.1012,0.4308,1.6091,0.4813,5.3653,0.3751,0,0,1,
69.105,31.700,pred,block2_B_pred,1,3.6631,0.9439,-2.8475,0.1100,0.2040,0.2200,0.2436,1,1.4928,0.3535,0.4287,-0.1718,1.1867,-167.0,35,0.4515,-0.1606,0.4196,1.5340,0.4792,5.3653,0.4400,0,0,1,
69.206,31.800,pred,block2_B_pred,1,3.6541,0.9411,-2.8377,0.0850,-0.1670,0.2200,0.2179,1,1.4163,0.3258,0.3665,-0.1911,1.1701,-166.7,35,0.3890,-0.1801,0.4137,1.4532,0.4287,5.3653,0.4400,0,0,1,
69.306,31.900,pred,block2_B_pred,1,3.6483,0.9393,-2.8336,0.0440,-0.2220,0.2200,0.2179,1,1.4163,0.3258,0.3665,-0.1911,1.1701,-166.7,35,0.3890,-0.1801,0.4137,1.4532,0.4287,5.6174,0.0232,0,0,1,
69.406,32.000,pred,block2_B_pred,1,3.6446,0.9381,-2.8158,0.0030,0.0180,0.0116,0.0000,1,1.3451,0.2937,0.2967,-0.1929,1.1557,-167.4,35,0.3192,-0.1824,0.4086,1.3768,0.3677,5.6174,0.0232,0,0,1,
69.508,32.103,pred,block2_B_pred,1,3.6381,0.9359,-2.8187,0.0000,0.0000,0.0116,-0.0128,1,1.2760,0.2579,0.2642,-0.2136,1.1162,-166.4,35,0.2859,-0.2035,0.3947,1.3018,0.3509,5.6174,0.0000,0,0,1,
69.606,32.200,pred,block2_B_pred,1,3.6339,0.9345,-2.8117,0.1260,-0.2220,0.0000,0.0128,1,1.2760,0.2579,0.2642,-0.2136,1.1162,-166.4,35,0.2859,-0.2035,0.3947,1.3018,0.3509,5.5949,0.0000,0,0,1,
69.707,32.301,pred,block2_B_pred,1,3.6324,0.9340,-2.8180,0.0000,0.0000,0.0000,0.0128,1,1.2169,0.2250,0.2845,-0.2334,1.0390,-164.3,35,0.3045,-0.2236,0.3673,1.2375,0.3778,5.5949,0.0000,0,0,1,
69.806,32.400,pred,block2_B_pred,1,3.6324,0.9340,-2.8180,0.0000,0.0000,0.0000,-0.0128,1,1.1648,0.1951,0.3200,-0.2737,0.9661,-160.5,35,0.3381,-0.2636,0.3416,1.1810,0.4287,5.5949,0.0000,0,0,1,
69.906,32.500,pred,block2_B_pred,1,3.6324,0.9340,-2.8180,0.0000,0.0000,0.0000,-0.0128,1,1.1124,0.1648,0.3298,-0.3181,0.9196,-156.8,35,0.3466,-0.3077,0.3251,1.1246,0.4635,5.5949,0.0000,0,0,1,
70.007,32.602,pred,block2_B_pred,1,3.6324,0.9340,-2.8180,0.0000,0.0000,0.0000,-0.0385,1,1.1124,0.1648,0.3298,-0.3181,0.9196,-156.8,35,0.3466,-0.3077,0.3251,1.1246,0.4635,5.5958,0.0000,0,0,1,
70.106,32.700,pred,block2_B_pred,1,3.6324,0.9340,-2.8180,0.0000,0.0000,0.0000,-0.0385,1,1.0664,0.1377,0.3483,-0.3271,0.8555,-154.4,35,0.3637,-0.3171,0.3025,1.0753,0.4825,5.5958,0.0000,0,0,1,
70.206,32.800,pred,block2_B_pred,1,3.6324,0.9340,-2.8180,0.0000,0.0000,0.0000,-0.0128,1,1.0278,0.1128,0.3671,-0.3170,0.7882,-153.2,35,0.3813,-0.3078,0.2787,1.0340,0.4900,5.5958,0.0000,0,0,1,
70.323,32.917,pred,block2_B_pred,1,3.6324,0.9340,-2.8180,0.0000,0.0000,0.0000,-0.0128,1,1.0278,0.1128,0.3671,-0.3170,0.7882,-153.2,35,0.3813,-0.3078,0.2787,1.0340,0.4900,5.5958,0.0000,0,0,1,
70.406,33.000,pred,block2_B_pred,1,3.6324,0.9340,-2.8180,0.0000,0.0000,0.0000,-0.0128,1,0.9972,0.0889,0.3838,-0.3037,0.7282,-152.5,35,0.3970,-0.2953,0.2575,1.0012,0.4948,5.5958,0.0000,0,0,1,
70.506,33.101,pred,block2_B_pred,1,3.6324,0.9340,-2.8180,0.0000,0.0000,0.0000,-0.0128,1,0.9660,0.0622,0.3696,-0.2963,0.6958,-152.7,35,0.3824,-0.2887,0.2460,0.9680,0.4791,5.5958,0.0000,0,0,1,
70.606,33.200,pred,block2_B_pred,1,3.6324,0.9340,-2.8180,0.0000,0.0000,0.0000,-0.0128,1,0.9660,0.0622,0.3696,-0.2963,0.6958,-152.7,35,0.3824,-0.2887,0.2460,0.9680,0.4791,5.5958,0.0000,0,0,1,
70.706,33.300,pred,block2_B_pred,1,3.6324,0.9340,-2.8180,0.0000,0.0000,0.0000,-0.0128,1,0.9343,0.0353,0.3452,-0.2912,0.6735,-153.2,35,0.3578,-0.2842,0.2381,0.9350,0.4569,5.5958,0.0000,0,0,1,
70.806,33.400,pred,block2_B_pred,1,3.6324,0.9340,-2.8180,0.0000,0.0000,0.0000,-0.0128,1,0.9012,0.0091,0.3263,-0.2924,0.6492,-152.9,35,0.3386,-0.2859,0.2338,0.9012,0.4432,5.5958,0.0000,0,0,1,
70.909,33.503,pred,block2_B_pred,1,3.6324,0.9340,-2.8180,0.0000,0.0000,0.0000,-0.0128,1,0.8693,-0.0132,0.4956,-0.2091,0.4220,-151.5,35,0.3386,-0.2859,0.2338,0.8694,0.4432,5.5958,0.0000,0,0,1,
71.006,33.600,pred,block2_B_pred,1,3.6324,0.9340,-2.8180,0.0000,0.0000,0.0000,-0.0128,1,0.8693,-0.0132,0.4956,-0.2091,0.4220,-151.5,35,0.5036,-0.2049,0.2290,0.8694,0.5437,5.5958,0.0000,0,0,1,
71.106,33.700,pred,block2_B_pred,1,3.6324,0.9340,-2.8180,0.0000,0.0000,0.0000,-0.0128,1,0.8363,-0.0319,0.5934,-0.1593,0.2743,-150.1,35,0.5986,-0.1566,0.2258,0.8369,0.6187,5.5725,0.0000,0,0,1,
71.206,33.800,pred,block2_B_pred,1,3.6324,0.9340,-2.8180,0.0000,0.0000,0.0000,-0.0385,1,0.8031,-0.0483,0.6452,-0.1311,0.1783,-148.9,35,0.6486,-0.1293,0.2238,0.8046,0.6614,5.5725,0.0000,0,0,1,
71.307,33.901,pred,block2_B_pred,1,3.6324,0.9340,-2.8180,0.0000,0.0000,0.0000,-0.0385,1,0.8031,-0.0483,0.6452,-0.1311,0.1783,-148.9,35,0.6486,-0.1293,0.2238,0.8046,0.6614,5.5725,0.0000,0,0,1,
71.406,34.000,pred,block2_B_pred,1,3.6324,0.9340,-2.8180,0.0000,0.0000,0.0116,0.1154,1,0.7705,-0.0630,0.6679,-0.1168,0.1159,-147.7,35,0.6701,-0.1157,0.2225,0.7731,0.6800,5.5725,0.0232,0,0,0,
71.506,34.100,pred,block2_B_pred,1,3.6324,0.9340,-2.8180,0.0000,0.0000,0.0116,0.1154,1,0.7705,-0.0630,0.6679,-0.1168,0.1159,-147.7,35,0.6701,-0.1157,0.2225,0.7731,0.6800,5.5725,0.0232,0,0,0,
71.606,34.200,pred,block2_B_pred,1,3.6324,0.9340,-2.8180,0.0000,0.0000,0.1366,0.2754,1,0.7705,-0.0630,0.6679,-0.1168,0.1159,-147.7,35,0.6701,-0.1157,0.2225,0.7731,0.6800,5.5725,0.3878,0,0,0,
71.706,34.301,pred,block2_B_pred,1,3.6324,0.9340,-2.8180,0.0000,0.0000,0.2200,0.3205,1,0.7705,-0.0630,0.6679,-0.1168,0.1159,-147.7,35,0.6701,-0.1157,0.2225,0.7731,0.6800,5.5725,0.3878,0,0,0,
71.806,34.400,pred,block2_B_pred,1,3.6324,0.9340,-2.8180,0.0000,0.0000,0.2200,0.3205,1,0.7705,-0.0630,0.6679,-0.1168,0.1159,-147.7,35,0.6701,-0.1157,0.2225,0.7731,0.6800,5.5725,0.3878,0,0,0,
71.908,34.503,pred,block2_B_pred,1,3.6318,0.9338,-2.8150,0.0310,0.1480,0.2200,0.3205,1,0.7705,-0.0630,0.6679,-0.1168,0.1159,-147.7,35,0.6701,-0.1157,0.2225,0.7731,0.6800,5.5725,0.1781,0,0,0,
72.005,34.600,pred,block2_B_pred,1,3.6172,0.9287,-2.7932,0.2050,0.3150,0.1158,0.3974,1,0.7705,-0.0630,0.6679,-0.1168,0.1159,-147.7,35,0.6701,-0.1157,0.2225,0.7731,0.6800,5.5725,0.2316,0,0,0,
72.118,34.712,pred,block2_B_pred,1,3.5995,0.9220,-2.7576,0.1960,0.4450,0.1042,0.3974,1,0.7705,-0.0630,0.6679,-0.1168,0.1159,-147.7,35,0.6701,-0.1157,0.2225,0.7731,0.6800,5.4955,0.1512,0,0,0,
72.206,34.800,pred,block2_B_pred,1,3.5786,0.9132,-2.7242,0.2470,0.2600,0.1042,0.2692,1,0.7705,-0.0630,0.6679,-0.1168,0.1159,-147.7,35,0.6701,-0.1157,0.2225,0.7731,0.6800,5.4955,0.2333,0,0,0,
72.306,34.900,pred,block2_B_pred,1,3.5585,0.9039,-2.6886,0.2340,0.2600,0.0695,0.2179,1,0.7705,-0.0630,0.6679,-0.1168,0.1159,-147.7,35,0.6701,-0.1157,0.2225,0.7731,0.6800,5.4955,0.2113,0,0,0,
72.406,35.000,pred,block2_B_pred,1,3.5411,0.8952,-2.6589,0.2210,0.2970,0.2200,0.3267,0,0.7705,-0.0630,0.6679,-0.1168,0.1159,-147.7,35,0.6701,-0.1157,0.2225,0.7731,0.6800,5.4955,0.4400,0,0,0,
72.506,35.100,pred,block2_B_pred,1,3.5250,0.8864,-2.6254,0.2090,0.1480,0.2084,0.4231,0,0.7705,-0.0630,0.6679,-0.1168,0.1159,-147.7,35,0.6701,-0.1157,0.2225,0.7731,0.6800,5.4464,0.4395,0,0,0,
72.608,35.203,pred,block2_B_pred,1,3.5138,0.8799,-2.5987,0.0720,0.3530,0.2200,0.3462,0,0.7705,-0.0630,0.6679,-0.1168,0.1159,-147.7,35,0.6701,-0.1157,0.2225,0.7731,0.6800,5.4464,0.3932,0,0,0,
72.706,35.300,pred,block2_B_pred,1,3.5053,0.8747,-2.5716,0.0760,0.3340,0.2084,0.0262,0,0.7705,-0.0630,0.6679,-0.1168,0.1159,-147.7,35,0.6701,-0.1157,0.2225,0.7731,0.6800,5.4464,0.3705,0,0,0,
72.806,35.400,pred,block2_B_pred,1,3.4958,0.8685,-2.5512,0.1520,0.1480,0.2200,-0.2179,0,0.7705,-0.0630,0.6679,-0.1168,0.1159,-147.7,35,0.6701,-0.1157,0.2225,0.7731,0.6800,5.4464,0.4147,0,0,0,
72.906,35.500,pred,block2_B_pred,1,3.4874,0.8628,-2.5285,0.1420,-0.0550,0.2084,-0.1667,0,0.7705,-0.0630,0.6679,-0.1168,0.1159,-147.7,35,0.6701,-0.1157,0.2225,0.7731,0.6800,5.3964,0.4260,0,0,0,
73.007,35.601,pred,block2_B_pred,1,3.4771,0.8554,-2.5096,0.1200,0.2970,0.2200,-0.1667,0,0.7705,-0.0630,0.6679,-0.1168,0.1159,-147.7,35,0.6701,-0.1157,0.2225,0.7731,0.6800,5.3964,0.4253,0,0,0,
73.107,35.701,pred,block2_B_pred,1,3.4622,0.8443,-2.5047,0.2310,0.0550,0.1968,-0.4487,0,0.7705,-0.0630,0.6679,-0.1168,0.1159,-147.7,35,0.6701,-0.1157,0.2225,0.7731,0.6800,5.3964,0.4352,0,0,0,
73.205,35.800,pred,block2_B_pred,1,3.4443,0.8312,-2.5105,0.2150,0.0370,0.1968,-0.3974,0,0.7705,-0.0630,0.6679,-0.1168,0.1159,-147.7,35,0.6701,-0.1157,0.2225,0.7731,0.6800,5.6109,0.3937,0,0,0,
73.307,35.901,pred,block2_B_pred,1,3.4238,0.8164,-2.5306,0.2780,-0.2600,0.1968,-0.3974,0,0.7705,-0.0630,0.6679,-0.1168,0.1159,-147.7,35,0.6701,-0.1157,0.2225,0.7731,0.6800,5.6109,0.4178,0,0,0,
73.406,36.000,pred,block2_B_pred,1,3.4003,0.8003,-2.5506,0.2750,-0.1670,0.2084,-0.3205,0,0.7705,-0.0630,0.6679,-0.1168,0.1159,-147.7,35,0.6701,-0.1157,0.2225,0.7731,0.6800,5.6109,0.4430,0,0,0,
73.506,36.100,pred,block2_B_pred,1,3.3771,0.7852,-2.5803,0.2660,-0.2970,0.2200,-0.3205,0,0.7705,-0.0630,0.6679,-0.1168,0.1159,-147.7,35,0.6701,-0.1157,0.2225,0.7731,0.6800,5.6109,0.4195,0,0,0,
73.605,36.200,pred,block2_B_pred,1,3.3550,0.7716,-2.6104,0.2500,-0.3900,0.2084,-0.3205,0,0.7705,-0.0630,0.6679,-0.1168,0.1159,-147.7,35,0.6701,-0.1157,0.2225,0.7731,0.6800,5.5115,0.4408,0,0,0,
73.705,36.300,pred,block2_B_pred,1,3.3353,0.7604,-2.6460,0.2240,-0.1670,0.2200,-0.2436,0,0.7705,-0.0630,0.6679,-0.1168,0.1159,-147.7,35,0.6701,-0.1157,0.2225,0.7731,0.6800,5.5115,0.4168,0,0,0,
73.805,36.400,pred,block2_B_pred,1,3.3168,0.7507,-2.6782,0.2180,-0.3150,0.2200,-0.2179,0,0.7705,-0.0630,0.6679,-0.1168,0.1159,-147.7,35,0.6701,-0.1157,0.2225,0.7731,0.6800,5.5115,0.4168,0,0,0,
73.906,36.501,pred,block2_B_pred,1,3.3027,0.7439,-2.7094,0.2310,-0.2410,0.2200,-0.2179,0,0.7705,-0.0630,0.6679,-0.1168,0.1159,-147.7,35,0.6701,-0.1157,0.2225,0.7731,0.6800,5.5115,0.4400,0,0,0,
74.006,36.600,pred,block2_B_pred,1,3.2847,0.7361,-2.7524,0.1640,-0.1480,0.2200,-0.2179,0,0.7705,-0.0630,0.6679,-0.1168,0.1159,-147.7,35,0.6701,-0.1157,0.2225,0.7731,0.6800,5.4101,0.4400,0,0,0,
74.107,36.702,pred,block2_B_pred,1,3.2669,0.7290,-2.7827,0.2050,-0.2040,0.2200,0.0190,0,0.7705,-0.0630,0.6679,-0.1168,0.1159,-147.7,35,0.6701,-0.1157,0.2225,0.7731,0.6800,5.4101,0.4400,0,0,0,
74.207,36.801,pred,block2_B_pred,1,3.2493,0.7227,-2.8147,0.1860,-0.3900,0.2200,0.0897,0,0.7705,-0.0630,0.6679,-0.1168,0.1159,-147.7,35,0.6701,-0.1157,0.2225,0.7731,0.6800,5.4101,0.4400,0,0,0,
74.306,36.900,pred,block2_B_pred,1,3.2333,0.7175,-2.8483,0.2090,-0.2600,0.2200,0.1923,0,0.7705,-0.0630,0.6679,-0.1168,0.1159,-147.7,35,0.6701,-0.1157,0.2225,0.7731,0.6800,5.3600,0.4400,0,0,0,
74.406,37.000,pred,block2_B_pred,1,3.2146,0.7121,-2.8747,0.1740,-0.1670,0.2084,0.3267,0,0.7705,-0.0630,0.6679,-0.1168,0.1159,-147.7,35,0.6701,-0.1157,0.2225,0.7731,0.6800,5.3600,0.4168,0,0,0,
74.506,37.100,pred,block2_B_pred,1,3.1956,0.7071,-2.8939,0.2050,-0.0920,0.2200,0.2692,0,0.7705,-0.0630,0.6679,-0.1168,0.1159,-147.7,35,0.6701,-0.1157,0.2225,0.7731,0.6800,5.3600,0.4393,0,0,0,
74.606,37.200,pred,block2_B_pred,1,3.1736,0.7017,-2.9080,0.2340,-0.0370,0.2200,0.4487,0,0.7705,-0.0630,0.6679,-0.1168,0.1159,-147.7,35,0.6701,-0.1157,0.2225,0.7731,0.6800,5.3600,0.4393,0,0,0,
74.706,37.301,pred,block2_B_pred,1,3.1550,0.6972,-2.8984,0.2370,0.2040,0.2200,0.4487,0,0.7705,-0.0630,0.6679,-0.1168,0.1159,-147.7,35,0.6701,-0.1157,0.2225,0.7731,0.6800,5.2713,0.4393,0,0,0,
74.805,37.400,pred,block2_B_pred,1,3.1244,0.6894,-2.8743,0.2500,0.4270,0.2200,0.1287,0,0.7705,-0.0630,0.6679,-0.1168,0.1159,-147.7,35,0.6701,-0.1157,0.2225,0.7731,0.6800,5.2713,0.4168,0,0,0,
74.906,37.500,pred,block2_B_pred,1,3.1004,0.6826,-2.8380,0.2150,0.5940,0.2084,-0.0128,0,0.7705,-0.0630,0.6679,-0.1168,0.1159,-147.7,35,0.6701,-0.1157,0.2225,0.7731,0.6800,5.2713,0.4400,0,0,0,
75.032,37.626,pred,block2_B_pred,1,3.0776,0.6750,-2.7982,0.2430,0.3150,0.2200,-0.1985,0,0.7705,-0.0630,0.6679,-0.1168,0.1159,-147.7,35,0.6701,-0.1157,0.2225,0.7731,0.6800,4.6691,0.4168,0,0,0,
75.105,37.700,pred,block2_B_pred,1,3.0573,0.6673,-2.7533,0.1830,0.6310,0.2084,-0.2949,0,0.7705,-0.0630,0.6679,-0.1168,0.1159,-147.7,35,0.6701,-0.1157,0.2225,0.7731,0.6800,4.6691,0.3940,0,0,0,
75.206,37.800,pred,block2_B_pred,1,3.0375,0.6588,-2.7105,0.2210,0.4830,0.2084,-0.5000,0,0.7705,-0.0630,0.6679,-0.1168,0.1159,-147.7,35,0.6701,-0.1157,0.2225,0.7731,0.6800,4.6691,0.4387,0,0,0,
75.306,37.900,pred,block2_B_pred,1,3.0204,0.6507,-2.6815,0.2050,0.1300,0.2200,-0.5000,0,0.7705,-0.0630,0.6679,-0.1168,0.1159,-147.7,35,0.6701,-0.1157,0.2225,0.7731,0.6800,4.6691,0.4168,0,0,0,
75.406,38.000,pred,block2_B_pred,1,3.0060,0.6434,-2.6666,0.1580,0.0370,0.1968,-0.3400,0,0.7705,-0.0630,0.6679,-0.1168,0.1159,-147.7,35,0.6701,-0.1157,0.2225,0.7731,0.6800,4.5694,0.4398,0,0,0,
75.506,38.100,pred,block2_B_pred,1,2.9893,0.6349,-2.6778,0.1900,-0.0370,0.2200,-0.1923,0,0.7705,-0.0630,0.6679,-0.1168,0.1159,-147.7,35,0.6701,-0.1157,0.2225,0.7731,0.6800,4.5694,0.4400,0,0,0,
75.606,38.201,pred,block2_B_pred,1,2.9708,0.6259,-2.7119,0.2180,-0.5380,0.2084,-0.1667,0,0.7705,-0.0630,0.6679,-0.1168,0.1159,-147.7,35,0.6701,-0.1157,0.2225,0.7731,0.6800,4.5694,0.4168,0,0,0,
75.707,38.301,pred,block2_B_pred,1,2.9521,0.6179,-2.7662,0.2370,-0.3530,0.2200,-0.1154,0,0.7705,-0.0630,0.6679,-0.1168,0.1159,-147.7,35,0.6701,-0.1157,0.2225,0.7731,0.6800,4.5694,0.4400,0,0,0,
75.806,38.400,pred,block2_B_pred,1,2.9312,0.6103,-2.8248,0.2370,-0.3530,0.2200,-0.1154,0,0.7705,-0.0630,0.6679,-0.1168,0.1159,-147.7,35,0.6701,-0.1157,0.2225,0.7731,0.6800,4.5133,0.4400,0,0,0,
75.906,38.500,pred,block2_B_pred,1,2.9108,0.6041,-2.8769,0.2530,-0.4080,0.2200,-0.0641,0,0.7705,-0.0630,0.6679,-0.1168,0.1159,-147.7,35,0.6701,-0.1157,0.2225,0.7731,0.6800,4.5133,0.4400,0,0,0,
76.006,38.600,pred,block2_B_pred,1,2.8931,0.5997,-2.9352,0.1830,-0.5940,0.2200,0.0897,0,0.7705,-0.0630,0.6679,-0.1168,0.1159,-147.7,35,0.6701,-0.1157,0.2225,0.7731,0.6800,4.5133,0.4365,0,0,0,
76.106,38.700,pred,block2_B_pred,1,2.8764,0.5965,-2.9719,0.1800,-0.6130,0.2084,0.2949,0,0.7705,-0.0630,0.6679,-0.1168,0.1159,-147.7,35,0.6701,-0.1157,0.2225,0.7731,0.6800,4.4698,0.4400,0,0,0,
76.206,38.800,pred,block2_B_pred,1,2.8514,0.5927,-3.0161,0.2310,-0.2410,0.2200,0.4036,0,0.7705,-0.0630,0.6679,-0.1168,0.1159,-147.7,35,0.6701,-0.1157,0.2225,0.7731,0.6800,4.4698,0.4362,0,0,0,
76.306,38.900,pred,block2_B_pred,1,2.8315,0.5905,-3.0447,0.2240,-0.2410,0.2200,0.5000,0,0.7705,-0.0630,0.6679,-0.1168,0.1159,-147.7,35,0.6701,-0.1157,0.2225,0.7731,0.6800,4.4698,0.4399,0,0,0,
76.406,39.000,pred,block2_B_pred,1,2.8068,0.5882,-3.0432,0.2620,0.1300,0.2200,0.3462,0,0.7705,-0.0630,0.6679,-0.1168,0.1159,-147.7,35,0.6701,-0.1157,0.2225,0.7731,0.6800,4.4698,0.4400,0,0,0,
76.506,39.100,pred,block2_B_pred,1,2.7840,0.5857,-3.0109,0.2120,0.6130,0.2200,0.2436,0,0.7705,-0.0630,0.6679,-0.1168,0.1159,-147.7,35,0.6701,-0.1157,0.2225,0.7731,0.6800,4.4260,0.4400,0,0,0,
76.608,39.202,pred,block2_B_pred,1,2.7619,0.5825,-2.9556,0.1800,0.7610,0.2084,0.0836,0,0.7705,-0.0630,0.6679,-0.1168,0.1159,-147.7,35,0.6701,-0.1157,0.2225,0.7731,0.6800,4.4260,0.4400,0,0,0,
76.706,39.300,pred,block2_B_pred,1,2.7402,0.5778,-2.8866,0.1770,0.8170,0.2084,-0.1728,0,0.7705,-0.0630,0.6679,-0.1168,0.1159,-147.7,35,0.6701,-0.1157,0.2225,0.7731,0.6800,4.4260,0.3937,0,0,0,
76.806,39.400,pred,block2_B_pred,1,2.7186,0.5715,-2.8231,0.2500,0.5010,0.2084,-0.4928,0,0.7705,-0.0630,0.6679,-0.1168,0.1159,-147.7,35,0.6701,-0.1157,0.2225,0.7731,0.6800,4.4260,0.4173,0,0,0,
76.906,39.500,pred,block2_B_pred,1,2.7011,0.5652,-2.7533,0.1610,0.7980,0.1968,-0.3974,0,0.7705,-0.0630,0.6679,-0.1168,0.1159,-147.7,35,0.6701,-0.1157,0.2225,0.7731,0.6800,4.3266,0.4384,0,0,0,
77.008,39.602,pred,block2_B_pred,1,2.6846,0.5581,-2.7012,0.1710,0.6680,0.2200,-0.3400,0,0.7705,-0.0630,0.6679,-0.1168,0.1159,-147.7,35,0.6701,-0.1157,0.2225,0.7731,0.6800,4.3266,0.3915,0,0,0,
77.106,39.700,pred,block2_B_pred,1,2.6673,0.5497,-2.6839,0.1860,-0.0920,0.2084,-0.3400,0,0.7705,-0.0630,0.6679,-0.1168,0.1159,-147.7,35,0.6701,-0.1157,0.2225,0.7731,0.6800,4.3266,0.4158,0,0,0,
77.206,39.800,pred,block2_B_pred,1,2.6483,0.5404,-2.6993,0.2090,-0.4450,0.2200,-0.1667,0,0.7705,-0.0630,0.6679,-0.1168,0.1159,-147.7,35,0.6701,-0.1157,0.2225,0.7731,0.6800,4.2205,0.4400,0,0,0,
77.306,39.900,pred,block2_B_pred,1,2.6312,0.5327,-2.7463,0.2120,-0.3530,0.2200,-0.1667,0,0.7705,-0.0630,0.6679,-0.1168,0.1159,-147.7,35,0.6701,-0.1157,0.2225,0.7731,0.6800,4.2205,0.4168,0,0,0,
77.407,40.001,pred,block2_B_pred,1,2.6118,0.5252,-2.8085,0.2240,-0.5010,0.2084,-0.1154,0,0.7705,-0.0630,0.6679,-0.1168,0.1159,-147.7,35,0.6701,-0.1157,0.2225,0.7731,0.6800,4.2205,0.4400,0,0,0,
77.511,40.106,pred,block2_B_pred,1,2.5915,0.5187,-2.8713,0.2340,-0.6310,0.2200,0.0000,0,0.7705,-0.0630,0.6679,-0.1168,0.1159,-147.7,35,0.6701,-0.1157,0.2225,0.7731,0.6800,4.2205,0.4168,0,0,0,
77.606,40.201,pred,block2_B_pred,1,2.5720,0.5138,-2.9240,0.1770,-0.5200,0.2084,0.1985,0,0.7705,-0.0630,0.6679,-0.1168,0.1159,-147.7,35,0.6701,-0.1157,0.2225,0.7731,0.6800,4.1142,0.4387,0,0,0,
77.706,40.301,pred,block2_B_pred,1,2.5509,0.5095,-2.9674,0.2180,-0.4270,0.2084,0.4487,0,0.7705,-0.0630,0.6679,-0.1168,0.1159,-147.7,35,0.6701,-0.1157,0.2225,0.7731,0.6800,4.1142,0.4400,0,0,0,
77.806,40.401,pred,block2_B_pred,1,2.5322,0.5066,-3.0105,0.2120,-0.2040,0.1968,0.3462,0,0.7705,-0.0630,0.6679,-0.1168,0.1159,-147.7,35,0.6701,-0.1157,0.2225,0.7731,0.6800,4.1142,0.4168,0,0,0,
77.905,40.500,pred,block2_B_pred,1,2.5116,0.5041,-3.0328,0.2210,-0.1110,0.1968,0.3462,0,0.7705,-0.0630,0.6679,-0.1168,0.1159,-147.7,35,0.6701,-0.1157,0.2225,0.7731,0.6800,4.0284,0.4400,0,0,0,
78.006,40.601,pred,block2_B_pred,1,2.4890,0.5016,-3.0221,0.2500,0.2040,0.2084,0.4744,0,0.7705,-0.0630,0.6679,-0.1168,0.1159,-147.7,35,0.6701,-0.1157,0.2225,0.7731,0.6800,4.0284,0.4400,0,0,0,
78.106,40.700,pred,block2_B_pred,1,2.4688,0.4989,-2.9801,0.1710,0.6680,0.2084,0.1544,0,0.7705,-0.0630,0.6679,-0.1168,0.1159,-147.7,35,0.6701,-0.1157,0.2225,0.7731,0.6800,4.0284,0.4168,0,0,0,
78.206,40.800,pred,block2_B_pred,1,2.4467,0.4949,-2.9218,0.1860,0.7240,0.2200,-0.0190,0,0.7705,-0.0630,0.6679,-0.1168,0.1159,-147.7,35,0.6701,-0.1157,0.2225,0.7731,0.6800,4.0284,0.4400,0,0,0,
78.306,40.900,pred,block2_B_pred,1,2.4256,0.4896,-2.8527,0.2500,0.4640,0.2200,-0.1985,0,0.7705,-0.0630,0.6679,-0.1168,0.1159,-147.7,35,0.6701,-0.1157,0.2225,0.7731,0.6800,4.2398,0.4400,0,0,0,
78.406,41.000,pred,block2_B_pred,1,2.4058,0.4831,-2.7889,0.1830,0.8170,0.2200,-0.0836,0,0.7705,-0.0630,0.6679,-0.1168,0.1159,-147.7,35,0.6701,-0.1157,0.2225,0.7731,0.6800,4.2398,0.4387,0,0,0,
78.506,41.100,pred,block2_B_pred,1,2.3895,0.4766,-2.7191,0.1290,0.7240,0.2200,-0.3205,0,0.7705,-0.0630,0.6679,-0.1168,0.1159,-147.7,35,0.6701,-0.1157,0.2225,0.7731,0.6800,4.2398,0.4400,0,0,0,
78.605,41.200,pred,block2_B_pred,1,2.3727,0.4687,-2.6663,0.1640,0.6680,0.2084,-0.1154,0,0.7705,-0.0630,0.6679,-0.1168,0.1159,-147.7,35,0.6701,-0.1157,0.2225,0.7731,0.6800,4.2398,0.4168,0,0,0,
78.706,41.300,pred,block2_B_pred,1,2.3544,0.4590,-2.6411,0.2470,0.2600,0.2084,-0.1154,0,0.7705,-0.0630,0.6679,-0.1168,0.1159,-147.7,35,0.6701,-0.1157,0.2225,0.7731,0.6800,4.1423,0.4400,0,0,0,
78.806,41.400,pred,block2_B_pred,1,2.3345,0.4481,-2.6371,0.2120,-0.1300,0.2200,0.0000,1,1.1293,0.9866,3.4685,1.1198,2.3430,-37.9,35,3.4184,1.1170,0.8284,1.4995,3.5962,4.1423,0.4400,0,1,0,
78.907,41.501,pred,block2_B_pred,1,2.3138,0.4367,-2.6507,0.2340,-0.2220,0.2200,0.0385,1,1.1634,0.9766,3.0429,1.0464,1.8808,-37.9,35,3.0026,1.0449,0.6650,1.5190,3.1792,4.1423,0.4400,0,1,0,
79.006,41.600,pred,block2_B_pred,1,2.2940,0.4264,-2.6786,0.1800,-0.4270,0.2200,0.0385,1,1.1634,0.9766,3.0429,1.0464,1.8808,-37.9,35,3.0026,1.0449,0.6650,1.5190,3.1792,3.9076,0.4400,0,1,0,
79.106,41.700,pred,block2_B_pred,1,2.2746,0.4170,-2.7060,0.1860,-0.2410,0.2200,0.0385,1,1.2081,0.9624,2.8220,0.9733,1.6139,-38.2,35,2.7875,0.9731,0.5706,1.5446,2.9524,3.9076,0.4168,0,1,0,
79.206,41.800,pred,block2_B_pred,1,2.2571,0.4091,-2.7342,0.1930,-0.3530,0.2084,-0.0897,1,1.2532,0.9494,2.6100,0.8979,1.3578,-39.3,35,2.5809,0.8990,0.4801,1.5722,2.7330,3.9076,0.4168,0,0,0,
79.306,41.900,pred,block2_B_pred,1,2.2392,0.4017,-2.7650,0.2090,-0.1480,0.2200,-0.1154,1,1.2532,0.9494,2.6100,0.8979,1.3578,-39.3,35,2.5809,0.8990,0.4801,1.5722,2.7330,3.9076,0.4400,0,0,0,
79.407,42.001,pred,block2_B_pred,1,2.2221,0.3951,-2.7921,0.1930,-0.2780,0.2084,0.0128,1,1.2907,0.9407,2.4167,0.8378,1.1307,-41.3,35,2.3926,0.8400,0.3998,1.5972,2.5358,3.7976,0.4168,0,0,0,
79.507,42.101,pred,block2_B_pred,1,2.2066,0.3896,-2.8121,0.1520,-0.2970,0.2084,0.0385,1,1.3212,0.9364,2.0531,0.8695,0.7349,-40.5,35,2.0374,0.8710,0.2599,1.6194,2.2158,3.7976,0.4168,0,0,0,
79.606,42.200,pred,block2_B_pred,1,2.1907,0.3843,-2.8318,0.1360,-0.1670,0.2200,0.0000,1,1.3212,0.9364,2.0531,0.8695,0.7349,-40.5,35,2.0374,0.8710,0.2599,1.6194,2.2158,3.7976,0.4400,0,0,0,
79.710,42.304,pred,block2_B_pred,1,2.1733,0.3789,-2.8514,0.2180,-0.0920,0.2200,0.0128,1,1.3490,0.9360,1.8247,0.8926,0.4777,-40.0,35,1.8145,0.8935,0.2302,1.6419,2.0226,3.7577,0.4371,0,0,0,
79.806,42.400,pred,block2_B_pred,1,2.1547,0.3734,-2.8558,0.2090,0.0000,0.2084,0.0641,1,1.3746,0.9387,1.6838,0.9104,0.3105,-39.5,35,1.6772,0.9110,0.2266,1.6645,1.9086,3.7577,0.4400,0,0,0,
79.906,42.500,pred,block2_B_pred,1,2.1336,0.3671,-2.8510,0.2280,0.0740,0.2200,0.0385,1,1.3746,0.9387,1.6838,0.9104,0.3105,-39.5,35,1.6772,0.9110,0.2266,1.6645,1.9086,3.7577,0.4400,0,0,0,
80.006,42.600,pred,block2_B_pred,1,2.1129,0.3608,-2.8392,0.1960,0.0740,0.2200,0.1410,1,1.4059,0.9417,1.6069,0.9233,0.2018,-39.0,35,1.6026,0.9237,0.2243,1.6921,1.8497,3.7577,0.4400,0,0,0,
80.106,42.700,pred,block2_B_pred,1,2.0904,0.3537,-2.8277,0.2180,0.0180,0.2200,0.1410,1,1.4460,0.9394,1.5766,0.9274,0.1312,-38.2,35,1.5738,0.9277,0.2228,1.7243,1.8269,3.7117,0.4400,0,0,0,
80.206,42.801,pred,block2_B_pred,1,2.0684,0.3463,-2.8017,0.2430,0.3150,0.2200,0.0641,1,1.4460,0.9394,1.5766,0.9274,0.1312,-38.2,35,1.5738,0.9277,0.2228,1.7243,1.8269,3.7117,0.4400,0,0,0,
80.306,42.900,pred,block2_B_pred,1,2.0483,0.3391,-2.7836,0.2090,0.2600,0.2084,0.0128,1,1.4890,0.9288,1.7574,0.8095,0.2937,-55.9,35,1.7517,0.8121,0.2262,1.7549,1.9307,3.7117,0.4400,0,0,0,
80.406,43.001,pred,block2_B_pred,1,2.0280,0.3313,-2.7676,0.1900,0.1850,0.2200,-0.0385,1,1.5381,0.9019,1.9029,0.6670,0.4338,-63.2,35,1.8951,0.6721,0.2293,1.7830,2.0107,3.7117,0.4400,0,0,0,
80.506,43.101,pred,block2_B_pred,1,2.0078,0.3234,-2.7573,0.1960,0.3710,0.2084,-0.0385,1,1.5381,0.9019,1.9029,0.6670,0.4338,-63.2,35,1.8951,0.6721,0.2293,1.7830,2.0107,3.6654,0.4400,0,0,0,
80.606,43.200,pred,block2_B_pred,1,1.9887,0.3155,-2.7395,0.1930,0.2780,0.2200,-0.1667,1,1.5849,0.8623,2.0085,0.5098,0.5511,-68.3,35,1.9994,0.5173,0.2318,1.8043,2.0652,3.6654,0.4400,0,0,0,
80.705,43.300,pred,block2_B_pred,1,1.9700,0.3074,-2.7321,0.1860,-0.0920,0.2200,-0.0385,1,1.6358,0.8022,2.0579,0.2837,0.6686,-77.0,35,2.0489,0.2948,0.2364,1.8219,2.0700,3.6654,0.4400,0,0,0,
80.823,43.417,pred,block2_B_pred,1,1.9565,0.3015,-2.7206,0.1670,0.2040,0.2084,-0.0128,1,1.6358,0.8022,2.0579,0.2837,0.6686,-77.0,35,2.0489,0.2948,0.2364,1.8219,2.0700,3.5666,0.4400,0,0,0,
80.905,43.500,pred,block2_B_pred,1,1.9351,0.2918,-2.7172,0.2120,-0.0550,0.2200,-0.0641,1,1.6807,0.7288,2.0426,0.0361,0.7816,-85.9,35,2.0349,0.0509,0.2763,1.8319,2.0355,3.5666,0.4400,0,0,0,
81.006,43.600,pred,block2_B_pred,1,1.9161,0.2833,-2.7224,0.1960,-0.1850,0.2200,-0.0641,1,1.7136,0.6465,2.0277,-0.1885,0.8921,-90.1,35,2.0210,-0.1706,0.3154,1.8314,2.0282,3.5666,0.4168,0,0,1,
81.108,43.703,pred,block2_B_pred,1,1.9005,0.2764,-2.7339,0.2120,-0.1670,0.2084,-0.0641,1,1.7136,0.6465,2.0277,-0.1885,0.8921,-90.1,35,2.0210,-0.1706,0.3154,1.8314,2.0282,3.5666,0.4400,0,0,1,
81.205,43.800,pred,block2_B_pred,1,1.8761,0.2660,-2.7486,0.2150,-0.1480,0.2200,-0.0897,1,1.7317,0.5527,1.9301,-0.3999,0.9731,-95.9,35,1.9259,-0.3795,0.3440,1.8178,1.9629,3.6881,0.4168,0,0,1,
81.306,43.900,pred,block2_B_pred,1,1.8563,0.2578,-2.7586,0.2310,-0.0180,0.2084,0.0959,1,1.7375,0.4619,1.8154,-0.5512,1.0161,-100.5,35,1.8138,-0.5295,0.3593,1.7978,1.8895,3.6881,0.4395,0,0,1,
81.406,44.000,pred,block2_B_pred,1,1.8361,0.2499,-2.7704,0.2090,-0.0370,0.2200,0.4159,1,1.7375,0.4619,1.8154,-0.5512,1.0161,-100.5,35,1.8138,-0.5295,0.3593,1.7978,1.8895,3.6881,0.4403,0,0,1,
81.506,44.100,pred,block2_B_pred,1,1.8162,0.2422,-2.7747,0.2020,-0.1850,0.2200,0.4231,1,1.7299,0.3693,1.7207,-0.6258,0.9952,-102.6,35,1.7209,-0.6045,0.3519,1.7689,1.8240,3.6881,0.4400,0,0,1,
81.606,44.200,pred,block2_B_pred,1,1.7970,0.2348,-2.7725,0.1770,0.0000,0.2200,0.4487,1,1.7144,0.2930,1.6679,-0.6664,0.9606,-102.5,35,1.6689,-0.6459,0.3396,1.7392,1.7895,3.6346,0.4400,0,0,1,
81.708,44.303,pred,block2_B_pred,1,1.7772,0.2271,-2.7674,0.2050,0.0550,0.2200,0.3462,1,1.7144,0.2930,1.6679,-0.6664,0.9606,-102.5,35,1.6689,-0.6459,0.3396,1.7392,1.7895,3.6346,0.4395,0,0,1,
81.806,44.400,pred,block2_B_pred,1,1.7577,0.2193,-2.7540,0.2090,0.0000,0.2200,0.4231,1,1.6942,0.2240,1.6015,-0.6799,0.9086,-103.4,35,1.6035,-0.6605,0.3213,1.7090,1.7342,3.6346,0.4400,0,0,1,
81.909,44.504,pred,block2_B_pred,1,1.7419,0.2128,-2.7351,0.2430,0.2780,0.2200,0.3974,1,1.6709,0.1621,1.5056,-0.7189,0.8964,-106.2,35,1.5092,-0.7000,0.3169,1.6788,1.6636,3.5439,0.4400,0,0,1,
82.006,44.600,pred,block2_B_pred,1,1.7150,0.2007,-2.7010,0.2560,0.3150,0.2200,0.2692,1,1.6709,0.1621,1.5056,-0.7189,0.8964,-106.2,35,1.5092,-0.7000,0.3169,1.6788,1.6636,3.5439,0.4400,0,0,1,
82.105,44.700,pred,block2_B_pred,1,1.6941,0.1904,-2.6587,0.2180,0.3900,0.2200,0.2692,1,1.6400,0.0964,1.3770,-0.7853,0.9200,-110.0,35,1.3826,-0.7664,0.3253,1.6428,1.5808,3.5439,0.4400,0,0,1,
82.205,44.800,pred,block2_B_pred,1,1.6742,0.1796,-2.6171,0.2400,0.4450,0.2200,0.2692,1,1.5900,0.0077,1.1834,-0.9200,1.0129,-113.9,35,1.1921,-0.9001,0.3581,1.5901,1.4938,3.5439,0.4400,0,0,1,
82.305,44.900,pred,block2_B_pred,1,1.6558,0.1684,-2.5681,0.2400,0.3340,0.2084,0.2179,1,1.5900,0.0077,1.1834,-0.9200,1.0129,-113.9,35,1.1921,-0.9001,0.3581,1.5901,1.4938,3.3129,0.4168,0,0,1,
82.406,45.000,pred,block2_B_pred,1,1.6387,0.1569,-2.5235,0.2120,0.2780,0.2200,0.0067,1,1.5202,-0.1044,0.9072,-1.0954,1.1653,-117.8,35,0.9204,-1.0742,0.4120,1.5238,1.4146,3.3129,0.4400,0,0,1,
82.506,45.100,pred,block2_B_pred,1,1.6236,0.1457,-2.4816,0.2020,0.2600,0.2200,-0.0897,1,1.4396,-0.2242,0.5958,-1.2631,1.3384,-120.2,35,0.6139,-1.2408,0.4732,1.4570,1.3844,3.3129,0.4400,0,0,1,
82.613,45.208,pred,block2_B_pred,1,1.6104,0.1351,-2.4390,0.1480,0.3150,0.2084,-0.1410,1,1.4396,-0.2242,0.5958,-1.2631,1.3384,-120.2,35,0.6139,-1.2408,0.4732,1.4570,1.3844,3.3129,0.4400,0,0,1,
82.706,45.300,pred,block2_B_pred,1,1.5969,0.1234,-2.4114,0.2150,0.1480,0.2084,-0.2692,1,1.3517,-0.3447,0.2608,-1.3687,1.4962,-122.5,35,0.2842,-1.3468,0.5290,1.3949,1.3764,3.1886,0.4400,0,0,1,
82.806,45.400,pred,block2_B_pred,1,1.5811,0.1090,-2.3933,0.2430,0.0180,0.2200,-0.2436,1,1.2594,-0.4620,-0.0424,-1.4491,1.6338,-122.7,35,-0.0145,-1.4280,0.5777,1.3415,1.4280,3.1886,0.4391,0,1,1,
82.907,45.501,pred,block2_B_pred,1,1.5644,0.0935,-2.4007,0.2090,-0.1110,0.2200,-0.2436,1,1.2594,-0.4620,-0.0424,-1.4491,1.6338,-122.7,35,-0.0145,-1.4280,0.5777,1.3415,1.4280,3.1886,0.4400,0,1,1,
83.005,45.600,pred,block2_B_pred,1,1.5469,0.0777,-2.4215,0.2310,-0.2780,0.2200,-0.1667,1,1.1612,-0.5829,-0.1372,-1.7239,1.7285,-112.0,35,-0.1094,-1.6995,0.6112,1.2993,1.7030,3.1571,0.4400,0,1,1,
83.106,45.700,pred,block2_B_pred,1,1.5278,0.0614,-2.4601,0.2370,-0.4640,0.2200,-0.1667,1,1.0759,-0.6922,-0.0407,-1.9350,1.6707,-99.2,35,-0.0168,-1.9084,0.5907,1.2794,1.9084,3.1571,0.4168,0,1,1,
83.213,45.808,pred,block2_B_pred,1,1.5093,0.0467,-2.4942,0.2370,-0.2410,0.2200,-0.1410,1,1.0019,-0.7884,0.0684,-2.0206,1.5459,-88.9,35,-0.0168,-1.9084,0.5907,1.2749,1.9084,3.1571,0.4400,0,1,0,
83.306,45.900,pred,block2_B_pred,1,1.4914,0.0338,-2.5399,0.2090,-0.4830,0.2200,-0.1667,1,1.0019,-0.7884,0.0684,-2.0206,1.5459,-88.9,35,0.0884,-1.9942,0.5466,1.2749,1.9962,3.1571,0.4400,0,0,0,
83.406,46.000,pred,block2_B_pred,1,1.4742,0.0223,-2.5718,0.2400,-0.2600,0.2200,-0.1154,1,0.9417,-0.8466,0.2986,-1.4059,0.8524,-97.0,35,0.3123,-1.3940,0.3014,1.2663,1.4285,3.0377,0.4168,0,0,1,
83.508,46.102,pred,block2_B_pred,1,1.4584,0.0126,-2.6101,0.2180,-0.1670,0.2200,-0.0641,1,0.9417,-0.8466,0.2986,-1.4059,0.8524,-97.0,35,0.3123,-1.3940,0.3014,1.2663,1.4285,3.0377,0.4400,0,0,1,
83.606,46.201,pred,block2_B_pred,1,1.4448,0.0048,-2.6404,0.1740,-0.0550,0.2200,-0.0385,1,0.8821,-0.8570,0.5024,-0.9592,0.3931,-120.8,35,0.5106,-0.9570,0.2281,1.2298,1.0847,3.0377,0.4168,0,0,1,
83.706,46.300,pred,block2_B_pred,1,1.4296,-0.0032,-2.6645,0.2050,-0.1670,0.2200,0.0385,1,0.8457,-0.8307,0.6573,-0.6552,0.2575,-178.5,35,0.6613,-0.6590,0.2255,1.1854,0.9336,3.0377,0.4400,0,0,1,
83.806,46.400,pred,block2_B_pred,1,1.4153,-0.0104,-2.6872,0.1740,-0.0180,0.1505,0.1985,1,0.8325,-0.8001,0.7832,-0.4817,0.3222,142.7,35,0.7843,-0.4885,0.2268,1.1547,0.9240,2.9897,0.3025,0,0,1,
83.906,46.500,pred,block2_B_pred,1,1.3998,-0.0178,-2.7109,0.1830,-0.2220,0.1158,0.3205,1,0.8325,-0.8001,0.7832,-0.4817,0.3222,142.7,35,0.7843,-0.4885,0.2268,1.1547,0.9240,2.9897,0.2360,0,0,1,
84.006,46.601,pred,block2_B_pred,1,1.3814,-0.0262,-2.7154,0.2280,-0.1110,0.0695,0.4805,1,0.8373,-0.7643,0.8052,-0.5573,0.2094,141.2,35,0.8059,-0.5617,0.2244,1.1336,0.9824,2.9897,0.1500,0,0,1,
84.106,46.700,pred,block2_B_pred,1,1.3628,-0.0348,-2.7072,0.1710,0.0740,0.0463,0.4487,1,0.8521,-0.7331,0.8313,-0.5985,0.1361,139.5,35,0.8317,-0.6014,0.2229,1.1240,1.0264,2.9897,0.1185,0,0,0,
84.205,46.800,pred,block2_B_pred,1,1.3463,-0.0425,-2.6942,0.1710,-0.0370,0.1621,0.3205,1,0.8521,-0.7331,0.8313,-0.5985,0.1361,139.5,35,0.8317,-0.6014,0.2229,1.1240,1.0264,2.9569,0.3703,0,0,0,
84.305,46.900,pred,block2_B_pred,1,1.3353,-0.0480,-2.6649,0.1100,0.3150,0.1853,0.3974,1,0.8635,-0.7068,0.8499,-0.6194,0.0885,138.1,35,0.8502,-0.6213,0.2219,1.1159,1.0530,2.9569,0.4400,0,0,0,
84.405,47.000,pred,block2_B_pred,1,1.3300,-0.0508,-2.6322,0.0280,0.1670,0.2200,0.1667,1,0.8635,-0.7068,0.8499,-0.6194,0.0885,138.1,35,0.8502,-0.6213,0.2219,1.1159,1.0530,2.9569,0.4304,0,0,0,
84.505,47.100,pred,block2_B_pred,1,1.3222,-0.0554,-2.5788,0.1010,0.5940,0.2200,0.0128,1,0.8800,-0.6879,0.8712,-0.6310,0.0575,136.8,35,0.8714,-0.6322,0.2212,1.1169,1.0766,2.9100,0.4264,0,0,0,
84.605,47.200,pred,block2_B_pred,1,1.3133,-0.0613,-2.5161,0.0910,0.5380,0.2200,0.0128,1,0.9002,-0.6839,0.8945,-0.6469,0.0374,136.0,31,0.9002,-0.6839,0.2200,1.1305,1.1305,2.9100,0.4348,0,0,0,
84.713,47.308,pred,block2_B_pred,1,1.3014,-0.0705,-2.4515,0.2090,0.4450,0.2200,-0.0641,1,0.9208,-0.6976,0.9171,-0.6736,0.0243,135.9,31,0.9208,-0.6976,0.2200,1.1552,1.1552,2.9100,0.4400,0,0,0,
84.805,47.400,pred,block2_B_pred,1,1.2881,-0.0821,-2.3898,0.1580,0.5940,0.2084,-0.2241,1,0.9208,-0.6976,0.9171,-0.6736,0.0243,135.9,31,0.9208,-0.6976,0.2200,1.1552,1.1552,2.9100,0.4400,0,0,0,
84.905,47.500,pred,block2_B_pred,1,1.2716,-0.0979,-2.3572,0.2310,0.3530,0.1968,-0.2118,1,0.9364,-0.7277,0.9340,-0.7121,0.0158,136.6,31,0.9364,-0.7277,0.2200,1.1859,1.1859,2.8639,0.3937,0,0,0,
85.006,47.601,pred,block2_B_pred,1,1.2527,-0.1172,-2.3349,0.2850,0.0740,0.1968,0.0000,1,0.9457,-0.7686,0.9442,-0.7584,0.0103,137.9,31,0.9457,-0.7686,0.2200,1.2186,1.2186,2.8639,0.3705,0,0,0,
85.105,47.700,pred,block2_B_pred,1,1.2321,-0.1388,-2.3309,0.2690,-0.0180,0.2200,0.0000,1,0.9457,-0.7686,0.9442,-0.7584,0.0103,137.9,31,0.9457,-0.7686,0.2200,1.2186,1.2186,2.8639,0.4400,0,0,0,
85.205,47.800,pred,block2_B_pred,1,1.2149,-0.1568,-2.3412,0.2310,-0.2410,0.2200,0.0128,1,0.9561,-0.8124,0.9551,-0.8058,0.0067,139.2,31,0.9561,-0.8124,0.2200,1.2547,1.2547,2.7631,0.3937,0,0,0,
85.307,47.901,pred,block2_B_pred,1,1.1979,-0.1742,-2.3568,0.1990,-0.2780,0.1968,-0.0385,1,0.9696,-0.8528,0.9689,-0.8485,0.0043,140.1,31,0.9696,-0.8528,0.2200,1.2913,1.2913,2.7631,0.4400,0,0,0,
85.406,48.000,pred,block2_B_pred,1,1.1841,-0.1878,-2.3749,0.1640,-0.2220,0.2084,-0.0385,1,0.9696,-0.8528,0.9689,-0.8485,0.0043,140.1,31,0.9696,-0.8528,0.2200,1.2913,1.2913,2.7631,0.3937,0,0,0,
85.506,48.100,pred,block2_B_pred,1,1.1709,-0.2003,-2.3890,0.1960,0.0370,0.1968,-0.0385,1,0.9924,-0.8857,0.9919,-0.8829,0.0028,140.5,31,0.9924,-0.8857,0.2200,1.3301,1.3301,2.7631,0.3937,0,0,0,
85.605,48.200,pred,block2_B_pred,1,1.1598,-0.2105,-2.4013,0.1710,0.1110,0.2200,-0.0641,1,0.9924,-0.8857,0.9919,-0.8829,0.0028,140.5,31,0.9924,-0.8857,0.2200,1.3301,1.3301,2.6835,0.4400,0,0,0,
85.706,48.300,pred,block2_B_pred,1,1.1490,-0.2202,-2.4206,0.1420,0.1300,0.2200,-0.1667,1,1.0217,-0.9091,1.0214,-0.9073,0.0018,140.5,31,1.0217,-0.9091,0.2200,1.3676,1.3676,2.6835,0.4400,0,0,0,
85.806,48.400,pred,block2_B_pred,1,1.1376,-0.2301,-2.4321,0.1900,-0.0740,0.2200,-0.1154,1,1.0577,-0.9256,1.0575,-0.9244,0.0012,140.0,31,1.0577,-0.9256,0.2200,1.4055,1.4055,2.6835,0.4341,0,0,0,
85.918,48.513,pred,block2_B_pred,1,1.1265,-0.2394,-2.4577,0.2050,-0.1670,0.2200,-0.1667,1,1.0577,-0.9256,1.0575,-0.9244,0.0012,140.0,31,1.0577,-0.9256,0.2200,1.4055,1.4055,2.6835,0.4382,0,0,0,
86.006,48.600,pred,block2_B_pred,1,1.1131,-0.2502,-2.4770,0.1580,-0.3340,0.2200,-0.0897,1,1.0933,-0.9371,1.0932,-0.9363,0.0008,0.0,31,1.0933,-0.9371,0.2200,1.4399,1.4399,2.7008,0.4168,0,0,0,
86.105,48.700,pred,block2_B_pred,1,1.0969,-0.2626,-2.5017,0.2020,-0.1110,0.2084,-0.0897,1,1.1262,-0.9466,1.1261,-0.9461,0.0005,0.0,31,1.1262,-0.9466,0.2200,1.4712,1.4712,2.7008,0.4400,0,0,0,
86.207,48.801,pred,block2_B_pred,1,1.0780,-0.2765,-2.5219,0.2430,-0.2780,0.2200,-0.0897,1,1.1262,-0.9466,1.1261,-0.9461,0.0005,0.0,31,1.1262,-0.9466,0.2200,1.4712,1.4712,2.7008,0.4400,0,0,0,
86.305,48.900,pred,block2_B_pred,1,1.0590,-0.2900,-2.5371,0.2180,-0.3900,0.2200,-0.0128,1,1.1554,-0.9542,1.1554,-0.9539,0.0003,0.0,31,1.1554,-0.9542,0.2200,1.4985,1.4985,2.5947,0.4400,0,0,0,
86.405,49.000,pred,block2_B_pred,1,1.0401,-0.3029,-2.5513,0.2280,-0.2970,0.2200,-0.0385,1,1.1821,-0.9596,1.1821,-0.9593,0.0002,0.0,31,1.1821,-0.9596,0.2200,1.5225,1.5225,2.5947,0.4400,0,0,0,
86.517,49.111,pred,block2_B_pred,1,1.0215,-0.3152,-2.5668,0.2240,-0.0550,0.2200,-0.0385,1,1.2056,-0.9604,1.2056,-0.9602,0.0001,0.0,31,1.1821,-0.9596,0.2200,1.5414,1.5225,2.5947,0.4400,0,0,0,
86.605,49.200,pred,block2_B_pred,1,1.0029,-0.3270,-2.5890,0.2310,-0.1670,0.2200,0.0385,1,1.2056,-0.9604,1.2056,-0.9602,0.0001,0.0,31,1.2056,-0.9604,0.2200,1.5414,1.5414,2.5947,0.4400,0,0,0,
86.706,49.300,pred,block2_B_pred,1,0.9852,-0.3378,-2.6013,0.2050,-0.1670,0.2200,0.0641,1,1.2248,-0.9523,1.2247,-0.9522,0.0001,0.0,31,1.2248,-0.9523,0.2200,1.5514,1.5514,2.5461,0.4168,0,0,0,
86.806,49.400,pred,block2_B_pred,1,0.9666,-0.3488,-2.6127,0.2340,-0.1110,0.2200,0.0385,1,1.2409,-0.9338,1.2409,-0.9338,0.0001,0.0,31,1.2409,-0.9338,0.2200,1.5530,1.5530,2.5461,0.4400,0,0,0,
86.906,49.500,pred,block2_B_pred,1,0.9479,-0.3596,-2.6238,0.2210,-0.1110,0.2200,0.0128,1,1.2409,-0.9338,1.2409,-0.9338,0.0001,0.0,31,1.2409,-0.9338,0.2200,1.5530,1.5530,2.5461,0.4400,0,0,0,
87.006,49.600,pred,block2_B_pred,1,0.9293,-0.3701,-2.6283,0.2020,0.0740,0.2200,0.0000,1,1.2534,-0.9067,1.2534,-0.9066,0.0000,0.0,31,1.2534,-0.9067,0.2200,1.5470,1.5470,2.5461,0.4400,0,0,0,
87.106,49.700,pred,block2_B_pred,1,0.9095,-0.3813,-2.6246,0.2280,0.0370,0.2200,0.0897,1,1.2578,-0.8705,1.2578,-0.8705,0.0000,0.0,31,1.2578,-0.8705,0.2200,1.5296,1.5296,2.4445,0.4400,0,0,0,
87.206,49.800,pred,block2_B_pred,1,0.8906,-0.3922,-2.6161,0.2280,0.0000,0.2200,0.0641,1,1.2578,-0.8705,1.2578,-0.8705,0.0000,0.0,31,1.2578,-0.8705,0.2200,1.5296,1.5296,2.4445,0.4400,0,0,0,
87.306,49.900,pred,block2_B_pred,1,0.8736,-0.4021,-2.6024,0.2340,0.1850,0.2200,0.0385,1,1.2507,-0.8300,1.2507,-0.8300,0.0000,0.0,31,1.2507,-0.8300,0.2200,1.5011,1.5011,2.4445,0.4400,0,0,0,
87.406,50.001,pred,block2_B_pred,1,0.8564,-0.4125,-2.5964,0.1960,-0.1480,0.2200,0.0128,1,1.2301,-0.7850,1.2301,-0.7850,0.0000,0.0,31,1.2301,-0.7850,0.2200,1.4592,1.4592,2.3323,0.4168,0,0,0,
87.507,50.102,pred,block2_B_pred,1,0.8386,-0.4236,-2.5779,0.2180,0.0920,0.2200,0.0385,1,1.2301,-0.7850,1.2301,-0.7850,0.0000,0.0,31,1.2301,-0.7850,0.2200,1.4592,1.4592,2.3323,0.4400,0,0,0,
87.605,50.200,pred,block2_B_pred,1,0.8217,-0.4344,-2.5642,0.2020,-0.0740,0.2200,0.0385,1,1.2001,-0.7411,1.2001,-0.7411,0.0000,0.0,31,1.2001,-0.7411,0.2200,1.4105,1.4105,2.3323,0.4400,0,0,0,
87.705,50.300,pred,block2_B_pred,1,0.8049,-0.4455,-2.5572,0.1990,0.2040,0.2200,0.0000,1,1.1640,-0.6988,1.0841,-0.4914,0.2223,142.0,35,1.0858,-0.4958,0.2248,1.3577,1.1937,2.3323,0.4400,0,0,1,
87.806,50.400,pred,block2_B_pred,1,0.7892,-0.4560,-2.5420,0.1900,0.2970,0.2200,-0.0128,1,1.1253,-0.6584,0.9880,-0.3090,0.3754,141.8,35,1.0858,-0.4958,0.2248,1.3038,1.1937,2.2874,0.4400,0,0,1,
87.905,50.500,pred,block2_B_pred,1,0.7711,-0.4684,-2.5346,0.2400,0.0740,0.2200,-0.0128,1,1.1253,-0.6584,0.9880,-0.3090,0.3754,141.8,35,0.9909,-0.3165,0.2280,1.3038,1.0402,2.2874,0.1481,0,0,1,
88.005,50.600,pred,block2_B_pred,1,0.7525,-0.4814,-2.5298,0.2340,0.0000,0.0347,-0.1923,1,1.0848,-0.6203,0.9050,-0.1764,0.4789,141.8,35,0.9089,-0.1859,0.2302,1.2496,0.9277,2.2874,0.1308,0,0,1,
88.112,50.706,pred,block2_B_pred,1,0.7340,-0.4944,-2.5272,0.2400,0.1110,0.0579,-0.1410,1,1.0366,-0.5801,0.7912,-0.0949,0.5438,146.1,35,0.9089,-0.1859,0.2302,1.1879,0.9277,2.2874,0.0657,0,0,1,
88.206,50.800,pred,block2_B_pred,1,0.7162,-0.5071,-2.5083,0.1990,0.3900,0.0000,-0.1667,1,1.0366,-0.5801,0.7912,-0.0949,0.5438,146.1,35,0.7965,-0.1053,0.2315,1.1879,0.8034,2.2232,0.0300,0,0,1,
88.305,50.900,pred,block2_B_pred,1,0.7021,-0.5175,-2.5085,0.1450,-0.2970,0.1250,-0.0128,1,0.9853,-0.5473,0.6633,-0.0605,0.5836,152.5,35,0.6702,-0.0710,0.2321,1.1271,0.6740,2.2232,0.2547,0,0,1,
88.406,51.000,pred,block2_B_pred,1,0.6948,-0.5229,-2.5221,0.0660,-0.3900,0.2200,0.0000,1,0.9853,-0.5473,0.6633,-0.0605,0.5836,152.5,35,0.6702,-0.0710,0.2321,1.1271,0.6740,2.2232,0.4400,0,0,1,
88.505,51.100,pred,block2_B_pred,1,0.6928,-0.5243,-2.5366,0.0000,0.0000,0.2200,0.0641,1,0.9335,-0.5176,0.5928,-0.0142,0.6079,153.1,35,0.6001,-0.0250,0.2325,1.0674,0.6006,2.1754,0.4153,0,0,1,
88.605,51.200,pred,block2_B_pred,1,0.6897,-0.5265,-2.5388,0.1670,0.0180,0.0950,-0.0385,1,0.8868,-0.4904,0.5563,0.0329,0.6190,151.2,35,0.5634,0.0217,0.2329,1.0134,0.5638,2.1754,0.0232,0,0,1,
88.706,51.300,pred,block2_B_pred,1,0.6878,-0.5278,-2.5388,0.0000,0.0000,0.0116,-0.0385,1,0.8868,-0.4904,0.5563,0.0329,0.6190,151.2,35,0.5634,0.0217,0.2329,1.0134,0.5638,2.1754,0.0232,0,0,1,
88.805,51.400,pred,block2_B_pred,1,0.6795,-0.5334,-2.5607,0.0600,-0.2410,0.0000,0.0000,1,0.8453,-0.4600,0.5302,0.0740,0.6200,149.1,35,0.5369,0.0625,0.2330,0.9623,0.5406,2.1754,0.0000,0,0,1,
88.905,51.500,pred,block2_B_pred,1,0.6728,-0.5377,-2.5781,0.0000,0.0000,0.0000,0.0000,1,0.8453,-0.4600,0.5302,0.0740,0.6200,149.1,35,0.5369,0.0625,0.2330,0.9623,0.5406,2.1278,0.0000,0,0,1,
89.007,51.601,pred,block2_B_pred,1,0.6728,-0.5377,-2.5781,0.0000,0.0000,0.1250,0.1410,1,0.8067,-0.4135,0.6019,-0.0664,0.4030,147.7,35,0.6063,-0.0739,0.2284,0.9065,0.6108,2.1278,0.3614,0,0,1,
89.105,51.700,pred,block2_B_pred,1,0.6694,-0.5398,-2.5815,0.0250,0.0370,0.1968,0.1410,1,0.8067,-0.4135,0.6019,-0.0664,0.4030,147.7,35,0.6063,-0.0739,0.2284,0.9065,0.6108,2.1278,0.0463,0,0,1,
89.206,51.801,pred,block2_B_pred,1,0.6662,-0.5418,-2.6026,0.0000,0.0000,0.0232,-0.0897,1,0.7741,-0.3706,0.6409,-0.1450,0.2619,146.1,35,0.6438,-0.1498,0.2255,0.8582,0.6610,2.1277,0.0232,0,0,1,
89.310,51.904,pred,block2_B_pred,1,0.6624,-0.5441,-2.5960,0.0790,-0.4640,0.0116,-0.0897,1,0.7445,-0.3309,0.4773,-0.0764,0.3691,160.4,35,0.4830,-0.0818,0.2278,0.8148,0.4899,2.1277,0.0246,0,0,1,
89.406,52.000,pred,block2_B_pred,1,0.6618,-0.5445,-2.6000,0.0000,0.0000,0.0116,-0.0897,1,0.7445,-0.3309,0.4773,-0.0764,0.3691,160.4,35,0.4830,-0.0818,0.2278,0.8148,0.4899,2.1277,0.0232,0,0,1,
89.506,52.100,pred,block2_B_pred,1,0.6618,-0.5445,-2.6000,0.0000,0.0000,0.0116,-0.1154,1,0.7169,-0.2932,0.5431,-0.1278,0.2399,158.6,35,0.5469,-0.1313,0.2251,0.7745,0.5624,2.1277,0.0232,0,0,1,
89.606,52.200,pred,block2_B_pred,1,0.6618,-0.5445,-2.6000,0.0000,0.0000,0.0000,0.0128,1,0.7169,-0.2932,0.5431,-0.1278,0.2399,158.6,35,0.5469,-0.1313,0.2251,0.7745,0.5624,2.1277,0.0000,0,0,1,
89.706,52.300,pred,block2_B_pred,1,0.6618,-0.5445,-2.6000,0.0000,0.0000,0.0000,0.0128,1,0.7169,-0.2932,0.5431,-0.1278,0.2399,158.6,35,0.5469,-0.1313,0.2251,0.7745,0.5624,2.1277,0.0000,0,0,1,
89.806,52.400,pred,block2_B_pred,1,0.6618,-0.5445,-2.6000,0.0000,0.0000,0.0579,0.1728,1,0.7169,-0.2932,0.5431,-0.1278,0.2399,158.6,35,0.5469,-0.1313,0.2251,0.7745,0.5624,2.1277,0.1134,0,0,1,
89.906,52.500,pred,block2_B_pred,1,0.6618,-0.5445,-2.6000,0.0000,0.0000,0.0579,0.3718,1,0.7169,-0.2932,0.5431,-0.1278,0.2399,158.6,35,0.5469,-0.1313,0.2251,0.7745,0.5624,2.1277,0.1134,0,0,1,
90.006,52.601,pred,block2_B_pred,1,0.6618,-0.5445,-2.6000,0.0000,0.0000,0.1042,0.5000,1,0.7169,-0.2932,0.5431,-0.1278,0.2399,158.6,35,0.5469,-0.1313,0.2251,0.7745,0.5624,2.2555,0.2176,0,0,1,
90.106,52.700,pred,block2_B_pred,1,0.6618,-0.5445,-2.6000,0.0000,0.0000,0.1158,0.5000,1,0.7169,-0.2932,0.5431,-0.1278,0.2399,158.6,35,0.5469,-0.1313,0.2251,0.7745,0.5624,2.2555,0.2176,0,0,1,
90.206,52.800,pred,block2_B_pred,1,0.6618,-0.5445,-2.6000,0.0000,0.0000,0.0000,0.3400,1,0.7169,-0.2932,0.5431,-0.1278,0.2399,158.6,35,0.5469,-0.1313,0.2251,0.7745,0.5624,2.2555,0.0000,0,0,1,
90.306,52.900,pred,block2_B_pred,1,0.6618,-0.5445,-2.6000,0.0000,0.0000,0.0000,0.1154,1,0.7169,-0.2932,0.5431,-0.1278,0.2399,158.6,35,0.5469,-0.1313,0.2251,0.7745,0.5624,2.2555,0.0000,0,0,1,
90.405,53.000,pred,block2_B_pred,1,0.6598,-0.5457,-2.5859,0.0340,0.2040,0.0000,0.1154,1,0.7169,-0.2932,0.5431,-0.1278,0.2399,158.6,35,0.5469,-0.1313,0.2251,0.7745,0.5624,2.2555,0.0000,0,0,1,
90.506,53.100,pred,block2_B_pred,1,0.6554,-0.5485,-2.5733,0.0880,-0.3340,0.0000,0.1154,0,0.7169,-0.2932,0.5431,-0.1278,0.2399,158.6,35,0.5469,-0.1313,0.2251,0.7745,0.5624,2.2555,0.0251,0,0,1,
90.605,53.200,pred,block2_B_pred,1,0.6518,-0.5508,-2.5628,0.0220,0.1300,0.0116,-0.0897,0,0.7169,-0.2932,0.5431,-0.1278,0.2399,158.6,35,0.5469,-0.1313,0.2251,0.7745,0.5624,2.2555,0.0232,0,0,1,
90.705,53.300,pred,block2_B_pred,1,0.6498,-0.5521,-2.5484,0.0340,0.2040,0.0116,-0.1410,0,0.7169,-0.2932,0.5431,-0.1278,0.2399,158.6,35,0.5469,-0.1313,0.2251,0.7745,0.5624,2.2555,0.0232,0,0,1,
90.805,53.400,pred,block2_B_pred,1,0.6495,-0.5523,-2.5462,0.0000,0.0000,0.0000,0.0641,0,0.7169,-0.2932,0.5431,-0.1278,0.2399,158.6,35,0.5469,-0.1313,0.2251,0.7745,0.5624,2.2555,0.0000,0,0,1,
90.906,53.500,pred,block2_B_pred,1,0.6461,-0.5547,-2.5381,0.0720,-0.3900,0.0000,0.0641,0,0.7169,-0.2932,0.5431,-0.1278,0.2399,158.6,35,0.5469,-0.1313,0.2251,0.7745,0.5624,2.2555,0.0000,0,0,1,
91.012,53.607,pred,block2_B_pred,1,0.6443,-0.5559,-2.5514,0.0000,0.0000,0.0000,0.1410,0,0.7169,-0.2932,0.5431,-0.1278,0.2399,158.6,35,0.5469,-0.1313,0.2251,0.7745,0.5624,2.4581,0.2244,0,0,1,
91.106,53.700,pred,block2_B_pred,1,0.6443,-0.5559,-2.5514,0.0000,0.0000,0.1737,0.4610,0,0.7169,-0.2932,0.5431,-0.1278,0.2399,158.6,35,0.5469,-0.1313,0.2251,0.7745,0.5624,2.4581,0.3139,0,0,1,
91.206,53.800,pred,block2_B_pred,1,0.6443,-0.5559,-2.5514,0.0000,0.0000,0.0695,0.5000,0,0.7169,-0.2932,0.5431,-0.1278,0.2399,158.6,35,0.5469,-0.1313,0.2251,0.7745,0.5624,2.4581,0.1345,0,0,1,
91.305,53.900,pred,block2_B_pred,1,0.6439,-0.5561,-2.5492,0.0190,0.1110,0.0695,0.5000,0,0.7169,-0.2932,0.5431,-0.1278,0.2399,158.6,35,0.5469,-0.1313,0.2251,0.7745,0.5624,2.4581,0.1345,0,0,1,
91.406,54.000,pred,block2_B_pred,1,0.6384,-0.5600,-2.5091,0.0600,0.3530,0.1389,0.3400,0,0.7169,-0.2932,0.5431,-0.1278,0.2399,158.6,35,0.5469,-0.1313,0.2251,0.7745,0.5624,2.4581,0.1838,0,0,1,
91.506,54.100,pred,block2_B_pred,1,0.6293,-0.5668,-2.4768,0.1040,0.5750,0.1274,0.2436,0,0.7169,-0.2932,0.5431,-0.1278,0.2399,158.6,35,0.5469,-0.1313,0.2251,0.7745,0.5624,2.4581,0.2084,0,0,1,
91.606,54.200,pred,block2_B_pred,1,0.6186,-0.5755,-2.4281,0.1360,0.7240,0.0926,0.2374,0,0.7169,-0.2932,0.5431,-0.1278,0.2399,158.6,35,0.5469,-0.1313,0.2251,0.7745,0.5624,2.4581,0.1858,0,0,1,
91.705,54.300,pred,block2_B_pred,1,0.6082,-0.5850,-2.3747,0.1290,0.5380,0.0811,0.1667,0,0.7169,-0.2932,0.5431,-0.1278,0.2399,158.6,35,0.5469,-0.1313,0.2251,0.7745,0.5624,2.4581,0.1621,0,0,1,
91.806,54.401,pred,block2_B_pred,1,0.5990,-0.5944,-2.3185,0.1860,0.1300,0.0811,-0.0128,0,0.7169,-0.2932,0.5431,-0.1278,0.2399,158.6,35,0.5469,-0.1313,0.2251,0.7745,0.5624,2.3894,0.1621,0,0,1,
91.905,54.500,pred,block2_B_pred,1,0.5913,-0.6030,-2.2602,0.0980,0.5750,0.0811,-0.0128,0,0.7169,-0.2932,0.5431,-0.1278,0.2399,158.6,35,0.5469,-0.1313,0.2251,0.7745,0.5624,2.3894,0.0695,0,0,1,
92.005,54.600,pred,block2_B_pred,1,0.5845,-0.6114,-2.2327,0.0500,0.2970,0.0579,0.0641,0,0.7169,-0.2932,0.5431,-0.1278,0.2399,158.6,35,0.5469,-0.1313,0.2251,0.7745,0.5624,2.3894,0.1158,0,0,1,
92.105,54.700,pred,block2_B_pred,1,0.5800,-0.6173,-2.1889,0.0950,0.5570,0.0579,0.0641,0,0.7169,-0.2932,0.5431,-0.1278,0.2399,158.6,35,0.5469,-0.1313,0.2251,0.7745,0.5624,2.1073,0.1158,0,0,1,
92.206,54.800,pred,block2_B_pred,1,0.5753,-0.6241,-2.1711,0.0310,0.1110,0.0347,-0.0703,0,0.7169,-0.2932,0.5431,-0.1278,0.2399,158.6,35,0.5469,-0.1313,0.2251,0.7745,0.5624,2.1073,0.0695,0,0,1,
92.306,54.900,pred,block2_B_pred,1,0.5738,-0.6263,-2.1561,0.0060,0.0370,0.0347,-0.2692,0,0.7169,-0.2932,0.5431,-0.1278,0.2399,158.6,35,0.5469,-0.1313,0.2251,0.7745,0.5624,2.1073,0.0695,0,0,1,
92.406,55.000,pred,block2_B_pred,1,0.5719,-0.6293,-2.1349,0.0030,0.0180,0.1597,-0.4805,0,0.7169,-0.2932,0.5431,-0.1278,0.2399,158.6,35,0.5469,-0.1313,0.2251,0.7745,0.5624,2.1073,0.2949,0,0,1,
92.505,55.100,pred,block2_B_pred,1,0.5719,-0.6293,-2.1349,0.0000,0.0000,0.1968,-0.5000,0,0.7169,-0.2932,0.5431,-0.1278,0.2399,158.6,35,0.5469,-0.1313,0.2251,0.7745,0.5624,2.1073,0.3501,0,0,1,
92.606,55.200,pred,block2_B_pred,1,0.5712,-0.6303,-2.1420,0.0600,-0.3530,0.1968,-0.5000,0,0.7169,-0.2932,0.5431,-0.1278,0.2399,158.6,35,0.5469,-0.1313,0.2251,0.7745,0.5624,2.1073,0.3501,0,0,1,
92.707,55.301,pred,block2_B_pred,1,0.5671,-0.6364,-2.1854,0.0980,-0.5750,0.2084,-0.5000,0,0.7169,-0.2932,0.5431,-0.1278,0.2399,158.6,35,0.5469,-0.1313,0.2251,0.7745,0.5624,2.1073,0.3819,0,0,1,
92.813,55.408,pred,block2_B_pred,1,0.5603,-0.6456,-2.2530,0.1170,-0.6870,0.2200,-0.5000,0,0.7169,-0.2932,0.5431,-0.1278,0.2399,158.6,35,0.5469,-0.1313,0.2251,0.7745,0.5624,2.0784,0.4244,0,0,1,
92.906,55.500,pred,block2_B_pred,1,0.5491,-0.6587,-2.3125,0.1740,-0.6130,0.2084,-0.5000,0,0.7169,-0.2932,0.5431,-0.1278,0.2399,158.6,35,0.5469,-0.1313,0.2251,0.7745,0.5624,2.0784,0.4129,0,0,1,
93.005,55.600,pred,block2_B_pred,1,0.5350,-0.6736,-2.3589,0.1740,-0.7610,0.1968,-0.5000,0,0.7169,-0.2932,0.5431,-0.1278,0.2399,158.6,35,0.5469,-0.1313,0.2251,0.7745,0.5624,2.0784,0.4391,0,0,1,
93.106,55.701,pred,block2_B_pred,1,0.5167,-0.6910,-2.4145,0.2750,-0.4270,0.2200,-0.5000,0,0.7169,-0.2932,0.5431,-0.1278,0.2399,158.6,35,0.5469,-0.1313,0.2251,0.7745,0.5624,2.0784,0.4168,0,0,1,
93.206,55.800,pred,block2_B_pred,1,0.4963,-0.7083,-2.4780,0.2560,-0.6870,0.2084,-0.5000,0,0.7169,-0.2932,0.5431,-0.1278,0.2399,158.6,35,0.5469,-0.1313,0.2251,0.7745,0.5624,1.8500,0.4168,0,0,1,
93.305,55.900,pred,block2_B_pred,1,0.4749,-0.7243,-2.5296,0.2690,-0.4270,0.2084,-0.5000,0,0.7169,-0.2932,0.5431,-0.1278,0.2399,158.6,35,0.5469,-0.1313,0.2251,0.7745,0.5624,1.8500,0.4168,0,0,1,
93.405,56.000,pred,block2_B_pred,1,0.4543,-0.7381,-2.5853,0.2180,-0.5750,0.2200,-0.1800,0,0.7169,-0.2932,0.5431,-0.1278,0.2399,158.6,35,0.5469,-0.1313,0.2251,0.7745,0.5624,1.8500,0.4168,0,0,1,
93.506,56.100,pred,block2_B_pred,1,0.4335,-0.7504,-2.6354,0.2370,-0.4270,0.2084,0.1400,0,0.7169,-0.2932,0.5431,-0.1278,0.2399,158.6,35,0.5469,-0.1313,0.2251,0.7745,0.5624,1.8500,0.3937,0,0,1,
93.606,56.200,pred,block2_B_pred,1,0.4145,-0.7605,-2.6792,0.2370,-0.2780,0.2200,0.1667,0,0.7169,-0.2932,0.5431,-0.1278,0.2399,158.6,35,0.5469,-0.1313,0.2251,0.7745,0.5624,1.7540,0.3937,0,0,1,
93.706,56.300,pred,block2_B_pred,1,0.3975,-0.7685,-2.7319,0.2120,-0.2410,0.2200,0.2436,0,0.7169,-0.2932,0.5431,-0.1278,0.2399,158.6,35,0.5469,-0.1313,0.2251,0.7745,0.5624,1.7540,0.3474,0,0,1,
93.806,56.400,pred,block2_B_pred,1,0.3807,-0.7755,-2.7669,0.2020,-0.1480,0.2084,0.2436,0,0.7169,-0.2932,0.5431,-0.1278,0.2399,158.6,35,0.5469,-0.1313,0.2251,0.7745,0.5624,1.7540,0.3937,0,0,1,
93.906,56.500,pred,block2_B_pred,1,0.3643,-0.7816,-2.7881,0.1360,-0.0180,0.1968,0.2436,0,0.7169,-0.2932,0.5431,-0.1278,0.2399,158.6,35,0.5469,-0.1313,0.2251,0.7745,0.5624,1.7063,0.4400,0,0,1,
94.006,56.600,pred,block2_B_pred,1,0.3466,-0.7883,-2.7749,0.1930,0.0920,0.2200,0.2436,0,0.7169,-0.2932,0.5431,-0.1278,0.2399,158.6,35,0.5469,-0.1313,0.2251,0.7745,0.5624,1.7063,0.4168,0,0,1,
94.106,56.700,pred,block2_B_pred,1,0.3290,-0.7952,-2.7468,0.1710,0.4080,0.2084,0.2179,0,0.7169,-0.2932,0.5431,-0.1278,0.2399,158.6,35,0.5469,-0.1313,0.2251,0.7745,0.5624,1.7063,0.4168,0,0,1,
94.206,56.800,pred,block2_B_pred,1,0.3103,-0.8034,-2.6963,0.1990,0.7240,0.1968,0.1667,0,0.7169,-0.2932,0.5431,-0.1278,0.2399,158.6,35,0.5469,-0.1313,0.2251,0.7745,0.5624,1.7063,0.4168,0,0,1,
94.308,56.903,pred,block2_B_pred,1,0.2916,-0.8127,-2.6417,0.1800,0.7240,0.1968,0.0385,0,0.7169,-0.2932,0.5431,-0.1278,0.2399,158.6,35,0.5469,-0.1313,0.2251,0.7745,0.5624,1.6358,0.3705,0,0,1,
94.406,57.000,pred,block2_B_pred,1,0.2745,-0.8225,-2.5935,0.1710,0.5200,0.1968,0.0641,0,0.7169,-0.2932,0.5431,-0.1278,0.2399,158.6,35,0.5469,-0.1313,0.2251,0.7745,0.5624,1.6358,0.4400,0,0,1,
94.506,57.100,pred,block2_B_pred,1,0.2592,-0.8323,-2.5426,0.1900,0.2220,0.2200,0.1154,0,0.7169,-0.2932,0.5431,-0.1278,0.2399,158.6,35,0.5469,-0.1313,0.2251,0.7745,0.5624,1.6358,0.4400,0,0,1,
94.611,57.206,pred,block2_B_pred,1,0.2449,-0.8425,-2.4936,0.1640,0.7060,0.2084,0.1154,0,0.7169,-0.2932,0.5431,-0.1278,0.2399,158.6,35,0.5469,-0.1313,0.2251,0.7745,0.5624,1.6074,0.4168,0,0,1,
94.706,57.300,pred,block2_B_pred,1,0.2310,-0.8533,-2.4561,0.1670,0.3150,0.2200,-0.0959,0,0.7169,-0.2932,0.5431,-0.1278,0.2399,158.6,35,0.5469,-0.1313,0.2251,0.7745,0.5624,1.6074,0.3937,0,0,1,
94.806,57.400,pred,block2_B_pred,1,0.2172,-0.8650,-2.4146,0.1960,0.3710,0.2084,0.1154,0,0.7169,-0.2932,0.5431,-0.1278,0.2399,158.6,35,0.5469,-0.1313,0.2251,0.7745,0.5624,1.6074,0.3937,0,0,1,
94.906,57.500,pred,block2_B_pred,1,0.2019,-0.8788,-2.3923,0.2310,0.2410,0.1968,0.0641,0,0.7169,-0.2932,0.5431,-0.1278,0.2399,158.6,35,0.5469,-0.1313,0.2251,0.7745,0.5624,1.6074,0.3937,0,0,1,
95.006,57.600,pred,block2_B_pred,1,0.1865,-0.8934,-2.3738,0.2090,-0.0370,0.1853,0.0641,0,0.7169,-0.2932,0.5431,-0.1278,0.2399,158.6,35,0.5469,-0.1313,0.2251,0.7745,0.5624,1.4762,0.4400,0,0,1,
95.106,57.700,pred,block2_B_pred,1,0.1719,-0.9077,-2.3638,0.1770,0.0370,0.2200,0.0641,0,0.7169,-0.2932,0.5431,-0.1278,0.2399,158.6,35,0.5469,-0.1313,0.2251,0.7745,0.5624,1.4762,0.4168,0,0,1,
95.206,57.800,pred,block2_B_pred,1,0.1562,-0.9232,-2.3578,0.2280,0.0000,0.2200,0.0897,0,0.7169,-0.2932,0.5431,-0.1278,0.2399,158.6,35,0.5469,-0.1313,0.2251,0.7745,0.5624,1.4762,0.4400,0,0,1,
95.306,57.900,pred,block2_B_pred,1,0.1421,-0.9373,-2.3516,0.2050,0.1300,0.2200,0.1154,0,0.7169,-0.2932,0.5431,-0.1278,0.2399,158.6,35,0.5469,-0.1313,0.2251,0.7745,0.5624,1.4762,0.4168,0,0,1,
95.405,58.000,pred,block2_B_pred,1,0.1290,-0.9506,-2.3572,0.1900,0.0740,0.1968,0.0897,0,0.7169,-0.2932,0.5431,-0.1278,0.2399,158.6,35,0.5469,-0.1313,0.2251,0.7745,0.5624,1.4179,0.3937,0,0,1,
95.506,58.100,pred,block2_B_pred,1,0.1154,-0.9641,-2.3590,0.2240,-0.0550,0.2200,0.1410,0,0.7169,-0.2932,0.5431,-0.1278,0.2399,158.6,35,0.5469,-0.1313,0.2251,0.7745,0.5624,1.4179,0.4400,0,0,1,
95.606,58.200,pred,block2_B_pred,1,0.1022,-0.9773,-2.3664,0.1960,-0.2220,0.2200,0.0897,0,0.7169,-0.2932,0.5431,-0.1278,0.2399,158.6,35,0.5469,-0.1313,0.2251,0.7745,0.5624,1.4179,0.4400,0,0,1,
95.706,58.300,pred,block2_B_pred,1,0.0894,-0.9897,-2.3705,0.1900,-0.1850,0.2200,0.1667,0,0.7169,-0.2932,0.5431,-0.1278,0.2399,158.6,35,0.5469,-0.1313,0.2251,0.7745,0.5624,1.3693,0.4400,0,0,1,
95.806,58.400,pred,block2_B_pred,1,0.0771,-1.0017,-2.3716,0.1860,-0.2410,0.2084,0.1667,0,0.7169,-0.2932,0.5431,-0.1278,0.2399,158.6,35,0.5469,-0.1313,0.2251,0.7745,0.5624,1.3693,0.3705,0,0,1,
95.911,58.506,pred,block2_B_pred,1,0.0633,-1.0152,-2.3757,0.2120,-0.1300,0.1853,0.0897,0,0.7169,-0.2932,0.5431,-0.1278,0.2399,158.6,35,0.5469,-0.1313,0.2251,0.7745,0.5624,1.3693,0.3937,0,0,1,
96.006,58.600,pred,block2_B_pred,1,0.0495,-1.0284,-2.3835,0.1960,-0.2600,0.2084,0.1667,0,0.7169,-0.2932,0.5431,-0.1278,0.2399,158.6,35,0.5469,-0.1313,0.2251,0.7745,0.5624,1.3693,0.3474,0,0,1,
96.105,58.700,pred,block2_B_pred,1,0.0362,-1.0411,-2.3819,0.1640,-0.0740,0.1737,0.3205,0,0.7169,-0.2932,0.5431,-0.1278,0.2399,158.6,35,0.5469,-0.1313,0.2251,0.7745,0.5624,1.3222,0.3242,0,0,1,
96.206,58.800,pred,block2_B_pred,1,0.0220,-1.0546,-2.3723,0.2020,0.1480,0.2200,0.1154,0,0.7169,-0.2932,0.5431,-0.1278,0.2399,158.6,35,0.5469,-0.1313,0.2251,0.7745,0.5624,1.3222,0.4168,0,0,1,
96.306,58.900,pred,block2_B_pred,1,0.0069,-1.0693,-2.3700,0.2120,0.1670,0.2200,0.0897,0,0.7169,-0.2932,0.5431,-0.1278,0.2399,158.6,35,0.5469,-0.1313,0.2251,0.7745,0.5624,1.3222,0.4168,0,0,1,
96.406,59.000,pred,block2_B_pred,1,-0.0077,-1.0836,-2.3582,0.1830,0.1850,0.1621,0.1154,0,0.7169,-0.2932,0.5431,-0.1278,0.2399,158.6,35,0.5469,-0.1313,0.2251,0.7745,0.5624,1.3222,0.4400,0,0,1,
96.506,59.100,pred,block2_B_pred,1,-0.0219,-1.0980,-2.3401,0.2090,0.2600,0.1621,0.0897,0,0.7169,-0.2932,0.5431,-0.1278,0.2399,158.6,35,0.5469,-0.1313,0.2251,0.7745,0.5624,1.2274,0.3474,0,0,1,
96.609,59.203,pred,block2_B_pred,1,-0.0355,-1.1121,-2.3264,0.1930,0.2040,0.1274,0.1154,0,0.7169,-0.2932,0.5431,-0.1278,0.2399,158.6,35,0.5469,-0.1313,0.2251,0.7745,0.5624,1.2274,0.2547,0,0,1,
96.706,59.300,pred,block2_B_pred,1,-0.0486,-1.1262,-2.3160,0.1900,-0.1110,0.1158,0.1154,0,0.7169,-0.2932,0.5431,-0.1278,0.2399,158.6,35,0.5469,-0.1313,0.2251,0.7745,0.5624,1.2274,0.2316,0,0,1,
96.805,59.400,pred,block2_B_pred,1,-0.0609,-1.1398,-2.2982,0.1930,0.1670,0.1505,0.1154,0,0.7169,-0.2932,0.5431,-0.1278,0.2399,158.6,35,0.5469,-0.1313,0.2251,0.7745,0.5624,1.1353,0.2779,0,0,1,
96.906,59.500,pred,block2_B_pred,1,-0.0717,-1.1521,-2.2719,0.1200,0.4080,0.1389,0.0897,0,0.7169,-0.2932,0.5431,-0.1278,0.2399,158.6,35,0.5469,-0.1313,0.2251,0.7745,0.5624,1.1353,0.3011,0,0,1,
97.006,59.600,pred,block2_B_pred,1,-0.0810,-1.1632,-2.2665,0.0950,0.1850,0.0926,0.0641,0,0.7169,-0.2932,0.5431,-0.1278,0.2399,158.6,35,0.5469,-0.1313,0.2251,0.7745,0.5624,1.1353,0.1621,0,0,1,
97.106,59.700,pred,block2_B_pred,1,-0.0906,-1.1746,-2.2587,0.1860,0.0920,0.0695,0.1667,0,0.7169,-0.2932,0.5431,-0.1278,0.2399,158.6,35,0.5469,-0.1313,0.2251,0.7745,0.5624,1.1353,0.0926,0,0,1,
97.206,59.800,pred,block2_B_pred,1,-0.0963,-1.1816,-2.2535,0.0850,0.4270,0.1158,0.1667,0,0.7169,-0.2932,0.5431,-0.1278,0.2399,158.6,35,0.5469,-0.1313,0.2251,0.7745,0.5624,1.1128,0.2316,0,0,1,
97.305,59.900,pred,block2_B_pred,1,-0.1018,-1.1883,-2.2453,0.0060,0.0370,0.1158,0.1667,0,0.7169,-0.2932,0.5431,-0.1278,0.2399,158.6,35,0.5469,-0.1313,0.2251,0.7745,0.5624,1.1128,0.4119,0,0,1,
97.406,60.000,pred,block2_B_pred,1,-0.1064,-1.1941,-2.2364,0.0850,0.5010,0.1968,-0.0641,0,0.7169,-0.2932,0.5431,-0.1278,0.2399,158.6,35,0.5469,-0.1313,0.2251,0.7745,0.5624,1.1128,0.3625,0,0,1,
97.506,60.100,pred,block2_B_pred,1,-0.1107,-1.1996,-2.2324,0.0470,0.2040,0.1853,-0.0641,0,0.7169,-0.2932,0.5431,-0.1278,0.2399,158.6,35,0.5469,-0.1313,0.2251,0.7745,0.5624,1.1128,0.3690,0,0,1,
97.606,60.200,pred,block2_B_pred,1,-0.1151,-1.2053,-2.2249,0.1170,-0.0550,0.1737,0.0959,0,0.7169,-0.2932,0.5431,-0.1278,0.2399,158.6,35,0.5469,-0.1313,0.2251,0.7745,0.5624,1.0656,0.3757,0,0,1,
97.706,60.300,pred,block2_B_pred,1,-0.1210,-1.2132,-2.1967,0.1200,0.4080,0.1158,0.1410,0,0.7169,-0.2932,0.5431,-0.1278,0.2399,158.6,35,0.5469,-0.1313,0.2251,0.7745,0.5624,1.0656,0.4197,0,0,1,
97.806,60.400,pred,block2_B_pred,1,-0.1297,-1.2255,-2.1733,0.1580,0.3710,0.2200,-0.0897,0,0.7169,-0.2932,0.5431,-0.1278,0.2399,158.6,35,0.5469,-0.1313,0.2251,0.7745,0.5624,1.0656,0.4168,0,0,1,
97.910,60.505,pred,block2_B_pred,1,-0.1413,-1.2426,-2.1514,0.2280,0.1850,0.2084,-0.1154,0,0.7169,-0.2932,0.5431,-0.1278,0.2399,158.6,35,0.5469,-0.1313,0.2251,0.7745,0.5624,1.0033,0.3937,0,0,1,
98.006,60.600,pred,block2_B_pred,1,-0.1525,-1.2602,-2.1292,0.2500,0.2410,0.1968,-0.4354,0,0.7169,-0.2932,0.5431,-0.1278,0.2399,158.6,35,0.5469,-0.1313,0.2251,0.7745,0.5624,1.0033,0.3937,0,0,1,
98.106,60.700,pred,block2_B_pred,1,-0.1647,-1.2799,-2.1181,0.2400,0.0370,0.1968,-0.3974,0,0.7169,-0.2932,0.5431,-0.1278,0.2399,158.6,35,0.5469,-0.1313,0.2251,0.7745,0.5624,1.0033,0.3478,0,0,1,
98.206,60.800,pred,block2_B_pred,1,-0.1784,-1.3024,-2.1188,0.2750,-0.0920,0.1737,-0.2692,0,0.7169,-0.2932,0.5431,-0.1278,0.2399,158.6,35,0.5469,-0.1313,0.2251,0.7745,0.5624,1.0033,0.3536,0,0,1,
98.306,60.900,pred,block2_B_pred,1,-0.1915,-1.3236,-2.1301,0.2500,0.0920,0.2084,-0.2949,0,0.7169,-0.2932,0.5431,-0.1278,0.2399,158.6,35,0.5469,-0.1313,0.2251,0.7745,0.5624,0.9101,0.4168,0,0,1,
98.406,61.000,pred,block2_B_pred,1,-0.2035,-1.3423,-2.1553,0.2280,-0.0370,0.1158,-0.2179,0,0.7169,-0.2932,0.5431,-0.1278,0.2399,158.6,35,0.5469,-0.1313,0.2251,0.7745,0.5624,0.9101,0.2840,0,0,1,
98.506,61.100,pred,block2_B_pred,1,-0.2135,-1.3570,-2.1787,0.1830,0.0000,0.1389,-0.1923,0,0.7169,-0.2932,0.5431,-0.1278,0.2399,158.6,35,0.5469,-0.1313,0.2251,0.7745,0.5624,0.9101,0.2779,0,0,1,
98.605,61.200,pred,block2_B_pred,1,-0.2207,-1.3671,-2.2051,0.0910,-0.3900,0.1389,-0.1667,0,0.7169,-0.2932,0.5431,-0.1278,0.2399,158.6,35,0.5469,-0.1313,0.2251,0.7745,0.5624,0.8866,0.2779,0,0,1,
98.705,61.300,pred,block2_B_pred,1,-0.2270,-1.3757,-2.2106,0.1420,0.1670,0.1389,-0.1667,0,0.7169,-0.2932,0.5431,-0.1278,0.2399,158.6,35,0.5469,-0.1313,0.2251,0.7745,0.5624,0.8866,0.1853,0,0,1,
98.806,61.400,pred,block2_B_pred,1,-0.2345,-1.3857,-2.2217,0.1230,-0.3530,0.0811,-0.1410,0,0.7169,-0.2932,0.5431,-0.1278,0.2399,158.6,35,0.5469,-0.1313,0.2251,0.7745,0.5624,0.8866,0.1621,0,0,1,
98.906,61.500,pred,block2_B_pred,1,-0.2401,-1.3929,-2.2425,0.1070,-0.4450,0.0811,-0.1923,0,0.7169,-0.2932,0.5431,-0.1278,0.2399,158.6,35,0.5469,-0.1313,0.2251,0.7745,0.5624,0.8866,0.3705,0,0,1,
99.006,61.601,pred,block2_B_pred,1,-0.2461,-1.4004,-2.2448,0.1550,0.0920,0.0811,-0.0641,0,0.7169,-0.2932,0.5431,-0.1278,0.2399,158.6,35,0.5469,-0.1313,0.2251,0.7745,0.5624,0.8682,0.1389,0,0,1,
99.106,61.700,pred,block2_B_pred,1,-0.2522,-1.4079,-2.2660,0.1420,-0.1300,0.1042,-0.1154,0,0.7169,-0.2932,0.5431,-0.1278,0.2399,158.6,35,0.5469,-0.1313,0.2251,0.7745,0.5624,0.8682,0.2779,0,0,1,
99.207,61.802,pred,block2_B_pred,1,-0.2569,-1.4135,-2.2867,0.0410,-0.2410,0.1274,-0.1154,0,0.7169,-0.2932,0.5431,-0.1278,0.2399,158.6,35,0.5469,-0.1313,0.2251,0.7745,0.5624,0.8682,0.1853,0,0,1,
99.306,61.900,pred,block2_B_pred,1,-0.2625,-1.4199,-2.3023,0.0310,-0.1850,0.1274,-0.1154,0,0.7169,-0.2932,0.5431,-0.1278,0.2399,158.6,35,0.5469,-0.1313,0.2251,0.7745,0.5624,0.8682,0.2535,0,0,1,
99.406,62.000,pred,block2_B_pred,1,-0.2681,-1.4262,-2.3138,0.0690,-0.3710,0.0926,-0.0641,0,0.7169,-0.2932,0.5431,-0.1278,0.2399,158.6,35,0.5469,-0.1313,0.2251,0.7745,0.5624,0.8173,0.2316,0,0,1,
99.508,62.103,pred,block2_B_pred,1,-0.2726,-1.4309,-2.3409,0.1330,-0.2220,0.0926,-0.0641,0,0.7169,-0.2932,0.5431,-0.1278,0.2399,158.6,35,0.5469,-0.1313,0.2251,0.7745,0.5624,0.8173,0.2547,0,0,1,
99.606,62.200,pred,block2_B_pred,1,-0.2789,-1.4374,-2.3635,0.0850,-0.5010,0.2200,-0.1728,0,0.7169,-0.2932,0.5431,-0.1278,0.2399,158.6,35,0.5469,-0.1313,0.2251,0.7745,0.5624,0.8173,0.4277,0,0,1,
99.705,62.300,pred,block2_B_pred,1,-0.2851,-1.4434,-2.3824,0.0660,-0.2040,0.2200,-0.3718,0,0.7169,-0.2932,0.5431,-0.1278,0.2399,158.6,35,0.5469,-0.1313,0.2251,0.7745,0.5624,0.8173,0.4352,0,0,1,
99.806,62.400,pred,block2_B_pred,1,-0.2943,-1.4520,-2.4150,0.1260,-0.7060,0.2200,-0.3718,0,0.7169,-0.2932,0.5431,-0.1278,0.2399,158.6,35,0.5469,-0.1313,0.2251,0.7745,0.5624,0.8173,0.4343,0,0,1,
99.905,62.500,pred,block2_B_pred,1,-0.3073,-1.4631,-2.4659,0.2090,-0.2220,0.1968,-0.3400,0,0.7169,-0.2932,0.5431,-0.1278,0.2399,158.6,35,0.5469,-0.1313,0.2251,0.7745,0.5624,0.8173,0.4357,0,0,1,
100.010,62.605,pred,block2_B_pred,1,-0.3225,-1.4746,-2.5201,0.2240,-0.4270,0.2200,-0.4231,0,0.7169,-0.2932,0.5431,-0.1278,0.2399,158.6,35,0.5469,-0.1313,0.2251,0.7745,0.5624,0.8173,0.4168,0,0,1,
100.105,62.700,pred,block2_B_pred,1,-0.3407,-1.4872,-2.5586,0.2020,-0.5570,0.2084,-0.3718,0,0.7169,-0.2932,0.5431,-0.1278,0.2399,158.6,35,0.5469,-0.1313,0.2251,0.7745,0.5624,0.7320,0.3937,0,0,1,
100.206,62.800,pred,block2_B_pred,1,-0.3601,-1.4996,-2.5931,0.2470,-0.3340,0.2200,-0.3462,0,0.7169,-0.2932,0.5431,-0.1278,0.2399,158.6,35,0.5469,-0.1313,0.2251,0.7745,0.5624,0.7320,0.4402,0,0,1,
100.306,62.900,pred,block2_B_pred,1,-0.3800,-1.5117,-2.6065,0.2400,-0.2600,0.2084,-0.3462,0,0.7169,-0.2932,0.5431,-0.1278,0.2399,158.6,35,0.5469,-0.1313,0.2251,0.7745,0.5624,0.7320,0.4169,0,0,1,
100.407,63.001,pred,block2_B_pred,1,-0.4023,-1.5247,-2.6239,0.2690,-0.2410,0.2200,-0.3462,0,0.7169,-0.2932,0.5431,-0.1278,0.2399,158.6,35,0.5469,-0.1313,0.2251,0.7745,0.5624,0.7320,0.4400,0,0,1,
100.506,63.100,pred,block2_B_pred,1,-0.4241,-1.5370,-2.6350,0.2470,-0.2220,0.2084,-0.3718,0,0.7169,-0.2932,0.5431,-0.1278,0.2399,158.6,35,0.5469,-0.1313,0.2251,0.7745,0.5624,0.6320,0.4181,0,0,1,
100.606,63.200,pred,block2_B_pred,1,-0.4464,-1.5492,-2.6535,0.2530,-0.0740,0.1968,-0.3718,0,0.7169,-0.2932,0.5431,-0.1278,0.2399,158.6,35,0.5469,-0.1313,0.2251,0.7745,0.5624,0.6320,0.4417,0,0,1,
100.706,63.300,pred,block2_B_pred,1,-0.4674,-1.5601,-2.6777,0.2280,-0.2970,0.2200,-0.4487,0,0.7169,-0.2932,0.5431,-0.1278,0.2399,158.6,35,0.5469,-0.1313,0.2251,0.7745,0.5624,0.6320,0.4168,0,0,1,
100.805,63.400,pred,block2_B_pred,1,-0.4828,-1.5675,-2.7265,0.1420,-0.7240,0.2084,-0.3718,0,0.7169,-0.2932,0.5431,-0.1278,0.2399,158.6,35,0.5469,-0.1313,0.2251,0.7745,0.5624,0.5392,0.4378,0,0,1,
100.906,63.500,pred,block2_B_pred,1,-0.4952,-1.5725,-2.8056,0.1360,-0.7980,0.2200,-0.3718,0,0.7169,-0.2932,0.5431,-0.1278,0.2399,158.6,35,0.5469,-0.1313,0.2251,0.7745,0.5624,0.5392,0.4346,0,0,1,
101.006,63.600,pred,block2_B_pred,1,-0.5069,-1.5762,-2.8773,0.0950,-0.5570,0.1389,-0.1605,0,0.7169,-0.2932,0.5431,-0.1278,0.2399,158.6,35,0.5469,-0.1313,0.2251,0.7745,0.5624,0.5392,0.1158,0,0,1,
101.106,63.701,pred,block2_B_pred,1,-0.5221,-1.5799,-2.9345,0.1420,-0.5380,0.1829,-0.1154,0,0.7169,-0.2932,0.5431,-0.1278,0.2399,158.6,35,0.5469,-0.1313,0.2251,0.7745,0.5624,0.5392,0.0926,0,0,1,
101.206,63.800,pred,block2_B_pred,1,-0.5370,-1.5828,-2.9809,0.1290,-0.7240,0.1829,0.0385,0,0.7169,-0.2932,0.5431,-0.1278,0.2399,158.6,35,0.5469,-0.1313,0.2251,0.7745,0.5624,0.5820,0.4400,0,0,1,
101.306,63.900,pred,block2_B_pred,1,-0.5485,-1.5845,-3.0161,0.1010,-0.5940,0.2200,-0.1154,0,0.7169,-0.2932,0.5431,-0.1278,0.2399,158.6,35,0.5469,-0.1313,0.2251,0.7745,0.5624,0.5820,0.4400,0,0,1,
101.406,64.000,pred,block2_B_pred,1,-0.5594,-1.5857,-3.0503,0.1260,-0.5570,0.2084,-0.1154,0,0.7169,-0.2932,0.5431,-0.1278,0.2399,158.6,35,0.5469,-0.1313,0.2251,0.7745,0.5624,0.5820,0.4044,0,0,1,
101.505,64.100,pred,block2_B_pred,1,-0.5774,-1.5873,-3.0670,0.2050,-0.0550,0.2200,-0.1154,0,0.7169,-0.2932,0.5431,-0.1278,0.2399,158.6,35,0.5469,-0.1313,0.2251,0.7745,0.5624,0.5320,0.4400,0,0,1,
101.605,64.200,pred,block2_B_pred,1,-0.5984,-1.5886,-3.0859,0.2210,-0.1480,0.2200,-0.2436,0,0.7169,-0.2932,0.5431,-0.1278,0.2399,158.6,35,0.5469,-0.1313,0.2251,0.7745,0.5624,0.5320,0.4168,0,0,1,
101.706,64.300,pred,block2_B_pred,1,-0.6183,-1.5896,-3.1014,0.2150,-0.0370,0.2084,-0.2179,0,0.7169,-0.2932,0.5431,-0.1278,0.2399,158.6,35,0.5469,-0.1313,0.2251,0.7745,0.5624,0.5320,0.4168,0,0,1,
101.805,64.400,pred,block2_B_pred,1,-0.6414,-1.5904,-3.1178,0.2340,-0.2600,0.1968,-0.2179,0,0.7169,-0.2932,0.5431,-0.1278,0.2399,158.6,35,0.5469,-0.1313,0.2251,0.7745,0.5624,0.5320,0.4400,0,0,1,
101.905,64.500,pred,block2_B_pred,1,-0.6611,-1.5907,3.1406,0.1900,-0.3340,0.2200,-0.2692,0,0.7169,-0.2932,0.5431,-0.1278,0.2399,158.6,35,0.5469,-0.1313,0.2251,0.7745,0.5624,0.4820,0.4168,0,0,1,
102.006,64.600,pred,block2_B_pred,1,-0.6805,-1.5904,3.1123,0.1960,-0.0370,0.2084,-0.2692,0,0.7169,-0.2932,0.5431,-0.1278,0.2399,158.6,35,0.5469,-0.1313,0.2251,0.7745,0.5624,0.4820,0.3937,0,0,1,
102.105,64.700,pred,block2_B_pred,1,-0.7004,-1.5895,3.0786,0.2400,-0.2970,0.1968,-0.2436,0,0.7169,-0.2932,0.5431,-0.1278,0.2399,158.6,35,0.5469,-0.1313,0.2251,0.7745,0.5624,0.4820,0.3937,0,0,1,
102.210,64.805,pred,block2_B_pred,1,-0.7196,-1.5882,3.0523,0.1610,-0.3530,0.1853,-0.2436,0,0.7169,-0.2932,0.5431,-0.1278,0.2399,158.6,35,0.5469,-0.1313,0.2251,0.7745,0.5624,0.4820,0.3705,0,0,1,
102.305,64.900,pred,block2_B_pred,1,-0.7384,-1.5865,3.0389,0.1670,-0.0180,0.1737,-0.2436,0,0.7169,-0.2932,0.5431,-0.1278,0.2399,158.6,35,0.5469,-0.1313,0.2251,0.7745,0.5624,0.4320,0.3474,0,0,1,
102.407,65.001,pred,block2_B_pred,1,-0.7562,-1.5845,3.0222,0.1200,-0.2970,0.1621,-0.1667,0,0.7169,-0.2932,0.5431,-0.1278,0.2399,158.6,35,0.5469,-0.1313,0.2251,0.7745,0.5624,0.4320,0.3242,0,0,1,
102.506,65.100,pred,block2_B_pred,1,-0.7737,-1.5823,3.0056,0.1800,-0.1670,0.1621,-0.2179,0,0.7169,-0.2932,0.5431,-0.1278,0.2399,158.6,35,0.5469,-0.1313,0.2251,0.7745,0.5624,0.4320,0.3011,0,0,1,
102.606,65.200,pred,block2_B_pred,1,-0.7888,-1.5801,2.9878,0.1550,-0.2040,0.1505,-0.1923,0,0.7169,-0.2932,0.5431,-0.1278,0.2399,158.6,35,0.5469,-0.1313,0.2251,0.7745,0.5624,0.3320,0.3011,0,0,1,
102.705,65.300,pred,block2_B_pred,1,-0.8029,-1.5778,2.9637,0.1140,-0.5200,0.1505,-0.1923,0,0.7169,-0.2932,0.5431,-0.1278,0.2399,158.6,35,0.5469,-0.1313,0.2251,0.7745,0.5624,0.3320,0.2779,0,0,1,
102.805,65.400,pred,block2_B_pred,1,-0.8156,-1.5754,2.9470,0.0850,-0.0180,0.1389,-0.1410,0,0.7169,-0.2932,0.5431,-0.1278,0.2399,158.6,35,0.5469,-0.1313,0.2251,0.7745,0.5624,0.3320,0.2547,0,0,1,
102.906,65.500,pred,block2_B_pred,1,-0.8261,-1.5733,2.9195,0.1100,-0.5380,0.1274,-0.1154,0,0.7169,-0.2932,0.5431,-0.1278,0.2399,158.6,35,0.5469,-0.1313,0.2251,0.7745,0.5624,0.3320,0.2547,0,0,1,
103.006,65.600,pred,block2_B_pred,1,-0.8408,-1.5699,2.8992,0.1260,-0.4080,0.1274,-0.1154,0,0.7169,-0.2932,0.5431,-0.1278,0.2399,158.6,35,0.5469,-0.1313,0.2251,0.7745,0.5624,0.2820,0.4242,0,0,1,
103.106,65.700,pred,block2_B_pred,1,-0.8521,-1.5671,2.8877,0.1070,0.0000,0.2200,0.2046,0,0.7169,-0.2932,0.5431,-0.1278,0.2399,158.6,35,0.5469,-0.1313,0.2251,0.7745,0.5624,0.2820,0.4301,0,0,1,
103.206,65.800,pred,block2_B_pred,1,-0.8654,-1.5635,2.8777,0.1610,-0.1300,0.2084,0.2046,0,0.7169,-0.2932,0.5431,-0.1278,0.2399,158.6,35,0.5469,-0.1313,0.2251,0.7745,0.5624,0.2820,0.4147,0,0,1,
103.306,65.900,pred,block2_B_pred,1,-0.8833,-1.5588,2.8862,0.2150,-0.0370,0.1968,0.1410,0,0.7169,-0.2932,0.5431,-0.1278,0.2399,158.6,35,0.5469,-0.1313,0.2251,0.7745,0.5624,0.4955,0.3937,0,0,1,
103.405,66.000,pred,block2_B_pred,1,-0.9020,-1.5541,2.9040,0.2090,-0.0370,0.1853,0.1923,0,0.7169,-0.2932,0.5431,-0.1278,0.2399,158.6,35,0.5469,-0.1313,0.2251,0.7745,0.5624,0.4955,0.3705,0,0,1,
103.506,66.100,pred,block2_B_pred,1,-0.9209,-1.5497,2.9270,0.1960,0.2970,0.1853,0.1154,0,0.7169,-0.2932,0.5431,-0.1278,0.2399,158.6,35,0.5469,-0.1313,0.2251,0.7745,0.5624,0.4955,0.3474,0,0,1,
103.606,66.200,pred,block2_B_pred,1,-0.9395,-1.5457,2.9478,0.1770,0.2970,0.1968,0.1154,0,0.7169,-0.2932,0.5431,-0.1278,0.2399,158.6,35,0.5469,-0.1313,0.2251,0.7745,0.5624,0.4955,0.3937,0,0,1,
103.706,66.300,pred,block2_B_pred,1,-0.9566,-1.5425,2.9571,0.1420,0.2410,0.1853,0.0897,0,0.7169,-0.2932,0.5431,-0.1278,0.2399,158.6,35,0.5469,-0.1313,0.2251,0.7745,0.5624,0.3955,0.3705,0,0,1,
103.807,66.401,pred,block2_B_pred,1,-0.9746,-1.5392,2.9680,0.2050,0.0180,0.2084,0.1154,0,0.7169,-0.2932,0.5431,-0.1278,0.2399,158.6,35,0.5469,-0.1313,0.2251,0.7745,0.5624,0.3955,0.3937,0,0,1,
103.906,66.500,pred,block2_B_pred,1,-0.9915,-1.5363,2.9794,0.1770,0.2600,0.1968,0.0897,0,0.7169,-0.2932,0.5431,-0.1278,0.2399,158.6,35,0.5469,-0.1313,0.2251,0.7745,0.5624,0.3955,0.3705,0,0,1,
104.006,66.600,pred,block2_B_pred,1,-1.0094,-1.5334,2.9843,0.1610,0.3150,0.1853,0.1410,0,0.7169,-0.2932,0.5431,-0.1278,0.2399,158.6,35,0.5469,-0.1313,0.2251,0.7745,0.5624,0.3955,0.3705,0,0,1,
104.107,66.701,pred,block2_B_pred,1,-1.0282,-1.5305,2.9956,0.1860,-0.1300,0.1853,0.1410,0,0.7169,-0.2932,0.5431,-0.1278,0.2399,158.6,35,0.5469,-0.1313,0.2251,0.7745,0.5624,0.3455,0.3705,0,0,1,
104.205,66.800,pred,block2_B_pred,1,-1.0457,-1.5281,3.0156,0.1740,0.2410,0.1737,0.0897,0,0.7169,-0.2932,0.5431,-0.1278,0.2399,158.6,35,0.5469,-0.1313,0.2251,0.7745,0.5624,0.3455,0.3242,0,0,1,
104.306,66.900,pred,block2_B_pred,1,-1.0635,-1.5260,3.0331,0.1930,0.0180,0.1621,0.0641,0,0.7169,-0.2932,0.5431,-0.1278,0.2399,158.6,35,0.5469,-0.1313,0.2251,0.7745,0.5624,0.3455,0.3011,0,0,1,
104.406,67.000,pred,block2_B_pred,1,-1.0786,-1.5243,3.0351,0.0950,0.0000,0.1505,0.0641,0,0.7169,-0.2932,0.5431,-0.1278,0.2399,158.6,35,0.5469,-0.1313,0.2251,0.7745,0.5624,0.2955,0.3011,0,0,1,
104.506,67.101,pred,block2_B_pred,1,-1.0952,-1.5226,3.0410,0.1420,-0.2780,0.1389,0.0641,0,0.7169,-0.2932,0.5431,-0.1278,0.2399,158.6,35,0.5469,-0.1313,0.2251,0.7745,0.5624,0.2955,0.2779,0,0,1,
104.606,67.200,pred,block2_B_pred,1,-1.1101,-1.5212,3.0523,0.1960,0.0740,0.1389,0.0641,0,0.7169,-0.2932,0.5431,-0.1278,0.2399,158.6,35,0.5469,-0.1313,0.2251,0.7745,0.5624,0.2955,0.2547,0,0,1,
104.706,67.300,pred,block2_B_pred,1,-1.1210,-1.5202,3.0705,0.0980,0.3530,0.0695,0.1923,0,0.7169,-0.2932,0.5431,-0.1278,0.2399,158.6,35,0.5469,-0.1313,0.2251,0.7745,0.5624,0.2955,0.1621,0,0,1,
104.806,67.400,pred,block2_B_pred,1,-1.1325,-1.5194,3.0720,0.0340,0.0550,0.0000,0.1667,0,0.7169,-0.2932,0.5431,-0.1278,0.2399,158.6,35,0.5469,-0.1313,0.2251,0.7745,0.5624,0.2599,0.0047,0,0,1,
104.906,67.500,pred,block2_B_pred,1,-1.1418,-1.5188,3.0935,0.0280,0.1670,0.0000,0.1667,0,0.7169,-0.2932,0.5431,-0.1278,0.2399,158.6,35,0.5469,-0.1313,0.2251,0.7745,0.5624,0.2599,0.0061,0,0,1,
105.006,67.600,pred,block2_B_pred,1,-1.1454,-1.5186,3.1150,0.0030,0.0180,0.0000,0.1667,0,0.7169,-0.2932,0.5431,-0.1278,0.2399,158.6,35,0.5469,-0.1313,0.2251,0.7745,0.5624,0.2599,0.0000,0,0,1,
105.106,67.700,pred,block2_B_pred,1,-1.1454,-1.5186,3.1150,0.0000,0.0000,0.0000,0.1410,0,0.7169,-0.2932,0.5431,-0.1278,0.2399,158.6,35,0.5469,-0.1313,0.2251,0.7745,0.5624,0.2099,0.0000,0,0,1,
105.206,67.800,pred,block2_B_pred,1,-1.1477,-1.5186,3.1287,0.0090,0.0550,0.0000,0.1410,0,0.7169,-0.2932,0.5431,-0.1278,0.2399,158.6,35,0.5469,-0.1313,0.2251,0.7745,0.5624,0.2099,0.0000,0,0,1,
105.306,67.900,pred,block2_B_pred,1,-1.1477,-1.5186,3.1287,0.0000,0.0000,0.0000,0.1410,0,0.7169,-0.2932,0.5431,-0.1278,0.2399,158.6,35,0.5469,-0.1313,0.2251,0.7745,0.5624,0.2099,0.0000,0,0,1,
105.406,68.000,pred,block2_B_pred,1,-1.1507,-1.5186,-3.1370,0.0030,0.0180,0.0000,0.1410,0,0.7169,-0.2932,0.5431,-0.1278,0.2399,158.6,35,0.5469,-0.1313,0.2251,0.7745,0.5624,0.2099,0.0000,0,0,1,
105.506,68.101,pred,block2_B_pred,1,-1.1507,-1.5186,-3.1370,0.0000,0.0000,0.0000,0.1410,0,0.7169,-0.2932,0.5431,-0.1278,0.2399,158.6,35,0.5469,-0.1313,0.2251,0.7745,0.5624,0.2099,0.0000,0,0,1,
105.606,68.200,pred,block2_B_pred,1,-1.1507,-1.5186,-3.1370,0.0000,0.0000,0.0000,0.1410,0,0.7169,-0.2932,0.5431,-0.1278,0.2399,158.6,35,0.5469,-0.1313,0.2251,0.7745,0.5624,0.2099,0.0000,0,0,1,
105.706,68.300,pred,block2_B_pred,1,-1.1530,-1.5186,3.1328,0.0600,-0.3530,0.0000,0.1410,0,0.7169,-0.2932,0.5431,-0.1278,0.2399,158.6,35,0.5469,-0.1313,0.2251,0.7745,0.5624,0.2099,0.0000,0,0,1,
105.807,68.401,pred,block2_B_pred,1,-1.1558,-1.5185,-3.1384,0.0120,0.0740,0.0000,0.2436,0,0.7169,-0.2932,0.5431,-0.1278,0.2399,158.6,35,0.5469,-0.1313,0.2251,0.7745,0.5624,0.2099,0.0000,0,0,1,
105.906,68.500,pred,block2_B_pred,1,-1.1650,-1.5186,-3.1269,0.0380,0.1850,0.0000,0.1410,0,0.7169,-0.2932,0.5431,-0.1278,0.2399,158.6,35,0.5469,-0.1313,0.2251,0.7745,0.5624,0.2099,0.2084,0,0,1,
106.008,68.602,pred,block2_B_pred,1,-1.1689,-1.5187,-3.1040,0.0250,0.1480,0.0000,0.1410,0,0.7169,-0.2932,0.5431,-0.1278,0.2399,158.6,35,0.5469,-0.1313,0.2251,0.7745,0.5624,0.2099,0.0000,0,0,1,
106.106,68.700,pred,block2_B_pred,1,-1.1757,-1.5190,-3.0932,0.0340,0.1300,0.0000,0.0000,0,0.7169,-0.2932,0.5431,-0.1278,0.2399,158.6,35,0.5469,-0.1313,0.2251,0.7745,0.5624,0.2099,0.0000,0,0,1,
106.206,68.800,pred,block2_B_pred,1,-1.1759,-1.5190,-3.0917,0.0000,0.0000,0.0000,0.0000,0,0.7169,-0.2932,0.5431,-0.1278,0.2399,158.6,35,0.5469,-0.1313,0.2251,0.7745,0.5624,0.2099,0.0000,0,0,1,
106.306,68.900,pred,block2_B_pred,1,-1.1751,-1.5190,-3.0791,0.0790,0.4640,0.0000,0.0000,0,0.7169,-0.2932,0.5431,-0.1278,0.2399,158.6,35,0.5469,-0.1313,0.2251,0.7745,0.5624,0.2099,0.0000,0,0,1,
106.406,69.000,pred,block2_B_pred,1,-1.1761,-1.5190,-3.0736,0.0000,0.0000,0.0000,0.0000,0,0.7169,-0.2932,0.5431,-0.1278,0.2399,158.6,35,0.5469,-0.1313,0.2251,0.7745,0.5624,0.2099,0.0000,0,0,1,
106.506,69.100,pred,block2_B_pred,1,-1.1761,-1.5190,-3.0736,0.0000,0.0000,0.0000,0.0000,0,0.7169,-0.2932,0.5431,-0.1278,0.2399,158.6,35,0.5469,-0.1313,0.2251,0.7745,0.5624,0.2099,0.0000,0,0,1,
106.609,69.204,pred,block2_B_pred,1,-1.1761,-1.5190,-3.0736,0.0000,0.0000,0.0000,0.0000,0,0.7169,-0.2932,0.5431,-0.1278,0.2399,158.6,35,0.5469,-0.1313,0.2251,0.7745,0.5624,0.2182,0.0000,0,0,1,
106.706,69.300,pred,block2_B_pred,1,-1.1761,-1.5190,-3.0736,0.0000,0.0000,0.0000,0.0000,0,0.7169,-0.2932,0.5431,-0.1278,0.2399,158.6,35,0.5469,-0.1313,0.2251,0.7745,0.5624,0.2182,0.0000,0,0,1,
106.806,69.400,pred,block2_B_pred,1,-1.1761,-1.5190,-3.0736,0.0000,0.0000,0.0000,0.0000,0,0.7169,-0.2932,0.5431,-0.1278,0.2399,158.6,35,0.5469,-0.1313,0.2251,0.7745,0.5624,0.2182,0.0000,0,0,1,
106.906,69.500,pred,block2_B_pred,1,-1.1761,-1.5190,-3.0736,0.0000,0.0000,0.0000,0.0000,0,0.7169,-0.2932,0.5431,-0.1278,0.2399,158.6,35,0.5469,-0.1313,0.2251,0.7745,0.5624,0.2182,0.0000,0,0,1,
107.006,69.600,pred,block2_B_pred,1,-1.1761,-1.5190,-3.0736,0.0000,0.0000,0.0000,0.0000,0,0.7169,-0.2932,0.5431,-0.1278,0.2399,158.6,35,0.5469,-0.1313,0.2251,0.7745,0.5624,0.2182,0.0000,0,0,1,
107.106,69.700,pred,block2_B_pred,1,-1.1761,-1.5190,-3.0736,0.0000,0.0000,0.0000,0.0000,0,0.7169,-0.2932,0.5431,-0.1278,0.2399,158.6,35,0.5469,-0.1313,0.2251,0.7745,0.5624,0.2182,0.0000,0,0,1,
107.206,69.800,pred,block2_B_pred,1,-1.1761,-1.5190,-3.0736,0.0000,0.0000,0.0000,0.0000,0,0.7169,-0.2932,0.5431,-0.1278,0.2399,158.6,35,0.5469,-0.1313,0.2251,0.7745,0.5624,0.2182,0.0000,0,0,1,
107.306,69.900,pred,block2_B_pred,1,-1.1761,-1.5190,-3.0736,0.0000,0.0000,0.0000,0.0000,0,0.7169,-0.2932,0.5431,-0.1278,0.2399,158.6,35,0.5469,-0.1313,0.2251,0.7745,0.5624,0.2182,0.0000,0,0,1,
107.406,70.000,pred,block2_B_pred,1,-1.1761,-1.5190,-3.0736,0.0000,0.0000,0.0000,0.0000,0,0.7169,-0.2932,0.5431,-0.1278,0.2399,158.6,35,0.5469,-0.1313,0.2251,0.7745,0.5624,0.2182,0.0000,0,0,1,
107.506,70.100,pred,block2_B_pred,1,-1.1761,-1.5190,-3.0736,0.0000,0.0000,0.0000,0.0000,0,0.7169,-0.2932,0.5431,-0.1278,0.2399,158.6,35,0.5469,-0.1313,0.2251,0.7745,0.5624,0.2182,0.0000,0,0,1,
107.606,70.200,pred,block2_B_pred,1,-1.1761,-1.5190,-3.0736,0.0000,0.0000,0.0000,0.0000,0,0.7169,-0.2932,0.5431,-0.1278,0.2399,158.6,35,0.5469,-0.1313,0.2251,0.7745,0.5624,0.2182,0.0000,0,0,1,
107.706,70.300,pred,block2_B_pred,1,-1.1761,-1.5190,-3.0736,0.0000,0.0000,0.0000,0.0000,1,0.3965,0.5014,0.3965,0.5014,0.0000,0.0,31,0.3965,0.5014,0.2200,0.6392,0.6392,0.2182,0.0000,0,0,0,
107.806,70.400,pred,block2_B_pred,1,-1.1761,-1.5190,-3.0736,0.0000,0.0000,0.0000,0.0000,1,0.3995,0.4948,0.3995,0.4948,0.0000,0.0,31,0.3995,0.4948,0.2200,0.6360,0.6360,0.2182,0.0000,0,0,0,
107.907,70.501,pred,block2_B_pred,1,-1.1761,-1.5190,-3.0736,0.0000,0.0000,0.0000,0.0000,1,0.4048,0.4817,0.4048,0.4817,0.0000,0.0,31,0.4048,0.4817,0.2200,0.6293,0.6293,0.2182,0.0000,0,0,0,
108.006,70.600,pred,block2_B_pred,1,-1.1761,-1.5190,-3.0736,0.0000,0.0000,0.0000,0.0000,1,0.4048,0.4817,0.4048,0.4817,0.0000,0.0,31,0.4048,0.4817,0.2200,0.6293,0.6293,0.2182,0.0000,0,0,0,
108.105,70.700,pred,block2_B_pred,1,-1.1761,-1.5190,-3.0736,0.0000,0.0000,0.0000,0.0000,1,0.4125,0.4656,0.4125,0.4656,0.0000,0.0,31,0.4125,0.4656,0.2200,0.6221,0.6221,0.2182,0.0000,0,0,0,
108.206,70.800,pred,block2_B_pred,1,-1.1761,-1.5190,-3.0736,0.0000,0.0000,0.0000,0.0000,1,0.4125,0.4656,0.4125,0.4656,0.0000,0.0,31,0.4125,0.4656,0.2200,0.6221,0.6221,0.2182,0.0000,0,0,0,
108.306,70.900,pred,block2_B_pred,1,-1.1761,-1.5190,-3.0736,0.0000,0.0000,0.0000,0.0000,1,0.4238,0.4494,0.4238,0.4494,0.0000,0.0,31,0.4238,0.4494,0.2200,0.6177,0.6177,0.2182,0.0000,0,0,0,
108.406,71.000,pred,block2_B_pred,1,-1.1761,-1.5190,-3.0736,0.0000,0.0000,0.0000,0.0000,1,0.4378,0.4375,0.4378,0.4375,0.0000,0.0,31,0.4378,0.4375,0.2200,0.6189,0.6189,0.2182,0.0000,0,0,0,
108.506,71.100,pred,block2_B_pred,1,-1.1761,-1.5190,-3.0736,0.0000,0.0000,0.0000,0.0000,1,0.4521,0.4326,0.4521,0.4326,0.0000,0.0,31,0.4521,0.4326,0.2200,0.6257,0.6257,0.2182,0.0000,0,0,0,
108.606,71.201,pred,block2_B_pred,1,-1.1761,-1.5190,-3.0736,0.0000,0.0000,0.0000,0.0000,1,0.4521,0.4326,0.4521,0.4326,0.0000,0.0,31,0.4521,0.4326,0.2200,0.6257,0.6257,0.2182,0.0000,0,0,0,
108.706,71.300,pred,block2_B_pred,1,-1.1761,-1.5190,-3.0736,0.0000,0.0000,0.0000,0.0000,1,0.4624,0.4381,0.4624,0.4381,0.0000,0.0,31,0.4624,0.4381,0.2200,0.6370,0.6370,0.2182,0.0000,0,0,0,
108.806,71.400,pred,block2_B_pred,1,-1.1761,-1.5190,-3.0736,0.0000,0.0000,0.0000,0.0000,1,0.4690,0.4508,0.4690,0.4508,0.0000,0.0,31,0.4690,0.4508,0.2200,0.6505,0.6505,0.2182,0.0000,0,0,0,
129.106,0.000,pred,block2_B_pred,1,-1.1761,-1.5190,-3.0736,0.0000,0.0000,0.0000,0.2949,0,0.4663,0.4997,0.4663,0.4997,0.0000,0.0,31,0.4663,0.4997,0.2200,0.6835,0.6835,1.4836,0.0000,0,0,0,
129.206,0.100,pred,block2_B_pred,1,-1.1761,-1.5190,-3.0736,0.0000,0.0000,0.0000,0.2949,0,0.4663,0.4997,0.4663,0.4997,0.0000,0.0,31,0.4663,0.4997,0.2200,0.6835,0.6835,1.4836,0.0000,0,0,0,
129.306,0.200,pred,block2_B_pred,1,-1.1761,-1.5190,-3.0736,0.0000,0.0000,0.0000,0.2949,0,0.4663,0.4997,0.4663,0.4997,0.0000,0.0,31,0.4663,0.4997,0.2200,0.6835,0.6835,1.4836,0.0000,0,0,0,
129.406,0.300,pred,block2_B_pred,1,-1.1761,-1.5190,-3.0736,0.0000,0.0000,0.0000,0.2949,0,0.4663,0.4997,0.4663,0.4997,0.0000,0.0,31,0.4663,0.4997,0.2200,0.6835,0.6835,1.4836,0.0000,0,0,0,
129.506,0.400,pred,block2_B_pred,1,-1.1761,-1.5190,-3.0736,0.0000,0.0000,0.0000,0.2949,0,0.4663,0.4997,0.4663,0.4997,0.0000,0.0,31,0.4663,0.4997,0.2200,0.6835,0.6835,1.4836,0.0000,0,0,0,
129.606,0.500,pred,block2_B_pred,1,-1.1761,-1.5190,-3.0736,0.0000,0.0000,0.0000,0.2949,0,0.4663,0.4997,0.4663,0.4997,0.0000,0.0,31,0.4663,0.4997,0.2200,0.6835,0.6835,1.4836,0.0000,0,0,0,
129.706,0.600,pred,block2_B_pred,1,-1.1761,-1.5190,-3.0736,0.0000,0.0000,0.0000,0.2949,0,0.4663,0.4997,0.4663,0.4997,0.0000,0.0,31,0.4663,0.4997,0.2200,0.6835,0.6835,1.4836,0.0000,0,0,0,
129.806,0.701,pred,block2_B_pred,1,-1.1776,-1.5191,-3.0646,0.0760,0.4450,0.0000,0.2949,0,0.4663,0.4997,0.4663,0.4997,0.0000,0.0,31,0.4663,0.4997,0.2200,0.6835,0.6835,1.4836,0.0000,0,0,0,
129.906,0.800,pred,block2_B_pred,1,-1.1786,-1.5192,-3.0451,-0.0630,0.3710,0.0000,0.2949,0,0.4663,0.4997,0.4663,0.4997,0.0000,0.0,31,0.4663,0.4997,0.2200,0.6835,0.6835,1.4836,0.0000,0,0,0,
130.005,0.900,pred,block2_B_pred,1,-1.1791,-1.5193,-3.0146,0.0410,0.2410,0.0000,0.4549,0,0.4663,0.4997,0.4663,0.4997,0.0000,0.0,31,0.4663,0.4997,0.2200,0.6835,0.6835,1.4836,0.0000,0,0,0,
130.106,1.001,pred,block2_B_pred,1,-1.1789,-1.5193,-2.9832,-0.0380,0.4080,0.0000,0.4549,0,0.4663,0.4997,0.4663,0.4997,0.0000,0.0,31,0.4663,0.4997,0.2200,0.6835,0.6835,1.5308,0.0010,0,0,0,
130.206,1.100,pred,block2_B_pred,1,-1.1793,-1.5193,-2.9487,-0.0410,0.2780,0.0000,0.4744,0,0.4663,0.4997,0.4663,0.4997,0.0000,0.0,31,0.4663,0.4997,0.2200,0.6835,0.6835,1.5308,0.0053,0,0,0,
130.306,1.201,pred,block2_B_pred,1,-1.1808,-1.5196,-2.8926,0.0500,0.6680,0.0000,0.4487,0,0.4663,0.4997,0.4663,0.4997,0.0000,0.0,31,0.4663,0.4997,0.2200,0.6835,0.6835,1.5308,0.0031,0,0,0,
130.406,1.301,pred,block2_B_pred,1,-1.1804,-1.5194,-2.8417,-0.0760,0.5570,0.0000,0.4231,0,0.4663,0.4997,0.4663,0.4997,0.0000,0.0,31,0.4663,0.4997,0.2200,0.6835,0.6835,1.5308,0.0012,0,0,0,
130.506,1.400,pred,block2_B_pred,1,-1.1793,-1.5191,-2.7860,0.0530,0.6500,0.0000,0.3718,0,0.4663,0.4997,0.4663,0.4997,0.0000,0.0,31,0.4663,0.4997,0.2200,0.6835,0.6835,1.5308,0.0016,0,0,0,
130.606,1.500,pred,block2_B_pred,1,-1.1779,-1.5185,-2.7333,-0.0600,0.5750,0.0000,0.3462,0,0.4663,0.4997,0.4663,0.4997,0.0000,0.0,31,0.4663,0.4997,0.2200,0.6835,0.6835,1.5308,0.0003,0,0,0,
130.706,1.601,pred,block2_B_pred,1,-1.1788,-1.5190,-2.6870,-0.0030,0.2780,0.0000,0.5000,0,0.4663,0.4997,0.4663,0.4997,0.0000,0.0,31,0.4663,0.4997,0.2200,0.6835,0.6835,1.5308,0.0000,0,0,0,
130.807,1.701,pred,block2_B_pred,1,-1.1812,-1.5202,-2.6309,0.0760,0.5200,0.0000,0.3205,0,0.4663,0.4997,0.4663,0.4997,0.0000,0.0,31,0.4663,0.4997,0.2200,0.6835,0.6835,1.5308,0.0016,0,0,0,
130.906,1.801,pred,block2_B_pred,1,-1.1814,-1.5204,-2.5882,0.0090,0.0550,0.0000,0.5000,0,0.4663,0.4997,0.4663,0.4997,0.0000,0.0,31,0.4663,0.4997,0.2200,0.6835,0.6835,1.5308,0.0022,0,0,0,
131.006,1.900,pred,block2_B_pred,1,-1.1817,-1.5205,-2.5508,0.0190,0.1850,0.0000,0.4487,0,0.4663,0.4997,0.4663,0.4997,0.0000,0.0,31,0.4663,0.4997,0.2200,0.6835,0.6835,1.5308,0.0022,0,0,0,
131.109,2.003,pred,block2_B_pred,1,-1.1826,-1.5212,-2.5123,0.0690,0.4080,0.0000,0.4487,0,0.4663,0.4997,0.4663,0.4997,0.0000,0.0,31,0.4663,0.4997,0.2200,0.6835,0.6835,1.5308,0.0000,0,0,0,
131.205,2.100,pred,block2_B_pred,1,-1.1832,-1.5217,-2.4719,0.0410,0.2410,0.0000,0.4231,0,0.4663,0.4997,0.4663,0.4997,0.0000,0.0,31,0.4663,0.4997,0.2200,0.6835,0.6835,1.5308,0.0045,0,0,0,
131.306,2.200,pred,block2_B_pred,1,-1.1829,-1.5215,-2.4396,0.0660,0.3900,0.0000,0.4231,0,0.4663,0.4997,0.4663,0.4997,0.0000,0.0,31,0.4663,0.4997,0.2200,0.6835,0.6835,1.5308,0.0039,0,0,0,
131.406,2.300,pred,block2_B_pred,1,-1.1831,-1.5218,-2.4021,0.0570,0.3710,0.0000,0.3974,0,0.4663,0.4997,0.4663,0.4997,0.0000,0.0,31,0.4663,0.4997,0.2200,0.6835,0.6835,1.5308,0.0048,0,0,0,
131.506,2.401,pred,block2_B_pred,1,-1.1828,-1.5215,-2.3624,0.0120,0.0740,0.0000,0.3718,0,0.4663,0.4997,0.4663,0.4997,0.0000,0.0,31,0.4663,0.4997,0.2200,0.6835,0.6835,1.5308,0.0065,0,0,0,
131.606,2.500,pred,block2_B_pred,1,-1.1830,-1.5217,-2.3293,0.0090,0.0550,0.0000,0.3718,0,0.4663,0.4997,0.4663,0.4997,0.0000,0.0,31,0.4663,0.4997,0.2200,0.6835,0.6835,1.5308,0.0020,0,0,0,
131.706,2.600,pred,block2_B_pred,1,-1.1821,-1.5209,-2.2902,-0.0120,0.1480,0.0000,0.3462,0,0.4663,0.4997,0.4663,0.4997,0.0000,0.0,31,0.4663,0.4997,0.2200,0.6835,0.6835,1.5308,0.0000,0,0,0,
131.814,2.709,pred,block2_B_pred,1,-1.1817,-1.5203,-2.2503,-0.0850,0.5010,0.0000,0.3205,0,0.4663,0.4997,0.4663,0.4997,0.0000,0.0,31,0.4663,0.4997,0.2200,0.6835,0.6835,1.5308,0.0008,0,0,0,
131.911,2.805,pred,block2_B_pred,1,-1.1809,-1.5193,-2.2176,-0.0820,0.4830,0.0000,0.4487,0,0.4663,0.4997,0.4663,0.4997,0.0000,0.0,31,0.4663,0.4997,0.2200,0.6835,0.6835,1.5308,0.0020,0,0,0,
132.006,2.901,pred,block2_B_pred,1,-1.1808,-1.5192,-2.1676,0.0150,0.8730,0.0000,0.4231,0,0.4663,0.4997,0.4663,0.4997,0.0000,0.0,31,0.4663,0.4997,0.2200,0.6835,0.6835,1.5308,0.0000,0,0,0,
132.106,3.000,pred,block2_B_pred,1,-1.1806,-1.5189,-2.1375,0.0150,0.4640,0.0000,0.3205,0,0.4663,0.4997,0.4663,0.4997,0.0000,0.0,31,0.4663,0.4997,0.2200,0.6835,0.6835,1.5308,0.0000,0,0,0,
132.225,3.120,pred,block2_B_pred,1,-1.1805,-1.5187,-2.0948,0.0410,0.6130,0.0000,0.3974,0,0.4663,0.4997,0.4663,0.4997,0.0000,0.0,31,0.4663,0.4997,0.2200,0.6835,0.6835,1.5308,0.0002,0,0,0,
132.306,3.201,pred,block2_B_pred,1,-1.1808,-1.5192,-2.0555,0.0380,0.4450,0.0000,0.3718,0,0.4663,0.4997,0.4663,0.4997,0.0000,0.0,31,0.4663,0.4997,0.2200,0.6835,0.6835,1.5308,0.0063,0,0,0,
132.406,3.300,pred,block2_B_pred,1,-1.1803,-1.5182,-2.0202,0.0760,0.5200,0.0000,0.3462,0,0.4663,0.4997,0.4663,0.4997,0.0000,0.0,31,0.4663,0.4997,0.2200,0.6835,0.6835,1.5308,0.0020,0,0,0,
132.507,3.401,pred,block2_B_pred,1,-1.1807,-1.5193,-1.9805,0.0660,0.4640,0.0000,0.5000,0,0.4663,0.4997,0.4663,0.4997,0.0000,0.0,31,0.4663,0.4997,0.2200,0.6835,0.6835,1.5308,0.0014,0,0,0,
132.606,3.500,pred,block2_B_pred,1,-1.1807,-1.5193,-1.9456,0.0380,0.2220,0.0000,0.5000,0,0.4663,0.4997,0.4663,0.4997,0.0000,0.0,31,0.4663,0.4997,0.2200,0.6835,0.6835,1.5308,0.0014,0,0,0,
132.706,3.600,pred,block2_B_pred,1,-1.1805,-1.5189,-1.9178,0.0660,0.4640,0.0000,0.5000,0,0.4663,0.4997,0.4663,0.4997,0.0000,0.0,31,0.4663,0.4997,0.2200,0.6835,0.6835,1.5308,0.2206,0,0,0,
132.806,3.700,pred,block2_B_pred,1,-1.1800,-1.5174,-1.8647,-0.0120,0.9280,0.0000,0.4744,0,0.4663,0.4997,0.4663,0.4997,0.0000,0.0,31,0.4663,0.4997,0.2200,0.6835,0.6835,1.5308,0.0231,0,0,0,
132.907,3.801,pred,block2_B_pred,1,-1.1799,-1.5172,-1.8258,-0.0310,0.3340,0.1366,0.5000,0,0.4663,0.4997,0.4663,0.4997,0.0000,0.0,31,0.4663,0.4997,0.2200,0.6835,0.6835,1.5308,0.0000,0,0,0,
133.006,3.901,pred,block2_B_pred,1,-1.1797,-1.5160,-1.7894,-0.0060,0.1480,0.0695,0.5000,0,0.4663,0.4997,0.4663,0.4997,0.0000,0.0,31,0.4663,0.4997,0.2200,0.6835,0.6835,1.5308,0.0000,0,0,0,
133.106,4.001,pred,block2_B_pred,1,-1.1800,-1.5176,-1.7459,0.0820,0.5200,0.0811,0.5000,0,0.4663,0.4997,0.4663,0.4997,0.0000,0.0,31,0.4663,0.4997,0.2200,0.6835,0.6835,1.5308,0.3545,0,0,0,
133.206,4.100,pred,block2_B_pred,1,-1.1802,-1.5189,-1.7048,0.0570,0.3340,0.2200,0.5000,0,0.4663,0.4997,0.4663,0.4997,0.0000,0.0,31,0.4663,0.4997,0.2200,0.6835,0.6835,1.5308,0.3394,0,0,0,
133.306,4.200,pred,block2_B_pred,1,-1.1804,-1.5210,-1.6629,0.0910,0.5380,0.2084,0.5000,0,0.4663,0.4997,0.4663,0.4997,0.0000,0.0,31,0.4663,0.4997,0.2200,0.6835,0.6835,1.5308,0.3084,0,0,0,
133.406,4.300,pred,block2_B_pred,1,-1.1807,-1.5271,-1.5942,0.1170,0.7610,0.2200,0.5000,0,0.4663,0.4997,0.4663,0.4997,0.0000,0.0,31,0.4663,0.4997,0.2200,0.6835,0.6835,1.5308,0.3833,0,0,0,
133.506,4.401,pred,block2_B_pred,1,-1.1806,-1.5397,-1.5195,0.1480,0.8730,0.2084,0.5000,0,0.4663,0.4997,0.4663,0.4997,0.0000,0.0,31,0.4663,0.4997,0.2200,0.6835,0.6835,1.5308,0.3438,0,0,0,
133.611,4.505,pred,block2_B_pred,1,-1.1791,-1.5592,-1.4397,0.1800,1.0210,0.2200,0.5000,0,0.4663,0.4997,0.4663,0.4997,0.0000,0.0,31,0.4663,0.4997,0.2200,0.6835,0.6835,1.5107,0.3953,0,0,0,
133.709,4.603,pred,block2_B_pred,1,-1.1757,-1.5798,-1.3591,0.1900,1.0400,0.1968,0.5000,0,0.4663,0.4997,0.4663,0.4997,0.0000,0.0,31,0.4663,0.4997,0.2200,0.6835,0.6835,1.5107,0.4400,0,0,0,
133.806,4.700,pred,block2_B_pred,1,-1.1704,-1.6008,-1.2811,0.2660,0.5570,0.2084,0.5000,0,0.4663,0.4997,0.4663,0.4997,0.0000,0.0,31,0.4663,0.4997,0.2200,0.6835,0.6835,1.5107,0.4403,0,0,0,
133.906,4.801,pred,block2_B_pred,1,-1.1632,-1.6224,-1.2061,0.2590,0.5940,0.2084,0.5000,0,0.4663,0.4997,0.4663,0.4997,0.0000,0.0,31,0.4663,0.4997,0.2200,0.6835,0.6835,1.5107,0.4395,0,0,0,
134.008,4.903,pred,block2_B_pred,1,-1.1542,-1.6444,-1.1455,0.2620,0.5380,0.2200,0.5000,0,0.4663,0.4997,0.4663,0.4997,0.0000,0.0,31,0.4663,0.4997,0.2200,0.6835,0.6835,1.4356,0.4400,0,0,0,
134.106,5.000,pred,block2_B_pred,1,-1.1440,-1.6655,-1.0839,0.2340,0.5940,0.2084,0.4744,0,0.4663,0.4997,0.4663,0.4997,0.0000,0.0,31,0.4663,0.4997,0.2200,0.6835,0.6835,1.4356,0.3969,0,0,0,
134.206,5.100,pred,block2_B_pred,1,-1.1328,-1.6858,-1.0342,0.1930,0.6130,0.2200,0.4744,0,0.4663,0.4997,0.4663,0.4997,0.0000,0.0,31,0.4663,0.4997,0.2200,0.6835,0.6835,1.4356,0.4400,0,0,0,
134.306,5.200,pred,block2_B_pred,1,-1.1208,-1.7052,-0.9915,0.2310,0.3900,0.2084,0.5000,1,2.4045,2.3149,2.8601,-1.2778,3.6215,-126.7,35,2.8503,-1.2008,1.2805,3.3377,3.0930,1.4356,0.4178,0,1,1,
134.414,5.309,pred,block2_B_pred,1,-1.1091,-1.7224,-0.9470,0.2150,0.4450,0.1968,0.5000,1,2.4045,2.3149,2.8601,-1.2778,3.6215,-126.7,35,2.8503,-1.2008,1.2805,3.3377,3.0930,1.3649,0.4400,0,1,1,
134.506,5.400,pred,block2_B_pred,1,-1.0974,-1.7381,-0.9014,0.1960,0.5200,0.2200,0.4487,1,2.4316,2.2340,2.7695,-1.1557,3.4066,-126.9,35,2.7623,-1.0831,1.2045,3.3021,2.9671,1.3649,0.4168,0,1,1,
134.606,5.500,pred,block2_B_pred,1,-1.0859,-1.7519,-0.8542,0.1830,0.1850,0.2084,0.5000,1,2.4782,2.1240,2.7386,-1.0977,3.2322,-126.0,35,2.7330,-1.0286,1.1428,3.2639,2.9202,1.3649,0.3937,0,1,1,
134.715,5.610,pred,block2_B_pred,1,-1.0741,-1.7650,-0.8122,0.2050,0.1670,0.1968,0.5000,1,2.4782,2.1240,2.7386,-1.0977,3.2322,-126.0,35,2.7330,-1.0286,1.1428,3.2639,2.9202,1.3538,0.4390,0,1,1,
134.807,5.702,pred,block2_B_pred,1,-1.0632,-1.7760,-0.7703,0.1290,0.5750,0.2200,0.4231,1,2.5347,1.9808,2.6417,-1.0719,3.0546,-126.0,35,2.6394,-1.0065,1.0800,3.2169,2.8248,1.3538,0.4138,0,1,1,
134.906,5.801,pred,block2_B_pred,1,-1.0503,-1.7884,-0.7380,0.1710,0.5940,0.2084,0.4744,1,2.5910,1.8207,2.5118,-1.0579,2.8796,-126.7,35,2.5135,-0.9962,1.0182,3.1667,2.7037,1.3538,0.3922,0,1,1,
135.006,5.900,pred,block2_B_pred,1,-1.0364,-1.8006,-0.7078,0.1900,0.1110,0.2200,0.5000,1,2.5910,1.8207,2.5118,-1.0579,2.8796,-126.7,35,2.5135,-0.9962,1.0182,3.1667,2.7037,1.3538,0.4400,0,1,1,
135.105,6.000,pred,block2_B_pred,1,-1.0230,-1.8118,-0.6750,0.1830,0.1480,0.2200,0.5000,1,2.6431,1.6657,2.3879,-1.0484,2.7260,-127.6,35,2.3934,-0.9902,0.9638,3.1241,2.5901,1.3076,0.4168,0,1,1,
135.206,6.100,pred,block2_B_pred,1,-1.0078,-1.8235,-0.6323,0.2280,0.2970,0.2084,0.4487,1,2.6890,1.5045,2.3418,-1.0610,2.5889,-126.9,35,2.3492,-1.0060,0.9154,3.0813,2.5556,1.3076,0.4168,0,1,1,
135.306,6.201,pred,block2_B_pred,1,-0.9914,-1.8351,-0.5947,0.2180,0.2410,0.2200,0.4231,1,2.6890,1.5045,2.3418,-1.0610,2.5889,-126.9,35,2.3492,-1.0060,0.9154,3.0813,2.5556,1.3076,0.4400,0,1,1,
135.412,6.307,pred,block2_B_pred,1,-0.9736,-1.8466,-0.5407,0.1960,0.7800,0.2084,0.3974,1,2.7329,1.3623,2.3386,-1.0890,2.4828,-125.6,35,2.3471,-1.0365,0.8778,3.0536,2.5657,1.1870,0.4400,0,1,1,
135.506,6.400,pred,block2_B_pred,1,-0.9537,-1.8580,-0.4940,0.2400,0.3340,0.2200,0.2887,1,2.7688,1.2002,2.3150,-1.1698,2.4131,-124.3,35,2.3247,-1.1190,0.8532,3.0178,2.5800,1.1870,0.4406,0,1,1,
135.605,6.500,pred,block2_B_pred,1,-0.9330,-1.8686,-0.4464,0.2090,0.5200,0.2200,0.2949,1,2.7994,1.0337,2.2471,-1.2813,2.3799,-123.7,35,2.3247,-1.1190,0.8532,2.9842,2.5800,1.1870,0.4168,0,1,1,
135.706,6.600,pred,block2_B_pred,1,-0.9130,-1.8777,-0.4012,0.2120,0.5380,0.2084,0.1349,1,2.7994,1.0337,2.2471,-1.2813,2.3799,-123.7,35,2.2589,-1.2317,0.8415,2.9842,2.5729,1.1870,0.4400,0,1,1,
135.807,6.701,pred,block2_B_pred,1,-0.8936,-1.8856,-0.3581,0.2370,0.3530,0.2200,0.0385,1,2.8186,0.8446,2.1283,-1.4386,2.3853,-123.5,35,2.1431,-1.3897,0.8434,2.9424,2.5542,1.1278,0.4400,0,1,1,
135.907,6.802,pred,block2_B_pred,1,-0.8727,-1.8930,-0.3145,0.2050,0.6500,0.2084,0.0897,1,2.8253,0.6398,1.9972,-1.6308,2.4169,-122.8,35,2.1431,-1.3897,0.8434,2.8969,2.5542,1.1278,0.4168,0,1,1,
136.006,6.900,pred,block2_B_pred,1,-0.8519,-1.8995,-0.2834,0.2340,0.1850,0.2200,-0.0703,1,2.8253,0.6398,1.9972,-1.6308,2.4169,-122.8,35,2.0149,-1.5821,0.8545,2.8969,2.5619,1.1278,0.4400,0,1,1,
136.106,7.000,pred,block2_B_pred,1,-0.8287,-1.9060,-0.2609,0.2430,0.0920,0.2084,0.0641,1,2.8270,0.4429,1.8827,-1.8112,2.4439,-121.6,35,1.9029,-1.7629,0.8641,2.8615,2.5940,1.1278,0.4168,0,1,1,
136.206,7.100,pred,block2_B_pred,1,-0.8061,-1.9119,-0.2491,0.2150,0.1850,0.2200,0.0641,1,2.8270,0.4429,1.8827,-1.8112,2.4439,-121.6,35,1.9029,-1.7629,0.8641,2.8615,2.5940,0.7711,0.4400,0,1,1,
136.306,7.201,pred,block2_B_pred,1,-0.7838,-1.9176,-0.2542,0.2150,-0.1480,0.2084,0.0641,1,2.8168,0.2489,1.7803,-1.9540,2.4346,-120.2,35,1.8025,-1.9068,0.8608,2.8278,2.6239,0.7711,0.4168,0,1,1,
136.406,7.301,pred,block2_B_pred,1,-0.7631,-1.9230,-0.2594,0.2120,0.0920,0.1968,0.0641,1,2.8049,0.0845,1.7679,-1.9326,2.2681,-118.9,35,1.7901,-1.8894,0.8019,2.8061,2.6028,0.7711,0.4400,0,1,1,
136.505,7.400,pred,block2_B_pred,1,-0.7435,-1.9283,-0.2645,0.2090,0.0000,0.2200,-0.0128,1,2.7951,-0.0442,1.8661,-1.7599,1.9511,-117.5,35,1.8861,-1.7231,0.6898,2.7954,2.5547,0.7222,0.4400,0,1,1,
136.606,7.500,pred,block2_B_pred,1,-0.7247,-1.9334,-0.2664,0.1900,0.1480,0.2084,-0.0128,1,2.7951,-0.0442,1.8661,-1.7599,1.9511,-117.5,35,1.8861,-1.7231,0.6898,2.7954,2.5547,0.7222,0.4168,0,1,1,
136.706,7.601,pred,block2_B_pred,1,-0.7068,-1.9384,-0.2790,0.2150,-0.0740,0.2200,0.0128,1,2.8298,-0.1384,2.5655,-1.1050,1.0021,-102.5,35,2.5712,-1.0843,0.3543,2.8332,2.7904,0.7222,0.4400,0,0,1,
136.806,7.700,pred,block2_B_pred,1,-0.6898,-1.9433,-0.2909,0.1640,-0.2600,0.2200,-0.0385,1,2.8897,-0.1992,2.9900,-0.6025,0.4156,-72.1,35,2.9878,-0.5939,0.2289,2.8966,3.0463,0.7222,0.4400,0,0,0,
136.906,7.801,pred,block2_B_pred,1,-0.6718,-1.9488,-0.3020,0.1860,0.0550,0.2084,0.0000,1,2.8897,-0.1992,2.9900,-0.6025,0.4156,-72.1,35,2.9878,-0.5939,0.2289,2.8966,3.0463,0.6228,0.4168,0,0,0,
137.006,7.900,pred,block2_B_pred,1,-0.6535,-1.9546,-0.3171,0.2150,-0.1110,0.2084,-0.0385,1,2.9304,-0.2116,3.1684,-0.3077,0.2567,-17.9,35,3.1633,-0.3057,0.2253,2.9381,3.1780,0.6228,0.4400,0,0,0,
137.106,8.000,pred,block2_B_pred,1,-0.6353,-1.9606,-0.3219,0.1670,-0.2040,0.2200,-0.0128,1,2.9405,-0.1952,3.0952,-0.2577,0.1668,-18.2,31,2.9405,-0.1952,0.2200,2.9470,2.9470,0.6228,0.4400,0,0,0,
137.209,8.103,pred,block2_B_pred,1,-0.6176,-1.9666,-0.3341,0.1740,-0.2040,0.2084,0.0000,1,2.9405,-0.1952,3.0952,-0.2577,0.1668,-18.2,31,2.9405,-0.1952,0.2200,2.9470,2.9470,0.5732,0.4168,0,0,0,
137.306,8.200,pred,block2_B_pred,1,-0.5994,-1.9729,-0.3362,0.1520,-0.2220,0.2200,0.0641,1,2.9278,-0.1693,3.0284,-0.2099,0.1084,-18.7,31,2.9278,-0.1693,0.2200,2.9327,2.9327,0.5732,0.4400,0,0,0,
137.406,8.301,pred,block2_B_pred,1,-0.5807,-1.9796,-0.3521,0.1990,-0.2410,0.2084,0.0897,1,2.9072,-0.1387,2.9725,-0.1651,0.0705,-19.3,31,2.9072,-0.1387,0.2200,2.9105,2.9105,0.5732,0.4168,0,0,0,
137.506,8.400,pred,block2_B_pred,1,-0.5615,-1.9867,-0.3588,0.1770,-0.1110,0.2084,0.1154,1,2.9072,-0.1387,2.9725,-0.1651,0.0705,-19.3,31,2.9072,-0.1387,0.2200,2.9105,2.9105,0.5732,0.3937,0,0,0,
137.605,8.500,pred,block2_B_pred,1,-0.5402,-1.9948,-0.3662,0.2180,-0.1300,0.2200,0.0000,1,2.8846,-0.1050,2.9271,-0.1222,0.0458,-19.9,31,2.8846,-0.1050,0.2200,2.8865,2.8865,0.5025,0.4400,0,0,0,
137.706,8.600,pred,block2_B_pred,1,-0.5202,-2.0025,-0.3721,0.2280,0.0000,0.2084,0.0128,1,2.8619,-0.0700,2.8895,-0.0811,0.0298,-20.6,31,2.8619,-0.0700,0.2200,2.8627,2.8627,0.5025,0.4168,0,0,0,
137.815,8.709,pred,block2_B_pred,1,-0.5000,-2.0103,-0.3666,0.1990,0.0550,0.2200,0.0897,1,2.8355,-0.0366,2.8535,-0.0439,0.0194,-21.3,31,2.8619,-0.0700,0.2200,2.8358,2.8627,0.5025,0.4400,0,0,0,
137.906,8.800,pred,block2_B_pred,1,-0.4779,-2.0188,-0.3677,0.2430,-0.0180,0.2084,0.1154,1,2.8355,-0.0366,2.8535,-0.0439,0.0194,-21.3,31,2.8355,-0.0366,0.2200,2.8358,2.8358,0.5025,0.4168,0,0,0,
138.006,8.900,pred,block2_B_pred,1,-0.4568,-2.0269,-0.3673,0.2150,-0.0370,0.1968,0.1154,1,2.8060,-0.0076,2.8177,-0.0123,0.0126,-21.8,31,2.8060,-0.0076,0.2200,2.8061,2.8061,0.4036,0.3937,0,0,0,
138.106,9.000,pred,block2_B_pred,1,-0.4374,-2.0344,-0.3697,0.1830,0.1850,0.1853,0.1154,1,2.7773,0.0171,2.7849,0.0140,0.0082,-22.3,31,2.7773,0.0171,0.2200,2.7773,2.7773,0.4036,0.3705,0,0,0,
138.206,9.100,pred,block2_B_pred,1,-0.4202,-2.0411,-0.3681,0.1330,0.1110,0.1737,0.1667,1,2.7773,0.0171,2.7849,0.0140,0.0082,-22.3,31,2.7773,0.0171,0.2200,2.7773,2.7773,0.4036,0.3474,0,0,0,
138.306,9.200,pred,block2_B_pred,1,-0.4029,-2.0477,-0.3655,0.1710,-0.0370,0.1737,0.1410,1,2.7483,0.0387,2.7532,0.0368,0.0053,-22.8,31,2.7483,0.0387,0.2200,2.7485,2.7485,0.3481,0.3242,0,0,0,
138.406,9.300,pred,block2_B_pred,1,-0.3862,-2.0540,-0.3566,0.2050,0.0550,0.1621,0.1410,1,2.7141,0.0561,2.7173,0.0548,0.0035,-23.2,31,2.7141,0.0561,0.2200,2.7147,2.7147,0.3481,0.3011,0,0,0,
138.506,9.400,pred,block2_B_pred,1,-0.3694,-2.0602,-0.3448,0.1860,0.0920,0.1505,0.0641,1,2.7141,0.0561,2.7173,0.0548,0.0035,-23.2,31,2.7141,0.0561,0.2200,2.7147,2.7147,0.3481,0.3011,0,0,0,
138.606,9.500,pred,block2_B_pred,1,-0.3553,-2.0652,-0.3273,0.1580,0.2600,0.1389,0.1410,1,2.6732,0.0654,2.6753,0.0645,0.0022,-23.4,31,2.6732,0.0654,0.2200,2.6740,2.6740,0.3481,0.2779,0,0,0,
138.706,9.600,pred,block2_B_pred,1,-0.3423,-2.0695,-0.3077,0.1140,-0.1480,0.1389,0.1154,1,2.6322,0.0671,2.6335,0.0665,0.0015,-23.4,31,2.6322,0.0671,0.2200,2.6330,2.6330,0.2981,0.2547,0,0,0,
138.806,9.700,pred,block2_B_pred,1,-0.3296,-2.0733,-0.2835,0.1830,0.1480,0.1274,0.0067,1,2.6322,0.0671,2.6335,0.0665,0.0015,-23.4,31,2.6322,0.0671,0.2200,2.6330,2.6330,0.2981,0.2547,0,0,0,
138.906,9.800,pred,block2_B_pred,1,-0.3192,-2.0763,-0.2661,0.0690,0.1850,0.0232,-0.1728,1,2.5915,0.0609,2.5924,0.0606,0.0009,0.0,31,2.5915,0.0609,0.2200,2.5922,2.5922,0.2981,0.0727,0,0,0,
139.009,9.903,pred,block2_B_pred,1,-0.3083,-2.0791,-0.2526,0.1260,-0.2970,0.0000,-0.4928,1,2.5565,0.0516,2.5571,0.0514,0.0006,0.0,31,2.5565,0.0516,0.2200,2.5570,2.5570,0.2481,0.0183,0,0,0,
139.106,10.001,pred,block2_B_pred,1,-0.2982,-2.0816,-0.2363,0.0910,-0.0920,0.0000,-0.4744,1,2.5565,0.0516,2.5571,0.0514,0.0006,0.0,31,2.5565,0.0516,0.2200,2.5570,2.5570,0.2481,0.0031,0,0,0,
139.207,10.102,pred,block2_B_pred,1,-0.2908,-2.0834,-0.2251,0.0950,0.4080,0.0000,-0.5000,1,2.5260,0.0413,2.5264,0.0412,0.0004,0.0,31,2.5260,0.0413,0.2200,2.5264,2.5264,0.2481,0.0034,0,0,0,
139.306,10.200,pred,block2_B_pred,1,-0.2856,-2.0845,-0.2336,0.0380,-0.2220,0.0000,-0.5000,1,2.4991,0.0318,2.4993,0.0317,0.0003,0.0,31,2.4991,0.0318,0.2200,2.4993,2.4993,0.2481,0.0000,0,0,0,
139.405,10.300,pred,block2_B_pred,1,-0.2854,-2.0846,-0.2347,0.0000,0.0000,0.0000,-0.5000,1,2.4991,0.0318,2.4993,0.0317,0.0003,0.0,31,2.4991,0.0318,0.2200,2.4993,2.4993,0.1981,0.0000,0,0,0,
139.511,10.405,pred,block2_B_pred,1,-0.2870,-2.0842,-0.2443,-0.0820,-0.4830,0.0000,-0.5000,1,2.4757,0.0244,2.4759,0.0243,0.0002,0.0,31,2.4757,0.0244,0.2200,2.4758,2.4758,0.1981,0.0000,0,0,0,
139.606,10.500,pred,block2_B_pred,1,-0.2912,-2.0831,-0.2696,-0.0440,-0.2600,0.0000,-0.4744,1,2.4575,0.0221,2.4576,0.0220,0.0001,0.0,31,2.4575,0.0221,0.2200,2.4576,2.4576,0.1981,0.0000,0,0,0,
139.714,10.609,pred,block2_B_pred,1,-0.2916,-2.0829,-0.3145,-0.0760,-0.4830,0.0000,-0.4487,1,2.4424,0.0289,2.4424,0.0289,0.0001,0.0,31,2.4575,0.0221,0.2200,2.4425,2.4576,0.1981,0.0030,0,0,0,
139.806,10.700,pred,block2_B_pred,1,-0.2921,-2.0828,-0.3757,0.0190,-0.5570,0.0000,-0.4231,1,2.4424,0.0289,2.4424,0.0289,0.0001,0.0,31,2.4424,0.0289,0.2200,2.4425,2.4425,0.2481,0.0000,0,0,0,
139.906,10.800,pred,block2_B_pred,1,-0.2887,-2.0842,-0.4359,0.0150,-0.6500,0.0000,-0.3718,1,2.4242,0.0536,2.4242,0.0536,0.0000,0.0,31,2.4242,0.0536,0.2200,2.4248,2.4248,0.2481,0.0039,0,0,0,
140.006,10.901,pred,block2_B_pred,1,-0.2874,-2.0848,-0.4968,0.0030,-0.2410,0.0000,-0.3462,1,2.4242,0.0536,2.4242,0.0536,0.0000,0.0,31,2.4242,0.0536,0.2200,2.4248,2.4248,0.2481,0.0000,0,0,0,
140.106,11.000,pred,block2_B_pred,1,-0.2857,-2.0857,-0.5636,-0.0500,-0.5940,0.0000,-0.3205,1,2.3923,0.1110,2.2098,0.2352,0.2207,143.1,35,2.2137,0.2325,0.2247,2.3949,2.2259,0.1981,0.0000,0,0,1,
140.207,11.101,pred,block2_B_pred,1,-0.2835,-2.0872,-0.6157,0.0410,-0.3900,0.0000,-0.2692,1,2.3457,0.1988,1.9463,0.4477,0.4706,143.2,35,1.9548,0.4424,0.2301,2.3541,2.0043,0.1981,0.0030,0,0,1,
140.306,11.200,pred,block2_B_pred,1,-0.2835,-2.0872,-0.6736,0.0120,-0.9280,0.0000,-0.2692,1,2.3457,0.1988,1.9463,0.4477,0.4706,143.2,35,1.9548,0.4424,0.2301,2.3541,2.0043,0.1981,0.0000,0,0,1,
140.407,11.301,pred,block2_B_pred,1,-0.2837,-2.0871,-0.7213,0.0120,-0.5570,0.0000,-0.0641,1,2.2780,0.3161,1.6187,0.6573,0.7423,144.7,35,1.6328,0.6499,0.2625,2.2998,1.7574,0.1981,0.0000,0,0,1,
140.505,11.400,pred,block2_B_pred,1,-0.2841,-2.0866,-0.7562,-0.0530,-0.5380,0.0000,-0.1923,1,2.2048,0.4447,1.2987,0.8174,0.9797,146.2,35,1.3181,0.8094,0.3464,2.2492,1.5468,0.1981,0.0000,0,0,1,
140.606,11.500,pred,block2_B_pred,1,-0.2855,-2.0853,-0.7698,-0.0820,-0.4830,0.0000,-0.1667,1,2.2048,0.4447,1.2987,0.8174,0.9797,146.2,35,1.3181,0.8094,0.3464,2.2492,1.5468,0.1981,0.0000,0,0,1,
140.705,11.600,pred,block2_B_pred,1,-0.2851,-2.0858,-0.7950,0.0090,-0.0550,0.0000,-0.1667,1,2.1254,0.5743,1.0328,0.9202,1.1461,147.3,35,1.0562,0.9128,0.4052,2.2016,1.3959,0.1981,0.0036,0,0,1,
140.806,11.701,pred,block2_B_pred,1,-0.2851,-2.0858,-0.7950,0.0000,0.0000,0.0000,-0.1923,1,2.0502,0.6918,0.8912,0.9733,1.1926,147.7,35,0.9160,0.9673,0.4217,2.1637,1.3322,0.1981,0.0000,0,0,1,
140.905,11.800,pred,block2_B_pred,1,-0.2869,-2.0840,-0.7802,0.0000,0.0000,0.0000,-0.1923,1,2.0502,0.6918,0.8912,0.9733,1.1926,147.7,35,0.9160,0.9673,0.4217,2.1637,1.3322,0.1981,0.0000,0,0,1,
141.010,11.905,pred,block2_B_pred,1,-0.2869,-2.0840,-0.7802,0.0000,0.0000,0.0000,-0.1923,1,2.0028,0.7961,1.4899,1.1080,0.6003,127.0,35,1.5009,1.1013,0.2328,2.1552,1.8616,0.1981,0.0000,0,0,1,
141.108,12.003,pred,block2_B_pred,1,-0.2869,-2.0840,-0.7802,0.0000,0.0000,0.0000,-0.1923,1,1.9860,0.8927,1.9106,1.1422,0.2606,82.6,35,1.5009,1.1013,0.2328,2.1774,1.8616,0.1981,0.0000,0,0,0,
141.206,12.100,pred,block2_B_pred,1,-0.2869,-2.0840,-0.7802,0.0000,0.0000,0.0000,-0.1923,1,1.9860,0.8927,1.9106,1.1422,0.2606,82.6,35,1.9122,1.1368,0.2256,2.1774,2.2246,0.2258,0.0000,0,0,0,
141.306,12.200,pred,block2_B_pred,1,-0.2869,-2.0840,-0.7802,0.0000,0.0000,0.0000,-0.1923,1,1.9754,0.9632,1.9264,1.1253,0.1694,80.8,35,1.9275,1.1219,0.2236,2.1977,2.2302,0.2258,0.0000,0,0,0,
141.408,12.303,pred,block2_B_pred,1,-0.2857,-2.0851,-0.7894,0.0790,-0.4640,0.0000,-0.1923,1,1.9715,1.0083,1.9396,1.1137,0.1101,79.7,35,1.9403,1.1114,0.2224,2.2143,2.2361,0.2258,0.0000,0,0,0,
141.506,12.401,pred,block2_B_pred,1,-0.2848,-2.0860,-0.7972,0.0000,0.0000,0.0000,-0.1667,1,1.9715,1.0083,1.9396,1.1137,0.1101,79.7,35,1.9403,1.1114,0.2224,2.2143,2.2361,0.2258,0.0000,0,0,0,
141.606,12.501,pred,block2_B_pred,1,-0.2848,-2.0860,-0.7972,0.0000,0.0000,0.0000,-0.1923,1,1.9723,1.0364,1.9516,1.1049,0.0716,79.1,35,1.9520,1.1034,0.2215,2.2280,2.2423,0.2466,0.0000,0,0,0,
141.708,12.603,pred,block2_B_pred,1,-0.2872,-2.0836,-0.8176,-0.0060,-0.0370,0.0000,-0.1923,1,1.9734,1.0558,1.9600,1.1004,0.0465,78.7,31,1.9734,1.0558,0.2200,2.2381,2.2381,0.2466,0.0000,0,0,0,
141.809,12.704,pred,block2_B_pred,1,-0.2888,-2.0819,-0.8314,-0.0600,-0.3530,0.0000,-0.1667,1,1.9734,1.0558,1.9600,1.1004,0.0465,78.7,31,1.9734,1.0558,0.2200,2.2381,2.2381,0.2466,0.0000,0,0,0,
141.906,12.800,pred,block2_B_pred,1,-0.2890,-2.0816,-0.8683,-0.0190,-0.1110,0.0000,-0.1667,1,1.9735,1.0738,1.9647,1.1028,0.0302,78.3,31,1.9735,1.0738,0.2200,2.2467,2.2467,0.2258,0.0000,0,0,0,
142.007,12.901,pred,block2_B_pred,1,-0.2890,-2.0815,-0.9043,0.0000,-0.0370,0.0000,-0.1410,1,1.9656,1.0972,1.9599,1.1160,0.0197,77.6,31,1.9656,1.0972,0.2200,2.2511,2.2511,0.2258,0.0000,0,0,0,
142.106,13.000,pred,block2_B_pred,1,-0.2888,-2.0819,-0.9377,0.0630,-0.4450,0.0000,-0.1154,1,1.9656,1.0972,1.9599,1.1160,0.0197,77.6,31,1.9656,1.0972,0.2200,2.2511,2.2511,0.2258,0.0000,0,0,0,
142.206,13.100,pred,block2_B_pred,1,-0.2891,-2.0815,-0.9451,0.0000,0.0000,0.0000,0.0000,1,1.9443,1.1298,1.9406,1.1420,0.0128,76.7,31,1.9443,1.1298,0.2200,2.2487,2.2487,0.2258,0.0000,0,0,0,
142.306,13.201,pred,block2_B_pred,1,-0.2890,-2.0816,-0.9458,0.0000,0.0000,0.0000,0.0000,1,1.9063,1.1723,1.9039,1.1803,0.0083,75.2,31,1.9063,1.1723,0.2200,2.2380,2.2380,0.2258,0.0000,0,0,0,
142.408,13.303,pred,block2_B_pred,1,-0.2874,-2.0838,-0.9622,0.0060,-0.0370,0.0000,0.0000,1,1.8585,1.2204,1.8569,1.2256,0.0054,73.5,31,1.8585,1.2204,0.2200,2.2234,2.2234,0.2258,0.0000,0,0,0,
142.506,13.400,pred,block2_B_pred,1,-0.2874,-2.0838,-0.9622,0.0000,0.0000,0.0000,0.0000,1,1.8585,1.2204,1.8569,1.2256,0.0054,73.5,31,1.8585,1.2204,0.2200,2.2234,2.2234,0.2258,0.0000,0,0,0,
142.606,13.500,pred,block2_B_pred,1,-0.2874,-2.0838,-0.9622,0.0000,0.0000,0.0000,0.0000,1,1.8128,1.2684,1.8118,1.2718,0.0035,71.8,31,1.8128,1.2684,0.2200,2.2125,2.2125,0.2258,0.0000,0,0,0,
142.706,13.600,pred,block2_B_pred,1,-0.2880,-2.0830,-0.9566,-0.0470,0.2780,0.0000,0.0000,1,1.7746,1.3119,1.7739,1.3141,0.0023,70.3,31,1.7746,1.3119,0.2200,2.2068,2.2068,0.2258,0.0000,0,0,0,
142.806,13.701,pred,block2_B_pred,1,-0.2894,-2.0810,-0.9414,0.0000,0.0000,0.0000,0.0000,1,1.7472,1.3495,1.7468,1.3509,0.0015,69.1,31,1.7472,1.3495,0.2200,2.2077,2.2077,0.2258,0.0000,0,0,0,
142.906,13.800,pred,block2_B_pred,1,-0.2894,-2.0810,-0.9414,0.0000,0.0000,0.0000,0.0000,1,1.7472,1.3495,1.7468,1.3509,0.0015,69.1,31,1.7472,1.3495,0.2200,2.2077,2.2077,0.2258,0.0000,0,0,0,
143.006,13.900,pred,block2_B_pred,1,-0.2894,-2.0810,-0.9414,0.0000,0.0000,0.0000,0.0000,1,1.7279,1.3808,1.7277,1.3817,0.0010,0.0,31,1.7279,1.3808,0.2200,2.2119,2.2119,0.2258,0.0000,0,0,0,
143.106,14.001,pred,block2_B_pred,1,-0.2894,-2.0810,-0.9414,0.0000,0.0000,0.0000,0.0000,1,1.7164,1.4075,1.7162,1.4081,0.0006,0.0,31,1.7164,1.4075,0.2200,2.2197,2.2197,0.2258,0.0000,0,0,0,
143.205,14.100,pred,block2_B_pred,1,-0.2894,-2.0810,-0.9414,0.0000,0.0000,0.0000,0.0000,1,1.7085,1.4307,1.7083,1.4311,0.0004,0.0,31,1.7085,1.4307,0.2200,2.2284,2.2284,0.2258,0.0000,0,0,0,
143.306,14.200,pred,block2_B_pred,1,-0.2894,-2.0810,-0.9414,0.0000,0.0000,0.0000,0.0000,1,1.7085,1.4307,1.7083,1.4311,0.0004,0.0,31,1.7085,1.4307,0.2200,2.2284,2.2284,0.2258,0.0000,0,0,0,
143.406,14.300,pred,block2_B_pred,1,-0.2894,-2.0810,-0.9414,0.0000,0.0000,0.0000,0.0000,1,1.7010,1.4535,1.7009,1.4537,0.0003,0.0,31,1.7010,1.4535,0.2200,2.2374,2.2374,0.2258,0.0000,0,0,0,
143.506,14.400,pred,block2_B_pred,1,-0.2894,-2.0810,-0.9414,0.0000,0.0000,0.0000,0.0000,1,1.6905,1.4801,1.6904,1.4803,0.0002,0.0,31,1.6905,1.4801,0.2200,2.2469,2.2469,0.2258,0.0000,0,0,0,
143.606,14.500,pred,block2_B_pred,1,-0.2894,-2.0810,-0.9414,0.0000,0.0000,0.0000,0.0000,1,1.6771,1.5106,1.6771,1.5107,0.0001,0.0,31,1.6771,1.5106,0.2200,2.2571,2.2571,0.2258,0.0000,0,0,0,
143.716,14.611,pred,block2_B_pred,1,-0.2894,-2.0810,-0.9414,0.0000,0.0000,0.0000,0.0000,1,1.6569,1.5463,1.6569,1.5464,0.0001,0.0,31,1.6771,1.5106,0.2200,2.2664,2.2571,0.2258,0.0000,0,0,0,
143.806,14.700,pred,block2_B_pred,1,-0.2894,-2.0810,-0.9414,0.0000,0.0000,0.0000,0.0000,1,1.6569,1.5463,1.6569,1.5464,0.0001,0.0,31,1.6569,1.5463,0.2200,2.2664,2.2664,0.2258,0.0000,0,0,0,
143.907,14.801,pred,block2_B_pred,1,-0.2894,-2.0810,-0.9414,0.0000,0.0000,0.0000,0.0000,1,1.6300,1.5860,1.6300,1.5861,0.0000,0.0,31,1.6300,1.5860,0.2200,2.2743,2.2743,0.2258,0.0000,0,0,0,
144.006,14.900,pred,block2_B_pred,1,-0.2894,-2.0810,-0.9414,0.0000,0.0000,0.0000,0.0000,1,1.6300,1.5860,1.6300,1.5861,0.0000,0.0,31,1.6300,1.5860,0.2200,2.2743,2.2743,0.2258,0.0000,0,0,0,
144.106,15.000,pred,block2_B_pred,1,-0.2894,-2.0810,-0.9414,0.0000,0.0000,0.0000,0.0000,1,1.6300,1.5860,1.6300,1.5861,0.0000,0.0,31,1.6300,1.5860,0.2200,2.2743,2.2743,0.2258,0.0000,0,0,0,
144.208,15.103,pred,block2_B_pred,1,-0.2894,-2.0810,-0.9414,0.0000,0.0000,0.0000,0.0000,1,1.6300,1.5860,1.6300,1.5861,0.0000,0.0,31,1.6300,1.5860,0.2200,2.2743,2.2743,0.2258,0.0000,0,0,0,
144.306,15.200,pred,block2_B_pred,1,-0.2894,-2.0810,-0.9414,0.0000,0.0000,0.0000,0.0000,1,1.6300,1.5860,1.6300,1.5861,0.0000,0.0,31,1.6300,1.5860,0.2200,2.2743,2.2743,0.2258,0.0000,0,0,0,
144.406,15.300,pred,block2_B_pred,1,-0.2894,-2.0810,-0.9414,0.0000,0.0000,0.0000,0.0000,1,1.6300,1.5860,1.6300,1.5861,0.0000,0.0,31,1.6300,1.5860,0.2200,2.2743,2.2743,0.2258,0.0000,0,0,0,
144.506,15.400,pred,block2_B_pred,1,-0.2894,-2.0810,-0.9414,0.0000,0.0000,0.0000,0.0000,1,1.6300,1.5860,1.6300,1.5861,0.0000,0.0,31,1.6300,1.5860,0.2200,2.2743,2.2743,0.2258,0.0000,0,0,0,
144.606,15.500,pred,block2_B_pred,1,-0.2894,-2.0810,-0.9414,0.0000,0.0000,0.0000,0.0000,1,1.6300,1.5860,1.6300,1.5861,0.0000,0.0,31,1.6300,1.5860,0.2200,2.2743,2.2743,0.2258,0.0000,0,0,0,
144.706,15.601,pred,block2_B_pred,1,-0.2894,-2.0810,-0.9414,0.0000,0.0000,0.0000,0.0000,1,1.6300,1.5860,1.6300,1.5861,0.0000,0.0,31,1.6300,1.5860,0.2200,2.2743,2.2743,0.2258,0.0000,0,0,0,
144.806,15.700,pred,block2_B_pred,1,-0.2894,-2.0810,-0.9414,0.0000,0.0000,0.0000,0.0000,1,1.6300,1.5860,1.6300,1.5861,0.0000,0.0,31,1.6300,1.5860,0.2200,2.2743,2.2743,0.2258,0.0000,0,0,0,
144.906,15.800,pred,block2_B_pred,1,-0.2894,-2.0810,-0.9414,0.0000,0.0000,0.0000,0.0000,0,1.6300,1.5860,1.6300,1.5861,0.0000,0.0,31,1.6300,1.5860,0.2200,2.2743,2.2743,0.2258,0.0000,0,0,0,
145.006,15.900,pred,block2_B_pred,1,-0.2894,-2.0810,-0.9414,0.0000,0.0000,0.0000,0.0000,0,1.6300,1.5860,1.6300,1.5861,0.0000,0.0,31,1.6300,1.5860,0.2200,2.2743,2.2743,0.2258,0.0000,0,0,0,
145.106,16.001,pred,block2_B_pred,1,-0.2894,-2.0810,-0.9414,0.0000,0.0000,0.0000,0.0000,0,1.6300,1.5860,1.6300,1.5861,0.0000,0.0,31,1.6300,1.5860,0.2200,2.2743,2.2743,0.2258,0.0000,0,0,0,
145.206,16.100,pred,block2_B_pred,1,-0.2894,-2.0810,-0.9414,0.0000,0.0000,0.0000,0.0000,0,1.6300,1.5860,1.6300,1.5861,0.0000,0.0,31,1.6300,1.5860,0.2200,2.2743,2.2743,0.2258,0.0000,0,0,0,
145.306,16.200,pred,block2_B_pred,1,-0.2894,-2.0810,-0.9414,0.0000,0.0000,0.0000,0.0000,0,1.6300,1.5860,1.6300,1.5861,0.0000,0.0,31,1.6300,1.5860,0.2200,2.2743,2.2743,0.2258,0.0000,0,0,0,
154.106,0.000,pred,block2_B_pred,1,-0.2894,-2.0810,-0.9414,0.0000,0.0000,0.2084,-0.0897,0,1.6300,1.5860,1.6300,1.5861,0.0000,0.0,31,1.6300,1.5860,0.2200,2.2743,2.2743,6.2935,0.3835,0,0,0,
154.205,0.099,pred,block2_B_pred,1,-0.2890,-2.0815,-0.9455,0.0340,-0.2040,0.2084,-0.0897,0,1.6300,1.5860,1.6300,1.5861,0.0000,0.0,31,1.6300,1.5860,0.2200,2.2743,2.2743,6.2935,0.3835,0,0,0,
154.307,0.201,pred,block2_B_pred,1,-0.2875,-2.0836,-0.9611,0.0000,0.0000,0.2200,0.0000,0,1.6300,1.5860,1.6300,1.5861,0.0000,0.0,31,1.6300,1.5860,0.2200,2.2743,2.2743,6.2935,0.4041,0,0,0,
154.406,0.300,pred,block2_B_pred,1,-0.2840,-2.0886,-0.9607,0.0910,-0.3530,0.2200,-0.0385,0,1.6300,1.5860,1.6300,1.5861,0.0000,0.0,31,1.6300,1.5860,0.2200,2.2743,2.2743,6.2935,0.4400,0,0,0,
154.506,0.400,pred,block2_B_pred,1,-0.2750,-2.1014,-0.9570,0.2050,-0.0550,0.2200,-0.1154,0,1.6300,1.5860,1.6300,1.5861,0.0000,0.0,31,1.6300,1.5860,0.2200,2.2743,2.2743,6.2935,0.4400,0,0,0,
154.606,0.500,pred,block2_B_pred,1,-0.2623,-2.1196,-0.9747,0.2210,-0.2600,0.2200,-0.0897,0,1.6300,1.5860,1.6300,1.5861,0.0000,0.0,31,1.6300,1.5860,0.2200,2.2743,2.2743,6.2935,0.4400,0,0,0,
154.716,0.610,pred,block2_B_pred,1,-0.2499,-2.1380,-0.9881,0.2690,-0.2410,0.2200,-0.0897,0,1.6300,1.5860,1.6300,1.5861,0.0000,0.0,31,1.6300,1.5860,0.2200,2.2743,2.2743,6.2230,0.4400,0,0,0,
154.806,0.700,pred,block2_B_pred,1,-0.2308,-2.1677,-1.0115,0.2850,-0.3340,0.2200,-0.0385,0,1.6300,1.5860,1.6300,1.5861,0.0000,0.0,31,1.6300,1.5860,0.2200,2.2743,2.2743,6.2230,0.4400,0,0,0,
154.906,0.800,pred,block2_B_pred,1,-0.2153,-2.1928,-1.0248,0.2810,-0.0180,0.2200,0.0641,0,1.6300,1.5860,1.6300,1.5861,0.0000,0.0,31,1.6300,1.5860,0.2200,2.2743,2.2743,6.2230,0.4400,0,0,0,
155.006,0.900,pred,block2_B_pred,1,-0.2013,-2.2163,-1.0403,0.2880,-0.0180,0.2200,0.0385,0,1.6300,1.5860,1.6300,1.5861,0.0000,0.0,31,1.6300,1.5860,0.2200,2.2743,2.2743,6.2230,0.4400,0,0,0,
155.105,0.999,pred,block2_B_pred,1,-0.1886,-2.2382,-1.0514,0.2310,-0.2040,0.2200,0.0128,0,1.6300,1.5860,1.6300,1.5861,0.0000,0.0,31,1.6300,1.5860,0.2200,2.2743,2.2743,6.1142,0.4400,0,0,0,
155.206,1.100,pred,block2_B_pred,1,-0.1792,-2.2547,-1.0599,0.2370,-0.0920,0.2200,0.0000,0,1.6300,1.5860,1.6300,1.5861,0.0000,0.0,31,1.6300,1.5860,0.2200,2.2743,2.2743,6.1142,0.4400,0,0,0,
155.306,1.200,pred,block2_B_pred,1,-0.1670,-2.2766,-1.0582,0.1960,0.0370,0.2200,0.0641,0,1.6300,1.5860,1.6300,1.5861,0.0000,0.0,31,1.6300,1.5860,0.2200,2.2743,2.2743,6.1142,0.4400,0,0,0,
155.406,1.300,pred,block2_B_pred,1,-0.1584,-2.2918,-1.0618,0.1580,-0.0740,0.2200,0.0897,0,1.6300,1.5860,1.6300,1.5861,0.0000,0.0,31,1.6300,1.5860,0.2200,2.2743,2.2743,6.1142,0.4400,0,0,0,
155.505,1.399,pred,block2_B_pred,1,-0.1487,-2.3092,-1.0596,0.2090,0.0370,0.2084,0.0385,0,1.6300,1.5860,1.6300,1.5861,0.0000,0.0,31,1.6300,1.5860,0.2200,2.2743,2.2743,6.0071,0.4400,0,0,0,
155.606,1.500,pred,block2_B_pred,1,-0.1392,-2.3260,-1.0470,0.2090,0.0740,0.2200,0.0385,0,1.6300,1.5860,1.6300,1.5861,0.0000,0.0,31,1.6300,1.5860,0.2200,2.2743,2.2743,6.0071,0.4400,0,0,0,
155.706,1.600,pred,block2_B_pred,1,-0.1288,-2.3437,-1.0251,0.2090,0.2600,0.2200,-0.0128,0,1.6300,1.5860,1.6300,1.5861,0.0000,0.0,31,1.6300,1.5860,0.2200,2.2743,2.2743,6.0071,0.4400,0,0,0,
155.806,1.700,pred,block2_B_pred,1,-0.1185,-2.3605,-1.0065,0.1930,0.4270,0.2200,-0.0128,0,1.6300,1.5860,1.6300,1.5861,0.0000,0.0,31,1.6300,1.5860,0.2200,2.2743,2.2743,5.9357,0.4400,0,0,0,
155.906,1.800,pred,block2_B_pred,1,-0.1073,-2.3779,-0.9854,0.2090,0.0370,0.2200,0.0128,0,1.6300,1.5860,1.6300,1.5861,0.0000,0.0,31,1.6300,1.5860,0.2200,2.2743,2.2743,5.9357,0.4400,0,0,0,
156.006,1.900,pred,block2_B_pred,1,-0.0967,-2.3936,-0.9650,0.1580,0.2970,0.2200,-0.0385,0,1.6300,1.5860,1.6300,1.5861,0.0000,0.0,31,1.6300,1.5860,0.2200,2.2743,2.2743,5.9357,0.4400,0,0,0,
156.105,1.999,pred,block2_B_pred,1,-0.0848,-2.4106,-0.9460,0.1830,0.4450,0.2200,-0.0897,0,1.6300,1.5860,1.6300,1.5861,0.0000,0.0,31,1.6300,1.5860,0.2200,2.2743,2.2743,5.9357,0.4400,0,0,0,
156.207,2.101,pred,block2_B_pred,1,-0.0726,-2.4272,-0.9249,0.1960,0.2220,0.2200,-0.0897,0,1.6300,1.5860,1.6300,1.5861,0.0000,0.0,31,1.6300,1.5860,0.2200,2.2743,2.2743,5.8914,0.4168,0,0,0,
156.323,2.217,pred,block2_B_pred,1,-0.0600,-2.4439,-0.9141,0.1830,0.1480,0.2200,-0.1154,0,1.6300,1.5860,1.6300,1.5861,0.0000,0.0,31,1.6300,1.5860,0.2200,2.2743,2.2743,5.8914,0.4400,0,0,0,
156.405,2.299,pred,block2_B_pred,1,-0.0462,-2.4616,-0.9056,0.2180,-0.0180,0.2084,-0.1667,0,1.6300,1.5860,1.6300,1.5861,0.0000,0.0,31,1.6300,1.5860,0.2200,2.2743,2.2743,5.8914,0.4400,0,0,0,
156.508,2.402,pred,block2_B_pred,1,-0.0343,-2.4767,-0.9064,0.2400,-0.1110,0.2200,0.0641,0,1.6300,1.5860,1.6300,1.5861,0.0000,0.0,31,1.6300,1.5860,0.2200,2.2743,2.2743,5.8208,0.4400,0,0,0,
156.606,2.500,pred,block2_B_pred,1,-0.0162,-2.4998,-0.9016,0.2370,0.0550,0.2200,0.0385,0,1.6300,1.5860,1.6300,1.5861,0.0000,0.0,31,1.6300,1.5860,0.2200,2.2743,2.2743,5.8208,0.4400,0,0,0,
156.705,2.599,pred,block2_B_pred,1,-0.0020,-2.5179,-0.9134,0.2050,-0.2780,0.2200,0.1154,0,1.6300,1.5860,1.6300,1.5861,0.0000,0.0,31,1.6300,1.5860,0.2200,2.2743,2.2743,5.8208,0.4400,0,0,0,
156.805,2.699,pred,block2_B_pred,1,0.0113,-2.5353,-0.9205,0.2090,0.0370,0.2200,0.1923,0,1.6300,1.5860,1.6300,1.5861,0.0000,0.0,31,1.6300,1.5860,0.2200,2.2743,2.2743,5.8208,0.4400,0,0,0,
156.905,2.799,pred,block2_B_pred,1,0.0230,-2.5507,-0.9238,0.2090,-0.0370,0.2200,0.0897,0,1.6300,1.5860,1.6300,1.5861,0.0000,0.0,31,1.6300,1.5860,0.2200,2.2743,2.2743,5.7032,0.4400,0,0,0,
157.006,2.900,pred,block2_B_pred,1,0.0348,-2.5662,-0.9197,0.1960,0.0740,0.2200,-0.0385,0,1.6300,1.5860,1.6300,1.5861,0.0000,0.0,31,1.6300,1.5860,0.2200,2.2743,2.2743,5.7032,0.4400,0,0,0,
157.106,3.000,pred,block2_B_pred,1,0.0460,-2.5810,-0.9272,0.1830,0.0370,0.2200,0.0000,0,1.6300,1.5860,1.6300,1.5861,0.0000,0.0,31,1.6300,1.5860,0.2200,2.2743,2.2743,5.7032,0.4400,0,0,0,
157.227,3.121,pred,block2_B_pred,1,0.0575,-2.5965,-0.9312,0.1740,0.1300,0.2200,0.0385,0,1.6300,1.5860,1.6300,1.5861,0.0000,0.0,31,1.6300,1.5860,0.2200,2.2743,2.2743,5.6311,0.4400,0,0,0,
157.306,3.200,pred,block2_B_pred,1,0.0679,-2.6106,-0.9375,0.1520,-0.0740,0.2200,0.0128,0,1.6300,1.5860,1.6300,1.5861,0.0000,0.0,31,1.6300,1.5860,0.2200,2.2743,2.2743,5.6311,0.4400,0,0,0,
157.406,3.300,pred,block2_B_pred,1,0.0790,-2.6257,-0.9361,0.2090,0.0370,0.2200,0.0641,0,1.6300,1.5860,1.6300,1.5861,0.0000,0.0,31,1.6300,1.5860,0.2200,2.2743,2.2743,5.6311,0.4400,0,0,0,
157.506,3.400,pred,block2_B_pred,1,0.0911,-2.6420,-0.9298,0.2150,0.0740,0.2200,0.0385,0,1.6300,1.5860,1.6300,1.5861,0.0000,0.0,31,1.6300,1.5860,0.2200,2.2743,2.2743,5.6311,0.4168,0,0,0,
157.606,3.500,pred,block2_B_pred,1,0.1035,-2.6585,-0.9224,0.1960,0.0740,0.2200,0.0128,0,1.6300,1.5860,1.6300,1.5861,0.0000,0.0,31,1.6300,1.5860,0.2200,2.2743,2.2743,5.5604,0.4400,0,0,0,
157.706,3.600,pred,block2_B_pred,1,0.1171,-2.6763,-0.9165,0.2310,0.0920,0.2200,-0.0128,0,1.6300,1.5860,1.6300,1.5861,0.0000,0.0,31,1.6300,1.5860,0.2200,2.2743,2.2743,5.5604,0.4400,0,0,0,
157.805,3.699,pred,block2_B_pred,1,0.1315,-2.6952,-0.9210,0.2310,-0.1670,0.2200,0.0641,0,1.6300,1.5860,1.6300,1.5861,0.0000,0.0,31,1.6300,1.5860,0.2200,2.2743,2.2743,5.5604,0.4400,0,0,0,
157.905,3.799,pred,block2_B_pred,1,0.1448,-2.7127,-0.9266,0.2180,-0.0550,0.2200,0.0385,1,1.0367,1.2190,-1.7484,0.9594,2.7972,135.7,35,-1.6887,0.9649,0.9890,1.6003,1.9450,5.5604,0.4400,0,1,1,
158.006,3.900,pred,block2_B_pred,1,0.1581,-2.7304,-0.9262,0.2120,0.0550,0.2200,0.0000,1,1.0511,1.1950,-0.8088,0.6061,1.9509,148.9,35,-0.7690,0.6187,0.6898,1.5915,0.9870,5.5274,0.4400,0,1,1,
158.105,3.999,pred,block2_B_pred,1,0.1723,-2.7494,-0.9296,0.2280,-0.0370,0.2200,-0.0128,1,1.0511,1.1950,-0.8088,0.6061,1.9509,148.9,35,-0.7690,0.6187,0.6898,1.5915,0.9870,5.5274,0.4400,0,1,1,
158.205,4.099,pred,block2_B_pred,1,0.1860,-2.7677,-0.9262,0.2430,0.0180,0.2084,-0.0128,1,1.0733,1.1703,-0.1339,0.5453,1.3594,159.9,35,-0.1080,0.5587,0.4806,1.5880,0.5690,5.5274,0.4400,0,0,1,
158.319,4.213,pred,block2_B_pred,1,0.1987,-2.7846,-0.9314,0.2090,-0.0740,0.2200,0.0385,1,1.0903,1.1390,0.3056,0.7327,0.8836,161.1,35,0.3224,0.7415,0.3124,1.5767,0.8085,5.4083,0.4400,0,0,1,
158.406,4.300,pred,block2_B_pred,1,0.2117,-2.8023,-0.9432,0.2370,-0.0550,0.2200,0.0000,1,1.0903,1.1390,0.3056,0.7327,0.8836,161.1,35,0.3224,0.7415,0.3124,1.5767,0.8085,5.4083,0.4400,0,0,1,
158.505,4.399,pred,block2_B_pred,1,0.2237,-2.8190,-0.9540,0.2120,-0.0180,0.2200,-0.0128,1,1.1005,1.1031,0.5874,0.6251,0.7012,177.9,35,0.5984,0.6354,0.2479,1.5582,0.8728,5.4083,0.1119,0,0,1,
158.605,4.499,pred,block2_B_pred,1,0.2353,-2.8355,-0.9632,0.1860,-0.0550,0.0347,-0.3205,1,1.1019,1.0584,0.7804,0.5187,0.6282,-164.6,35,0.7873,0.5302,0.2331,1.5279,0.9492,5.4083,0.0919,0,0,1,
158.709,4.603,pred,block2_B_pred,1,0.2466,-2.8519,-0.9651,0.1900,-0.1480,0.0232,-0.3462,1,1.1019,1.0584,0.7804,0.5187,0.6282,-164.6,35,0.7873,0.5302,0.2331,1.5279,0.9492,5.3373,0.2380,0,0,1,
158.814,4.708,pred,block2_B_pred,1,0.2573,-2.8672,-0.9610,0.1610,-0.2780,0.1158,-0.4744,1,1.0970,1.0086,0.9067,0.4090,0.6290,-150.2,35,0.9108,0.4218,0.2335,1.4902,1.0037,5.3373,0.0492,0,0,1,
158.906,4.800,pred,block2_B_pred,1,0.2664,-2.8803,-0.9562,0.1450,0.3340,0.0116,-0.5000,1,1.0890,0.9514,0.9861,0.2863,0.6731,-139.9,35,0.9883,0.3005,0.2380,1.4461,1.0330,5.3373,0.0447,0,0,1,
159.010,4.904,pred,block2_B_pred,1,0.2726,-2.8890,-0.9654,0.0910,-0.0920,0.0463,-0.3400,1,1.0827,0.8839,1.0337,0.1521,0.7334,-133.1,35,1.0348,0.1678,0.2593,1.3976,1.0483,5.3373,0.0926,0,0,1,
159.106,5.000,pred,block2_B_pred,1,0.2768,-2.8952,-0.9788,0.0630,-0.3710,0.0695,-0.0200,1,1.0827,0.8839,1.0337,0.1521,0.7334,-133.1,35,1.0348,0.1678,0.2593,1.3976,1.0483,5.2814,0.1389,0,0,1,
159.207,5.101,pred,block2_B_pred,1,0.2765,-2.8948,-1.0093,-0.0600,-0.3530,0.0926,0.1667,1,1.0767,0.8205,1.0699,0.0478,0.7727,-127.8,35,1.0701,0.0644,0.2732,1.3537,1.0720,5.2814,0.1853,0,0,1,
159.305,5.199,pred,block2_B_pred,1,0.2764,-2.8945,-1.0111,0.0000,0.0000,0.0695,0.0128,1,1.0714,0.7682,1.0670,0.2660,0.5022,-126.1,35,1.0671,0.2767,0.2303,1.3184,1.1024,5.2814,0.1853,0,0,1,
159.439,5.333,pred,block2_B_pred,1,0.2764,-2.8945,-1.0111,0.0000,0.0000,0.0926,0.0128,1,1.0662,0.7287,1.0634,0.4023,0.3265,-124.9,35,1.0634,0.4093,0.2267,1.2915,1.1395,5.2814,0.1853,0,0,1,
159.505,5.399,pred,block2_B_pred,1,0.2764,-2.8945,-1.0111,0.0000,0.0000,0.0926,0.0128,1,1.0662,0.7287,1.0634,0.4023,0.3265,-124.9,35,1.0634,0.4093,0.2267,1.2915,1.1395,5.2814,0.1853,0,0,1,
159.606,5.500,pred,block2_B_pred,1,0.2785,-2.8980,-1.0148,0.0880,0.4830,0.0926,0.0000,1,1.0631,0.6975,1.0613,0.4853,0.2122,-123.8,35,1.0613,0.4898,0.2243,1.2715,1.1689,5.2814,0.1853,0,0,1,
159.706,5.600,pred,block2_B_pred,1,0.2813,-2.9024,-1.0252,0.0280,-0.1670,0.0926,0.0000,1,1.0602,0.6689,1.0589,0.5309,0.1379,-122.8,35,1.0590,0.5339,0.2228,1.2535,1.1859,5.2814,0.2971,0,0,0,
159.809,5.703,pred,block2_B_pred,1,0.2845,-2.9077,-1.0297,0.0600,-0.2780,0.1274,0.0897,1,1.0602,0.6689,1.0589,0.5309,0.1379,-122.8,35,1.0590,0.5339,0.2228,1.2535,1.1859,5.2814,0.2547,0,0,0,
159.906,5.800,pred,block2_B_pred,1,0.2891,-2.9155,-1.0467,0.0760,-0.3340,0.1274,0.0897,1,1.0541,0.6405,1.0533,0.5508,0.0897,-121.8,35,1.0533,0.5527,0.2218,1.2334,1.1896,5.2814,0.2316,0,0,0,
160.005,5.899,pred,block2_B_pred,1,0.2960,-2.9275,-1.0500,0.1800,-0.0550,0.1505,0.1667,1,1.0435,0.6108,1.0430,0.5525,0.0583,-120.8,35,1.0430,0.5537,0.2212,1.2091,1.1809,5.2814,0.3011,0,0,0,
160.106,6.000,pred,block2_B_pred,1,0.3023,-2.9386,-1.0545,0.1550,0.1670,0.1389,0.0897,1,1.0435,0.6108,1.0430,0.5525,0.0583,-120.8,35,1.0430,0.5537,0.2212,1.2091,1.1809,5.2814,0.2779,0,0,0,
160.206,6.100,pred,block2_B_pred,1,0.3097,-2.9517,-1.0623,0.1640,0.0000,0.1389,0.1667,1,1.0298,0.5749,1.0294,0.5370,0.0379,-119.7,35,1.0294,0.5378,0.2208,1.1794,1.1615,5.3149,0.4377,0,0,0,
160.310,6.204,pred,block2_B_pred,1,0.3184,-2.9671,-1.0619,0.2050,-0.0550,0.2084,-0.1533,1,1.0157,0.5341,1.0155,0.5095,0.0246,-118.2,35,1.0155,0.5100,0.2205,1.1476,1.1364,5.3149,0.4168,0,0,0,
160.406,6.300,pred,block2_B_pred,1,0.3263,-2.9814,-1.0538,0.1710,0.2220,0.1968,-0.2179,1,1.0157,0.5341,1.0155,0.5095,0.0246,-118.2,35,1.0155,0.5100,0.2205,1.1476,1.1364,5.3149,0.3705,0,0,0,
160.505,6.399,pred,block2_B_pred,1,0.3352,-2.9970,-1.0506,0.1710,0.1850,0.1737,-0.3205,1,0.9992,0.4945,0.9990,0.4785,0.0160,-116.8,35,0.9990,0.4789,0.2203,1.1148,1.1079,5.2510,0.3474,0,0,0,
160.610,6.504,pred,block2_B_pred,1,0.3447,-3.0134,-1.0417,0.1960,-0.0370,0.1621,-0.4292,1,0.9848,0.4579,0.9847,0.4475,0.0104,-115.4,35,0.9847,0.4477,0.2202,1.0861,1.0817,5.2510,0.3705,0,0,0,
160.706,6.600,pred,block2_B_pred,1,0.3542,-3.0294,-1.0328,0.1710,-0.1850,0.2084,-0.5000,1,0.9848,0.4579,0.9847,0.4475,0.0104,-115.4,35,0.9847,0.4477,0.2202,1.0861,1.0817,5.2510,0.3020,0,0,0,
160.806,6.700,pred,block2_B_pred,1,0.3637,-3.0452,-1.0368,0.1740,-0.1300,0.1158,-0.2949,1,0.9749,0.4204,0.9749,0.4136,0.0068,-113.8,35,0.9749,0.4138,0.2201,1.0617,1.0590,5.2510,0.2333,0,0,0,
160.922,6.816,pred,block2_B_pred,1,0.3736,-3.0621,-1.0406,0.2050,-0.1300,0.2200,-0.4805,1,0.9749,0.4204,0.9749,0.4136,0.0068,-113.8,35,0.9749,0.4138,0.2201,1.0617,1.0590,5.1566,0.2147,0,0,0,
161.006,6.900,pred,block2_B_pred,1,0.3834,-3.0789,-1.0513,0.1900,-0.0370,0.1042,-0.3462,1,0.9621,0.3810,0.9621,0.3766,0.0044,-112.1,35,0.9621,0.3767,0.2201,1.0348,1.0332,5.1566,0.2147,0,0,0,
161.105,6.999,pred,block2_B_pred,1,0.3920,-3.0943,-1.0717,0.1710,-0.2600,0.1042,-0.3462,1,0.9431,0.3398,0.9430,0.3369,0.0029,-110.3,35,0.9430,0.3370,0.2201,1.0024,1.0014,5.1566,0.1213,0,0,0,
161.224,7.118,pred,block2_B_pred,1,0.3978,-3.1051,-1.0966,0.0720,-0.3530,0.0579,-0.0262,1,0.9431,0.3398,0.9430,0.3369,0.0029,-110.3,35,0.9430,0.3370,0.2201,1.0024,1.0014,5.0820,0.1174,0,0,0,
161.306,7.200,pred,block2_B_pred,1,0.4021,-3.1139,-1.1359,0.1580,0.0000,0.0579,0.1923,1,0.9181,0.2977,0.9181,0.2958,0.0019,-108.5,35,0.9181,0.2959,0.2200,0.9652,0.9646,5.0820,0.0071,0,0,0,
161.410,7.304,pred,block2_B_pred,1,0.4049,-3.1201,-1.1682,0.0530,-0.3150,0.0463,0.1923,1,0.8897,0.2604,0.8896,0.2592,0.0012,-106.8,35,0.8896,0.2592,0.2200,0.9270,0.9266,5.0820,0.1164,0,0,0,
161.506,7.400,pred,block2_B_pred,1,0.4074,-3.1264,-1.2083,0.0850,-0.5010,0.0463,0.3462,1,0.8897,0.2604,0.8896,0.2592,0.0012,-106.8,35,0.8896,0.2592,0.2200,0.9270,0.9266,5.0820,0.0051,0,0,0,
161.606,7.500,pred,block2_B_pred,1,0.4085,-3.1294,-1.2268,0.0190,-0.1110,0.0000,0.3718,1,0.8897,0.2604,0.8896,0.2592,0.0012,-106.8,35,0.8896,0.2592,0.2200,0.9270,0.9266,5.1550,0.0000,0,0,0,
161.706,7.600,pred,block2_B_pred,1,0.4098,-3.1327,-1.2064,0.0000,0.0000,0.0463,0.2631,1,0.8897,0.2604,0.8896,0.2592,0.0012,-106.8,35,0.8896,0.2592,0.2200,0.9270,0.9266,5.1550,0.0232,0,0,0,
161.806,7.700,pred,block2_B_pred,1,0.4100,-3.1334,-1.2109,-0.0220,0.1300,0.0926,0.0000,1,0.8684,0.2236,0.8684,0.2229,0.0008,0.0,31,0.8684,0.2236,0.2200,0.8968,0.8968,5.1550,0.1853,0,0,0,
161.906,7.800,pred,block2_B_pred,1,0.4100,-3.1333,-1.2098,0.0000,0.0000,0.0926,0.0000,1,0.8684,0.2236,0.8684,0.2229,0.0008,0.0,31,0.8684,0.2236,0.2200,0.8968,0.8968,5.1550,0.1853,0,0,0,
162.006,7.900,pred,block2_B_pred,1,0.4100,-3.1333,-1.2098,0.0000,0.0000,0.0116,0.1154,1,0.8503,0.1910,0.8503,0.1904,0.0005,0.0,31,0.8503,0.1910,0.2200,0.8715,0.8715,4.9824,0.0232,0,0,0,
162.107,8.001,pred,block2_B_pred,1,0.4096,-3.1322,-1.2031,0.0570,-0.3340,0.0116,0.1154,1,0.8421,0.1651,0.8421,0.1648,0.0003,0.0,31,0.8421,0.1651,0.2200,0.8581,0.8581,4.9824,0.0232,0,0,0,
162.206,8.100,pred,block2_B_pred,1,0.4099,-3.1329,-1.2075,0.0000,0.0000,0.1042,0.2497,1,0.8421,0.1651,0.8421,0.1648,0.0003,0.0,31,0.8421,0.1651,0.2200,0.8581,0.8581,4.9824,0.3162,0,0,0,
162.334,8.228,pred,block2_B_pred,1,0.4099,-3.1329,-1.2075,0.0000,0.0000,0.1737,0.4744,1,0.8420,0.1415,0.8420,0.1413,0.0002,0.0,31,0.8420,0.1415,0.2200,0.8538,0.8538,4.9824,0.3141,0,0,0,
162.406,8.300,pred,block2_B_pred,1,0.4109,-3.1357,-1.1901,0.0000,0.0000,0.1042,0.3718,1,0.8463,0.1144,0.8463,0.1143,0.0001,0.0,31,0.8463,0.1144,0.2200,0.8540,0.8540,4.9824,0.1841,0,0,0,
162.506,8.400,pred,block2_B_pred,1,0.4141,-3.1436,-1.1716,0.0410,0.2410,0.1042,0.3974,1,0.8463,0.1144,0.8463,0.1143,0.0001,0.0,31,0.8463,0.1144,0.2200,0.8540,0.8540,4.9824,0.1853,0,0,0,
162.606,8.500,pred,block2_B_pred,1,0.4190,-3.1548,-1.1400,0.0690,0.4080,0.0926,0.3205,1,0.8527,0.0837,0.8527,0.0836,0.0001,0.0,31,0.8527,0.0837,0.2200,0.8568,0.8568,4.9824,0.2547,0,0,0,
162.705,8.599,pred,block2_B_pred,1,0.4247,-3.1668,-1.0910,0.1040,0.6130,0.0811,0.2949,1,0.8633,0.0447,0.8633,0.0447,0.0001,0.0,31,0.8633,0.0447,0.2200,0.8645,0.8645,4.9824,0.2084,0,0,0,
162.806,8.700,pred,block2_B_pred,1,0.4323,-3.1808,-1.0528,0.1900,0.1850,0.2084,0.2949,1,0.8633,0.0447,0.8633,0.0447,0.0001,0.0,31,0.8633,0.0447,0.2200,0.8645,0.8645,4.9824,0.4389,0,0,0,
162.906,8.800,pred,block2_B_pred,1,0.4396,-3.1931,-1.0008,0.1860,0.2040,0.2200,0.3462,1,0.8745,-0.0009,0.8745,-0.0010,0.0000,0.0,31,0.8745,-0.0009,0.2200,0.8745,0.8745,4.9824,0.4356,0,0,0,
163.042,8.936,pred,block2_B_pred,1,0.4467,-3.2038,-0.9525,0.1170,0.5380,0.0950,0.3205,1,0.8872,-0.0622,1.0272,-0.2309,0.2192,-46.3,35,1.0242,-0.2273,0.2246,0.8894,1.0491,4.9122,0.3011,0,0,0,
163.106,9.000,pred,block2_B_pred,1,0.4549,-3.2150,-0.9177,0.1800,0.2780,0.1505,0.1410,1,0.8872,-0.0622,1.0272,-0.2309,0.2192,-46.3,35,1.0242,-0.2273,0.2246,0.8894,1.0491,4.9122,0.3011,0,0,0,
163.206,9.100,pred,block2_B_pred,1,0.4635,-3.2259,-0.8750,0.1830,0.2220,0.1505,0.3010,1,0.8929,-0.1316,1.0990,-0.4534,0.3821,-49.0,35,1.0945,-0.4465,0.2279,0.9026,1.1821,4.9122,0.2765,0,0,0,
163.306,9.200,pred,block2_B_pred,1,0.4731,-3.2369,-0.8297,0.1830,0.4450,0.1389,0.3718,1,0.8892,-0.2160,1.0937,-0.6896,0.5159,-53.0,35,1.0894,-0.6794,0.2310,0.9150,1.2839,4.9122,0.2769,0,0,0,
163.405,9.299,pred,block2_B_pred,1,0.4827,-3.2470,-0.7863,0.1170,0.4270,0.2200,0.1605,1,0.8892,-0.2160,1.0937,-0.6896,0.5159,-53.0,35,1.0894,-0.6794,0.2310,0.9150,1.2839,4.8748,0.4400,0,0,0,
163.506,9.400,pred,block2_B_pred,1,0.4938,-3.2577,-0.7391,0.1170,0.6500,0.2200,-0.0641,1,0.8774,-0.3021,1.0743,-0.8978,0.6273,-52.7,35,1.0701,-0.8850,0.2334,0.9280,1.3887,4.8748,0.4400,0,0,0,
163.606,9.500,pred,block2_B_pred,1,0.5052,-3.2677,-0.6986,0.1770,0.2220,0.2200,-0.1985,1,0.8574,-0.3979,1.0252,-1.1091,0.7307,-51.8,35,1.0216,-1.0939,0.2584,0.9453,1.4967,4.8748,0.4400,0,0,0,
163.707,9.601,pred,block2_B_pred,1,0.5193,-3.2792,-0.6660,0.2210,0.1850,0.2084,-0.0897,1,0.8574,-0.3979,1.0252,-1.1091,0.7307,-51.8,35,1.0216,-1.0939,0.2584,0.9453,1.4967,4.8748,0.4381,0,0,0,
163.805,9.699,pred,block2_B_pred,1,0.5360,-3.2922,-0.6556,0.2430,0.1300,0.2200,-0.0897,1,0.8574,-0.3979,1.0252,-1.1091,0.7307,-51.8,35,1.0216,-1.0939,0.2584,0.9453,1.4967,4.8031,0.4168,0,0,0,
163.906,9.800,pred,block2_B_pred,1,0.5552,-3.3069,-0.6549,0.2470,-0.2600,0.2200,-0.1154,1,0.8574,-0.3979,1.0252,-1.1091,0.7307,-51.8,35,1.0216,-1.0939,0.2584,0.9453,1.4967,4.8031,0.4400,0,0,0,
164.006,9.900,pred,block2_B_pred,1,0.5761,-3.3231,-0.6708,0.2560,-0.2040,0.2200,-0.1410,1,0.8574,-0.3979,1.0252,-1.1091,0.7307,-51.8,35,1.0216,-1.0939,0.2584,0.9453,1.4967,4.8031,0.4400,0,0,0,
164.131,10.025,pred,block2_B_pred,1,0.5964,-3.3394,-0.6812,0.2530,-0.1110,0.2200,-0.0641,1,0.8574,-0.3979,1.0252,-1.1091,0.7307,-51.8,35,1.0216,-1.0939,0.2584,0.9453,1.4967,4.7330,0.4168,0,0,0,
164.206,10.100,pred,block2_B_pred,1,0.6154,-3.3550,-0.7004,0.2340,-0.1110,0.2200,-0.0897,1,0.8574,-0.3979,1.0252,-1.1091,0.7307,-51.8,35,1.0216,-1.0939,0.2584,0.9453,1.4967,4.7330,0.4400,0,0,0,
164.306,10.200,pred,block2_B_pred,1,0.6332,-3.3703,-0.7223,0.2530,-0.1110,0.2200,-0.1154,1,0.8574,-0.3979,1.0252,-1.1091,0.7307,-51.8,35,1.0216,-1.0939,0.2584,0.9453,1.4967,4.7330,0.4400,0,0,0,
164.406,10.300,pred,block2_B_pred,1,0.6493,-3.3847,-0.7383,0.2470,-0.1110,0.2200,-0.0385,1,0.8574,-0.3979,1.0252,-1.1091,0.7307,-51.8,35,1.0216,-1.0939,0.2584,0.9453,1.4967,4.7330,0.4400,0,0,0,
164.522,10.416,pred,block2_B_pred,1,0.6640,-3.3984,-0.7572,0.2120,0.0550,0.2200,-0.0641,1,0.8574,-0.3979,1.0252,-1.1091,0.7307,-51.8,35,1.0216,-1.0939,0.2584,0.9453,1.4967,4.6251,0.4400,0,0,0,
164.606,10.500,pred,block2_B_pred,1,0.6774,-3.4113,-0.7791,0.1930,-0.1670,0.2200,-0.0641,0,0.8574,-0.3979,1.0252,-1.1091,0.7307,-51.8,35,1.0216,-1.0939,0.2584,0.9453,1.4967,4.6251,0.4168,0,0,0,
164.706,10.600,pred,block2_B_pred,1,0.6905,-3.4244,-0.7966,0.1800,-0.2780,0.2084,-0.0385,1,1.1351,-1.1660,2.9593,-1.9728,1.9946,21.9,35,2.9203,-1.9555,0.7052,1.6273,3.5145,4.6251,0.3937,0,1,0,
164.806,10.700,pred,block2_B_pred,1,0.7027,-3.4370,-0.8051,0.1610,-0.0550,0.1968,-0.0128,1,1.1351,-1.1660,2.9593,-1.9728,1.9946,21.9,35,2.9203,-1.9555,0.7052,1.6273,3.5145,4.6251,0.4400,0,1,0,
164.906,10.800,pred,block2_B_pred,1,0.7143,-3.4491,-0.8162,0.1360,-0.2410,0.2200,-0.0128,1,1.1811,-1.1808,3.0085,-2.0069,2.0054,20.7,35,2.9693,-1.9892,0.7091,1.6701,3.5741,4.5533,0.4400,0,1,0,
165.006,10.900,pred,block2_B_pred,1,0.7266,-3.4623,-0.8232,0.2020,-0.0370,0.2200,-0.0128,1,1.2794,-1.2139,3.2195,-1.9850,2.0877,21.8,35,3.1779,-1.9685,0.7381,1.7637,3.7382,4.5533,0.4400,0,1,0,
165.106,11.000,pred,block2_B_pred,1,0.7382,-3.4750,-0.8340,0.2150,0.0370,0.2200,0.0641,1,1.2794,-1.2139,3.2195,-1.9850,2.0877,21.8,35,3.1779,-1.9685,0.7381,1.7637,3.7382,4.5533,0.4400,0,1,0,
165.205,11.099,pred,block2_B_pred,1,0.7518,-3.4901,-0.8405,0.2340,-0.0370,0.2084,0.0897,1,1.4027,-1.2565,3.4483,-2.0671,2.2004,20.2,35,3.4044,-2.0497,0.7780,1.8831,3.9738,4.4829,0.4168,0,1,0,
165.306,11.200,pred,block2_B_pred,1,0.7663,-3.5065,-0.8516,0.2340,0.1110,0.2200,0.0385,1,1.5495,-1.3062,3.6856,-2.0768,2.2708,20.3,35,3.6398,-2.0603,0.8029,2.0266,4.1824,4.4829,0.4400,0,1,0,
165.406,11.300,pred,block2_B_pred,1,0.7810,-3.5234,-0.8519,0.2150,0.0370,0.2084,0.0385,1,1.5495,-1.3062,3.6856,-2.0768,2.2708,20.3,35,3.6398,-2.0603,0.8029,2.0266,4.1824,4.4829,0.4400,0,1,0,
165.506,11.400,pred,block2_B_pred,1,0.7968,-3.5415,-0.8579,0.2370,-0.1300,0.2200,0.1154,1,1.7090,-1.3560,3.9045,-1.9809,2.2827,22.5,35,3.8574,-1.9676,0.8071,2.1816,4.3303,4.4829,0.4400,0,1,0,
165.605,11.499,pred,block2_B_pred,1,0.8114,-3.5583,-0.8604,0.2280,-0.0740,0.2200,0.0641,1,1.8648,-1.4015,4.1161,-1.7923,2.2850,27.1,35,4.0679,-1.7839,0.8079,2.3328,4.4418,4.4123,0.4400,0,1,0,
165.706,11.600,pred,block2_B_pred,1,0.8263,-3.5756,-0.8501,0.2370,0.2040,0.2084,0.0897,1,1.8648,-1.4015,4.1161,-1.7923,2.2850,27.1,35,4.0679,-1.7839,0.8079,2.3328,4.4418,4.4123,0.4400,0,1,0,
165.806,11.700,pred,block2_B_pred,1,0.8413,-3.5926,-0.8482,0.2090,-0.1480,0.2200,0.0897,1,2.0216,-1.4401,4.2272,-1.4765,2.2059,34.5,35,4.1800,-1.4757,0.7800,2.4821,4.4328,4.4123,0.4400,0,1,0,
165.906,11.800,pred,block2_B_pred,1,0.8559,-3.6093,-0.8534,0.2090,-0.1110,0.2200,0.0897,1,2.1547,-1.4708,4.1418,-1.1150,2.0186,44.5,35,4.0992,-1.1226,0.7137,2.6089,4.2501,4.4123,0.4400,0,1,0,
166.007,11.901,pred,block2_B_pred,1,0.8712,-3.6267,-0.8468,0.2430,0.0550,0.2200,0.0385,1,2.1547,-1.4708,4.1418,-1.1150,2.0186,44.5,35,4.0992,-1.1226,0.7137,2.6089,4.2501,4.3032,0.4400,0,1,0,
166.111,12.005,pred,block2_B_pred,1,0.8825,-3.6393,-0.8346,0.2020,0.2970,0.2200,0.0897,1,2.2639,-1.5234,3.3743,-1.7875,1.1413,20.6,35,3.3505,-1.7818,0.4035,2.7288,3.7948,4.3032,0.4400,0,0,0,
166.206,12.100,pred,block2_B_pred,1,0.8985,-3.6569,-0.8263,0.2120,-0.0550,0.2200,0.0897,1,2.3461,-1.6046,2.9590,-2.3053,0.9310,-14.5,35,2.9459,-2.2903,0.3292,2.8423,3.7314,4.3032,0.4400,0,0,0,
166.320,12.214,pred,block2_B_pred,1,0.9122,-3.6716,-0.8170,0.2050,-0.0180,0.2200,0.2241,1,2.3461,-1.6046,2.9590,-2.3053,0.9310,-14.5,35,2.9459,-2.2903,0.3292,2.8423,3.7314,4.2625,0.4400,0,0,0,
166.406,12.300,pred,block2_B_pred,1,0.9254,-3.6855,-0.7966,0.1830,0.2600,0.2200,0.1667,1,2.4086,-1.7101,2.7803,-2.7062,1.0632,-34.2,35,2.7723,-2.6849,0.3759,2.9540,3.8593,4.2625,0.4400,0,0,0,
166.506,12.400,pred,block2_B_pred,1,0.9401,-3.7003,-0.7784,0.1960,0.2970,0.2200,0.1667,1,2.4523,-1.8203,2.6330,-2.9267,1.1210,-44.1,35,2.6291,-2.9030,0.3964,3.0541,3.9166,4.2625,0.4400,0,0,0,
166.606,12.500,pred,block2_B_pred,1,0.9550,-3.7148,-0.7611,0.2400,0.2220,0.2200,0.1923,1,2.4523,-1.8203,2.6330,-2.9267,1.1210,-44.1,35,2.6291,-2.9030,0.3964,3.0541,3.9166,4.2625,0.4400,0,0,0,
166.710,12.604,pred,block2_B_pred,1,0.9667,-3.7258,-0.7402,0.2050,0.3530,0.2200,0.1154,1,2.4782,-1.9128,2.5406,-2.9883,1.0772,-49.0,35,2.5392,-2.9652,0.3809,3.1305,3.9039,4.1841,0.4400,0,0,0,
166.806,12.700,pred,block2_B_pred,1,0.9860,-3.7431,-0.7176,0.2090,0.3710,0.2200,0.0385,1,2.4892,-1.9833,2.5095,-2.9700,0.9868,-50.3,35,2.5090,-2.9488,0.3489,3.1827,3.8718,4.1841,0.4400,0,0,0,
166.905,12.799,pred,block2_B_pred,1,1.0033,-3.7580,-0.6896,0.2150,0.4450,0.2200,0.0128,1,2.4892,-1.9833,2.5095,-2.9700,0.9868,-50.3,35,2.5090,-2.9488,0.3489,3.1827,3.8718,4.1841,0.4400,0,0,0,
167.006,12.900,pred,block2_B_pred,1,1.0186,-3.7705,-0.6729,0.1860,0.3530,0.2200,-0.0128,1,2.4872,-2.0265,2.4916,-2.9548,0.9283,-50.6,35,2.4915,-2.9349,0.3282,3.2082,3.8499,4.1841,0.4400,0,0,0,
167.106,13.000,pred,block2_B_pred,1,1.0349,-3.7832,-0.6488,0.2280,0.2220,0.2200,-0.1410,1,2.4757,-2.0436,2.4786,-2.6470,0.6034,-50.2,35,2.4785,-2.6340,0.2323,3.2102,3.6168,4.1134,0.4400,0,0,0,
167.206,13.100,pred,block2_B_pred,1,1.0524,-3.7963,-0.6344,0.2430,0.1300,0.2084,-0.0897,1,2.4757,-2.0436,2.4786,-2.6470,0.6034,-50.2,35,2.4785,-2.6340,0.2323,3.2102,3.6168,4.1134,0.4168,0,0,0,
167.306,13.200,pred,block2_B_pred,1,1.0688,-3.8082,-0.6144,0.2210,0.1110,0.2200,-0.0128,1,2.4508,-2.0388,2.4527,-2.4310,0.3922,-50.0,31,2.4508,-2.0388,0.2200,3.1880,3.1880,4.1134,0.4400,0,0,0,
167.407,13.301,pred,block2_B_pred,1,1.0854,-3.8197,-0.6010,0.1960,0.0370,0.2200,-0.1154,1,2.4135,-2.0152,2.4148,-2.2701,0.2549,-49.9,31,2.4135,-2.0152,0.2200,3.1442,3.1442,4.0050,0.4400,0,0,0,
167.506,13.400,pred,block2_B_pred,1,1.1033,-3.8319,-0.5962,0.2310,0.1300,0.2200,-0.1410,1,2.4135,-2.0152,2.4148,-2.2701,0.2549,-49.9,31,2.4135,-2.0152,0.2200,3.1442,3.1442,4.0050,0.4400,0,0,0,
167.606,13.500,pred,block2_B_pred,1,1.1233,-3.8455,-0.5966,0.2660,-0.0370,0.2084,-0.1923,1,2.3713,-1.9814,2.3721,-2.1471,0.1657,-49.8,31,2.3713,-1.9814,0.2200,3.0901,3.0901,4.0050,0.4168,0,0,0,
167.706,13.600,pred,block2_B_pred,1,1.1434,-3.8592,-0.6040,0.2470,-0.0370,0.2200,-0.2179,1,2.3252,-1.9327,2.3258,-2.0404,0.1077,-50.0,31,2.3252,-1.9327,0.2200,3.0236,3.0236,4.0050,0.4400,0,0,0,
167.813,13.707,pred,block2_B_pred,1,1.1624,-3.8724,-0.6195,0.1990,-0.3900,0.2200,-0.1667,1,2.3252,-1.9327,2.3258,-2.0404,0.1077,-50.0,31,2.3252,-1.9327,0.2200,3.0236,3.0236,3.9342,0.4400,0,0,0,
167.906,13.800,pred,block2_B_pred,1,1.1795,-3.8848,-0.6399,0.2180,-0.3900,0.2200,-0.0641,1,2.2823,-1.8638,2.2517,-1.6949,0.1716,139.5,35,2.2524,-1.6985,0.2236,2.9466,2.8210,3.9342,0.4400,0,0,1,
168.006,13.900,pred,block2_B_pred,1,1.1973,-3.8982,-0.6561,0.2430,-0.1670,0.2084,-0.0385,1,2.2482,-1.7614,2.1620,-1.2901,0.4791,138.4,35,2.1638,-1.3002,0.2302,2.8560,2.5244,3.9342,0.4400,0,0,1,
168.132,14.026,pred,block2_B_pred,1,1.2133,-3.9109,-0.6852,0.2150,-0.2220,0.2200,-0.1154,1,2.2482,-1.7614,2.1620,-1.2901,0.4791,138.4,35,2.1638,-1.3002,0.2302,2.8560,2.5244,3.8635,0.4400,0,0,1,
168.206,14.100,pred,block2_B_pred,1,1.2275,-3.9227,-0.7037,0.2090,-0.0740,0.2200,-0.0385,1,2.2252,-1.6366,2.0585,-0.8697,0.7848,138.6,35,2.0621,-0.8861,0.2775,2.7622,2.2444,3.8635,0.4400,0,0,1,
168.313,14.207,pred,block2_B_pred,1,1.2418,-3.9350,-0.7271,0.1930,-0.3530,0.2200,-0.0385,1,2.2037,-1.4869,1.8949,-0.4590,1.0733,140.7,35,2.0621,-0.8861,0.2775,2.6584,2.2444,3.8635,0.4400,0,0,1,
168.406,14.300,pred,block2_B_pred,1,1.2566,-3.9484,-0.7508,0.2150,-0.1850,0.2200,-0.0385,1,2.2037,-1.4869,1.8949,-0.4590,1.0733,140.7,35,1.9015,-0.4810,0.3795,2.6584,1.9614,3.8635,0.4400,0,0,1,
168.506,14.400,pred,block2_B_pred,1,1.2699,-3.9610,-0.7697,0.1770,-0.1850,0.2200,-0.0385,1,2.1778,-1.3235,1.7264,-0.0810,1.3220,141.3,35,1.7361,-0.1076,0.4674,2.5484,1.7394,3.7929,0.4168,0,0,1,
168.606,14.500,pred,block2_B_pred,1,1.2829,-3.9738,-0.7864,0.1800,-0.1300,0.2200,0.0385,1,2.1778,-1.3235,1.7264,-0.0810,1.3220,141.3,35,1.7361,-0.1076,0.4674,2.5484,1.7394,3.7929,0.4400,0,0,1,
168.706,14.600,pred,block2_B_pred,1,1.2962,-3.9872,-0.7982,0.1770,-0.2220,0.2200,0.0385,1,2.1471,-1.1586,1.5499,0.2240,1.5060,141.7,35,1.5627,0.1943,0.5325,2.4397,1.5748,3.7929,0.4400,0,0,1,
168.806,14.700,pred,block2_B_pred,1,1.3102,-4.0018,-0.8186,0.2120,-0.2040,0.2200,0.0000,1,2.1156,-1.0074,1.4092,0.4369,1.6078,141.5,35,1.4244,0.4059,0.5685,2.3433,1.4811,3.7929,0.4400,0,1,1,
168.907,14.801,pred,block2_B_pred,1,1.3252,-4.0181,-0.8275,0.2470,0.0370,0.2200,0.0897,1,2.1156,-1.0074,1.4092,0.4369,1.6078,141.5,35,1.4244,0.4059,0.5685,2.3433,1.4811,3.7255,0.4400,0,1,1,
169.006,14.900,pred,block2_B_pred,1,1.3399,-4.0340,-0.8264,0.2120,-0.0180,0.2200,0.0641,1,2.0780,-0.8593,1.2984,0.6133,1.6663,140.4,35,1.3151,0.5818,0.5891,2.2486,1.4380,3.7255,0.4400,0,1,1,
169.108,15.002,pred,block2_B_pred,1,1.3563,-4.0518,-0.8249,0.2210,-0.0370,0.2200,0.0641,1,2.0406,-0.7204,1.2697,0.7270,1.6399,137.5,35,1.2862,0.6960,0.5798,2.1640,1.4625,3.7255,0.4168,0,1,1,
169.224,15.118,pred,block2_B_pred,1,1.3727,-4.0695,-0.8208,0.2660,0.0740,0.2084,0.0641,1,2.0406,-0.7204,1.2697,0.7270,1.6399,137.5,35,1.2862,0.6960,0.5798,2.1640,1.4625,3.6540,0.3937,0,1,1,
169.306,15.200,pred,block2_B_pred,1,1.3878,-4.0856,-0.8086,0.1990,-0.0180,0.2200,0.0641,1,2.0073,-0.6026,1.2340,0.7521,1.5599,136.4,35,1.2505,0.7231,0.5515,2.0958,1.4445,3.6540,0.4400,0,1,1,
169.406,15.300,pred,block2_B_pred,1,1.4028,-4.1012,-0.7985,0.2050,0.2040,0.2200,0.0385,1,1.9728,-0.5045,1.1616,0.7086,1.4593,138.1,35,1.1790,0.6826,0.5160,2.0363,1.3624,3.6540,0.4400,0,0,1,
169.506,15.400,pred,block2_B_pred,1,1.4186,-4.1172,-0.7870,0.2090,0.2220,0.2200,0.0897,1,1.9728,-0.5045,1.1616,0.7086,1.4593,138.1,35,1.1790,0.6826,0.5160,2.0363,1.3624,3.6540,0.4168,0,0,1,
169.605,15.499,pred,block2_B_pred,1,1.4324,-4.1310,-0.7737,0.1830,0.2600,0.2200,0.0897,1,1.9310,-0.4189,1.1035,0.6669,1.3652,139.6,35,1.1213,0.6436,0.4827,1.9759,1.2929,3.5474,0.4400,0,0,1,
169.706,15.600,pred,block2_B_pred,1,1.4465,-4.1447,-0.7637,0.1670,0.1670,0.2200,0.0000,1,1.8870,-0.3484,1.0668,0.6772,1.3133,139.1,35,1.0843,0.6552,0.4643,1.9189,1.2669,3.5474,0.4400,0,0,1,
169.814,15.708,pred,block2_B_pred,1,1.4611,-4.1585,-0.7503,0.2310,0.0920,0.2200,-0.0385,1,1.8380,-0.2842,1.0620,0.7010,1.2541,137.0,35,1.0843,0.6552,0.4643,1.8598,1.2669,3.5474,0.4400,0,0,1,
169.906,15.800,pred,block2_B_pred,1,1.4746,-4.1709,-0.7318,0.1800,0.2780,0.2200,-0.0385,1,1.8380,-0.2842,1.0620,0.7010,1.2541,137.0,35,1.0786,0.6799,0.4434,1.8598,1.2750,3.5474,0.4400,0,0,1,
170.006,15.900,pred,block2_B_pred,1,1.4899,-4.1845,-0.7218,0.1960,0.1110,0.1737,0.1215,1,1.7886,-0.2296,1.0541,0.7372,1.2143,134.5,35,1.0698,0.7165,0.4293,1.8033,1.2876,3.4751,0.3474,0,0,1,
170.106,16.000,pred,block2_B_pred,1,1.5053,-4.1980,-0.7095,0.1930,0.1670,0.2084,0.0067,1,1.7886,-0.2296,1.0541,0.7372,1.2143,134.5,35,1.0698,0.7165,0.4293,1.8033,1.2876,3.4751,0.3705,0,0,1,
170.206,16.100,pred,block2_B_pred,1,1.5205,-4.2109,-0.6984,0.1960,0.1850,0.1737,0.2179,1,1.7376,-0.1764,1.0628,0.7681,1.1608,131.3,35,1.0772,0.7478,0.4104,1.7465,1.3114,3.4751,0.4400,0,0,1,
170.305,16.199,pred,block2_B_pred,1,1.5371,-4.2247,-0.6911,0.2310,0.0920,0.1621,0.2179,1,1.6912,-0.1294,1.0634,0.7603,1.0889,129.6,35,1.0768,0.7412,0.3850,1.6961,1.3073,3.4304,0.4400,0,0,1,
170.406,16.300,pred,block2_B_pred,1,1.5529,-4.2377,-0.6741,0.1990,0.3150,0.2200,0.0897,1,1.6427,-0.0834,1.0191,0.7429,1.0351,129.9,35,1.0325,0.7252,0.3660,1.6448,1.2617,3.4304,0.4400,0,0,1,
170.506,16.400,pred,block2_B_pred,1,1.5686,-4.2501,-0.6589,0.2020,0.0740,0.2200,0.0385,1,1.6427,-0.0834,1.0191,0.7429,1.0351,129.9,35,1.0325,0.7252,0.3660,1.6448,1.2617,3.4304,0.4168,0,0,1,
170.606,16.500,pred,block2_B_pred,1,1.5840,-4.2619,-0.6437,0.1930,0.0550,0.2084,-0.0385,1,1.5942,-0.0434,0.9512,0.7116,0.9917,132.0,35,0.9650,0.6954,0.3506,1.5948,1.1895,3.4304,0.4168,0,0,1,
170.707,16.601,pred,block2_B_pred,1,1.6002,-4.2738,-0.6278,0.2150,0.0370,0.1968,-0.0128,1,1.5442,-0.0093,0.8872,0.6846,0.9555,133.8,35,0.9013,0.6697,0.3378,1.5442,1.1229,3.3593,0.3937,0,0,1,
170.806,16.700,pred,block2_B_pred,1,1.6161,-4.2853,-0.6148,0.2150,0.0370,0.1968,-0.0897,1,1.5442,-0.0093,0.8872,0.6846,0.9555,133.8,35,0.9013,0.6697,0.3378,1.5442,1.1229,3.3593,0.4400,0,0,1,
170.905,16.799,pred,block2_B_pred,1,1.6335,-4.2974,-0.6037,0.2180,0.0180,0.2200,-0.1923,1,1.4898,0.0217,0.8435,0.6767,0.9202,133.8,35,0.8573,0.6626,0.3254,1.4899,1.0836,3.3593,0.4400,0,0,1,
171.016,16.910,pred,block2_B_pred,1,1.6518,-4.3100,-0.5996,0.2310,0.0550,0.2200,-0.0385,1,1.4898,0.0217,0.8435,0.6767,0.9202,133.8,35,0.8573,0.6626,0.3254,1.4899,1.0836,3.3593,0.4400,0,0,1,
171.105,16.999,pred,block2_B_pred,1,1.6711,-4.3232,-0.6037,0.2310,-0.1670,0.2200,-0.0641,1,1.4317,0.0484,0.8149,0.6826,0.8847,132.3,35,0.8281,0.6691,0.3128,1.4325,1.0646,3.3517,0.3937,0,0,1,
171.206,17.100,pred,block2_B_pred,1,1.6896,-4.3359,-0.6026,0.2210,0.0370,0.1968,-0.1410,1,1.3769,0.0687,0.8084,0.6935,0.8447,129.4,35,0.8205,0.6801,0.2987,1.3787,1.0658,3.3517,0.3937,0,0,1,
171.317,17.211,pred,block2_B_pred,1,1.7081,-4.3486,-0.6126,0.1990,-0.2410,0.1968,-0.1410,1,1.3769,0.0687,0.8084,0.6935,0.8447,129.4,35,0.8205,0.6801,0.2987,1.3787,1.0658,3.3517,0.4168,0,0,1,
171.406,17.300,pred,block2_B_pred,1,1.7260,-4.3614,-0.6192,0.2280,-0.0370,0.1968,-0.1154,1,1.3247,0.0912,0.8160,0.7119,0.8026,125.4,35,0.8269,0.6986,0.2838,1.3278,1.0825,3.2818,0.3937,0,0,1,
171.508,17.402,pred,block2_B_pred,1,1.7430,-4.3735,-0.6244,0.2240,-0.0550,0.2200,-0.1154,1,1.2773,0.1191,0.8543,0.7522,0.7614,118.4,35,0.8633,0.7386,0.2692,1.2829,1.1362,3.2818,0.4400,0,0,1,
171.606,17.500,pred,block2_B_pred,1,1.7597,-4.3856,-0.6330,0.2240,-0.1300,0.2084,-0.0067,1,1.2773,0.1191,0.8543,0.7522,0.7614,118.4,35,0.8633,0.7386,0.2692,1.2829,1.1362,3.2818,0.4400,0,0,1,
171.707,17.601,pred,block2_B_pred,1,1.7753,-4.3971,-0.6463,0.2120,-0.0920,0.2200,0.2692,1,1.2390,0.1588,0.9256,0.8214,0.7329,108.0,35,0.9323,0.8072,0.2591,1.2491,1.2332,3.2818,0.4400,0,0,1,
171.806,17.700,pred,block2_B_pred,1,1.7903,-4.4085,-0.6542,0.1640,-0.4450,0.1853,0.3205,1,1.2108,0.2137,0.9723,0.9322,0.7570,98.4,35,0.9774,0.9168,0.2677,1.2295,1.3401,3.2142,0.3937,0,0,1,
171.906,17.800,pred,block2_B_pred,1,1.8046,-4.4196,-0.6579,0.1770,0.0370,0.1968,0.3205,1,1.2108,0.2137,0.9723,0.9322,0.7570,98.4,35,0.9774,0.9168,0.2677,1.2295,1.3401,3.2142,0.4400,0,0,1,
172.006,17.900,pred,block2_B_pred,1,1.8179,-4.4299,-0.6616,0.1860,0.0920,0.2200,0.2692,1,1.1961,0.2916,1.0701,1.1137,0.8317,85.0,35,1.0728,1.0961,0.2941,1.2311,1.5338,3.2142,0.4397,0,0,0,
172.106,18.000,pred,block2_B_pred,1,1.8328,-4.4416,-0.6669,0.2050,0.0920,0.2200,0.2179,1,1.1956,0.3960,1.2255,1.3660,0.9705,69.9,35,1.2249,1.3452,0.3431,1.2595,1.8193,3.0821,0.4389,0,0,0,
172.206,18.100,pred,block2_B_pred,1,1.8482,-4.4538,-0.6658,0.1990,0.3530,0.2200,0.1923,1,1.1956,0.3960,1.2255,1.3660,0.9705,69.9,35,1.2249,1.3452,0.3431,1.2595,1.8193,3.0821,0.4168,0,0,0,
172.306,18.200,pred,block2_B_pred,1,1.8652,-4.4669,-0.6435,0.2020,0.2970,0.1968,-0.1154,1,1.2114,0.5358,1.4582,1.6859,1.1764,54.0,35,1.4529,1.6613,0.4159,1.3246,2.2070,3.0821,0.4400,0,0,0,
172.407,18.301,pred,block2_B_pred,1,1.8839,-4.4807,-0.6180,0.2090,0.2970,0.2200,-0.1410,1,1.2432,0.7046,1.6828,2.0663,1.4309,42.6,35,1.6734,2.0371,0.5059,1.4289,2.6363,3.0821,0.4400,0,0,0,
172.505,18.399,pred,block2_B_pred,1,1.9030,-4.4942,-0.6017,0.2180,0.2780,0.2200,-0.2436,1,1.2432,0.7046,1.6828,2.0663,1.4309,42.6,35,1.6734,2.0371,0.5059,1.4289,2.6363,3.0102,0.4168,0,0,0,
172.606,18.500,pred,block2_B_pred,1,1.9205,-4.5061,-0.5869,0.1860,0.3530,0.2200,-0.1154,1,1.2798,0.8808,1.7139,2.4970,1.6735,40.4,35,1.7046,2.4624,0.5917,1.5536,2.9948,3.0102,0.4400,0,1,0,
172.713,18.607,pred,block2_B_pred,1,1.9390,-4.5182,-0.5713,0.2090,0.0370,0.2084,-0.2179,1,1.3002,1.0670,1.0209,2.6512,1.6086,60.6,35,1.0269,2.6173,0.5688,1.6820,2.8115,3.0102,0.4400,0,1,0,
172.806,18.700,pred,block2_B_pred,1,1.9572,-4.5299,-0.5717,0.2180,-0.0550,0.2200,-0.1923,1,1.3002,1.0670,1.0209,2.6512,1.6086,60.6,35,1.0269,2.6173,0.5688,1.6820,2.8115,3.0102,0.4168,0,1,0,
172.906,18.800,pred,block2_B_pred,1,1.9759,-4.5420,-0.5750,0.2020,0.0000,0.2200,-0.1154,1,1.3420,1.2530,1.8804,2.4680,1.3289,23.1,35,1.8689,2.4420,0.4699,1.8360,3.0750,2.9469,0.4400,0,0,0,
173.005,18.899,pred,block2_B_pred,1,1.9948,-4.5543,-0.5806,0.2370,-0.0550,0.2200,-0.1410,1,1.4030,1.4134,2.4329,2.4377,1.4526,-0.4,35,2.4109,2.4157,0.5136,1.9915,3.4129,2.9469,0.4400,0,0,0,
173.106,19.000,pred,block2_B_pred,1,2.0143,-4.5672,-0.5906,0.1900,-0.1480,0.2200,-0.1667,1,1.4030,1.4134,2.4329,2.4377,1.4526,-0.4,35,2.4109,2.4157,0.5136,1.9915,3.4129,2.9469,0.4400,0,0,0,
173.206,19.100,pred,block2_B_pred,1,2.0330,-4.5799,-0.6121,0.1930,-0.2780,0.2200,-0.1923,1,1.4678,1.5493,2.6934,2.5483,1.5811,-7.4,35,2.6672,2.5268,0.5590,2.1342,3.6741,2.8252,0.4400,0,1,0,
173.314,19.208,pred,block2_B_pred,1,2.0507,-4.5925,-0.6347,0.2120,-0.3900,0.2200,-0.1410,1,1.5278,1.6838,2.8674,2.7732,1.7266,-8.7,35,2.8386,2.7499,0.6105,2.2736,3.9522,2.8252,0.4400,0,1,0,
173.406,19.300,pred,block2_B_pred,1,2.0670,-4.6048,-0.6626,0.1900,-0.2970,0.2200,-0.0128,1,1.5278,1.6838,2.8674,2.7732,1.7266,-8.7,35,2.8386,2.7499,0.6105,2.2736,3.9522,2.8252,0.4168,0,1,0,
173.506,19.400,pred,block2_B_pred,1,2.0833,-4.6177,-0.6863,0.1990,-0.0550,0.1968,0.1600,1,1.5278,1.6838,2.8674,2.7732,1.7266,-8.7,35,2.8386,2.7499,0.6105,2.2736,3.9522,2.8252,0.4400,0,1,0,
173.606,19.500,pred,block2_B_pred,1,2.0973,-4.6294,-0.7022,0.1740,-0.0920,0.2200,0.1923,1,1.5278,1.6838,2.8674,2.7732,1.7266,-8.7,35,2.8386,2.7499,0.6105,2.2736,3.9522,2.7540,0.4397,0,1,0,
173.706,19.600,pred,block2_B_pred,1,2.1115,-4.6415,-0.7174,0.1900,-0.2220,0.2084,0.2436,1,1.5278,1.6838,2.8674,2.7732,1.7266,-8.7,35,2.8386,2.7499,0.6105,2.2736,3.9522,2.7540,0.4164,0,1,0,
173.806,19.700,pred,block2_B_pred,1,2.1247,-4.6530,-0.7270,0.1670,-0.0550,0.2084,0.3718,1,1.5278,1.6838,2.8674,2.7732,1.7266,-8.7,35,2.8386,2.7499,0.6105,2.2736,3.9522,2.7540,0.4168,0,1,0,
173.905,19.799,pred,block2_B_pred,1,2.1381,-4.6651,-0.7309,0.1640,0.0740,0.2200,0.3462,1,1.5278,1.6838,2.8674,2.7732,1.7266,-8.7,35,2.8386,2.7499,0.6105,2.2736,3.9522,2.6771,0.4397,0,1,0,
174.006,19.900,pred,block2_B_pred,1,2.1533,-4.6787,-0.7243,0.2240,0.2410,0.2200,0.1923,1,1.5278,1.6838,2.8674,2.7732,1.7266,-8.7,35,2.8386,2.7499,0.6105,2.2736,3.9522,2.6771,0.4400,0,1,0,
174.106,20.000,pred,block2_B_pred,1,2.1700,-4.6932,-0.7059,0.2430,0.2040,0.2200,0.0897,1,1.5278,1.6838,2.8674,2.7732,1.7266,-8.7,35,2.8386,2.7499,0.6105,2.2736,3.9522,2.6771,0.4400,0,1,0,
174.206,20.100,pred,block2_B_pred,1,2.1881,-4.7083,-0.6758,0.2620,0.3530,0.2200,0.1154,1,1.5278,1.6838,2.8674,2.7732,1.7266,-8.7,35,2.8386,2.7499,0.6105,2.2736,3.9522,2.6771,0.4168,0,1,0,
174.305,20.199,pred,block2_B_pred,1,2.2069,-4.7231,-0.6488,0.2470,0.2220,0.2200,0.0641,0,1.5278,1.6838,2.8674,2.7732,1.7266,-8.7,35,2.8386,2.7499,0.6105,2.2736,3.9522,2.6060,0.4400,0,1,0,
174.406,20.300,pred,block2_B_pred,1,2.2249,-4.7363,-0.6143,0.2210,0.2220,0.2084,0.0641,0,1.5278,1.6838,2.8674,2.7732,1.7266,-8.7,35,2.8386,2.7499,0.6105,2.2736,3.9522,2.6060,0.4400,0,1,0,
174.506,20.400,pred,block2_B_pred,1,2.2420,-4.7482,-0.5849,0.1900,0.2970,0.2200,-0.0128,0,1.5278,1.6838,2.8674,2.7732,1.7266,-8.7,35,2.8386,2.7499,0.6105,2.2736,3.9522,2.6060,0.4400,0,1,0,
174.606,20.500,pred,block2_B_pred,1,2.2584,-4.7588,-0.5586,0.1450,0.3340,0.2200,-0.1410,0,1.5278,1.6838,2.8674,2.7732,1.7266,-8.7,35,2.8386,2.7499,0.6105,2.2736,3.9522,2.6060,0.4400,0,1,0,
174.705,20.599,pred,block2_B_pred,1,2.2732,-4.7679,-0.5366,0.1930,0.1300,0.2200,-0.0641,0,1.5278,1.6838,2.8674,2.7732,1.7266,-8.7,35,2.8386,2.7499,0.6105,2.2736,3.9522,2.5351,0.4168,0,1,0,
174.806,20.700,pred,block2_B_pred,1,2.2890,-4.7771,-0.5125,0.1900,0.4080,0.2200,-0.0641,1,1.2828,1.3114,0.8621,-0.1558,1.5264,-151.6,35,0.8712,-0.1244,0.5397,1.8345,0.8800,2.5351,0.4386,0,0,1,
174.907,20.801,pred,block2_B_pred,1,2.3066,-4.7870,-0.4962,0.1900,0.2600,0.2200,-0.2754,1,1.2828,1.3114,0.8621,-0.1558,1.5264,-151.6,35,0.8712,-0.1244,0.5397,1.8345,0.8800,2.5351,0.2590,0,0,1,
175.010,20.904,pred,block2_B_pred,1,2.3257,-4.7972,-0.4858,0.2340,0.0370,0.1389,-0.1154,1,1.2725,1.2618,0.8477,-0.1771,1.5003,-151.2,35,0.8568,-0.1462,0.5305,1.7920,0.8692,2.4644,0.2547,0,0,1,
175.105,20.999,pred,block2_B_pred,1,2.3414,-4.8055,-0.4958,0.2310,-0.2410,0.1274,-0.0897,1,1.2676,1.1962,0.8261,-0.2108,1.4747,-150.8,35,0.8355,-0.1807,0.5214,1.7429,0.8548,2.4644,0.2157,0,0,1,
175.206,21.100,pred,block2_B_pred,1,2.3630,-4.8173,-0.5095,0.1770,-0.2220,0.1158,-0.0897,1,1.2676,1.1962,0.8261,-0.2108,1.4747,-150.8,35,0.8355,-0.1807,0.5214,1.7429,0.8548,2.4644,0.2084,0,0,1,
175.306,21.200,pred,block2_B_pred,1,2.3784,-4.8260,-0.5169,0.1550,-0.0180,0.1042,-0.0897,1,1.2602,1.1176,0.7732,-0.2220,1.4253,-151.5,35,0.7836,-0.1933,0.5040,1.6844,0.8071,2.4644,0.1853,0,0,1,
175.405,21.299,pred,block2_B_pred,1,2.3912,-4.8334,-0.5396,0.1710,-0.1480,0.0811,-0.1667,1,1.2482,1.0438,0.7161,-0.2101,1.3621,-152.9,35,0.7275,-0.1832,0.4816,1.6271,0.7502,2.3595,0.1621,0,0,1,
175.506,21.400,pred,block2_B_pred,1,2.3983,-4.8377,-0.5671,0.0470,-0.2780,0.0695,-0.0385,1,1.2482,1.0438,0.7161,-0.2101,1.3621,-152.9,35,0.7275,-0.1832,0.4816,1.6271,0.7502,2.3595,0.1389,0,0,1,
175.606,21.500,pred,block2_B_pred,1,2.4044,-4.8415,-0.5733,0.0470,-0.2780,0.0695,-0.0128,1,1.2275,0.9723,0.7045,-0.2057,1.2889,-152.3,35,0.7157,-0.1804,0.4557,1.5659,0.7381,2.3595,0.1158,0,0,1,
175.707,21.601,pred,block2_B_pred,1,2.4079,-4.8439,-0.5985,0.0660,-0.3900,0.0579,-0.0128,1,1.2275,0.9723,0.7045,-0.2057,1.2889,-152.3,35,0.7157,-0.1804,0.4557,1.5659,0.7381,2.3595,0.1158,0,0,1,
175.806,21.700,pred,block2_B_pred,1,2.4087,-4.8444,-0.6037,0.0000,0.0000,0.0579,-0.0128,1,1.2005,0.9048,0.7416,-0.2159,1.2110,-149.3,35,0.7515,-0.1918,0.4282,1.5033,0.7756,2.3240,0.1158,0,0,1,
175.906,21.800,pred,block2_B_pred,1,2.4128,-4.8472,-0.6030,0.0090,-0.0550,0.0579,-0.0641,1,1.1704,0.8385,0.7842,-0.2355,1.1413,-145.4,35,0.7925,-0.2125,0.4035,1.4398,0.8205,2.3240,0.1158,0,0,1,
176.006,21.900,pred,block2_B_pred,1,2.4128,-4.8472,-0.6030,0.0000,0.0000,0.1829,-0.0128,1,1.1704,0.8385,0.7842,-0.2355,1.1413,-145.4,35,0.7925,-0.2125,0.4035,1.4398,0.8205,2.3240,0.4015,0,0,1,
176.105,21.999,pred,block2_B_pred,1,2.4140,-4.8480,-0.6115,0.0720,-0.4270,0.2200,-0.0385,1,1.1414,0.7738,0.8149,-0.2717,1.0952,-141.5,35,0.8219,-0.2493,0.3872,1.3789,0.8589,2.3627,0.4015,0,0,1,
176.205,22.099,pred,block2_B_pred,1,2.4189,-4.8516,-0.6278,0.1670,-0.0180,0.0950,-0.1667,1,1.1160,0.7032,0.8219,-0.3213,1.0659,-138.2,35,0.8282,-0.2993,0.3769,1.3191,0.8806,2.3627,0.0000,0,0,1,
176.306,22.200,pred,block2_B_pred,1,2.4260,-4.8568,-0.6627,0.1170,-0.3530,0.0000,-0.1667,1,1.1160,0.7032,0.8219,-0.3213,1.0659,-138.2,35,0.8282,-0.2993,0.3769,1.3191,0.8806,2.3627,0.3682,0,0,1,
176.406,22.300,pred,block2_B_pred,1,2.4378,-4.8663,-0.7042,0.1550,-0.6130,0.1505,-0.0641,1,1.0964,0.6360,0.8260,-0.3682,1.0400,-135.2,35,0.8317,-0.3467,0.3677,1.2675,0.9011,2.3627,0.3242,0,0,1,
176.506,22.400,pred,block2_B_pred,1,2.4506,-4.8775,-0.7417,0.1580,-0.2220,0.1505,0.0641,1,1.0781,0.5737,0.8234,-0.3627,0.9705,-133.2,35,0.8288,-0.3427,0.3431,1.2212,0.8969,2.3627,0.2547,0,0,1,
176.606,22.500,pred,block2_B_pred,1,2.4632,-4.8895,-0.7673,0.1930,-0.1670,0.0024,-0.1215,1,1.0781,0.5737,0.8234,-0.3627,0.9705,-133.2,35,0.8288,-0.3427,0.3431,1.2212,0.8969,2.3627,0.3242,0,0,1,
176.705,22.599,pred,block2_B_pred,1,2.4747,-4.9007,-0.7895,0.1550,-0.1300,0.1621,0.0385,1,1.0599,0.5255,0.8102,-0.3238,0.8853,-132.8,35,0.8156,-0.3056,0.3130,1.1831,0.8709,2.3627,0.2779,0,0,1,
176.806,22.699,pred,block2_B_pred,1,2.4863,-4.9126,-0.8070,0.1580,-0.3340,0.1158,0.0385,1,1.0397,0.4895,0.7867,-0.2883,0.8179,-133.2,35,0.7921,-0.2717,0.2892,1.1491,0.8374,2.2989,0.2084,0,0,1,
176.906,22.800,pred,block2_B_pred,1,2.4981,-4.9250,-0.8170,0.1770,0.0370,0.1042,0.0959,1,1.0397,0.4895,0.7867,-0.2883,0.8179,-133.2,35,0.7921,-0.2717,0.2892,1.1491,0.8374,2.2989,0.2350,0,0,1,
177.006,22.900,pred,block2_B_pred,1,2.5083,-4.9359,-0.8240,0.1800,0.0180,0.1158,0.0641,1,1.0124,0.4574,0.7609,-0.2512,0.7519,-133.9,35,0.7663,-0.2360,0.2658,1.1110,0.8018,2.2989,0.2084,0,0,1,
177.106,23.000,pred,block2_B_pred,1,2.5159,-4.9441,-0.8262,0.1740,0.0180,0.1042,0.0897,1,0.9778,0.4237,0.7425,-0.2443,0.7082,-132.8,35,0.7475,-0.2299,0.2504,1.0657,0.7821,2.2989,0.2316,0,0,1,
177.205,23.099,pred,block2_B_pred,1,2.5234,-4.9522,-0.8159,0.1200,0.2600,0.1389,0.0000,1,0.9429,0.3857,0.7191,-0.2713,0.6940,-131.1,35,0.7475,-0.2299,0.2504,1.0187,0.7821,2.3353,0.2779,0,0,1,
177.306,23.200,pred,block2_B_pred,1,2.5295,-4.9585,-0.8006,0.0850,-0.2410,0.1042,0.1472,1,0.9429,0.3857,0.7191,-0.2713,0.6940,-131.1,35,0.7239,-0.2572,0.2454,1.0187,0.7683,2.3353,0.2084,0,0,1,
177.406,23.300,pred,block2_B_pred,1,2.5351,-4.9642,-0.7776,0.1450,-0.1110,0.0926,0.1472,1,0.9076,0.3393,0.6675,-0.3318,0.7128,-130.2,35,0.6727,-0.3174,0.2520,0.9690,0.7438,2.3353,0.0920,0,0,1,
177.506,23.400,pred,block2_B_pred,1,2.5404,-4.9693,-0.7520,0.0440,0.2600,0.0347,0.4672,1,0.9076,0.3393,0.6675,-0.3318,0.7128,-130.2,35,0.6727,-0.3174,0.2520,0.9690,0.7438,2.3353,0.0695,0,0,1,
177.606,23.500,pred,block2_B_pred,1,2.5471,-4.9756,-0.7405,0.0500,0.2970,0.0347,0.4231,1,0.8727,0.2817,0.5818,-0.4084,0.7489,-130.7,35,0.5880,-0.3936,0.2648,0.9170,0.7076,2.3201,0.0695,0,0,1,
177.705,23.599,pred,block2_B_pred,1,2.5541,-4.9819,-0.7190,0.0600,0.2410,0.0347,0.4231,1,0.8431,0.2218,0.4926,-0.4797,0.7842,-131.3,35,0.5001,-0.4647,0.2773,0.8718,0.6827,2.3201,0.0722,0,0,1,
177.808,23.702,pred,block2_B_pred,1,2.5583,-4.9855,-0.6863,0.0250,0.1480,0.1158,0.4744,1,0.8431,0.2218,0.4926,-0.4797,0.7842,-131.3,35,0.5001,-0.4647,0.2773,0.8718,0.6827,2.3201,0.2755,0,0,1,
177.906,23.800,pred,block2_B_pred,1,2.5625,-4.9888,-0.6544,0.0880,0.5200,0.1389,0.5000,1,0.8164,0.1569,0.3858,-0.5248,0.8063,-133.2,35,0.3950,-0.5102,0.2851,0.8314,0.6452,2.3201,0.3186,0,0,1,
178.006,23.900,pred,block2_B_pred,1,2.5675,-4.9925,-0.6181,0.0820,0.4830,0.2200,0.3400,1,0.7922,0.0900,0.2960,-0.5598,0.8176,-133.8,35,0.3066,-0.5459,0.2891,0.7973,0.6261,2.3201,0.4222,0,0,1,
178.107,24.001,pred,block2_B_pred,1,2.5738,-4.9968,-0.5731,0.0660,0.3900,0.2200,0.2692,1,0.7922,0.0900,0.2960,-0.5598,0.8176,-133.8,35,0.3066,-0.5459,0.2891,0.7973,0.6261,2.3201,0.4172,0,0,1,
178.206,24.100,pred,block2_B_pred,1,2.5859,-5.0044,-0.5211,0.1290,0.7610,0.2084,0.3718,1,0.7720,0.0240,0.2219,-0.5913,0.8254,-133.6,35,0.2337,-0.5781,0.2918,0.7724,0.6235,2.3201,0.4135,0,0,1,
178.306,24.200,pred,block2_B_pred,1,2.5985,-5.0111,-0.4372,0.1450,0.8540,0.2200,0.3462,1,0.7525,-0.0442,0.1456,-0.6215,0.8375,-133.1,35,0.1586,-0.6091,0.2961,0.7538,0.6294,2.0900,0.4352,0,0,1,
178.406,24.300,pred,block2_B_pred,1,2.6162,-5.0189,-0.3644,0.1640,0.9660,0.2084,0.0262,1,0.7525,-0.0442,0.1456,-0.6215,0.8375,-133.1,35,0.1586,-0.6091,0.2961,0.7538,0.6294,2.0900,0.4400,0,0,1,
178.506,24.400,pred,block2_B_pred,1,2.6359,-5.0258,-0.2980,0.2370,0.4640,0.1968,-0.2938,1,0.7525,-0.0442,0.1456,-0.6215,0.8375,-133.1,35,0.1586,-0.6091,0.2961,0.7538,0.6294,2.0900,0.4400,0,0,1,
178.606,24.500,pred,block2_B_pred,1,2.6592,-5.0324,-0.2416,0.2470,0.4830,0.2200,-0.4549,1,0.7525,-0.0442,0.1456,-0.6215,0.8375,-133.1,35,0.1586,-0.6091,0.2961,0.7538,0.6294,2.0507,0.4168,0,0,1,
178.706,24.600,pred,block2_B_pred,1,2.6850,-5.0383,-0.2033,0.2850,0.3340,0.2200,-0.3400,1,0.7525,-0.0442,0.1456,-0.6215,0.8375,-133.1,35,0.1586,-0.6091,0.2961,0.7538,0.6294,2.0507,0.4204,0,0,1,
178.806,24.700,pred,block2_B_pred,1,2.7118,-5.0437,-0.1967,0.2470,0.0370,0.0834,-0.0200,1,0.7525,-0.0442,0.1456,-0.6215,0.8375,-133.1,35,0.1586,-0.6091,0.2961,0.7538,0.6294,2.0507,0.1694,0,0,1,
178.906,24.800,pred,block2_B_pred,1,2.7357,-5.0485,-0.2160,0.1960,-0.4450,0.0695,0.2179,1,0.7525,-0.0442,0.1456,-0.6215,0.8375,-133.1,35,0.1586,-0.6091,0.2961,0.7538,0.6294,2.0507,0.0814,0,0,1,
179.006,24.900,pred,block2_B_pred,1,2.7544,-5.0529,-0.2601,0.1480,-0.6870,0.0116,0.2436,1,0.7525,-0.0442,0.1456,-0.6215,0.8375,-133.1,35,0.1586,-0.6091,0.2961,0.7538,0.6294,1.9701,0.0814,0,0,1,
179.106,25.000,pred,block2_B_pred,1,2.7672,-5.0565,-0.2991,0.0880,-0.4830,0.0116,0.2436,1,0.7525,-0.0442,0.1456,-0.6215,0.8375,-133.1,35,0.1586,-0.6091,0.2961,0.7538,0.6294,1.9701,0.0814,0,0,1,
179.206,25.100,pred,block2_B_pred,1,2.7755,-5.0592,-0.3503,0.0980,-0.5750,0.1366,0.0836,1,0.7525,-0.0442,0.1456,-0.6215,0.8375,-133.1,35,0.1586,-0.6091,0.2961,0.7538,0.6294,1.9701,0.4323,0,0,1,
179.316,25.210,pred,block2_B_pred,1,2.7796,-5.0608,-0.3763,0.0060,-0.0370,0.2200,-0.1667,0,0.7525,-0.0442,0.1456,-0.6215,0.8375,-133.1,35,0.1586,-0.6091,0.2961,0.7538,0.6294,1.9701,0.4304,0,0,1,
179.405,25.299,pred,block2_B_pred,1,2.7797,-5.0608,-0.3767,0.0000,0.0000,0.2084,-0.1667,0,0.7525,-0.0442,0.1456,-0.6215,0.8375,-133.1,35,0.1586,-0.6091,0.2961,0.7538,0.6294,1.9701,0.3765,0,0,1,
179.506,25.400,pred,block2_B_pred,1,2.7797,-5.0608,-0.3767,0.0000,0.0000,0.2084,-0.1667,0,0.7525,-0.0442,0.1456,-0.6215,0.8375,-133.1,35,0.1586,-0.6091,0.2961,0.7538,0.6294,1.9701,0.3765,0,0,1,
179.605,25.499,pred,block2_B_pred,1,2.7817,-5.0616,-0.3827,0.1170,-0.3150,0.2084,-0.1667,0,0.7525,-0.0442,0.1456,-0.6215,0.8375,-133.1,35,0.1586,-0.6091,0.2961,0.7538,0.6294,1.9701,0.3765,0,0,1,
179.717,25.611,pred,block2_B_pred,1,2.7907,-5.0652,-0.3775,0.0910,-0.0550,0.2200,-0.1923,0,0.7525,-0.0442,0.1456,-0.6215,0.8375,-133.1,35,0.1586,-0.6091,0.2961,0.7538,0.6294,1.9339,0.4205,0,0,1,
179.806,25.700,pred,block2_B_pred,1,2.8083,-5.0723,-0.3953,0.2020,-0.2970,0.2200,-0.1923,0,0.7525,-0.0442,0.1456,-0.6215,0.8375,-133.1,35,0.1586,-0.6091,0.2961,0.7538,0.6294,1.9339,0.4400,0,0,1,
179.906,25.800,pred,block2_B_pred,1,2.8326,-5.0826,-0.4135,0.2850,-0.1850,0.2200,-0.1410,0,0.7525,-0.0442,0.1456,-0.6215,0.8375,-133.1,35,0.1586,-0.6091,0.2961,0.7538,0.6294,1.9339,0.4400,0,0,1,
180.006,25.900,pred,block2_B_pred,1,2.8590,-5.0945,-0.4350,0.2970,-0.1850,0.2200,-0.1154,0,0.7525,-0.0442,0.1456,-0.6215,0.8375,-133.1,35,0.1586,-0.6091,0.2961,0.7538,0.6294,1.9339,0.4168,0,0,1,
180.106,26.000,pred,block2_B_pred,1,2.8856,-5.1071,-0.4568,0.2620,-0.2780,0.2200,-0.1154,0,0.7525,-0.0442,0.1456,-0.6215,0.8375,-133.1,35,0.1586,-0.6091,0.2961,0.7538,0.6294,1.8629,0.4401,0,0,1,
180.206,26.100,pred,block2_B_pred,1,2.9101,-5.1194,-0.4847,0.2560,-0.3530,0.2200,-0.1410,0,0.7525,-0.0442,0.1456,-0.6215,0.8375,-133.1,35,0.1586,-0.6091,0.2961,0.7538,0.6294,1.8629,0.4404,0,0,1,
180.306,26.200,pred,block2_B_pred,1,2.9333,-5.1318,-0.4962,0.2620,-0.0920,0.2200,-0.0897,0,0.7525,-0.0442,0.1456,-0.6215,0.8375,-133.1,35,0.1586,-0.6091,0.2961,0.7538,0.6294,1.8629,0.4400,0,0,1,
180.405,26.299,pred,block2_B_pred,1,2.9549,-5.1436,-0.5077,0.2400,-0.1110,0.2200,-0.1154,0,0.7525,-0.0442,0.1456,-0.6215,0.8375,-133.1,35,0.1586,-0.6091,0.2961,0.7538,0.6294,1.7216,0.4400,0,0,1,
180.505,26.399,pred,block2_B_pred,1,2.9736,-5.1541,-0.5232,0.1830,-0.1850,0.2200,-0.1667,0,0.7525,-0.0442,0.1456,-0.6215,0.8375,-133.1,35,0.1586,-0.6091,0.2961,0.7538,0.6294,1.7216,0.4400,0,0,1,
180.605,26.499,pred,block2_B_pred,1,2.9902,-5.1638,-0.5325,0.1960,0.0370,0.2200,-0.0897,0,0.7525,-0.0442,0.1456,-0.6215,0.8375,-133.1,35,0.1586,-0.6091,0.2961,0.7538,0.6294,1.7216,0.4400,0,0,1,
180.706,26.600,pred,block2_B_pred,1,3.0052,-5.1726,-0.5429,0.1580,-0.2600,0.2200,-0.0897,0,0.7525,-0.0442,0.1456,-0.6215,0.8375,-133.1,35,0.1586,-0.6091,0.2961,0.7538,0.6294,1.7216,0.4400,0,0,1,
180.806,26.700,pred,block2_B_pred,1,3.0209,-5.1822,-0.5548,0.1740,-0.1300,0.2084,-0.0641,0,0.7525,-0.0442,0.1456,-0.6215,0.8375,-133.1,35,0.1586,-0.6091,0.2961,0.7538,0.6294,1.6868,0.4400,0,0,1,
180.906,26.800,pred,block2_B_pred,1,3.0359,-5.1916,-0.5699,0.1330,-0.1850,0.2200,-0.0128,0,0.7525,-0.0442,0.1456,-0.6215,0.8375,-133.1,35,0.1586,-0.6091,0.2961,0.7538,0.6294,1.6868,0.4400,0,0,1,
181.006,26.900,pred,block2_B_pred,1,3.0505,-5.2011,-0.5759,0.1740,0.0180,0.2200,-0.0128,0,0.7525,-0.0442,0.1456,-0.6215,0.8375,-133.1,35,0.1586,-0.6091,0.2961,0.7538,0.6294,1.6868,0.4400,0,0,1,
181.109,27.003,pred,block2_B_pred,1,3.0657,-5.2110,-0.5822,0.1930,-0.1300,0.2200,-0.0385,0,0.7525,-0.0442,0.1456,-0.6215,0.8375,-133.1,35,0.1586,-0.6091,0.2961,0.7538,0.6294,1.6165,0.4400,0,0,1,
181.206,27.100,pred,block2_B_pred,1,3.0815,-5.2215,-0.5848,0.1740,-0.0920,0.2084,-0.0385,0,0.7525,-0.0442,0.1456,-0.6215,0.8375,-133.1,35,0.1586,-0.6091,0.2961,0.7538,0.6294,1.6165,0.4400,0,0,1,
181.306,27.200,pred,block2_B_pred,1,3.0998,-5.2336,-0.5907,0.2210,-0.1110,0.2200,0.0000,0,0.7525,-0.0442,0.1456,-0.6215,0.8375,-133.1,35,0.1586,-0.6091,0.2961,0.7538,0.6294,1.6165,0.4400,0,0,1,
181.406,27.300,pred,block2_B_pred,1,3.1193,-5.2467,-0.5889,0.2310,0.0920,0.2200,-0.0641,0,0.7525,-0.0442,0.1456,-0.6215,0.8375,-133.1,35,0.1586,-0.6091,0.2961,0.7538,0.6294,1.6165,0.4400,0,0,1,
181.506,27.400,pred,block2_B_pred,1,3.1388,-5.2596,-0.5841,0.2310,-0.0180,0.2084,0.0128,0,0.7525,-0.0442,0.1456,-0.6215,0.8375,-133.1,35,0.1586,-0.6091,0.2961,0.7538,0.6294,1.5457,0.4400,0,0,1,
181.606,27.500,pred,block2_B_pred,1,3.1564,-5.2713,-0.5841,0.2020,-0.0740,0.2200,-0.0385,0,0.7525,-0.0442,0.1456,-0.6215,0.8375,-133.1,35,0.1586,-0.6091,0.2961,0.7538,0.6294,1.5457,0.4400,0,0,1,
181.706,27.600,pred,block2_B_pred,1,3.1744,-5.2832,-0.5793,0.1990,0.0550,0.2200,-0.0641,0,0.7525,-0.0442,0.1456,-0.6215,0.8375,-133.1,35,0.1586,-0.6091,0.2961,0.7538,0.6294,1.5457,0.4400,0,0,1,
181.806,27.700,pred,block2_B_pred,1,3.1921,-5.2947,-0.5760,0.2120,0.0920,0.2200,-0.0385,0,0.7525,-0.0442,0.1456,-0.6215,0.8375,-133.1,35,0.1586,-0.6091,0.2961,0.7538,0.6294,1.5457,0.4168,0,0,1,
181.905,27.799,pred,block2_B_pred,1,3.2092,-5.3057,-0.5704,0.1930,-0.1670,0.2200,-0.0641,0,0.7525,-0.0442,0.1456,-0.6215,0.8375,-133.1,35,0.1586,-0.6091,0.2961,0.7538,0.6294,1.4761,0.4400,0,0,1,
182.006,27.900,pred,block2_B_pred,1,3.2256,-5.3161,-0.5634,0.1930,-0.0180,0.2084,-0.1154,0,0.7525,-0.0442,0.1456,-0.6215,0.8375,-133.1,35,0.1586,-0.6091,0.2961,0.7538,0.6294,1.4761,0.4400,0,0,1,
182.106,28.000,pred,block2_B_pred,1,3.2412,-5.3259,-0.5597,0.1900,0.0740,0.2200,-0.0641,0,0.7525,-0.0442,0.1456,-0.6215,0.8375,-133.1,35,0.1586,-0.6091,0.2961,0.7538,0.6294,1.4761,0.4400,0,0,1,
182.206,28.100,pred,block2_B_pred,1,3.2570,-5.3359,-0.5641,0.1900,0.1480,0.2200,-0.0641,0,0.7525,-0.0442,0.1456,-0.6215,0.8375,-133.1,35,0.1586,-0.6091,0.2961,0.7538,0.6294,1.4049,0.4400,0,0,1,
182.306,28.200,pred,block2_B_pred,1,3.2740,-5.3467,-0.5712,0.2180,-0.0550,0.2200,-0.0128,0,0.7525,-0.0442,0.1456,-0.6215,0.8375,-133.1,35,0.1586,-0.6091,0.2961,0.7538,0.6294,1.4049,0.4400,0,0,1,
182.406,28.300,pred,block2_B_pred,1,3.2923,-5.3584,-0.5671,0.2310,0.0550,0.2200,-0.0641,0,0.7525,-0.0442,0.1456,-0.6215,0.8375,-133.1,35,0.1586,-0.6091,0.2961,0.7538,0.6294,1.4049,0.4168,0,0,1,
182.505,28.399,pred,block2_B_pred,1,3.3108,-5.3701,-0.5622,0.2240,0.1670,0.1968,0.1923,0,0.7525,-0.0442,0.1456,-0.6215,0.8375,-133.1,35,0.1586,-0.6091,0.2961,0.7538,0.6294,1.4049,0.4400,0,0,1,
182.606,28.500,pred,block2_B_pred,1,3.3286,-5.3813,-0.5545,0.2020,0.0000,0.2200,0.1667,0,0.7525,-0.0442,0.1456,-0.6215,0.8375,-133.1,35,0.1586,-0.6091,0.2961,0.7538,0.6294,1.3339,0.4400,0,0,1,
182.705,28.599,pred,block2_B_pred,1,3.3472,-5.3928,-0.5504,0.2210,0.0740,0.2200,0.0897,0,0.7525,-0.0442,0.1456,-0.6215,0.8375,-133.1,35,0.1586,-0.6091,0.2961,0.7538,0.6294,1.3339,0.4168,0,0,1,
182.806,28.700,pred,block2_B_pred,1,3.3640,-5.4031,-0.5478,0.1990,0.0180,0.2200,0.1410,0,0.7525,-0.0442,0.1456,-0.6215,0.8375,-133.1,35,0.1586,-0.6091,0.2961,0.7538,0.6294,1.3339,0.4400,0,0,1,
182.906,28.799,pred,block2_B_pred,1,3.3814,-5.4136,-0.5437,0.1800,0.0920,0.2200,0.0897,0,0.7525,-0.0442,0.1456,-0.6215,0.8375,-133.1,35,0.1586,-0.6091,0.2961,0.7538,0.6294,1.1971,0.4400,0,0,1,
183.006,28.900,pred,block2_B_pred,1,3.3990,-5.4243,-0.5434,0.2180,-0.0180,0.2200,-0.0128,0,0.7525,-0.0442,0.1456,-0.6215,0.8375,-133.1,35,0.1586,-0.6091,0.2961,0.7538,0.6294,1.1971,0.4400,0,0,1,
183.106,29.000,pred,block2_B_pred,1,3.4179,-5.4356,-0.5315,0.2280,0.2220,0.2200,-0.0128,0,0.7525,-0.0442,0.1456,-0.6215,0.8375,-133.1,35,0.1586,-0.6091,0.2961,0.7538,0.6294,1.1971,0.4168,0,0,1,
183.206,29.100,pred,block2_B_pred,1,3.4371,-5.4468,-0.5267,0.2090,-0.1110,0.2200,0.0128,0,0.7525,-0.0442,0.1456,-0.6215,0.8375,-133.1,35,0.1586,-0.6091,0.2961,0.7538,0.6294,1.1971,0.4400,0,0,1,
183.306,29.200,pred,block2_B_pred,1,3.4554,-5.4574,-0.5226,0.2340,-0.0740,0.2200,-0.0128,0,0.7525,-0.0442,0.1456,-0.6215,0.8375,-133.1,35,0.1586,-0.6091,0.2961,0.7538,0.6294,1.0881,0.4400,0,0,1,
183.406,29.300,pred,block2_B_pred,1,3.4720,-5.4670,-0.5230,0.1670,0.0180,0.2084,0.0128,0,0.7525,-0.0442,0.1456,-0.6215,0.8375,-133.1,35,0.1586,-0.6091,0.2961,0.7538,0.6294,1.0881,0.4400,0,0,1,
183.506,29.400,pred,block2_B_pred,1,3.4891,-5.4768,-0.5189,0.1960,0.1850,0.2200,0.0385,0,0.7525,-0.0442,0.1456,-0.6215,0.8375,-133.1,35,0.1586,-0.6091,0.2961,0.7538,0.6294,1.0881,0.4168,0,0,1,
183.606,29.500,pred,block2_B_pred,1,3.5050,-5.4858,-0.5141,0.1710,0.1110,0.2200,0.0000,0,0.7525,-0.0442,0.1456,-0.6215,0.8375,-133.1,35,0.1586,-0.6091,0.2961,0.7538,0.6294,1.0881,0.4400,0,0,1,
183.706,29.600,pred,block2_B_pred,1,3.5224,-5.4957,-0.5156,0.2090,-0.0370,0.2084,0.0128,0,0.7525,-0.0442,0.1456,-0.6215,0.8375,-133.1,35,0.1586,-0.6091,0.2961,0.7538,0.6294,1.0176,0.4168,0,0,1,
183.806,29.700,pred,block2_B_pred,1,3.5390,-5.5050,-0.5113,0.2210,0.0370,0.2200,-0.0128,0,0.7525,-0.0442,0.1456,-0.6215,0.8375,-133.1,35,0.1586,-0.6091,0.2961,0.7538,0.6294,1.0176,0.4400,0,0,1,
183.906,29.800,pred,block2_B_pred,1,3.5551,-5.5140,-0.5068,0.1960,-0.0370,0.2200,0.0000,0,0.7525,-0.0442,0.1456,-0.6215,0.8375,-133.1,35,0.1586,-0.6091,0.2961,0.7538,0.6294,1.0176,0.4400,0,0,1,
184.006,29.900,pred,block2_B_pred,1,3.5716,-5.5231,-0.5038,0.1770,-0.1110,0.2200,0.0641,0,0.7525,-0.0442,0.1456,-0.6215,0.8375,-133.1,35,0.1586,-0.6091,0.2961,0.7538,0.6294,0.9471,0.4400,0,0,1,
184.106,30.000,pred,block2_B_pred,1,3.5894,-5.5329,-0.5042,0.1830,0.0740,0.2200,-0.0128,0,0.7525,-0.0442,0.1456,-0.6215,0.8375,-133.1,35,0.1586,-0.6091,0.2961,0.7538,0.6294,0.9471,0.4400,0,0,1,
184.206,30.100,pred,block2_B_pred,1,3.6083,-5.5433,-0.5038,0.2310,-0.0180,0.2200,-0.0128,0,0.7525,-0.0442,0.1456,-0.6215,0.8375,-133.1,35,0.1586,-0.6091,0.2961,0.7538,0.6294,0.9471,0.4400,0,0,1,
184.306,30.200,pred,block2_B_pred,1,3.6275,-5.5538,-0.4916,0.2150,0.1110,0.2084,-0.0128,0,0.7525,-0.0442,0.1456,-0.6215,0.8375,-133.1,35,0.1586,-0.6091,0.2961,0.7538,0.6294,0.9471,0.4400,0,0,1,
184.406,30.300,pred,block2_B_pred,1,3.6470,-5.5642,-0.4853,0.2370,0.0180,0.2200,-0.0128,0,0.7525,-0.0442,0.1456,-0.6215,0.8375,-133.1,35,0.1586,-0.6091,0.2961,0.7538,0.6294,0.8767,0.4400,0,0,1,
184.506,30.400,pred,block2_B_pred,1,3.6647,-5.5735,-0.4835,0.1770,0.0000,0.2200,-0.0128,0,0.7525,-0.0442,0.1456,-0.6215,0.8375,-133.1,35,0.1586,-0.6091,0.2961,0.7538,0.6294,0.8767,0.4400,0,0,1,
184.606,30.500,pred,block2_B_pred,1,3.6835,-5.5834,-0.4857,0.2090,-0.0740,0.2200,0.0000,0,0.7525,-0.0442,0.1456,-0.6215,0.8375,-133.1,35,0.1586,-0.6091,0.2961,0.7538,0.6294,0.8767,0.4400,0,0,1,
184.707,30.601,pred,block2_B_pred,1,3.7021,-5.5932,-0.4802,0.2020,0.1480,0.2200,-0.0897,0,0.7525,-0.0442,0.1456,-0.6215,0.8375,-133.1,35,0.1586,-0.6091,0.2961,0.7538,0.6294,0.8068,0.4400,0,0,1,
184.806,30.700,pred,block2_B_pred,1,3.7220,-5.6034,-0.4726,0.2150,0.1110,0.2200,-0.0385,0,0.7525,-0.0442,0.1456,-0.6215,0.8375,-133.1,35,0.1586,-0.6091,0.2961,0.7538,0.6294,0.8068,0.4168,0,0,1,
184.910,30.804,pred,block2_B_pred,1,3.7423,-5.6137,-0.4668,0.2470,0.0740,0.2200,-0.0385,0,0.7525,-0.0442,0.1456,-0.6215,0.8375,-133.1,35,0.1586,-0.6091,0.2961,0.7538,0.6294,0.8068,0.4400,0,0,1,
185.006,30.900,pred,block2_B_pred,1,3.7620,-5.6238,-0.4750,0.2150,-0.1850,0.2200,-0.0641,0,0.7525,-0.0442,0.1456,-0.6215,0.8375,-133.1,35,0.1586,-0.6091,0.2961,0.7538,0.6294,0.8068,0.4400,0,0,1,
185.106,31.000,pred,block2_B_pred,1,3.7813,-5.6338,-0.4824,0.2210,-0.1110,0.2084,-0.0385,0,0.7525,-0.0442,0.1456,-0.6215,0.8375,-133.1,35,0.1586,-0.6091,0.2961,0.7538,0.6294,0.7364,0.4400,0,0,1,
185.206,31.100,pred,block2_B_pred,1,3.7998,-5.6435,-0.4891,0.1770,-0.0370,0.2200,-0.0641,0,0.7525,-0.0442,0.1456,-0.6215,0.8375,-133.1,35,0.1586,-0.6091,0.2961,0.7538,0.6294,0.7364,0.4400,0,0,1,
185.306,31.200,pred,block2_B_pred,1,3.8183,-5.6533,-0.4891,0.2120,-0.0920,0.2200,-0.0385,0,0.7525,-0.0442,0.1456,-0.6215,0.8375,-133.1,35,0.1586,-0.6091,0.2961,0.7538,0.6294,0.7364,0.4400,0,0,1,
185.406,31.300,pred,block2_B_pred,1,3.8357,-5.6625,-0.4843,0.1990,0.1670,0.2200,-0.0128,0,0.7525,-0.0442,0.1456,-0.6215,0.8375,-133.1,35,0.1586,-0.6091,0.2961,0.7538,0.6294,0.7364,0.4400,0,0,1,
185.506,31.400,pred,block2_B_pred,1,3.8535,-5.6719,-0.4876,0.2020,-0.0740,0.2084,0.0000,0,0.7525,-0.0442,0.1456,-0.6215,0.8375,-133.1,35,0.1586,-0.6091,0.2961,0.7538,0.6294,0.6663,0.4400,0,0,1,
185.606,31.500,pred,block2_B_pred,1,3.8718,-5.6816,-0.4899,0.2120,0.0180,0.2200,-0.0385,0,0.7525,-0.0442,0.1456,-0.6215,0.8375,-133.1,35,0.1586,-0.6091,0.2961,0.7538,0.6294,0.6663,0.4400,0,0,1,
185.706,31.600,pred,block2_B_pred,1,3.8904,-5.6917,-0.5035,0.2400,-0.0740,0.2084,-0.0385,0,0.7525,-0.0442,0.1456,-0.6215,0.8375,-133.1,35,0.1586,-0.6091,0.2961,0.7538,0.6294,0.6663,0.4400,0,0,1,
185.806,31.700,pred,block2_B_pred,1,3.9085,-5.7018,-0.5128,0.2120,-0.0550,0.2200,-0.0128,0,0.7525,-0.0442,0.1456,-0.6215,0.8375,-133.1,35,0.1586,-0.6091,0.2961,0.7538,0.6294,0.5566,0.4400,0,0,1,
185.906,31.800,pred,block2_B_pred,1,3.9279,-5.7128,-0.5206,0.2090,-0.1850,0.2084,0.0128,0,0.7525,-0.0442,0.1456,-0.6215,0.8375,-133.1,35,0.1586,-0.6091,0.2961,0.7538,0.6294,0.5566,0.4400,0,0,1,
186.006,31.900,pred,block2_B_pred,1,3.9469,-5.7237,-0.5235,0.1900,-0.0370,0.2084,0.0385,0,0.7525,-0.0442,0.1456,-0.6215,0.8375,-133.1,35,0.1586,-0.6091,0.2961,0.7538,0.6294,0.5566,0.4168,0,0,1,
186.106,32.000,pred,block2_B_pred,1,3.9660,-5.7347,-0.5242,0.2150,-0.0740,0.2200,0.1667,0,0.7525,-0.0442,0.1456,-0.6215,0.8375,-133.1,35,0.1586,-0.6091,0.2961,0.7538,0.6294,0.5566,0.4400,0,0,1,
186.206,32.100,pred,block2_B_pred,1,3.9836,-5.7449,-0.5265,0.2150,0.0000,0.1737,0.2436,0,0.7525,-0.0442,0.1456,-0.6215,0.8375,-133.1,35,0.1586,-0.6091,0.2961,0.7538,0.6294,0.4862,0.3474,0,0,1,
186.306,32.200,pred,block2_B_pred,1,4.0004,-5.7547,-0.5355,0.1900,0.0000,0.2084,0.2436,0,0.7525,-0.0442,0.1456,-0.6215,0.8375,-133.1,35,0.1586,-0.6091,0.2961,0.7538,0.6294,0.4862,0.4391,0,0,1,
186.405,32.299,pred,block2_B_pred,1,4.0173,-5.7649,-0.5496,0.2090,-0.1110,0.2200,0.3718,0,0.7525,-0.0442,0.1456,-0.6215,0.8375,-133.1,35,0.1586,-0.6091,0.2961,0.7538,0.6294,0.4862,0.4400,0,0,1,
186.505,32.399,pred,block2_B_pred,1,4.0348,-5.7757,-0.5518,0.2050,-0.1670,0.2084,0.3974,0,0.7525,-0.0442,0.1456,-0.6215,0.8375,-133.1,35,0.1586,-0.6091,0.2961,0.7538,0.6294,0.4139,0.4168,0,0,1,
186.606,32.500,pred,block2_B_pred,1,4.0520,-5.7861,-0.5443,0.2310,-0.0180,0.1968,0.2949,0,0.7525,-0.0442,0.1456,-0.6215,0.8375,-133.1,35,0.1586,-0.6091,0.2961,0.7538,0.6294,0.4139,0.3937,0,0,1,
186.706,32.600,pred,block2_B_pred,1,4.0707,-5.7971,-0.5191,0.2210,0.0740,0.1853,0.3462,0,0.7525,-0.0442,0.1456,-0.6215,0.8375,-133.1,35,0.1586,-0.6091,0.2961,0.7538,0.6294,0.4139,0.3705,0,0,1,
186.806,32.700,pred,block2_B_pred,1,4.0914,-5.8087,-0.4980,0.2430,0.1300,0.1853,0.2692,0,0.7525,-0.0442,0.1456,-0.6215,0.8375,-133.1,35,0.1586,-0.6091,0.2961,0.7538,0.6294,0.4139,0.3490,0,0,1,
186.906,32.800,pred,block2_B_pred,1,4.1103,-5.8186,-0.4634,0.2210,0.1850,0.1621,0.2436,0,0.7525,-0.0442,0.1456,-0.6215,0.8375,-133.1,35,0.1586,-0.6091,0.2961,0.7538,0.6294,0.3517,0.3245,0,0,1,
187.006,32.900,pred,block2_B_pred,1,4.1285,-5.8274,-0.4301,0.2150,0.1850,0.1505,0.1923,0,0.7525,-0.0442,0.1456,-0.6215,0.8375,-133.1,35,0.1586,-0.6091,0.2961,0.7538,0.6294,0.3517,0.3011,0,0,1,
187.106,33.000,pred,block2_B_pred,1,4.1436,-5.8340,-0.3904,0.1770,0.3340,0.1505,0.1923,0,0.7525,-0.0442,0.1456,-0.6215,0.8375,-133.1,35,0.1586,-0.6091,0.2961,0.7538,0.6294,0.3517,0.2779,0,0,1,
187.206,33.100,pred,block2_B_pred,1,4.1564,-5.8391,-0.3570,0.1200,0.3340,0.1389,0.1667,0,0.7525,-0.0442,0.1456,-0.6215,0.8375,-133.1,35,0.1586,-0.6091,0.2961,0.7538,0.6294,0.3517,0.2547,0,0,1,
187.306,33.200,pred,block2_B_pred,1,4.1683,-5.8433,-0.3228,0.0910,0.5010,0.1274,0.1154,0,0.7525,-0.0442,0.1456,-0.6215,0.8375,-133.1,35,0.1586,-0.6091,0.2961,0.7538,0.6294,0.3028,0.2547,0,0,1,
187.406,33.300,pred,block2_B_pred,1,4.1795,-5.8470,-0.2960,0.0950,0.5570,0.1158,0.2692,0,0.7525,-0.0442,0.1456,-0.6215,0.8375,-133.1,35,0.1586,-0.6091,0.2961,0.7538,0.6294,0.3028,0.2316,0,0,1,
187.506,33.400,pred,block2_B_pred,1,4.1888,-5.8498,-0.2763,0.0600,0.3530,0.1158,0.1410,0,0.7525,-0.0442,0.1456,-0.6215,0.8375,-133.1,35,0.1586,-0.6091,0.2961,0.7538,0.6294,0.3028,0.2316,0,0,1,
187.605,33.499,pred,block2_B_pred,1,4.1986,-5.8525,-0.2526,0.0470,0.2040,0.1158,0.1154,0,0.7525,-0.0442,0.1456,-0.6215,0.8375,-133.1,35,0.1586,-0.6091,0.2961,0.7538,0.6294,0.2454,0.1158,0,0,1,
187.706,33.600,pred,block2_B_pred,1,4.2067,-5.8544,-0.2340,0.0880,-0.0370,0.0000,-0.2046,0,0.7525,-0.0442,0.1456,-0.6215,0.8375,-133.1,35,0.1586,-0.6091,0.2961,0.7538,0.6294,0.2454,0.0176,0,0,1,
187.811,33.705,pred,block2_B_pred,1,4.2113,-5.8555,-0.2084,0.0850,0.5010,0.0000,-0.3523,0,0.7525,-0.0442,0.1456,-0.6215,0.8375,-133.1,35,0.1586,-0.6091,0.2961,0.7538,0.6294,0.2454,0.0000,0,0,1,
187.906,33.800,pred,block2_B_pred,1,4.2189,-5.8571,-0.2047,0.0280,0.1670,0.0000,-0.1923,0,0.7525,-0.0442,0.1456,-0.6215,0.8375,-133.1,35,0.1586,-0.6091,0.2961,0.7538,0.6294,0.2454,0.0015,0,0,1,
188.006,33.900,pred,block2_B_pred,1,4.2217,-5.8577,-0.1888,0.0030,-0.0180,0.0000,-0.4549,0,0.7525,-0.0442,0.1456,-0.6215,0.8375,-133.1,35,0.1586,-0.6091,0.2961,0.7538,0.6294,0.2454,0.0053,0,0,1,
188.106,34.000,pred,block2_B_pred,1,4.2244,-5.8582,-0.2051,0.0000,0.0000,0.0000,-0.1923,0,0.7525,-0.0442,0.1456,-0.6215,0.8375,-133.1,35,0.1586,-0.6091,0.2961,0.7538,0.6294,0.2454,0.0000,0,0,1,
188.206,34.100,pred,block2_B_pred,1,4.2244,-5.8582,-0.2051,0.0000,0.0000,0.0000,-0.1923,0,0.7525,-0.0442,0.1456,-0.6215,0.8375,-133.1,35,0.1586,-0.6091,0.2961,0.7538,0.6294,0.2454,0.0000,0,0,1,
188.306,34.200,pred,block2_B_pred,1,4.2236,-5.8581,-0.2006,-0.0380,0.2220,0.0000,-0.1923,0,0.7525,-0.0442,0.1456,-0.6215,0.8375,-133.1,35,0.1586,-0.6091,0.2961,0.7538,0.6294,0.2454,0.0000,0,0,1,
188.406,34.300,pred,block2_B_pred,1,4.2198,-5.8573,-0.2105,0.0410,-0.6870,0.0000,-0.1923,0,0.7525,-0.0442,0.1456,-0.6215,0.8375,-133.1,35,0.1586,-0.6091,0.2961,0.7538,0.6294,0.2454,0.0000,0,0,1,
188.507,34.401,pred,block2_B_pred,1,4.2207,-5.8575,-0.2216,-0.0190,-0.1110,0.0000,-0.1923,0,0.7525,-0.0442,0.1456,-0.6215,0.8375,-133.1,35,0.1586,-0.6091,0.2961,0.7538,0.6294,0.2454,0.0000,0,0,1,
188.606,34.500,pred,block2_B_pred,1,4.2180,-5.8569,-0.2379,0.0000,0.0000,0.0000,-0.1923,0,0.7525,-0.0442,0.1456,-0.6215,0.8375,-133.1,35,0.1586,-0.6091,0.2961,0.7538,0.6294,0.2454,0.0000,0,0,1,
188.706,34.600,pred,block2_B_pred,1,4.2180,-5.8569,-0.2379,0.0000,0.0000,0.0000,-0.1923,0,0.7525,-0.0442,0.1456,-0.6215,0.8375,-133.1,35,0.1586,-0.6091,0.2961,0.7538,0.6294,0.2454,0.0000,0,0,1,
188.807,34.701,pred,block2_B_pred,1,4.2215,-5.8578,-0.2590,0.0060,-0.0370,0.0000,-0.1667,0,0.7525,-0.0442,0.1456,-0.6215,0.8375,-133.1,35,0.1586,-0.6091,0.2961,0.7538,0.6294,0.2454,0.0000,0,0,1,
188.909,34.803,pred,block2_B_pred,1,4.2203,-5.8575,-0.2835,0.0720,-0.4270,0.0000,-0.1410,0,0.7525,-0.0442,0.1456,-0.6215,0.8375,-133.1,35,0.1586,-0.6091,0.2961,0.7538,0.6294,0.2454,0.0000,0,0,1,
189.007,34.901,pred,block2_B_pred,1,4.2218,-5.8579,-0.2928,0.0000,0.0000,0.0000,-0.1410,0,0.7525,-0.0442,0.1456,-0.6215,0.8375,-133.1,35,0.1586,-0.6091,0.2961,0.7538,0.6294,0.2454,0.0000,0,0,1,
189.106,35.000,pred,block2_B_pred,1,4.2247,-5.8588,-0.3109,0.0000,0.0000,0.0000,-0.1410,0,0.7525,-0.0442,0.1456,-0.6215,0.8375,-133.1,35,0.1586,-0.6091,0.2961,0.7538,0.6294,0.2454,0.0000,0,0,1,
189.207,35.101,pred,block2_B_pred,1,4.2255,-5.8590,-0.3187,0.0410,-0.3900,0.0000,-0.1410,0,0.7525,-0.0442,0.1456,-0.6215,0.8375,-133.1,35,0.1586,-0.6091,0.2961,0.7538,0.6294,0.2454,0.0000,0,0,1,
189.305,35.199,pred,block2_B_pred,1,4.2253,-5.8590,-0.3428,0.0000,0.0000,0.0000,0.0000,0,0.7525,-0.0442,0.1456,-0.6215,0.8375,-133.1,35,0.1586,-0.6091,0.2961,0.7538,0.6294,0.2454,0.0000,0,0,1,
189.406,35.300,pred,block2_B_pred,1,4.2253,-5.8590,-0.3428,0.0000,0.0000,0.0000,0.0000,0,0.7525,-0.0442,0.1456,-0.6215,0.8375,-133.1,35,0.1586,-0.6091,0.2961,0.7538,0.6294,0.2454,0.0000,0,0,1,
189.506,35.400,pred,block2_B_pred,1,4.2253,-5.8590,-0.3428,0.0000,0.0000,0.0000,0.0000,0,0.7525,-0.0442,0.1456,-0.6215,0.8375,-133.1,35,0.1586,-0.6091,0.2961,0.7538,0.6294,0.2454,0.0000,0,0,1,
189.606,35.500,pred,block2_B_pred,1,4.2194,-5.8569,-0.3443,0.0000,0.0000,0.0000,0.0000,0,0.7525,-0.0442,0.1456,-0.6215,0.8375,-133.1,35,0.1586,-0.6091,0.2961,0.7538,0.6294,0.2454,0.0000,0,0,1,
189.705,35.599,pred,block2_B_pred,1,4.2194,-5.8569,-0.3443,0.0000,0.0000,0.0000,0.0000,0,0.7525,-0.0442,0.1456,-0.6215,0.8375,-133.1,35,0.1586,-0.6091,0.2961,0.7538,0.6294,0.2454,0.0000,0,0,1,
189.806,35.700,pred,block2_B_pred,1,4.2194,-5.8569,-0.3443,0.0000,0.0000,0.0000,0.0000,0,0.7525,-0.0442,0.1456,-0.6215,0.8375,-133.1,35,0.1586,-0.6091,0.2961,0.7538,0.6294,0.2454,0.0000,0,0,1,
189.906,35.800,pred,block2_B_pred,1,4.2194,-5.8569,-0.3443,0.0000,0.0000,0.0000,0.0000,0,0.7525,-0.0442,0.1456,-0.6215,0.8375,-133.1,35,0.1586,-0.6091,0.2961,0.7538,0.6294,0.2454,0.0000,0,0,1,
190.006,35.900,pred,block2_B_pred,1,4.2194,-5.8569,-0.3443,0.0000,0.0000,0.0000,0.0000,0,0.7525,-0.0442,0.1456,-0.6215,0.8375,-133.1,35,0.1586,-0.6091,0.2961,0.7538,0.6294,0.2454,0.0000,0,0,1,
190.106,36.000,pred,block2_B_pred,1,4.2194,-5.8569,-0.3443,0.0000,0.0000,0.0000,0.0000,0,0.7525,-0.0442,0.1456,-0.6215,0.8375,-133.1,35,0.1586,-0.6091,0.2961,0.7538,0.6294,0.2454,0.0000,0,0,1,
190.206,36.100,pred,block2_B_pred,1,4.2194,-5.8569,-0.3443,0.0000,0.0000,0.0000,0.0000,0,0.7525,-0.0442,0.1456,-0.6215,0.8375,-133.1,35,0.1586,-0.6091,0.2961,0.7538,0.6294,0.2454,0.0000,0,0,1,
190.306,36.200,pred,block2_B_pred,1,4.2194,-5.8569,-0.3443,0.0000,0.0000,0.0000,0.0000,0,0.7525,-0.0442,0.1456,-0.6215,0.8375,-133.1,35,0.1586,-0.6091,0.2961,0.7538,0.6294,0.2454,0.0000,0,0,1,
190.406,36.300,pred,block2_B_pred,1,4.2194,-5.8569,-0.3443,0.0000,0.0000,0.0000,0.0000,0,0.7525,-0.0442,0.1456,-0.6215,0.8375,-133.1,35,0.1586,-0.6091,0.2961,0.7538,0.6294,0.2454,0.0000,0,0,1,
190.506,36.400,pred,block2_B_pred,1,4.2194,-5.8569,-0.3443,0.0000,0.0000,0.0000,0.0000,0,0.7525,-0.0442,0.1456,-0.6215,0.8375,-133.1,35,0.1586,-0.6091,0.2961,0.7538,0.6294,0.2454,0.0000,0,0,1,
190.606,36.500,pred,block2_B_pred,1,4.2194,-5.8569,-0.3443,0.0000,0.0000,0.0000,0.0000,0,0.7525,-0.0442,0.1456,-0.6215,0.8375,-133.1,35,0.1586,-0.6091,0.2961,0.7538,0.6294,0.2454,0.0000,0,0,1,
190.706,36.600,pred,block2_B_pred,1,4.2194,-5.8569,-0.3443,0.0000,0.0000,0.0000,0.0000,0,0.7525,-0.0442,0.1456,-0.6215,0.8375,-133.1,35,0.1586,-0.6091,0.2961,0.7538,0.6294,0.2454,0.0000,0,0,1,
190.806,36.700,pred,block2_B_pred,1,4.2194,-5.8569,-0.3443,0.0000,0.0000,0.0000,0.0000,0,0.7525,-0.0442,0.1456,-0.6215,0.8375,-133.1,35,0.1586,-0.6091,0.2961,0.7538,0.6294,0.2454,0.0000,0,0,1,
190.906,36.800,pred,block2_B_pred,1,4.2194,-5.8569,-0.3443,0.0000,0.0000,0.0000,0.0000,0,0.7525,-0.0442,0.1456,-0.6215,0.8375,-133.1,35,0.1586,-0.6091,0.2961,0.7538,0.6294,0.2454,0.0000,0,0,1,
191.010,36.904,pred,block2_B_pred,1,4.2194,-5.8569,-0.3443,0.0000,0.0000,0.0000,0.1600,0,0.7525,-0.0442,0.1456,-0.6215,0.8375,-133.1,35,0.1586,-0.6091,0.2961,0.7538,0.6294,7.5389,0.0000,0,0,1,
191.106,37.000,pred,block2_B_pred,1,4.2194,-5.8569,-0.3443,0.0000,0.0000,0.0000,0.4231,0,0.7525,-0.0442,0.1456,-0.6215,0.8375,-133.1,35,0.1586,-0.6091,0.2961,0.7538,0.6294,7.5389,0.0000,0,0,1,
191.208,37.102,pred,block2_B_pred,1,4.2194,-5.8569,-0.3443,0.0000,0.0000,0.0000,0.4231,0,0.7525,-0.0442,0.1456,-0.6215,0.8375,-133.1,35,0.1586,-0.6091,0.2961,0.7538,0.6294,7.5389,0.0000,0,0,1,
191.306,37.200,pred,block2_B_pred,1,4.2194,-5.8569,-0.3443,0.0000,0.0000,0.0000,0.4231,0,0.7525,-0.0442,0.1456,-0.6215,0.8375,-133.1,35,0.1586,-0.6091,0.2961,0.7538,0.6294,7.5389,0.0000,0,0,1,
191.406,37.300,pred,block2_B_pred,1,4.2194,-5.8569,-0.3443,0.0000,0.0000,0.0000,0.4231,0,0.7525,-0.0442,0.1456,-0.6215,0.8375,-133.1,35,0.1586,-0.6091,0.2961,0.7538,0.6294,7.5389,0.0000,0,0,1,
191.508,37.402,pred,block2_B_pred,1,4.2194,-5.8569,-0.3443,0.0000,0.0000,0.0000,0.4231,0,0.7525,-0.0442,0.1456,-0.6215,0.8375,-133.1,35,0.1586,-0.6091,0.2961,0.7538,0.6294,7.5389,0.0000,0,0,1,
191.609,37.503,pred,block2_B_pred,1,4.2186,-5.8566,-0.3201,0.0570,0.5570,0.0000,0.4231,0,0.7525,-0.0442,0.1456,-0.6215,0.8375,-133.1,35,0.1586,-0.6091,0.2961,0.7538,0.6294,7.5389,0.0028,0,0,1,
191.708,37.602,pred,block2_B_pred,1,4.2169,-5.8560,-0.3016,-0.0600,0.3530,0.0000,0.4487,0,0.7525,-0.0442,0.1456,-0.6215,0.8375,-133.1,35,0.1586,-0.6091,0.2961,0.7538,0.6294,7.5389,0.0024,0,0,1,
191.809,37.703,pred,block2_B_pred,1,4.2183,-5.8565,-0.2578,0.0630,0.5200,0.0000,0.3974,0,0.7525,-0.0442,0.1456,-0.6215,0.8375,-133.1,35,0.1586,-0.6091,0.2961,0.7538,0.6294,7.5389,0.0014,0,0,1,
191.906,37.800,pred,block2_B_pred,1,4.2210,-5.8571,-0.2054,0.0220,0.1670,0.0000,0.4231,0,0.7525,-0.0442,0.1456,-0.6215,0.8375,-133.1,35,0.1586,-0.6091,0.2961,0.7538,0.6294,7.5389,0.0038,0,0,1,
192.024,37.918,pred,block2_B_pred,1,4.2229,-5.8574,-0.1520,0.0880,0.5200,0.0000,0.5000,0,0.7525,-0.0442,0.1456,-0.6215,0.8375,-133.1,35,0.1586,-0.6091,0.2961,0.7538,0.6294,7.5392,0.0020,0,0,1,
192.106,38.000,pred,block2_B_pred,1,4.2252,-5.8576,-0.1060,0.0250,0.1480,0.0000,0.4487,0,0.7525,-0.0442,0.1456,-0.6215,0.8375,-133.1,35,0.1586,-0.6091,0.2961,0.7538,0.6294,7.5392,0.0012,0,0,1,
192.206,38.100,pred,block2_B_pred,1,4.2269,-5.8578,-0.0449,-0.0600,0.6130,0.0000,0.4744,0,0.7525,-0.0442,0.1456,-0.6215,0.8375,-133.1,35,0.1586,-0.6091,0.2961,0.7538,0.6294,7.5392,0.0000,0,0,1,
192.306,38.200,pred,block2_B_pred,1,4.2287,-5.8578,0.0157,0.0060,0.7060,0.0000,0.4487,0,0.7525,-0.0442,0.1456,-0.6215,0.8375,-133.1,35,0.1586,-0.6091,0.2961,0.7538,0.6294,7.5392,0.0000,0,0,1,
192.415,38.309,pred,block2_B_pred,1,4.2296,-5.8578,0.0607,0.0220,0.6130,0.0000,0.4744,0,0.7525,-0.0442,0.1456,-0.6215,0.8375,-133.1,35,0.1586,-0.6091,0.2961,0.7538,0.6294,7.5392,0.0000,0,0,1,
192.506,38.400,pred,block2_B_pred,1,4.2305,-5.8578,0.1241,-0.0250,0.6680,0.0000,0.3718,0,0.7525,-0.0442,0.1456,-0.6215,0.8375,-133.1,35,0.1586,-0.6091,0.2961,0.7538,0.6294,7.5392,0.0000,0,0,1,
192.606,38.500,pred,block2_B_pred,1,4.2321,-5.8576,0.1735,-0.0090,0.1670,0.0000,0.5000,0,0.7525,-0.0442,0.1456,-0.6215,0.8375,-133.1,35,0.1586,-0.6091,0.2961,0.7538,0.6294,7.5392,0.0002,0,0,1,
192.710,38.604,pred,block2_B_pred,1,4.2324,-5.8575,0.2290,-0.0030,0.8360,0.0000,0.4744,0,0.7525,-0.0442,0.1456,-0.6215,0.8375,-133.1,35,0.1586,-0.6091,0.2961,0.7538,0.6294,7.5392,0.0002,0,0,1,
192.808,38.702,pred,block2_B_pred,1,4.2329,-5.8574,0.2587,0.0630,0.4080,0.0000,0.4231,0,0.7525,-0.0442,0.1456,-0.6215,0.8375,-133.1,35,0.1586,-0.6091,0.2961,0.7538,0.6294,7.5392,0.0033,0,0,1,
192.906,38.800,pred,block2_B_pred,1,4.2318,-5.8576,0.3199,0.0000,0.6680,0.0000,0.3974,0,0.7525,-0.0442,0.1456,-0.6215,0.8375,-133.1,35,0.1586,-0.6091,0.2961,0.7538,0.6294,7.5392,0.0024,0,0,1,
193.007,38.901,pred,block2_B_pred,1,4.2329,-5.8573,0.3622,0.0150,0.7980,0.0000,0.3718,0,0.7525,-0.0442,0.1456,-0.6215,0.8375,-133.1,35,0.1586,-0.6091,0.2961,0.7538,0.6294,7.5392,0.0014,0,0,1,
193.109,39.003,pred,block2_B_pred,1,4.2341,-5.8568,0.3867,0.0310,0.7800,0.0000,0.3974,0,0.7525,-0.0442,0.1456,-0.6215,0.8375,-133.1,35,0.1586,-0.6091,0.2961,0.7538,0.6294,7.5392,0.0000,0,0,1,
193.205,39.099,pred,block2_B_pred,1,4.2335,-5.8570,0.4034,0.0000,0.0000,0.0000,0.3462,0,0.7525,-0.0442,0.1456,-0.6215,0.8375,-133.1,35,0.1586,-0.6091,0.2961,0.7538,0.6294,7.5393,0.0000,0,0,1,
193.308,39.202,pred,block2_B_pred,1,4.2334,-5.8571,0.4320,0.0000,0.0000,0.0000,0.3718,0,0.7525,-0.0442,0.1456,-0.6215,0.8375,-133.1,35,0.1586,-0.6091,0.2961,0.7538,0.6294,7.5393,0.0000,0,0,1,
193.413,39.307,pred,block2_B_pred,1,4.2330,-5.8573,0.4627,0.0060,0.0740,0.0000,0.3974,0,0.7525,-0.0442,0.1456,-0.6215,0.8375,-133.1,35,0.1586,-0.6091,0.2961,0.7538,0.6294,7.5393,0.0000,0,0,1,
193.516,39.410,pred,block2_B_pred,1,4.2316,-5.8580,0.4719,-0.0760,0.4450,0.0000,0.3718,0,0.7525,-0.0442,0.1456,-0.6215,0.8375,-133.1,35,0.1586,-0.6091,0.2961,0.7538,0.6294,7.5393,0.0000,0,0,1,
193.606,39.500,pred,block2_B_pred,1,4.2307,-5.8585,0.5125,-0.0470,0.2780,0.0000,0.5000,0,0.7525,-0.0442,0.1456,-0.6215,0.8375,-133.1,35,0.1586,-0.6091,0.2961,0.7538,0.6294,7.5393,0.0058,0,0,1,
193.708,39.602,pred,block2_B_pred,1,4.2305,-5.8586,0.5489,-0.0340,0.2040,0.0000,0.4744,0,0.7525,-0.0442,0.1456,-0.6215,0.8375,-133.1,35,0.1586,-0.6091,0.2961,0.7538,0.6294,7.5393,0.0022,0,0,1,
193.805,39.699,pred,block2_B_pred,1,4.2305,-5.8587,0.5856,-0.0060,0.0740,0.0000,0.2949,0,0.7525,-0.0442,0.1456,-0.6215,0.8375,-133.1,35,0.1586,-0.6091,0.2961,0.7538,0.6294,7.5393,0.0000,0,0,1,
193.906,39.800,pred,block2_B_pred,1,4.2305,-5.8586,0.6201,0.0220,0.2040,0.0000,0.2949,0,0.7525,-0.0442,0.1456,-0.6215,0.8375,-133.1,35,0.1586,-0.6091,0.2961,0.7538,0.6294,7.5393,0.0000,0,0,1,
194.005,39.899,pred,block2_B_pred,1,4.2290,-5.8598,0.6591,-0.0500,0.5200,0.0000,0.4231,0,0.7525,-0.0442,0.1456,-0.6215,0.8375,-133.1,35,0.1586,-0.6091,0.2961,0.7538,0.6294,7.5393,0.0000,0,0,1,
194.105,39.999,pred,block2_B_pred,1,4.2284,-5.8602,0.6998,-0.0340,0.3150,0.0000,0.4231,0,0.7525,-0.0442,0.1456,-0.6215,0.8375,-133.1,35,0.1586,-0.6091,0.2961,0.7538,0.6294,7.5393,0.0000,0,0,1,
194.234,40.128,pred,block2_B_pred,1,4.2285,-5.8601,0.7310,0.0340,0.3530,0.0000,0.3718,0,0.7525,-0.0442,0.1456,-0.6215,0.8375,-133.1,35,0.1586,-0.6091,0.2961,0.7538,0.6294,7.5394,0.0000,0,0,1,
194.306,40.199,pred,block2_B_pred,1,4.2279,-5.8606,0.7673,0.0410,0.2780,0.0000,0.3718,0,0.7525,-0.0442,0.1456,-0.6215,0.8375,-133.1,35,0.1586,-0.6091,0.2961,0.7538,0.6294,7.5394,0.0065,0,0,1,
194.406,40.300,pred,block2_B_pred,1,4.2274,-5.8610,0.7962,0.0760,0.4830,0.0347,0.5000,0,0.7525,-0.0442,0.1456,-0.6215,0.8375,-133.1,35,0.1586,-0.6091,0.2961,0.7538,0.6294,7.5394,0.0063,0,0,1,
194.506,40.400,pred,block2_B_pred,1,4.2254,-5.8631,0.8216,0.0000,0.0000,0.0000,0.3462,0,0.7525,-0.0442,0.1456,-0.6215,0.8375,-133.1,35,0.1586,-0.6091,0.2961,0.7538,0.6294,7.5394,0.0042,0,0,1,
194.606,40.499,pred,block2_B_pred,1,4.2254,-5.8632,0.8576,0.0000,0.0000,0.0000,0.3205,0,0.7525,-0.0442,0.1456,-0.6215,0.8375,-133.1,35,0.1586,-0.6091,0.2961,0.7538,0.6294,7.5394,0.0671,0,0,1,
194.706,40.600,pred,block2_B_pred,1,4.2248,-5.8639,0.8899,-0.0310,0.1850,0.0000,0.3205,0,0.7525,-0.0442,0.1456,-0.6215,0.8375,-133.1,35,0.1586,-0.6091,0.2961,0.7538,0.6294,7.5394,0.1370,0,0,1,
194.807,40.701,pred,block2_B_pred,1,4.2242,-5.8647,0.9315,-0.0850,0.5010,0.0000,0.5000,0,0.7525,-0.0442,0.1456,-0.6215,0.8375,-133.1,35,0.1586,-0.6091,0.2961,0.7538,0.6294,7.5394,0.1372,0,0,1,
194.906,40.800,pred,block2_B_pred,1,4.2239,-5.8651,0.9690,-0.0790,0.5010,0.0000,0.4744,0,0.7525,-0.0442,0.1456,-0.6215,0.8375,-133.1,35,0.1586,-0.6091,0.2961,0.7538,0.6294,7.5394,0.1389,0,0,1,
195.006,40.900,pred,block2_B_pred,1,4.2251,-5.8633,1.0287,0.0120,0.9280,0.0811,0.4487,0,0.7525,-0.0442,0.1456,-0.6215,0.8375,-133.1,35,0.1586,-0.6091,0.2961,0.7538,0.6294,7.5394,0.1389,0,0,1,
195.105,40.999,pred,block2_B_pred,1,4.2262,-5.8615,1.0652,-0.0380,0.7060,0.1042,0.5000,0,0.7525,-0.0442,0.1456,-0.6215,0.8375,-133.1,35,0.1586,-0.6091,0.2961,0.7538,0.6294,7.5394,0.1351,0,0,1,
195.206,41.100,pred,block2_B_pred,1,4.2289,-5.8562,1.1164,0.0910,0.5380,0.0695,0.4744,0,0.7525,-0.0442,0.1456,-0.6215,0.8375,-133.1,35,0.1586,-0.6091,0.2961,0.7538,0.6294,7.5394,0.1351,0,0,1,
195.306,41.200,pred,block2_B_pred,1,4.2299,-5.8540,1.1736,0.0880,0.5570,0.0695,0.4744,0,0.7525,-0.0442,0.1456,-0.6215,0.8375,-133.1,35,0.1586,-0.6091,0.2961,0.7538,0.6294,7.5394,0.1351,0,0,1,
195.405,41.299,pred,block2_B_pred,1,4.2337,-5.8442,1.2356,0.0660,0.3900,0.1737,0.5000,0,0.7525,-0.0442,0.1456,-0.6215,0.8375,-133.1,35,0.1586,-0.6091,0.2961,0.7538,0.6294,7.5394,0.2776,0,0,1,
195.505,41.399,pred,block2_B_pred,1,4.2355,-5.8384,1.3077,0.0630,0.4080,0.1389,0.5000,0,0.7525,-0.0442,0.1456,-0.6215,0.8375,-133.1,35,0.1586,-0.6091,0.2961,0.7538,0.6294,7.5394,0.3958,0,0,1,
195.606,41.500,pred,block2_B_pred,1,4.2378,-5.8290,1.3615,0.1040,0.4640,0.1968,0.5000,0,0.7525,-0.0442,0.1456,-0.6215,0.8375,-133.1,35,0.1586,-0.6091,0.2961,0.7538,0.6294,7.5394,0.3630,0,0,1,
195.705,41.599,pred,block2_B_pred,1,4.2403,-5.8163,1.4123,0.1070,0.6310,0.1737,0.5000,0,0.7525,-0.0442,0.1456,-0.6215,0.8375,-133.1,35,0.1586,-0.6091,0.2961,0.7538,0.6294,7.5195,0.3453,0,0,1,
195.810,41.704,pred,block2_B_pred,1,4.2421,-5.8023,1.4809,0.1990,0.4640,0.2200,0.5000,0,0.7525,-0.0442,0.1456,-0.6215,0.8375,-133.1,35,0.1586,-0.6091,0.2961,0.7538,0.6294,7.5195,0.3906,0,0,1,
195.906,41.800,pred,block2_B_pred,1,4.2432,-5.7861,1.5388,0.2180,0.2780,0.1968,0.5000,0,0.7525,-0.0442,0.1456,-0.6215,0.8375,-133.1,35,0.1586,-0.6091,0.2961,0.7538,0.6294,7.5195,0.4343,0,0,1,
196.038,41.932,pred,block2_B_pred,1,4.2433,-5.7666,1.6053,0.2240,0.6500,0.2200,0.5000,0,0.7525,-0.0442,0.1456,-0.6215,0.8375,-133.1,35,0.1586,-0.6091,0.2961,0.7538,0.6294,7.4762,0.4384,0,0,1,
196.106,42.000,pred,block2_B_pred,1,4.2420,-5.7444,1.6577,0.2340,0.3710,0.2084,0.4744,0,0.7525,-0.0442,0.1456,-0.6215,0.8375,-133.1,35,0.1586,-0.6091,0.2961,0.7538,0.6294,7.4762,0.4400,0,0,1,
196.206,42.100,pred,block2_B_pred,1,4.2394,-5.7217,1.7163,0.2020,0.7060,0.2084,0.4231,0,0.7525,-0.0442,0.1456,-0.6215,0.8375,-133.1,35,0.1586,-0.6091,0.2961,0.7538,0.6294,7.4762,0.4400,0,0,1,
196.306,42.200,pred,block2_B_pred,1,4.2353,-5.6972,1.7627,0.2750,0.3900,0.2084,0.3974,0,0.7525,-0.0442,0.1456,-0.6215,0.8375,-133.1,35,0.1586,-0.6091,0.2961,0.7538,0.6294,7.4762,0.4400,0,0,1,
196.406,42.300,pred,block2_B_pred,1,4.2304,-5.6746,1.8125,0.2280,0.5570,0.2200,0.4231,1,3.9260,3.6753,4.2583,-1.6300,5.3157,-129.5,35,4.2512,-1.5163,1.8795,5.3778,4.5135,7.4327,0.4403,0,1,1,
196.506,42.400,pred,block2_B_pred,1,4.2243,-5.6516,1.8593,0.2470,0.3340,0.2200,0.3205,1,3.9260,3.6753,4.2583,-1.6300,5.3157,-129.5,35,4.2512,-1.5163,1.8795,5.3778,4.5135,7.4327,0.4168,0,1,1,
196.606,42.500,pred,block2_B_pred,1,4.2177,-5.6306,1.9072,0.2150,0.5940,0.2200,0.2692,1,4.0213,3.5515,5.1306,-1.4480,5.1211,-118.9,35,5.1068,-1.3409,1.8107,5.3651,5.2799,7.4327,0.4400,0,1,1,
196.705,42.599,pred,block2_B_pred,1,4.2105,-5.6109,1.9435,0.1860,0.5750,0.2200,0.2436,1,4.2104,3.3684,6.6964,-0.4155,4.5275,-95.4,35,6.6431,-0.3344,1.6008,5.3920,6.6515,7.4327,0.4400,0,1,1,
196.813,42.707,pred,block2_B_pred,1,4.2022,-5.5906,1.9818,0.2340,0.4450,0.2200,0.2436,1,4.2104,3.3684,6.6964,-0.4155,4.5275,-95.4,35,6.6431,-0.3344,1.6008,5.3920,6.6515,7.3456,0.4400,0,1,1,
196.905,42.799,pred,block2_B_pred,1,4.1935,-5.5711,2.0151,0.2090,0.3710,0.2200,0.2179,1,4.4863,3.1575,7.8060,-0.5186,4.9533,-83.1,35,7.7349,-0.4399,1.7513,5.4861,7.7474,7.3456,0.4400,0,1,0,
197.006,42.900,pred,block2_B_pred,1,4.1841,-5.5519,2.0389,0.1860,0.3150,0.2084,0.1923,1,4.9542,2.9196,9.6458,-0.0287,5.5410,-62.7,35,9.5452,0.0345,1.9592,5.7505,9.5453,7.3456,0.4400,0,1,0,
197.116,43.010,pred,block2_B_pred,1,4.1763,-5.5368,2.0622,0.1830,0.4080,0.2200,0.1154,1,4.9542,2.9196,9.6458,-0.0287,5.5410,-62.7,35,9.5452,0.0345,1.9592,5.7505,9.5453,7.3019,0.4168,0,1,0,
197.206,43.100,pred,block2_B_pred,1,4.1642,-5.5145,2.0778,0.2240,0.1300,0.2200,0.1667,1,5.3867,2.7143,10.9151,0.7231,5.8760,-46.6,35,10.7966,0.7658,2.0776,6.0319,10.8238,7.3019,0.4400,0,1,0,
197.305,43.199,pred,block2_B_pred,1,4.1531,-5.4948,2.0948,0.2120,0.2780,0.2200,0.1667,1,5.6911,2.5517,11.1922,1.9214,5.5370,-30.7,35,11.0743,1.9349,1.9577,6.2370,11.2421,7.3019,0.4168,0,1,0,
197.406,43.300,pred,block2_B_pred,1,4.1431,-5.4777,2.1037,0.1900,0.1480,0.2200,0.1154,1,5.6911,2.5517,11.1922,1.9214,5.5370,-30.7,35,11.0743,1.9349,1.9577,6.2370,11.2421,7.3019,0.4400,0,1,0,
197.511,43.405,pred,block2_B_pred,1,4.1352,-5.4642,2.1078,0.2120,-0.0180,0.2084,0.1154,1,5.8697,2.4225,10.7261,2.5804,4.8590,-20.6,35,10.6220,2.5770,1.7180,6.3499,10.9302,7.1905,0.4168,0,1,0,
197.605,43.499,pred,block2_B_pred,1,4.1222,-5.4427,2.1164,0.2050,-0.0920,0.2200,0.0385,1,5.9353,2.2989,9.9414,2.4877,4.0106,-18.5,35,9.8556,2.4836,1.4180,6.3650,10.1637,7.1905,0.4400,0,1,0,
197.706,43.600,pred,block2_B_pred,1,4.1110,-5.4244,2.1294,0.2150,0.1110,0.2200,-0.0959,1,5.9353,2.2989,9.9414,2.4877,4.0106,-18.5,35,9.8556,2.4836,1.4180,6.3650,10.1637,7.1905,0.4400,0,1,0,
197.806,43.700,pred,block2_B_pred,1,4.1000,-5.4072,2.1409,0.2240,-0.0550,0.2200,-0.1667,1,5.9283,2.1848,8.9943,2.3809,3.0722,-16.6,35,8.9286,2.3767,1.0862,6.3181,9.2395,7.1905,0.4168,0,1,0,
197.906,43.800,pred,block2_B_pred,1,4.0880,-5.3887,2.1487,0.2370,0.0180,0.2084,-0.1667,1,5.9283,2.1848,8.9943,2.3809,3.0722,-16.6,35,8.9286,2.3767,1.0862,6.3181,9.2395,7.1472,0.4400,0,1,0,
198.006,43.900,pred,block2_B_pred,1,4.0761,-5.3703,2.1461,0.2240,0.0180,0.2200,-0.2179,1,5.8841,2.0643,7.7590,2.0805,1.8750,-18.8,35,7.7188,2.0801,0.6629,6.2357,7.9942,7.1472,0.4400,0,1,0,
198.112,44.006,pred,block2_B_pred,1,4.0634,-5.3507,2.1409,0.2430,-0.0550,0.2200,-0.1410,1,5.8250,1.9488,7.0437,1.9594,1.2187,-18.0,31,5.8250,1.9488,0.2200,6.1424,6.1424,7.1472,0.4168,0,0,0,
198.208,44.102,pred,block2_B_pred,1,4.0536,-5.3354,2.1332,0.2430,-0.0920,0.2084,-0.1410,1,5.8250,1.9488,7.0437,1.9594,1.2187,-18.0,31,5.8250,1.9488,0.2200,6.1424,6.1424,7.0539,0.4400,0,0,0,
198.306,44.200,pred,block2_B_pred,1,4.0394,-5.3122,2.1072,0.2560,-0.1670,0.2200,-0.0897,1,5.7621,1.8591,6.5542,1.8660,0.7922,-17.4,31,5.7621,1.8591,0.2200,6.0546,6.0546,7.0539,0.4400,0,0,0,
198.406,44.300,pred,block2_B_pred,1,4.0286,-5.2936,2.0846,0.2340,-0.0370,0.2200,-0.0897,1,5.6925,1.8084,6.2074,1.8129,0.5149,-17.1,31,5.6925,1.8084,0.2200,5.9729,5.9729,7.0539,0.4400,0,0,0,
198.506,44.400,pred,block2_B_pred,1,4.0181,-5.2745,2.0631,0.2280,-0.2600,0.2200,-0.0897,1,5.6925,1.8084,6.2074,1.8129,0.5149,-17.1,31,5.6925,1.8084,0.2200,5.9729,5.9729,7.0539,0.4400,0,0,0,
198.605,44.499,pred,block2_B_pred,1,4.0090,-5.2571,2.0426,0.1990,-0.1300,0.2200,0.0000,1,5.6137,1.7932,5.9484,1.7961,0.3347,-17.2,31,5.6137,1.7932,0.2200,5.8932,5.8932,6.9854,0.4400,0,0,0,
198.706,44.600,pred,block2_B_pred,1,4.0006,-5.2405,2.0282,0.1900,0.0370,0.2200,0.0385,1,5.5111,1.8059,5.7286,1.8078,0.2176,-17.6,31,5.5111,1.8059,0.2200,5.7994,5.7994,6.9854,0.4400,0,0,0,
198.806,44.700,pred,block2_B_pred,1,3.9926,-5.2239,2.0059,0.1610,-0.3900,0.2200,0.0897,1,5.5111,1.8059,5.7286,1.8078,0.2176,-17.6,31,5.5111,1.8059,0.2200,5.7994,5.7994,6.9854,0.4400,0,0,0,
198.929,44.823,pred,block2_B_pred,1,3.9850,-5.2072,1.9896,0.1900,0.0000,0.2200,0.1985,1,5.3861,1.8363,5.2253,1.8200,0.1616,166.9,35,5.2287,1.8204,0.2234,5.6905,5.5365,6.8737,0.4400,0,0,1,
199.006,44.900,pred,block2_B_pred,1,3.9776,-5.1899,1.9700,0.2050,-0.2410,0.2200,0.0897,1,5.2248,1.8832,4.6565,1.8529,0.5691,163.2,35,4.6687,1.8535,0.2322,5.5539,5.0231,6.8737,0.4400,0,0,1,
199.106,45.000,pred,block2_B_pred,1,3.9694,-5.1704,1.9600,0.1990,-0.2040,0.2200,0.1667,1,5.2248,1.8832,4.6565,1.8529,0.5691,163.2,35,4.6687,1.8535,0.2322,5.5539,5.0231,6.8737,0.4400,0,0,1,
199.206,45.100,pred,block2_B_pred,1,3.9611,-5.1499,1.9518,0.2210,-0.1480,0.2200,0.2436,1,5.0552,1.9401,4.1051,1.8689,0.9528,163.3,35,4.1254,1.8704,0.3369,5.4147,4.5296,6.8737,0.4400,0,0,1,
199.308,45.202,pred,block2_B_pred,1,3.9540,-5.1327,1.9622,0.2150,0.0740,0.2084,0.2436,1,4.8626,1.9952,3.5745,1.8147,1.3006,165.7,35,3.6021,1.8186,0.4599,5.2560,4.0352,6.8290,0.4400,0,0,1,
199.406,45.300,pred,block2_B_pred,1,3.9431,-5.1066,1.9804,0.2310,0.0180,0.2200,0.1410,1,4.8626,1.9952,3.5745,1.8147,1.3006,165.7,35,3.6021,1.8186,0.4599,5.2560,4.0352,6.8290,0.4168,0,0,1,
199.506,45.400,pred,block2_B_pred,1,3.9334,-5.0847,2.0004,0.2280,0.2600,0.2200,0.2179,1,4.6610,2.0327,3.1135,1.7074,1.5813,168.3,35,3.1467,1.7143,0.5591,5.0850,3.5834,6.8290,0.4400,0,1,1,
199.606,45.500,pred,block2_B_pred,1,3.9234,-5.0633,2.0211,0.2120,0.1670,0.2084,0.1923,1,4.4745,2.0454,2.7458,1.5885,1.7881,170.2,35,2.7829,1.5983,0.6322,4.9199,3.2092,6.8290,0.4400,0,1,1,
199.711,45.605,pred,block2_B_pred,1,3.9138,-5.0439,2.0464,0.1900,0.2600,0.2200,0.1154,1,4.4745,2.0454,2.7458,1.5885,1.7881,170.2,35,2.7829,1.5983,0.6322,4.9199,3.2092,6.7172,0.4400,0,1,1,
199.806,45.700,pred,block2_B_pred,1,3.9041,-5.0255,2.0619,0.1860,0.3150,0.2200,0.1923,1,4.2992,2.0244,2.4658,1.4800,1.9126,171.3,35,2.5051,1.4916,0.6762,4.7520,2.9155,6.7172,0.4400,0,1,1,
199.906,45.800,pred,block2_B_pred,1,3.8942,-5.0075,2.0875,0.2240,0.1670,0.2200,0.0641,1,4.1454,1.9770,2.2788,1.4153,1.9493,171.2,35,2.3188,1.4274,0.6892,4.5927,2.7229,6.7172,0.4400,0,1,1,
200.006,45.900,pred,block2_B_pred,1,3.8853,-4.9920,2.1075,0.1550,0.0550,0.2200,0.0897,1,4.1454,1.9770,2.2788,1.4153,1.9493,171.2,35,2.3188,1.4274,0.6892,4.5927,2.7229,6.7172,0.4400,0,1,1,
200.105,45.999,pred,block2_B_pred,1,3.8761,-4.9767,2.1242,0.1930,0.0920,0.2200,0.0641,1,4.0193,1.9144,2.1612,1.3765,1.9343,170.7,35,2.2010,1.3881,0.6839,4.4519,2.6022,6.7048,0.4168,0,1,1,
200.205,46.099,pred,block2_B_pred,1,3.8671,-4.9624,2.1413,0.1360,0.2780,0.2200,-0.0128,1,3.9008,1.8363,2.0763,1.3384,1.8912,170.1,35,2.1154,1.3490,0.6687,4.3114,2.5090,6.7048,0.4400,0,1,1,
200.305,46.199,pred,block2_B_pred,1,3.8571,-4.9470,2.1531,0.1800,0.1300,0.2200,-0.0641,1,3.9008,1.8363,2.0763,1.3384,1.8912,170.1,35,2.1154,1.3490,0.6687,4.3114,2.5090,6.7048,0.4400,0,1,1,
200.422,46.316,pred,block2_B_pred,1,3.8459,-4.9302,2.1683,0.2470,0.1110,0.2200,-0.0128,1,3.8330,1.7542,2.1821,1.3784,1.6932,168.2,35,2.2174,1.3865,0.5987,4.2154,2.6152,6.6368,0.4400,0,1,1,
200.506,46.400,pred,block2_B_pred,1,3.8338,-4.9128,2.1817,0.2210,-0.1110,0.2084,-0.0385,1,3.8330,1.7542,2.1821,1.3784,1.6932,168.2,35,2.2174,1.3865,0.5987,4.2154,2.6152,6.6368,0.4168,0,1,1,
200.606,46.500,pred,block2_B_pred,1,3.8207,-4.8942,2.1880,0.2310,0.0180,0.2200,-0.0385,1,3.7655,1.6630,2.2565,1.3499,1.5412,167.9,35,2.2888,1.3566,0.5449,4.1164,2.6606,6.6368,0.4400,0,0,1,
200.705,46.599,pred,block2_B_pred,1,3.8060,-4.8736,2.1897,0.2310,-0.0180,0.2084,-0.0641,1,3.6723,1.5657,2.1990,1.3121,1.4950,166.7,35,2.2305,1.3176,0.5286,3.9921,2.5906,6.6368,0.4400,0,0,1,
200.805,46.699,pred,block2_B_pred,1,3.7928,-4.8551,2.1981,0.2400,0.0740,0.2084,-0.0385,1,3.6723,1.5657,2.1990,1.3121,1.4950,166.7,35,2.2305,1.3176,0.5286,3.9921,2.5906,6.5267,0.4400,0,0,1,
200.906,46.800,pred,block2_B_pred,1,3.7788,-4.8359,2.1974,0.2470,-0.1480,0.2200,-0.0897,1,3.5522,1.4697,2.0367,1.2360,1.5334,166.3,35,2.0692,1.2410,0.5421,3.8442,2.4128,6.5267,0.4400,0,0,1,
201.020,46.914,pred,block2_B_pred,1,3.7652,-4.8171,2.1944,0.2150,0.1110,0.2084,-0.0897,1,3.5522,1.4697,2.0367,1.2360,1.5334,166.3,35,2.0692,1.2410,0.5421,3.8442,2.4128,6.5267,0.4400,0,0,1,
201.106,47.000,pred,block2_B_pred,1,3.7520,-4.7988,2.2007,0.2210,0.0370,0.2200,-0.1154,1,3.4673,1.3862,2.0382,1.1543,1.4479,167.4,35,2.0688,1.1593,0.5119,3.7342,2.3714,6.5267,0.4400,0,0,1,
201.220,47.114,pred,block2_B_pred,1,3.7418,-4.7848,2.2059,0.2310,-0.0180,0.2200,-0.0641,1,3.3642,1.3138,1.9322,1.0699,1.4526,168.3,35,1.9629,1.0752,0.5136,3.6116,2.2381,6.4570,0.4400,0,0,1,
201.306,47.200,pred,block2_B_pred,1,3.7272,-4.7651,2.2007,0.2340,0.0000,0.2200,-0.0897,1,3.2346,1.2527,1.7135,0.9773,1.5459,169.1,35,1.7461,0.9832,0.5466,3.4687,2.0039,6.4570,0.4400,0,0,1,
201.413,47.307,pred,block2_B_pred,1,3.7152,-4.7484,2.1844,0.2370,-0.0180,0.2200,0.0641,1,3.2346,1.2527,1.7135,0.9773,1.5459,169.1,35,1.7461,0.9832,0.5466,3.4687,2.0039,6.4570,0.4400,0,0,1,
201.517,47.411,pred,block2_B_pred,1,3.7032,-4.7310,2.1702,0.2210,-0.1110,0.2084,0.0897,1,3.0983,1.2032,1.5010,0.8185,1.6430,172.3,35,1.5352,0.8267,0.5809,3.3237,1.7436,6.4570,0.4168,0,1,1,
201.606,47.500,pred,block2_B_pred,1,3.6926,-4.7153,2.1536,0.1670,-0.1300,0.2200,0.2436,1,2.9668,1.1618,1.3690,0.5915,1.6965,178.3,35,1.4032,0.6037,0.5998,3.1862,1.5276,6.3454,0.4400,0,1,1,
201.705,47.599,pred,block2_B_pred,1,3.6820,-4.6991,2.1473,0.1860,-0.2040,0.2200,0.1923,1,2.9668,1.1618,1.3690,0.5915,1.6965,178.3,35,1.4032,0.6037,0.5998,3.1862,1.5276,6.3454,0.4400,0,1,1,
201.806,47.700,pred,block2_B_pred,1,3.6723,-4.6843,2.1421,0.1960,0.0000,0.2200,0.1410,1,2.8396,1.1237,1.2942,0.4133,1.7009,-176.9,35,1.3273,0.4286,0.6014,3.0539,1.3947,6.3454,0.4400,0,1,1,
201.908,47.802,pred,block2_B_pred,1,3.6613,-4.6670,2.1324,0.2050,0.0550,0.2200,0.1154,1,2.7198,1.0913,1.2155,0.3658,1.6701,-176.1,35,1.2477,0.3814,0.5905,2.9306,1.3047,6.2863,0.4400,0,1,1,
202.006,47.900,pred,block2_B_pred,1,3.6508,-4.6501,2.1180,0.2150,-0.0740,0.1968,0.0641,1,2.7198,1.0913,1.2155,0.3658,1.6701,-176.1,35,1.2477,0.3814,0.5905,2.9306,1.3047,6.2863,0.4400,0,1,1,
202.105,47.999,pred,block2_B_pred,1,3.6397,-4.6317,2.1110,0.2210,0.0000,0.2200,0.0897,1,2.6016,1.0641,1.1265,0.3822,1.6251,-177.4,35,1.1581,0.3968,0.5746,2.8108,1.2242,6.2863,0.4400,0,1,1,
202.206,48.100,pred,block2_B_pred,1,3.6278,-4.6118,2.1102,0.2530,0.0000,0.1505,0.1410,1,2.6016,1.0641,1.1265,0.3822,1.6251,-177.4,35,1.1581,0.3968,0.5746,2.8108,1.2242,6.2863,0.2547,0,1,1,
202.305,48.199,pred,block2_B_pred,1,3.6160,-4.5921,2.1147,0.2340,0.0000,0.1389,0.1667,1,2.4841,1.0411,1.0213,0.4547,1.5759,179.1,35,1.0527,0.4673,0.5572,2.6935,1.1517,6.2254,0.2570,0,1,1,
202.406,48.300,pred,block2_B_pred,1,3.6043,-4.5729,2.1184,0.2240,0.1300,0.0926,0.1410,1,2.3755,1.0213,0.9205,0.5356,1.5339,175.2,35,0.9517,0.5460,0.5423,2.5858,1.0972,6.2254,0.1865,0,0,1,
202.506,48.400,pred,block2_B_pred,1,3.5934,-4.5551,2.1321,0.1900,0.2600,0.0811,0.1410,1,2.3755,1.0213,0.9205,0.5356,1.5339,175.2,35,0.9517,0.5460,0.5423,2.5858,1.0972,6.2254,0.1695,0,0,1,
202.622,48.516,pred,block2_B_pred,1,3.5845,-4.5411,2.1365,0.1420,0.1670,0.0695,0.1410,1,2.2674,0.9979,0.8394,0.5375,1.5004,174.1,35,0.8700,0.5473,0.5305,2.4772,1.0279,6.1145,0.1435,0,0,1,
202.706,48.600,pred,block2_B_pred,1,3.5775,-4.5302,2.1465,0.0660,0.0180,0.1274,-0.0190,1,2.1684,0.9704,0.7905,0.4630,1.4683,176.1,35,0.8201,0.4739,0.5191,2.3756,0.9471,6.1145,0.2547,0,0,1,
202.806,48.700,pred,block2_B_pred,1,3.5725,-4.5225,2.1569,0.0190,0.0370,0.0232,-0.0190,1,2.1684,0.9704,0.7905,0.4630,1.4683,176.1,35,0.8201,0.4739,0.5191,2.3756,0.9471,6.1145,0.0385,0,0,1,
202.905,48.799,pred,block2_B_pred,1,3.5708,-4.5200,2.1706,0.0190,-0.1110,0.0232,0.2692,1,2.0749,0.9317,0.8118,0.3156,1.4054,-178.2,35,0.8388,0.3288,0.4969,2.2745,0.9010,6.1145,0.0926,0,0,1,
203.006,48.900,pred,block2_B_pred,1,3.5675,-4.5153,2.1799,0.0000,0.0000,0.0463,-0.0508,1,2.0749,0.9317,0.8118,0.3156,1.4054,-178.2,35,0.8388,0.3288,0.4969,2.2745,0.9010,6.4515,0.0926,0,0,1,
203.105,48.999,pred,block2_B_pred,1,3.5663,-4.5135,2.1929,0.0630,0.3710,0.0463,-0.3708,1,1.9878,0.8769,0.8107,0.2050,1.3554,-174.1,35,0.8359,0.2194,0.4792,2.1726,0.8642,6.4515,0.2396,0,0,1,
203.206,49.100,pred,block2_B_pred,1,3.5658,-4.5128,2.1977,0.0000,0.0000,0.1158,-0.0508,1,1.9164,0.8196,0.7963,0.1395,1.3105,-171.9,35,0.8203,0.1541,0.4633,2.0843,0.8346,6.4515,0.2300,0,0,1,
203.305,49.199,pred,block2_B_pred,1,3.5658,-4.5128,2.1977,0.0000,0.0000,0.1274,0.2692,1,1.9164,0.8196,0.7963,0.1395,1.3105,-171.9,35,0.8203,0.1541,0.4633,2.0843,0.8346,6.4515,0.2396,0,0,1,
203.406,49.300,pred,block2_B_pred,1,3.5658,-4.5128,2.1977,0.0000,0.0000,0.0926,0.2949,1,1.8554,0.7628,0.7630,0.1251,1.2649,-172.1,35,0.7864,0.1388,0.4472,2.0061,0.7986,6.4515,0.1782,0,0,1,
203.506,49.400,pred,block2_B_pred,1,3.5635,-4.5095,2.1940,0.0980,0.4270,0.0926,0.2949,1,1.7912,0.7067,0.7246,0.1834,1.1880,-175.4,35,0.7475,0.1946,0.4201,1.9256,0.7724,6.4515,0.2084,0,0,1,
203.606,49.500,pred,block2_B_pred,1,3.5600,-4.5049,2.2073,0.1070,-0.2220,0.0811,0.1923,1,1.7912,0.7067,0.7246,0.1834,1.1880,-175.4,35,0.7475,0.1946,0.4201,1.9256,0.7724,6.4515,0.1389,0,0,1,
203.705,49.599,pred,block2_B_pred,1,3.5529,-4.4953,2.2218,0.1230,0.4270,0.0811,0.2179,1,1.7333,0.6567,0.7146,0.2368,1.1018,-178.3,35,0.7365,0.2458,0.3896,1.8535,0.7764,6.4184,0.1388,0,0,1,
203.807,49.701,pred,block2_B_pred,1,3.5445,-4.4846,2.2444,0.1670,-0.0180,0.0811,0.2179,1,1.7333,0.6567,0.7146,0.2368,1.1018,-178.3,35,0.7365,0.2458,0.3896,1.8535,0.7764,6.4184,0.1621,0,0,1,
203.905,49.799,pred,block2_B_pred,1,3.5362,-4.4743,2.2627,0.0950,0.3710,0.0695,0.2692,1,1.6787,0.6070,0.7097,0.2296,1.0400,-178.6,35,0.7304,0.2377,0.3677,1.7851,0.7681,6.4184,0.1389,0,0,1,
204.007,49.901,pred,block2_B_pred,1,3.5281,-4.4647,2.2835,0.1200,0.2220,0.0695,0.1923,1,1.6248,0.5556,0.6935,0.1728,1.0068,-176.5,35,0.7135,0.1810,0.3560,1.7172,0.7361,6.4184,0.1158,0,0,1,
204.109,50.003,pred,block2_B_pred,1,3.5203,-4.4559,2.3017,0.0760,-0.0740,0.0579,0.2179,1,1.5619,0.4962,0.6491,0.0686,1.0080,-172.5,35,0.7135,0.1810,0.3560,1.6388,0.7361,6.3791,0.1158,0,0,1,
204.205,50.099,pred,block2_B_pred,1,3.5138,-4.4487,2.3221,0.1140,0.1110,0.0463,0.1667,1,1.5619,0.4962,0.6491,0.0686,1.0080,-172.5,35,0.6687,0.0777,0.3564,1.6388,0.6732,6.3791,0.0926,0,0,1,
204.305,50.199,pred,block2_B_pred,1,3.5099,-4.4446,2.3503,0.0600,0.2410,0.0463,0.1154,1,1.4973,0.4324,0.5773,-0.0459,1.0368,-168.6,35,0.5971,-0.0356,0.3666,1.5584,0.5981,6.3791,0.0232,0,0,1,
204.409,50.303,pred,block2_B_pred,1,3.5065,-4.4412,2.3536,0.0120,0.0740,0.0116,-0.0128,1,1.4302,0.3652,0.4717,-0.1393,1.0831,-166.6,35,0.4923,-0.1285,0.3830,1.4761,0.5088,6.3791,0.0000,0,0,1,
204.506,50.400,pred,block2_B_pred,1,3.5044,-4.4391,2.3712,0.0000,0.0000,0.0000,-0.0385,1,1.4302,0.3652,0.4717,-0.1393,1.0831,-166.6,35,0.4923,-0.1285,0.3830,1.4761,0.5088,6.3543,0.0000,0,0,1,
204.607,50.501,pred,block2_B_pred,1,3.5044,-4.4391,2.3712,0.0000,0.0000,0.0000,0.0897,1,1.3565,0.2947,0.3363,-0.1813,1.1258,-167.2,35,0.3581,-0.1711,0.3981,1.3882,0.3969,6.3543,0.0000,0,0,1,
204.705,50.599,pred,block2_B_pred,1,3.5044,-4.4391,2.3712,0.0000,0.0000,0.0000,0.0897,1,1.3565,0.2947,0.3363,-0.1813,1.1258,-167.2,35,0.3581,-0.1711,0.3981,1.3882,0.3969,6.3543,0.0000,0,0,1,
204.805,50.699,pred,block2_B_pred,1,3.5049,-4.4396,2.3708,0.0000,0.0000,0.0116,-0.0128,1,1.2831,0.2287,0.1956,-0.1695,1.1581,-170.0,35,0.2189,-0.1610,0.4095,1.3033,0.2717,6.3543,0.0232,0,0,1,
204.906,50.800,pred,block2_B_pred,1,3.5049,-4.4396,2.3708,0.0000,0.0000,0.0116,-0.0128,1,1.2010,0.1696,0.0827,-0.1441,1.1615,-172.4,35,0.1066,-0.1374,0.4107,1.2129,0.1739,6.3543,0.0232,0,0,1,
205.006,50.900,pred,block2_B_pred,1,3.5049,-4.4396,2.3708,0.0000,0.0000,0.1366,0.1472,1,1.2010,0.1696,0.0827,-0.1441,1.1615,-172.4,35,0.1066,-0.1374,0.4107,1.2129,0.1739,6.3543,0.3916,0,0,1,
205.106,50.999,pred,block2_B_pred,1,3.5049,-4.4396,2.3708,0.0000,0.0000,0.2200,0.2179,1,1.1328,0.1213,0.0789,-0.1424,1.0864,-172.1,35,0.1015,-0.1368,0.3841,1.1393,0.1703,6.3543,0.3916,0,0,1,
205.206,51.100,pred,block2_B_pred,1,3.5049,-4.4396,2.3708,0.0000,0.0000,0.1968,0.1154,1,1.0670,0.0800,0.0708,-0.1940,1.0332,-168.9,35,0.0922,-0.1881,0.3653,1.0700,0.2095,6.2126,0.3629,0,0,1,
205.306,51.200,pred,block2_B_pred,1,3.5036,-4.4383,2.3604,0.0760,-0.4450,0.1968,0.1154,1,1.0670,0.0800,0.0708,-0.1940,1.0332,-168.9,35,0.0922,-0.1881,0.3653,1.0700,0.2095,6.2126,0.3629,0,0,1,
205.405,51.299,pred,block2_B_pred,1,3.4958,-4.4308,2.3805,0.1740,0.2040,0.1505,0.0128,1,1.0067,0.0453,0.0519,-0.2655,1.0041,-164.5,35,0.0723,-0.2588,0.3550,1.0077,0.2688,6.2126,0.3467,0,0,1,
205.510,51.404,pred,block2_B_pred,1,3.4854,-4.4210,2.4050,0.2400,0.2970,0.2084,0.0897,1,0.9466,0.0144,0.0135,-0.3226,0.9921,-161.0,35,0.0335,-0.3154,0.3508,0.9467,0.3172,6.2126,0.4168,0,0,1,
205.605,51.499,pred,block2_B_pred,1,3.4637,-4.4018,2.4250,0.2620,0.1300,0.0487,0.0000,1,0.9466,0.0144,0.0135,-0.3226,0.9921,-161.0,35,0.0335,-0.3154,0.3508,0.9467,0.3172,6.2126,0.4168,0,0,1,
205.705,51.599,pred,block2_B_pred,1,3.4433,-4.3843,2.4495,0.2590,0.2600,0.2084,-0.1410,1,0.8786,-0.0175,-0.0556,-0.3573,0.9942,-158.9,35,-0.0356,-0.3501,0.3515,0.8788,0.3519,6.2126,0.0000,0,0,1,
205.806,51.699,pred,block2_B_pred,1,3.4232,-4.3679,2.4708,0.2240,0.2410,0.0000,0.0000,1,0.8008,-0.0510,-0.1635,-0.3724,1.0165,-157.9,35,-0.1429,-0.3655,0.3594,0.8024,0.3924,6.2126,0.0000,0,0,1,
205.906,51.800,pred,block2_B_pred,1,3.4107,-4.3581,2.4999,0.0000,0.0000,0.0000,0.0000,1,0.8008,-0.0510,-0.1635,-0.3724,1.0165,-157.9,35,-0.1429,-0.3655,0.3594,0.8024,0.3924,6.0718,0.0000,0,0,1,[follow_path] [ActionServer] Aborting handle.
206.005,51.899,pred,block2_B_pred,1,3.4096,-4.3573,2.4921,0.0660,-0.3900,0.0000,0.0000,1,0.8008,-0.0510,-0.1635,-0.3724,1.0165,-157.9,35,-0.1429,-0.3655,0.3594,0.8024,0.3924,6.0718,0.0000,0,0,1,[follow_path] [ActionServer] Aborting handle.
206.106,52.000,pred,block2_B_pred,1,3.3956,-4.3469,2.5207,0.1670,0.3530,0.0000,0.0000,1,0.8008,-0.0510,-0.1635,-0.3724,1.0165,-157.9,35,-0.1429,-0.3655,0.3594,0.8024,0.3924,6.0718,0.0000,0,0,1,[follow_path] [ActionServer] Aborting handle.
206.207,52.101,pred,block2_B_pred,1,3.3842,-4.3389,2.5418,0.1260,-0.1110,0.0579,0.1600,1,0.8008,-0.0510,-0.1635,-0.3724,1.0165,-157.9,35,-0.1429,-0.3655,0.3594,0.8024,0.3924,6.0718,0.0946,0,0,1,[follow_path] [ActionServer] Aborting handle.
206.308,52.202,pred,block2_B_pred,1,3.3760,-4.3334,2.5577,0.0760,0.1110,0.0463,0.3462,1,0.8008,-0.0510,-0.1635,-0.3724,1.0165,-157.9,35,-0.1429,-0.3655,0.3594,0.8024,0.3924,5.9867,0.4292,0,0,1,[follow_path] [ActionServer] Aborting handle.
206.406,52.300,pred,block2_B_pred,1,3.3720,-4.3308,2.5818,0.0440,0.2220,0.0463,0.4487,1,0.8008,-0.0510,-0.1635,-0.3724,1.0165,-157.9,35,-0.1429,-0.3655,0.3594,0.8024,0.3924,5.9867,0.0482,0,0,1,[follow_path] [ActionServer] Aborting handle.
206.506,52.400,pred,block2_B_pred,1,3.3672,-4.3278,2.5833,0.0500,0.2970,0.1250,0.4487,1,0.8008,-0.0510,-0.1635,-0.3724,1.0165,-157.9,35,-0.1429,-0.3655,0.3594,0.8024,0.3924,5.9867,0.4246,0,0,1,[follow_path] [ActionServer] Aborting handle.
206.606,52.500,pred,block2_B_pred,1,3.3670,-4.3276,2.5848,0.0000,0.0000,0.0232,0.4744,1,0.8008,-0.0510,-0.1635,-0.3724,1.0165,-157.9,35,-0.1429,-0.3655,0.3594,0.8024,0.3924,5.9867,0.0463,0,0,1,[follow_path] [ActionServer] Aborting handle.
206.706,52.600,pred,block2_B_pred,1,3.3670,-4.3276,2.5848,0.0000,0.0000,0.0232,0.5000,1,0.8008,-0.0510,-0.1635,-0.3724,1.0165,-157.9,35,-0.1429,-0.3655,0.3594,0.8024,0.3924,5.9867,0.0461,0,0,1,[follow_path] [ActionServer] Aborting handle.
206.806,52.700,pred,block2_B_pred,1,3.3670,-4.3276,2.5848,0.0000,0.0000,0.0232,0.5000,0,0.8008,-0.0510,-0.1635,-0.3724,1.0165,-157.9,35,-0.1429,-0.3655,0.3594,0.8024,0.3924,5.9867,0.0461,0,0,1,[follow_path] [ActionServer] Aborting handle.
206.906,52.800,pred,block2_B_pred,1,3.3699,-4.3294,2.6048,-0.0310,0.1850,0.0232,0.5000,0,0.8008,-0.0510,-0.1635,-0.3724,1.0165,-157.9,35,-0.1429,-0.3655,0.3594,0.8024,0.3924,5.9867,0.0461,0,0,1,[follow_path] [ActionServer] Aborting handle.
207.006,52.899,pred,block2_B_pred,1,3.3677,-4.3281,2.6210,0.0120,0.0740,0.0232,0.4231,0,0.8008,-0.0510,-0.1635,-0.3724,1.0165,-157.9,35,-0.1429,-0.3655,0.3594,0.8024,0.3924,5.9975,0.0477,0,0,1,[follow_path] [ActionServer] Aborting handle.
207.105,52.999,pred,block2_B_pred,1,3.3623,-4.3251,2.6578,0.0820,0.4830,0.0232,0.4231,0,0.8008,-0.0510,-0.1635,-0.3724,1.0165,-157.9,35,-0.1429,-0.3655,0.3594,0.8024,0.3924,5.9975,0.0232,0,0,1,[follow_path] [ActionServer] Aborting handle.
207.206,53.100,pred,block2_B_pred,1,3.3588,-4.3235,2.7090,0.0600,0.3530,0.0116,0.5000,0,0.8008,-0.0510,-0.1635,-0.3724,1.0165,-157.9,35,-0.1429,-0.3655,0.3594,0.8024,0.3924,5.9975,0.0232,0,0,1,[follow_path] [ActionServer] Aborting handle.
207.312,53.206,pred,block2_B_pred,1,3.3562,-4.3224,2.7647,0.0790,0.6130,0.0116,0.3718,0,0.8008,-0.0510,-0.1635,-0.3724,1.0165,-157.9,35,-0.1429,-0.3655,0.3594,0.8024,0.3924,5.9490,0.0232,0,0,1,[follow_path] [ActionServer] Aborting handle.
207.406,53.300,pred,block2_B_pred,1,3.3534,-4.3214,2.8397,0.0530,0.6130,0.0116,0.2949,0,0.8008,-0.0510,-0.1635,-0.3724,1.0165,-157.9,35,-0.1429,-0.3655,0.3594,0.8024,0.3924,5.9490,0.0232,0,0,1,[follow_path] [ActionServer] Aborting handle.
207.506,53.400,pred,block2_B_pred,1,3.3492,-4.3203,2.9043,0.0530,0.4270,0.0116,0.2692,0,0.8008,-0.0510,-0.1635,-0.3724,1.0165,-157.9,35,-0.1429,-0.3655,0.3594,0.8024,0.3924,5.9490,0.3151,0,0,1,[follow_path] [ActionServer] Aborting handle.
207.606,53.500,pred,block2_B_pred,1,3.3474,-4.3199,2.9627,0.0060,0.7800,0.0232,0.2692,0,0.8008,-0.0510,-0.1635,-0.3724,1.0165,-157.9,35,-0.1429,-0.3655,0.3594,0.8024,0.3924,5.9490,0.4057,0,0,1,[follow_path] [ActionServer] Aborting handle.
207.706,53.600,pred,block2_B_pred,1,3.3436,-4.3193,3.0228,0.0030,0.9840,0.0232,0.1410,0,0.8008,-0.0510,-0.1635,-0.3724,1.0165,-157.9,35,-0.1429,-0.3655,0.3594,0.8024,0.3924,5.9400,0.0463,0,0,1,[follow_path] [ActionServer] Aborting handle.
207.806,53.700,pred,block2_B_pred,1,3.3389,-4.3189,3.0670,0.0880,0.5200,0.0232,0.0067,0,0.8008,-0.0510,-0.1635,-0.3724,1.0165,-157.9,35,-0.1429,-0.3655,0.3594,0.8024,0.3924,5.9400,0.0000,0,0,1,[follow_path] [ActionServer] Aborting handle.
207.907,53.801,pred,block2_B_pred,1,3.3378,-4.3188,3.1070,0.0690,0.4080,0.0232,0.1667,0,0.8008,-0.0510,-0.1635,-0.3724,1.0165,-157.9,35,-0.1429,-0.3655,0.3594,0.8024,0.3924,5.9400,0.0441,0,0,1,[follow_path] [ActionServer] Aborting handle.
208.006,53.900,pred,block2_B_pred,1,3.3343,-4.3187,3.1278,0.0720,0.4270,0.1482,0.0128,0,0.8008,-0.0510,-0.1635,-0.3724,1.0165,-157.9,35,-0.1429,-0.3655,0.3594,0.8024,0.3924,5.9400,0.4041,0,0,1,[follow_path] [ActionServer] Aborting handle.
208.106,54.000,pred,block2_B_pred,1,3.3365,-4.3187,-3.1365,-0.0530,0.3150,0.2200,0.0000,0,0.8008,-0.0510,-0.1635,-0.3724,1.0165,-157.9,35,-0.1429,-0.3655,0.3594,0.8024,0.3924,5.9031,0.4012,0,0,1,[follow_path] [ActionServer] Aborting handle.
208.206,54.100,pred,block2_B_pred,1,3.3324,-4.3188,-3.1294,0.0910,-0.4640,0.2200,-0.2754,0,0.8008,-0.0510,-0.1635,-0.3724,1.0165,-157.9,35,-0.1429,-0.3655,0.3594,0.8024,0.3924,5.9031,0.3511,0,0,1,[follow_path] [ActionServer] Aborting handle.
208.306,54.200,pred,block2_B_pred,1,3.3292,-4.3188,3.1348,0.0820,-0.4830,0.2084,-0.2118,0,0.8008,-0.0510,-0.1635,-0.3724,1.0165,-157.9,35,-0.1429,-0.3655,0.3594,0.8024,0.3924,5.9031,0.3818,0,0,1,[follow_path] [ActionServer] Aborting handle.
208.405,54.299,pred,block2_B_pred,1,3.3190,-4.3185,3.0943,0.1930,-0.2040,0.2084,-0.1923,0,0.8008,-0.0510,-0.1635,-0.3724,1.0165,-157.9,35,-0.1429,-0.3655,0.3594,0.8024,0.3924,5.9031,0.3818,0,0,1,[follow_path] [ActionServer] Aborting handle.
208.505,54.399,pred,block2_B_pred,1,3.3024,-4.3175,3.0714,0.1480,-0.1300,0.2084,-0.1923,0,0.8008,-0.0510,-0.1635,-0.3724,1.0165,-157.9,35,-0.1429,-0.3655,0.3594,0.8024,0.3924,5.9031,0.2569,0,0,1,[follow_path] [ActionServer] Aborting handle.
208.605,54.499,pred,block2_B_pred,1,3.2797,-4.3158,3.0625,0.2240,-0.0920,0.1389,-0.4487,0,0.8008,-0.0510,-0.1635,-0.3724,1.0165,-157.9,35,-0.1429,-0.3655,0.3594,0.8024,0.3924,5.9031,0.2870,0,0,1,[follow_path] [ActionServer] Aborting handle.
208.706,54.600,pred,block2_B_pred,1,3.2529,-4.3137,3.0547,0.2560,-0.0920,0.1389,-0.5000,0,0.8008,-0.0510,-0.1635,-0.3724,1.0165,-157.9,35,-0.1429,-0.3655,0.3594,0.8024,0.3924,5.9031,0.2011,0,0,1,[follow_path] [ActionServer] Aborting handle.
208.806,54.700,pred,block2_B_pred,1,3.2266,-4.3113,3.0492,0.2560,-0.0180,0.2061,-0.5000,0,0.8008,-0.0510,-0.1635,-0.3724,1.0165,-157.9,35,-0.1429,-0.3655,0.3594,0.8024,0.3924,5.8097,0.4423,0,0,1,[follow_path] [ActionServer] Aborting handle.
208.907,54.801,pred,block2_B_pred,1,3.2021,-4.3089,3.0318,0.1830,-0.2600,0.2200,-0.5000,1,1.0777,-0.8452,3.4978,-2.1291,2.7396,10.2,35,3.4459,-2.1016,0.9686,1.3696,4.0362,5.8097,0.4411,0,1,0,[follow_path] [ActionServer] Aborting handle.
209.008,54.902,pred,block2_B_pred,1,3.1836,-4.3067,3.0139,0.1740,-0.0550,0.2084,-0.5000,1,1.1244,-0.8686,3.3369,-2.0943,2.5294,8.7,35,3.2895,-2.0681,0.8943,1.4208,3.8856,5.8097,0.4369,0,1,0,[follow_path] [ActionServer] Aborting handle.
209.126,55.020,pred,block2_B_pred,1,3.1679,-4.3044,2.9761,0.1770,-0.2970,0.2200,-0.5000,1,1.1244,-0.8686,3.3369,-2.0943,2.5294,8.7,35,3.2895,-2.0681,0.8943,1.4208,3.8856,5.8874,0.3912,0,1,0,[follow_path] [ActionServer] Aborting handle.
209.206,55.100,pred,block2_B_pred,1,3.1516,-4.3013,2.9211,0.1450,-0.7800,0.2200,-0.4487,1,1.2066,-0.9081,3.2732,-2.0751,2.3734,7.5,35,3.2289,-2.0501,0.8392,1.5101,3.8248,5.8874,0.4371,0,1,0,[follow_path] [ActionServer] Aborting handle.
209.306,55.200,pred,block2_B_pred,1,3.1349,-4.2972,2.8606,0.1800,-0.5750,0.2200,-0.2436,1,1.2974,-0.9502,3.1875,-2.1479,2.2376,3.9,35,3.1470,-2.1223,0.7912,1.6082,3.7958,5.8874,0.4400,0,1,0,[follow_path] [ActionServer] Aborting handle.
209.406,55.299,pred,block2_B_pred,1,3.1172,-4.2916,2.7990,0.1740,-0.7240,0.2200,-0.3205,1,1.2974,-0.9502,3.1875,-2.1479,2.2376,3.9,35,3.1470,-2.1223,0.7912,1.6082,3.7958,5.8874,0.4381,0,1,0,[follow_path] [ActionServer] Aborting handle.
209.505,55.399,pred,block2_B_pred,1,3.0994,-4.2847,2.7366,0.2310,-0.4640,0.2200,-0.1154,1,1.4124,-0.9944,3.1818,-2.2198,2.1523,0.4,35,3.1439,-2.1935,0.7610,1.7273,3.8335,5.8171,0.4400,0,1,0,[follow_path] [ActionServer] Aborting handle.
209.609,55.503,pred,block2_B_pred,1,3.0815,-4.2766,2.6761,0.1580,-0.6680,0.2200,-0.1923,1,1.5319,-1.0231,3.1988,-2.2355,2.0611,-2.3,35,3.1439,-2.1935,0.7610,1.8421,3.8335,5.8171,0.4168,0,1,0,[follow_path] [ActionServer] Aborting handle.
209.705,55.599,pred,block2_B_pred,1,3.0638,-4.2672,2.6189,0.2240,-0.5380,0.2200,-0.1410,1,1.5319,-1.0231,3.1988,-2.2355,2.0611,-2.3,35,3.1631,-2.2095,0.7288,1.8421,3.8583,5.8171,0.4400,0,1,0,[follow_path] [ActionServer] Aborting handle.
209.806,55.700,pred,block2_B_pred,1,3.0471,-4.2570,2.5688,0.2280,-0.2970,0.2200,-0.1667,1,1.6434,-1.0268,3.2009,-2.0777,1.8788,-2.0,35,3.1675,-2.0552,0.6643,1.9378,3.7758,5.8171,0.4400,0,1,0,[follow_path] [ActionServer] Aborting handle.
209.906,55.800,pred,block2_B_pred,1,3.0312,-4.2463,2.5217,0.2370,-0.3900,0.2200,-0.0641,1,1.7688,-1.0095,3.2658,-1.9231,1.7537,-1.7,35,3.2337,-1.9035,0.6201,2.0366,3.7524,5.7516,0.4400,0,1,0,[follow_path] [ActionServer] Aborting handle.
210.006,55.900,pred,block2_B_pred,1,3.0136,-4.2333,2.4912,0.2470,-0.1850,0.2200,0.0000,1,1.7688,-1.0095,3.2658,-1.9231,1.7537,-1.7,35,3.2337,-1.9035,0.6201,2.0366,3.7524,5.7516,0.4168,0,1,0,[follow_path] [ActionServer] Aborting handle.
210.106,56.000,pred,block2_B_pred,1,2.9946,-4.2186,2.4745,0.2530,-0.1480,0.2200,-0.1154,1,1.9237,-0.9799,3.4440,-1.8163,1.7352,-1.8,35,3.4114,-1.7984,0.6135,2.1589,3.8565,5.7516,0.4168,0,1,0,[follow_path] [ActionServer] Aborting handle.
210.208,56.102,pred,block2_B_pred,1,2.9797,-4.2068,2.4649,0.2340,-0.0740,0.2200,-0.0385,1,2.1026,-0.9448,3.6816,-1.7383,1.7671,-2.5,35,3.6477,-1.7213,0.6248,2.3051,4.0335,5.5891,0.4400,0,1,0,[follow_path] [ActionServer] Aborting handle.
210.318,56.212,pred,block2_B_pred,1,2.9566,-4.1884,2.4704,0.2500,0.0180,0.1968,-0.1985,1,2.1026,-0.9448,3.6816,-1.7383,1.7671,-2.5,35,3.6477,-1.7213,0.6248,2.3051,4.0335,5.5891,0.4177,0,1,0,[follow_path] [ActionServer] Aborting handle.
210.405,56.299,pred,block2_B_pred,1,2.9396,-4.1748,2.4656,0.1900,0.0370,0.2084,-0.5000,1,2.2726,-0.9070,3.9158,-1.6933,1.8216,-3.8,35,3.8806,-1.6765,0.6441,2.4469,4.2272,5.5891,0.4168,0,1,0,[follow_path] [ActionServer] Aborting handle.
210.505,56.399,pred,block2_B_pred,1,2.9243,-4.1625,2.4652,0.1710,0.1850,0.1968,-0.5000,1,2.4523,-0.8876,4.1547,-1.7029,1.8875,-5.7,35,4.1182,-1.6854,0.6674,2.6080,4.4497,5.5891,0.3937,0,1,0,[follow_path] [ActionServer] Aborting handle.
210.608,56.502,pred,block2_B_pred,1,2.9104,-4.1514,2.4697,0.1580,0.1480,0.2084,-0.5000,1,2.4523,-0.8876,4.1547,-1.7029,1.8875,-5.7,35,4.1182,-1.6854,0.6674,2.6080,4.4497,5.5057,0.3935,0,1,0,[follow_path] [ActionServer] Aborting handle.
210.706,56.600,pred,block2_B_pred,1,2.8956,-4.1396,2.4715,0.1670,0.2410,0.2200,-0.5000,1,2.6369,-0.8940,4.3848,-1.7871,1.9629,-8.3,35,4.3474,-1.7680,0.6940,2.7844,4.6931,5.5057,0.4400,0,1,0,[follow_path] [ActionServer] Aborting handle.
210.807,56.701,pred,block2_B_pred,1,2.8825,-4.1292,2.4719,0.1930,0.0920,0.1968,-0.5000,1,2.8289,-0.9227,4.6676,-1.9232,2.0932,-10.5,35,4.6282,-1.9018,0.7401,2.9756,5.0037,5.5057,0.3935,0,1,0,[follow_path] [ActionServer] Aborting handle.
210.913,56.807,pred,block2_B_pred,1,2.8678,-4.1175,2.4570,0.1830,-0.2970,0.1968,-0.4231,1,3.0082,-0.9646,4.9104,-2.0520,2.1911,-12.0,35,4.8697,-2.0287,0.7747,3.1591,5.2753,5.5057,0.3933,0,1,0,[follow_path] [ActionServer] Aborting handle.
211.006,56.900,pred,block2_B_pred,1,2.8500,-4.1025,2.4203,0.2470,-0.3710,0.2200,-0.3462,1,3.0082,-0.9646,4.9104,-2.0520,2.1911,-12.0,35,4.8697,-2.0287,0.7747,3.1591,5.2753,5.4579,0.4168,0,1,0,[follow_path] [ActionServer] Aborting handle.
211.106,57.000,pred,block2_B_pred,1,2.8343,-4.0882,2.3672,0.1710,-0.7060,0.2200,-0.2179,1,3.1595,-1.0059,4.9215,-2.0628,2.0547,-13.3,35,4.8837,-2.0402,0.7265,3.3157,5.2927,5.4579,0.4400,0,1,0,[follow_path] [ActionServer] Aborting handle.
211.208,57.102,pred,block2_B_pred,1,2.8190,-4.0726,2.3183,0.1770,-0.6680,0.2084,-0.0897,1,3.3100,-1.0293,5.1000,-2.0093,2.0407,-11.4,35,5.0617,-1.9883,0.7216,3.4663,5.4382,5.4579,0.4168,0,1,0,[follow_path] [ActionServer] Aborting handle.
211.306,57.200,pred,block2_B_pred,1,2.8055,-4.0575,2.2704,0.2020,-0.5200,0.2200,-0.1154,1,3.3100,-1.0293,5.1000,-2.0093,2.0407,-11.4,35,5.0617,-1.9883,0.7216,3.4663,5.4382,5.3888,0.4400,0,1,0,[follow_path] [ActionServer] Aborting handle.
211.406,57.300,pred,block2_B_pred,1,2.7930,-4.0420,2.2229,0.1610,-0.4270,0.2200,-0.1410,1,3.4542,-1.0047,5.2056,-1.7895,1.9191,-7.9,35,5.1680,-1.7726,0.6786,3.5974,5.4636,5.3888,0.4400,0,1,0,[follow_path] [ActionServer] Aborting handle.
211.506,57.400,pred,block2_B_pred,1,2.7820,-4.0270,2.1728,0.2310,-0.3150,0.2200,-0.0641,1,3.6253,-0.9384,5.4174,-1.5232,1.8850,-3.6,35,5.3790,-1.5106,0.6665,3.7448,5.5871,5.3888,0.4168,0,1,0,[follow_path] [ActionServer] Aborting handle.
211.606,57.500,pred,block2_B_pred,1,2.7719,-4.0118,2.1350,0.2120,-0.3150,0.2200,-0.0641,1,3.6253,-0.9384,5.4174,-1.5232,1.8850,-3.6,35,5.3790,-1.5106,0.6665,3.7448,5.5871,5.3888,0.4400,0,1,0,[follow_path] [ActionServer] Aborting handle.
211.705,57.599,pred,block2_B_pred,1,2.7621,-3.9958,2.1053,0.1960,-0.1110,0.2200,-0.0385,1,3.8053,-0.8200,5.6223,-1.0281,1.8288,5.6,35,5.5833,-1.0237,0.6466,3.8927,5.6764,5.2355,0.4400,0,1,0,[follow_path] [ActionServer] Aborting handle.
211.806,57.700,pred,block2_B_pred,1,2.7525,-3.9789,2.0738,0.2340,-0.1850,0.2084,-0.0385,1,3.9586,-0.6598,5.7413,-0.5127,1.7887,14.2,35,5.7031,-0.5158,0.6324,4.0132,5.7263,5.2355,0.4400,0,1,0,[follow_path] [ActionServer] Aborting handle.
211.906,57.800,pred,block2_B_pred,1,2.7424,-3.9604,2.0530,0.2120,-0.2040,0.2200,-0.0385,1,3.9586,-0.6598,5.7413,-0.5127,1.7887,14.2,35,5.7031,-0.5158,0.6324,4.0132,5.7263,5.2355,0.4400,0,1,0,[follow_path] [ActionServer] Aborting handle.
212.020,57.914,pred,block2_B_pred,1,2.7316,-3.9396,2.0527,0.2500,0.1300,0.2200,-0.0128,1,4.1242,-0.4647,5.8732,0.1794,1.8639,26.6,35,5.8358,0.1656,0.6590,4.1503,5.8381,5.3909,0.4168,0,1,0,[follow_path] [ActionServer] Aborting handle.
212.107,58.001,pred,block2_B_pred,1,2.7206,-3.9187,2.0545,0.2310,0.0920,0.2200,-0.0385,1,4.2815,-0.2236,5.4728,1.1456,1.8149,52.0,35,5.4473,1.1162,0.6417,4.2873,5.5605,5.3909,0.4400,0,1,0,[follow_path] [ActionServer] Aborting handle.
212.206,58.100,pred,block2_B_pred,1,2.7094,-3.8976,2.0678,0.2590,0.0370,0.2200,0.0000,1,4.2815,-0.2236,5.4728,1.1456,1.8149,52.0,35,5.4473,1.1162,0.6417,4.2873,5.5605,5.3909,0.4400,0,1,0,[follow_path] [ActionServer] Aborting handle.
212.306,58.200,pred,block2_B_pred,1,2.6988,-3.8781,2.0834,0.2280,0.3340,0.2084,-0.0128,1,4.4657,0.0047,6.0300,0.1983,1.5762,7.0,35,5.9965,0.1942,0.5573,4.4657,5.9996,5.3909,0.4400,0,1,0,[follow_path] [ActionServer] Aborting handle.
212.407,58.301,pred,block2_B_pred,1,2.6883,-3.8599,2.0983,0.1710,0.1110,0.2200,-0.0641,1,4.6665,0.1826,6.6813,-0.2469,2.0601,-14.3,35,6.6381,-0.2377,0.7284,4.6700,6.6424,5.3190,0.4400,0,1,0,[follow_path] [ActionServer] Aborting handle.
212.506,58.400,pred,block2_B_pred,1,2.6785,-3.8432,2.1072,0.1770,0.1110,0.2200,-0.0897,1,4.6665,0.1826,6.6813,-0.2469,2.0601,-14.3,35,6.6381,-0.2377,0.7284,4.6700,6.6424,5.3190,0.4168,0,1,0,[follow_path] [ActionServer] Aborting handle.
212.605,58.499,pred,block2_B_pred,1,2.6688,-3.8268,2.1105,0.1450,0.1110,0.2200,-0.0897,1,4.9025,0.3110,7.3754,-0.2243,2.5302,-15.8,35,7.3224,-0.2128,0.8946,4.9124,7.3255,5.3190,0.4400,0,1,0,[follow_path] [ActionServer] Aborting handle.
212.705,58.599,pred,block2_B_pred,1,2.6593,-3.8112,2.1191,0.2120,0.0920,0.2200,-0.1410,1,5.1502,0.4025,7.9273,-0.0594,2.8153,-13.9,35,7.8678,-0.0495,0.9954,5.1659,7.8680,5.3190,0.4386,0,1,0,[follow_path] [ActionServer] Aborting handle.
212.805,58.699,pred,block2_B_pred,1,2.6495,-3.7951,2.1269,0.2050,0.0920,0.2200,-0.0641,1,5.1502,0.4025,7.9273,-0.0594,2.8153,-13.9,35,7.8678,-0.0495,0.9954,5.1659,7.8680,5.2524,0.4400,0,1,0,[follow_path] [ActionServer] Aborting handle.
212.906,58.800,pred,block2_B_pred,1,2.6393,-3.7789,2.1343,0.2180,0.0550,0.2200,-0.0897,1,5.3055,0.4597,8.0219,0.0665,2.7447,-13.2,35,7.9637,0.0749,0.9704,5.3253,7.9640,5.2524,0.4400,0,1,0,[follow_path] [ActionServer] Aborting handle.
213.006,58.900,pred,block2_B_pred,1,2.6295,-3.7635,2.1397,0.1990,-0.0550,0.2200,-0.0897,1,5.3224,0.4894,7.4904,0.1176,2.1996,-15.0,35,7.4439,0.1255,0.7777,5.3449,7.4450,5.2524,0.4400,0,1,0,[follow_path] [ActionServer] Aborting handle.
213.111,59.005,pred,block2_B_pred,1,2.6184,-3.7463,2.1485,0.2280,0.1850,0.2084,-0.1154,1,5.3224,0.4894,7.4904,0.1176,2.1996,-15.0,35,7.4439,0.1255,0.7777,5.3449,7.4450,5.1938,0.4168,0,1,0,[follow_path] [ActionServer] Aborting handle.
213.206,59.100,pred,block2_B_pred,1,2.6054,-3.7262,2.1430,0.2430,-0.0920,0.2200,-0.2179,1,5.2248,0.5064,6.6339,0.2647,1.4297,-15.3,31,5.2248,0.5064,0.2200,5.2493,5.2493,5.1938,0.4400,0,0,0,[follow_path] [ActionServer] Aborting handle.
213.306,59.200,pred,block2_B_pred,1,2.5928,-3.7066,2.1408,0.2470,-0.0740,0.2084,-0.2179,1,5.0914,0.5159,6.0074,0.3588,0.9293,-15.5,31,5.0914,0.5159,0.2200,5.1175,5.1175,5.1938,0.4168,0,0,0,[follow_path] [ActionServer] Aborting handle.
213.406,59.300,pred,block2_B_pred,1,2.5805,-3.6873,2.1263,0.2240,-0.1300,0.2200,-0.2436,1,5.0914,0.5159,6.0074,0.3588,0.9293,-15.5,31,5.0914,0.5159,0.2200,5.1175,5.1175,5.1938,0.4400,0,0,0,[follow_path] [ActionServer] Aborting handle.
213.506,59.399,pred,block2_B_pred,1,2.5679,-3.6666,2.1141,0.2530,-0.0370,0.2084,-0.2436,1,4.9559,0.5198,5.5513,0.4177,0.6041,-15.7,31,4.9559,0.5198,0.2200,4.9831,4.9831,5.1280,0.4168,0,0,0,[follow_path] [ActionServer] Aborting handle.
213.606,59.500,pred,block2_B_pred,1,2.5562,-3.6471,2.1026,0.2210,-0.2220,0.1968,-0.1923,1,4.8839,0.5172,5.2709,0.4509,0.3926,-15.8,31,4.8839,0.5172,0.2200,4.9112,4.9112,5.1280,0.4400,0,0,0,[follow_path] [ActionServer] Aborting handle.
213.706,59.600,pred,block2_B_pred,1,2.5457,-3.6289,2.0837,0.1930,-0.2410,0.2200,-0.1923,1,4.8839,0.5172,5.2709,0.4509,0.3926,-15.8,31,4.8839,0.5172,0.2200,4.9112,4.9112,5.1280,0.4400,0,0,0,[follow_path] [ActionServer] Aborting handle.
213.806,59.700,pred,block2_B_pred,1,2.5354,-3.6104,2.0626,0.1990,-0.3530,0.2084,-0.1410,1,4.8136,0.5222,5.0652,0.4790,0.2552,-15.9,31,4.8136,0.5222,0.2200,4.8419,4.8419,5.1280,0.4168,0,0,0,[follow_path] [ActionServer] Aborting handle.
213.906,59.800,pred,block2_B_pred,1,2.5256,-3.5919,2.0429,0.2210,-0.1480,0.2200,-0.1410,1,4.7106,0.5329,4.8741,0.5049,0.1659,-16.2,31,4.7106,0.5329,0.2200,4.7407,4.7407,5.0623,0.4400,0,0,0,[follow_path] [ActionServer] Aborting handle.
214.006,59.900,pred,block2_B_pred,1,2.5173,-3.5753,2.0263,0.1710,-0.1850,0.2200,-0.0897,1,4.7106,0.5329,4.8741,0.5049,0.1659,-16.2,31,4.7106,0.5329,0.2200,4.7407,4.7407,5.0623,0.4168,0,0,0,[follow_path] [ActionServer] Aborting handle.
214.106,60.000,pred,block2_B_pred,1,2.5087,-3.5576,2.0091,0.2240,-0.2410,0.2084,-0.0897,1,4.5626,0.5477,4.4134,0.4760,0.1655,-161.2,35,4.4166,0.4775,0.2235,4.5953,4.4423,5.0623,0.4168,0,0,1,[follow_path] [ActionServer] Aborting handle.
214.208,60.102,pred,block2_B_pred,1,2.5002,-3.5390,1.9866,0.1800,-0.4270,0.2200,-0.0128,1,4.3948,0.5727,3.9044,0.4383,0.5085,-172.1,35,3.9149,0.4412,0.2305,4.4320,3.9397,5.0623,0.4400,0,0,1,[follow_path] [ActionServer] Aborting handle.
214.306,60.200,pred,block2_B_pred,1,2.4927,-3.5215,1.9736,0.1830,0.0000,0.2200,0.0000,1,4.3948,0.5727,3.9044,0.4383,0.5085,-172.1,35,3.9149,0.4412,0.2305,4.4320,3.9397,5.2355,0.4400,0,0,1,[follow_path] [ActionServer] Aborting handle.
214.406,60.300,pred,block2_B_pred,1,2.4855,-3.5041,1.9552,0.2280,-0.0740,0.2200,0.1410,1,4.2052,0.6058,3.3930,0.3482,0.8521,-170.6,35,3.4104,0.3537,0.3013,4.2486,3.4287,5.2355,0.4400,0,0,1,[follow_path] [ActionServer] Aborting handle.
214.516,60.410,pred,block2_B_pred,1,2.4783,-3.4858,1.9277,0.1930,-0.3530,0.2200,0.1410,1,4.2052,0.6058,3.3930,0.3482,0.8521,-170.6,35,3.4104,0.3537,0.3013,4.2486,3.4287,5.2355,0.4400,0,0,1,[follow_path] [ActionServer] Aborting handle.
214.609,60.503,pred,block2_B_pred,1,2.4715,-3.4674,1.9125,0.2150,-0.0370,0.1968,0.1667,1,4.0120,0.6445,2.9665,0.2340,1.1232,-167.7,35,2.9889,0.2428,0.3971,4.0634,2.9987,5.1653,0.4368,0,0,1,[follow_path] [ActionServer] Aborting handle.
214.706,60.600,pred,block2_B_pred,1,2.4653,-3.4495,1.8991,0.2180,0.0180,0.2200,0.4487,1,3.8990,0.7002,2.8889,0.3148,1.0811,-169.3,35,2.9105,0.3230,0.3823,3.9614,2.9284,5.1653,0.3934,0,0,1,[follow_path] [ActionServer] Aborting handle.
214.806,60.700,pred,block2_B_pred,1,2.4588,-3.4304,1.8966,0.1960,0.1110,0.1621,0.3144,1,3.8990,0.7002,2.8889,0.3148,1.0811,-169.3,35,2.9105,0.3230,0.3823,3.9614,2.9284,5.1653,0.1486,0,0,1,[follow_path] [ActionServer] Aborting handle.
214.906,60.800,pred,block2_B_pred,1,2.4516,-3.4089,1.8999,0.2310,-0.0180,0.1945,0.3523,1,3.7580,0.7500,2.6679,0.3993,1.1451,-173.5,35,2.6913,0.4069,0.4049,3.8321,2.7219,5.1653,0.2168,0,0,1,[follow_path] [ActionServer] Aborting handle.
215.006,60.900,pred,block2_B_pred,1,2.4443,-3.3881,1.9207,0.2120,0.0920,0.2200,0.3523,1,3.5758,0.7894,2.2748,0.5212,1.3283,179.2,35,2.3027,0.5269,0.4697,3.6619,2.3622,5.0391,0.4400,0,0,1,[follow_path] [ActionServer] Aborting handle.
215.106,61.000,pred,block2_B_pred,1,2.4374,-3.3701,1.9567,0.1770,0.3340,0.2200,0.3144,1,3.5758,0.7894,2.2748,0.5212,1.3283,179.2,35,2.3027,0.5269,0.4697,3.6619,2.3622,5.0391,0.4400,0,0,1,[follow_path] [ActionServer] Aborting handle.
215.206,61.100,pred,block2_B_pred,1,2.4317,-3.3567,2.0060,0.1290,0.6870,0.2084,0.2436,1,3.3923,0.8142,1.8831,0.5663,1.5294,175.8,35,1.9155,0.5716,0.5407,3.4886,1.9989,5.0391,0.4168,0,0,1,[follow_path] [ActionServer] Aborting handle.
215.305,61.199,pred,block2_B_pred,1,2.4256,-3.3439,2.0394,0.1770,0.0740,0.2200,0.1923,1,3.2250,0.8112,1.6039,0.5286,1.6455,175.8,35,1.6386,0.5347,0.5818,3.3254,1.7237,5.0391,0.4341,0,1,1,[follow_path] [ActionServer] Aborting handle.
215.406,61.300,pred,block2_B_pred,1,2.4194,-3.3322,2.0784,0.1610,0.1300,0.2200,0.2436,1,3.2250,0.8112,1.6039,0.5286,1.6455,175.8,35,1.6386,0.5347,0.5818,3.3254,1.7237,5.0002,0.4333,0,1,1,[follow_path] [ActionServer] Aborting handle.
215.506,61.400,pred,block2_B_pred,1,2.4116,-3.3189,2.1278,0.1550,0.6500,0.2200,0.1667,1,3.0865,0.7733,1.4554,0.4408,1.6646,177.5,35,1.4903,0.4480,0.5886,3.1818,1.5562,5.0002,0.4369,0,1,1,[follow_path] [ActionServer] Aborting handle.
215.606,61.500,pred,block2_B_pred,1,2.4020,-3.3041,2.1753,0.2310,0.3530,0.2200,-0.1533,1,3.0865,0.7733,1.4554,0.4408,1.6646,177.5,35,1.4903,0.4480,0.5886,3.1818,1.5562,5.0002,0.4400,0,1,1,[follow_path] [ActionServer] Aborting handle.
215.706,61.600,pred,block2_B_pred,1,2.3909,-3.2887,2.2169,0.2180,0.3150,0.2200,0.0000,1,2.9669,0.6986,1.3698,0.2958,1.6472,-179.1,35,1.4040,0.3044,0.5824,3.0481,1.4366,4.9300,0.4400,0,1,1,[follow_path] [ActionServer] Aborting handle.
215.811,61.705,pred,block2_B_pred,1,2.3778,-3.2720,2.2573,0.2560,0.3150,0.2200,-0.1600,1,2.8551,0.5912,1.2661,0.1791,1.6416,-177.2,35,1.4040,0.3044,0.5824,2.9157,1.4366,4.9300,0.4400,0,1,1,[follow_path] [ActionServer] Aborting handle.
215.906,61.800,pred,block2_B_pred,1,2.3630,-3.2544,2.2919,0.2400,0.3340,0.2200,-0.0128,1,2.8551,0.5912,1.2661,0.1791,1.6416,-177.2,35,1.3001,0.1879,0.5804,2.9157,1.3137,4.9300,0.4400,0,1,1,[follow_path] [ActionServer] Aborting handle.
216.008,61.902,pred,block2_B_pred,1,2.3452,-3.2346,2.3115,0.2910,0.1480,0.1737,-0.0641,1,2.7441,0.4596,1.1368,0.0784,1.6518,-176.2,35,1.1713,0.0866,0.5840,2.7823,1.1745,4.9300,0.3474,0,1,1,[follow_path] [ActionServer] Aborting handle.
216.105,61.999,pred,block2_B_pred,1,2.3275,-3.2152,2.3141,0.2620,0.0180,0.1621,-0.0128,1,2.6353,0.3227,0.9843,0.0355,1.6758,-177.1,35,1.0197,0.0417,0.5925,2.6550,1.0205,4.5616,0.3011,0,1,1,[follow_path] [ActionServer] Aborting handle.
216.206,62.100,pred,block2_B_pred,1,2.3111,-3.1972,2.3056,0.2120,-0.0550,0.0811,-0.1154,1,2.6353,0.3227,0.9843,0.0355,1.6758,-177.1,35,1.0197,0.0417,0.5925,2.6550,1.0205,4.5616,0.1853,0,1,1,[follow_path] [ActionServer] Aborting handle.
216.306,62.200,pred,block2_B_pred,1,2.2982,-3.1828,2.2871,0.1800,-0.3900,0.1042,0.0385,1,2.5180,0.1985,0.8538,0.1294,1.6656,177.9,35,0.8895,0.1309,0.5889,2.5258,0.8991,4.5616,0.1621,0,1,1,[follow_path] [ActionServer] Aborting handle.
216.416,62.310,pred,block2_B_pred,1,2.2881,-3.1712,2.2730,0.1140,-0.4450,0.0000,0.0128,1,2.4093,0.0973,0.7753,0.2196,1.6386,173.4,35,0.8103,0.2170,0.5794,2.4113,0.8389,4.4530,0.0000,0,1,1,[follow_path] [ActionServer] Aborting handle.
216.506,62.400,pred,block2_B_pred,1,2.2822,-3.1640,2.2466,0.0630,-0.2600,0.1250,0.0000,1,2.4093,0.0973,0.7753,0.2196,1.6386,173.4,35,0.8103,0.2170,0.5794,2.4113,0.8389,4.4530,0.2779,0,1,1,[follow_path] [ActionServer] Aborting handle.
216.606,62.500,pred,block2_B_pred,1,2.2822,-3.1640,2.2466,0.0000,0.0000,0.1042,0.0000,1,2.3026,0.0280,0.7246,0.2555,1.5943,171.1,35,0.7584,0.2506,0.5637,2.3028,0.7987,4.4530,0.2084,0,1,1,[follow_path] [ActionServer] Aborting handle.
216.706,62.600,pred,block2_B_pred,1,2.2812,-3.1628,2.2358,0.0820,-0.4830,0.1042,-0.0385,1,2.2080,-0.0126,0.6913,0.2564,1.5404,170.3,35,0.7238,0.2507,0.5446,2.2080,0.7659,4.4530,0.2084,0,0,1,[follow_path] [ActionServer] Aborting handle.
216.805,62.699,pred,block2_B_pred,1,2.2787,-3.1595,2.2391,0.0120,0.0740,0.0811,0.1215,1,2.2080,-0.0126,0.6913,0.2564,1.5404,170.3,35,0.7238,0.2507,0.5446,2.2080,0.7659,4.4530,0.1621,0,0,1,[follow_path] [ActionServer] Aborting handle.
216.906,62.800,pred,block2_B_pred,1,2.2787,-3.1595,2.2391,0.0000,0.0000,0.0811,0.0897,1,2.1181,-0.0301,0.6713,0.2126,1.4670,171.3,35,0.7023,0.2074,0.5187,2.1183,0.7323,4.4530,0.1621,0,0,1,[follow_path] [ActionServer] Aborting handle.
217.006,62.900,pred,block2_B_pred,1,2.2787,-3.1595,2.2391,0.0000,0.0000,0.0463,0.0385,1,2.0454,-0.0353,0.6639,0.1226,1.3905,174.5,35,0.6935,0.1192,0.4916,2.0457,0.7037,4.4530,0.0926,0,0,1,[follow_path] [ActionServer] Aborting handle.
217.124,63.018,pred,block2_B_pred,1,2.2787,-3.1595,2.2391,0.0000,0.0000,0.0463,0.0385,1,2.0454,-0.0353,0.6639,0.1226,1.3905,174.5,35,0.6935,0.1192,0.4916,2.0457,0.7037,4.4530,0.0926,0,0,1,[follow_path] [ActionServer] Aborting handle.
217.205,63.099,pred,block2_B_pred,1,2.2787,-3.1595,2.2391,0.0000,0.0000,0.0463,0.0897,1,1.9743,-0.0340,0.6808,0.0049,1.2942,179.3,35,0.7085,0.0041,0.4576,1.9746,0.7085,4.5352,0.0926,0,0,1,[follow_path] [ActionServer] Aborting handle.
217.305,63.199,pred,block2_B_pred,1,2.2773,-3.1578,2.2264,0.0660,-0.3900,0.0463,0.0897,1,1.9083,-0.0314,0.7267,-0.1129,1.1844,-175.1,35,0.7520,-0.1112,0.4188,1.9086,0.7602,4.5352,0.0926,0,0,1,[follow_path] [ActionServer] Aborting handle.
217.406,63.300,pred,block2_B_pred,1,2.2771,-3.1575,2.2239,0.0000,0.0000,0.0695,-0.0385,1,1.9083,-0.0314,0.7267,-0.1129,1.1844,-175.1,35,0.7520,-0.1112,0.4188,1.9086,0.7602,4.5352,0.1389,0,0,1,[follow_path] [ActionServer] Aborting handle.
217.517,63.411,pred,block2_B_pred,1,2.2747,-3.1544,2.2283,0.0790,-0.4640,0.0695,0.0385,1,1.8469,-0.0293,0.7733,-0.1803,1.0842,-171.1,35,0.7963,-0.1771,0.3833,1.8472,0.8158,4.5352,0.1389,0,0,1,[follow_path] [ActionServer] Aborting handle.
217.606,63.500,pred,block2_B_pred,1,2.2700,-3.1483,2.2353,0.1230,0.0180,0.0695,0.0385,1,1.7897,-0.0280,0.7935,-0.2005,1.0111,-169.3,35,0.8148,-0.1968,0.3575,1.7899,0.8382,4.5352,0.1389,0,0,1,[follow_path] [ActionServer] Aborting handle.
217.706,63.600,pred,block2_B_pred,1,2.2652,-3.1422,2.2372,0.1140,-0.2600,0.1274,0.0128,1,1.7897,-0.0280,0.7935,-0.2005,1.0111,-169.3,35,0.8148,-0.1968,0.3575,1.7899,0.8382,4.5352,0.2779,0,0,1,[follow_path] [ActionServer] Aborting handle.
217.806,63.700,pred,block2_B_pred,1,2.2604,-3.1361,2.2547,0.1450,0.1480,0.1389,0.0641,1,1.7267,-0.0297,0.7717,-0.1554,0.9633,-171.5,35,0.7922,-0.1527,0.3406,1.7270,0.8068,4.5352,0.2779,0,0,1,[follow_path] [ActionServer] Aborting handle.
217.905,63.799,pred,block2_B_pred,1,2.2559,-3.1306,2.2587,0.0340,0.0550,0.1042,0.0385,1,1.7267,-0.0297,0.7717,-0.1554,0.9633,-171.5,35,0.7922,-0.1527,0.3406,1.7270,0.8068,4.5352,0.3160,0,0,1,[follow_path] [ActionServer] Aborting handle.
218.006,63.900,pred,block2_B_pred,1,2.2490,-3.1224,2.2620,0.0980,-0.2780,0.0811,0.0385,1,1.6579,-0.0342,0.7073,-0.0826,0.9518,-175.9,35,0.7277,-0.0816,0.3365,1.6582,0.7323,4.5352,0.1621,0,0,1,[follow_path] [ActionServer] Aborting handle.
218.106,64.000,pred,block2_B_pred,1,2.2405,-3.1122,2.2757,0.1550,0.0920,0.0811,0.0128,1,1.5737,-0.0403,0.6087,-0.0217,0.9652,-179.6,35,0.6294,-0.0221,0.3413,1.5743,0.6298,4.5352,0.1158,0,0,1,[follow_path] [ActionServer] Aborting handle.
218.206,64.099,pred,block2_B_pred,1,2.2336,-3.1041,2.2809,0.1010,0.2600,0.1829,0.0385,1,1.5737,-0.0403,0.6087,-0.0217,0.9652,-179.6,35,0.6294,-0.0221,0.3413,1.5743,0.6298,4.5352,0.4249,0,0,1,[follow_path] [ActionServer] Aborting handle.
218.306,64.200,pred,block2_B_pred,1,2.2260,-3.0952,2.2868,0.1260,0.2600,0.2200,0.0000,1,1.4886,-0.0481,0.5085,-0.0113,0.9807,179.7,35,0.5295,-0.0120,0.3467,1.4893,0.5297,4.4855,0.4142,0,0,1,[follow_path] [ActionServer] Aborting handle.
218.406,64.300,pred,block2_B_pred,1,2.2192,-3.0874,2.2902,0.1580,0.1110,0.0834,0.0000,1,1.4886,-0.0481,0.5085,-0.0113,0.9807,179.7,35,0.5295,-0.0120,0.3467,1.4893,0.5297,4.4855,0.0000,0,0,1,[follow_path] [ActionServer] Aborting handle.
218.506,64.400,pred,block2_B_pred,1,2.2121,-3.0793,2.2986,0.1390,0.2970,0.0000,0.0000,1,1.4123,-0.0569,0.4132,-0.0230,0.9997,-179.6,35,0.4346,-0.0238,0.3535,1.4134,0.4353,4.4855,0.0000,0,0,1,[follow_path] [ActionServer] Aborting handle.
218.612,64.506,pred,block2_B_pred,1,2.2094,-3.0763,2.3139,0.0000,0.0000,0.0000,0.0128,1,1.3180,-0.0675,0.3000,-0.0832,1.0181,-176.2,35,0.3218,-0.0829,0.3600,1.3197,0.3323,4.4855,0.0000,0,0,1,[follow_path] [ActionServer] Aborting handle.
218.706,64.600,pred,block2_B_pred,1,2.2061,-3.0727,2.3135,0.1010,-0.0740,0.0116,0.0128,1,1.3180,-0.0675,0.3000,-0.0832,1.0181,-176.2,35,0.3218,-0.0829,0.3600,1.3197,0.3323,4.4855,0.0232,0,0,1,[follow_path] [ActionServer] Aborting handle.
218.807,64.701,pred,block2_B_pred,1,2.1990,-3.0650,2.3195,0.1040,0.0180,0.0000,0.0128,1,1.2233,-0.0787,0.1894,-0.1566,1.0368,-172.0,35,0.2116,-0.1549,0.3666,1.2258,0.2622,4.4855,0.0000,0,0,1,[follow_path] [ActionServer] Aborting handle.
218.906,64.800,pred,block2_B_pred,1,2.1951,-3.0609,2.3302,0.0030,0.0180,0.0000,0.0000,1,1.1378,-0.0894,0.1076,-0.2200,1.0385,-168.3,35,0.1297,-0.2172,0.3672,1.1413,0.2530,4.4855,0.0000,0,0,1,[follow_path] [ActionServer] Aborting handle.
219.006,64.900,pred,block2_B_pred,1,2.1951,-3.0609,2.3302,0.0000,0.0000,0.0000,0.0000,1,1.1378,-0.0894,0.1076,-0.2200,1.0385,-168.3,35,0.1297,-0.2172,0.3672,1.1413,0.2530,4.4976,0.0000,0,0,1,[follow_path] [ActionServer] Aborting handle.
219.105,64.999,pred,block2_B_pred,1,2.1921,-3.0578,2.3232,0.0790,0.4640,0.0000,0.0000,1,1.0586,-0.1014,0.0823,-0.2505,0.9876,-165.8,35,0.1032,-0.2473,0.3492,1.0634,0.2679,4.4976,0.0000,0,0,1,[follow_path] [ActionServer] Aborting handle.
219.206,65.100,pred,block2_B_pred,1,2.1914,-3.0569,2.3298,0.0000,0.0000,0.0000,0.0000,1,1.0586,-0.1014,0.0823,-0.2505,0.9876,-165.8,35,0.1032,-0.2473,0.3492,1.0634,0.2679,4.4976,0.0000,0,0,1,[follow_path] [ActionServer] Aborting handle.
219.306,65.200,pred,block2_B_pred,1,2.1914,-3.0569,2.3298,0.0000,0.0000,0.0000,0.0000,1,0.9899,-0.1132,0.0553,-0.2520,0.9448,-165.0,35,0.0753,-0.2490,0.3341,0.9963,0.2601,4.4976,0.3197,0,0,1,[follow_path] [ActionServer] Aborting handle.
219.406,65.300,pred,block2_B_pred,1,2.1914,-3.0569,2.3298,0.0000,0.0000,0.1737,-0.1923,1,0.9237,-0.1253,0.0228,-0.2214,0.9060,-166.2,35,0.0421,-0.2193,0.3203,0.9322,0.2234,4.4976,0.3197,0,0,1,[follow_path] [ActionServer] Aborting handle.
219.506,65.400,pred,block2_B_pred,1,2.1914,-3.0569,2.3298,0.0000,0.0000,0.1737,-0.1923,1,0.8671,-0.1373,0.0123,-0.1805,0.8558,-168.1,35,0.0307,-0.1796,0.3026,0.8779,0.1822,4.4976,0.3197,0,0,1,[follow_path] [ActionServer] Aborting handle.
219.606,65.500,pred,block2_B_pred,1,2.1914,-3.0569,2.3298,0.0000,0.0000,0.2084,-0.0385,1,0.8671,-0.1373,0.0123,-0.1805,0.8558,-168.1,35,0.0307,-0.1796,0.3026,0.8779,0.1822,4.4976,0.3835,0,0,1,[follow_path] [ActionServer] Aborting handle.
219.706,65.600,pred,block2_B_pred,1,2.1887,-3.0540,2.3257,0.1420,0.1300,0.2084,-0.0385,1,0.8189,-0.1494,0.0241,-0.1494,0.7949,-169.7,35,0.0411,-0.1494,0.2810,0.8325,0.1549,4.4976,0.3835,0,0,1,[follow_path] [ActionServer] Aborting handle.
219.806,65.700,pred,block2_B_pred,1,2.1803,-3.0452,2.3261,0.1830,0.0000,0.2084,-0.0385,1,0.7802,-0.1614,0.2635,-0.1614,0.5167,-168.3,35,0.2746,-0.1614,0.2311,0.7967,0.3185,4.4976,0.3835,0,0,1,[follow_path] [ActionServer] Aborting handle.
219.906,65.800,pred,block2_B_pred,1,2.1657,-3.0295,2.3168,0.2560,-0.0920,0.2084,-0.0385,1,0.7802,-0.1614,0.2635,-0.1614,0.5167,-168.3,35,0.2746,-0.1614,0.2311,0.7967,0.3185,4.4976,0.0232,0,0,1,[follow_path] [ActionServer] Aborting handle.
220.006,65.900,pred,block2_B_pred,1,2.1482,-3.0107,2.3153,0.2530,-0.1480,0.0116,0.0128,1,0.7496,-0.1730,0.4137,-0.1730,0.3358,-167.0,35,0.4209,-0.1730,0.2272,0.7692,0.4551,4.4976,0.0000,0,0,1,[follow_path] [ActionServer] Aborting handle.
220.106,66.000,pred,block2_B_pred,1,2.1303,-2.9911,2.3098,0.2370,-0.1300,0.0000,0.0000,1,0.7186,-0.1844,0.5003,-0.1844,0.2183,-165.6,35,0.5050,-0.1844,0.2247,0.7419,0.5376,4.3918,0.0000,0,0,1,[follow_path] [ActionServer] Aborting handle.
220.206,66.099,pred,block2_B_pred,1,2.1268,-2.9873,2.3098,0.0000,0.0000,0.1250,0.1600,1,0.7186,-0.1844,0.5003,-0.1844,0.2183,-165.6,35,0.5050,-0.1844,0.2247,0.7419,0.5376,4.3918,0.0000,0,0,1,[follow_path] [ActionServer] Aborting handle.
220.306,66.200,pred,block2_B_pred,1,2.1188,-2.9785,2.3181,0.1930,0.3150,0.0000,0.4744,1,0.6827,-0.1958,0.5408,-0.1958,0.1419,-164.0,35,0.5439,-0.1958,0.2230,0.7102,0.5780,4.3918,0.0000,0,0,0,[follow_path] [ActionServer] Aborting handle.
220.410,66.304,pred,block2_B_pred,1,2.1102,-2.9692,2.3167,0.1740,0.0550,0.0116,0.3144,1,0.6827,-0.1958,0.5408,-0.1958,0.1419,-164.0,35,0.5439,-0.1958,0.2230,0.7102,0.5780,4.3745,0.0232,0,0,0,[follow_path] [ActionServer] Aborting handle.
220.506,66.400,pred,block2_B_pred,1,2.0994,-2.9575,2.3129,0.1330,-0.0370,0.0116,-0.0056,1,0.6827,-0.1958,0.5408,-0.1958,0.1419,-164.0,35,0.5439,-0.1958,0.2230,0.7102,0.5780,4.3745,0.0000,0,0,0,[follow_path] [ActionServer] Aborting handle.
220.606,66.500,pred,block2_B_pred,1,2.0932,-2.9507,2.3189,0.0380,0.1480,0.1250,0.1728,1,0.6827,-0.1958,0.5408,-0.1958,0.1419,-164.0,35,0.5439,-0.1958,0.2230,0.7102,0.5780,4.3745,0.1853,0,0,0,[follow_path] [ActionServer] Aborting handle.
220.706,66.600,pred,block2_B_pred,1,2.0930,-2.9505,2.3185,0.0000,0.0000,0.1853,0.3974,1,0.6827,-0.1958,0.5408,-0.1958,0.1419,-164.0,35,0.5439,-0.1958,0.2230,0.7102,0.5780,4.3745,0.2413,0,0,0,[follow_path] [ActionServer] Aborting handle.
220.809,66.703,pred,block2_B_pred,1,2.0928,-2.9503,2.3196,0.0000,0.0000,0.1621,0.3974,1,0.6827,-0.1958,0.5408,-0.1958,0.1419,-164.0,35,0.5439,-0.1958,0.2230,0.7102,0.5780,4.3306,0.2962,0,0,0,[follow_path] [ActionServer] Aborting handle.
220.906,66.800,pred,block2_B_pred,1,2.0928,-2.9503,2.3196,0.0000,0.0000,0.1621,0.3974,1,0.6827,-0.1958,0.5408,-0.1958,0.1419,-164.0,35,0.5439,-0.1958,0.2230,0.7102,0.5780,4.3306,0.2962,0,0,0,[follow_path] [ActionServer] Aborting handle.
221.006,66.900,pred,block2_B_pred,1,2.0928,-2.9503,2.3196,0.0000,0.0000,0.1621,0.3974,1,0.6827,-0.1958,0.5408,-0.1958,0.1419,-164.0,35,0.5439,-0.1958,0.2230,0.7102,0.5780,4.3306,0.2962,0,0,0,[follow_path] [ActionServer] Aborting handle.
221.111,67.005,pred,block2_B_pred,1,2.0928,-2.9503,2.3196,0.0000,0.0000,0.1621,0.3974,1,0.6827,-0.1958,0.5408,-0.1958,0.1419,-164.0,35,0.5439,-0.1958,0.2230,0.7102,0.5780,4.3306,0.3506,0,0,0,[follow_path] [ActionServer] Aborting handle.
221.206,67.100,pred,block2_B_pred,1,2.0928,-2.9503,2.3196,0.0000,0.0000,0.1968,0.4487,1,0.6827,-0.1958,0.5408,-0.1958,0.1419,-164.0,35,0.5439,-0.1958,0.2230,0.7102,0.5780,4.3292,0.3506,0,0,0,[follow_path] [ActionServer] Aborting handle.
221.306,67.200,pred,block2_B_pred,1,2.0886,-2.9458,2.3282,0.1330,0.3710,0.1968,0.4487,0,0.6827,-0.1958,0.5408,-0.1958,0.1419,-164.0,35,0.5439,-0.1958,0.2230,0.7102,0.5780,4.3292,0.3506,0,0,0,[follow_path] [ActionServer] Aborting handle.
221.406,67.300,pred,block2_B_pred,1,2.0785,-2.9355,2.3664,0.1580,0.5940,0.2200,0.4744,0,0.6827,-0.1958,0.5408,-0.1958,0.1419,-164.0,35,0.5439,-0.1958,0.2230,0.7102,0.5780,4.3292,0.3841,0,0,0,[follow_path] [ActionServer] Aborting handle.
221.505,67.399,pred,block2_B_pred,1,2.0653,-2.9229,2.4024,0.2280,0.2970,0.2200,0.3974,0,0.6827,-0.1958,0.5408,-0.1958,0.1419,-164.0,35,0.5439,-0.1958,0.2230,0.7102,0.5780,4.3292,0.2564,0,0,0,[follow_path] [ActionServer] Aborting handle.
221.609,67.503,pred,block2_B_pred,1,2.0491,-2.9088,2.4518,0.1990,0.6500,0.1737,0.4231,0,0.6827,-0.1958,0.5408,-0.1958,0.1419,-164.0,35,0.5439,-0.1958,0.2230,0.7102,0.5780,4.3292,0.3490,0,0,0,[follow_path] [ActionServer] Aborting handle.
221.706,67.600,pred,block2_B_pred,1,2.0320,-2.8951,2.4933,0.2050,0.4640,0.1968,0.2631,0,0.6827,-0.1958,0.5408,-0.1958,0.1419,-164.0,35,0.5439,-0.1958,0.2230,0.7102,0.5780,4.3292,0.3254,0,0,0,[follow_path] [ActionServer] Aborting handle.
221.806,67.700,pred,block2_B_pred,1,2.0216,-2.8875,2.5427,0.0980,0.5750,0.1505,0.3974,0,0.6827,-0.1958,0.5408,-0.1958,0.1419,-164.0,35,0.5439,-0.1958,0.2230,0.7102,0.5780,4.3292,0.3003,0,0,0,[follow_path] [ActionServer] Aborting handle.
221.918,67.812,pred,block2_B_pred,1,2.0142,-2.8827,2.5950,0.0760,0.4450,0.2200,0.2887,0,0.6827,-0.1958,0.5408,-0.1958,0.1419,-164.0,35,0.5439,-0.1958,0.2230,0.7102,0.5780,4.2732,0.4262,0,0,0,[follow_path] [ActionServer] Aborting handle.
222.006,67.900,pred,block2_B_pred,1,2.0030,-2.8762,2.6363,0.2050,0.2410,0.2084,0.2887,0,0.6827,-0.1958,0.5408,-0.1958,0.1419,-164.0,35,0.5439,-0.1958,0.2230,0.7102,0.5780,4.2732,0.3778,0,0,0,[follow_path] [ActionServer] Aborting handle.
222.106,68.000,pred,block2_B_pred,1,1.9888,-2.8687,2.6841,0.1610,0.6130,0.2200,0.3462,0,0.6827,-0.1958,0.5408,-0.1958,0.1419,-164.0,35,0.5439,-0.1958,0.2230,0.7102,0.5780,4.2732,0.4353,0,0,0,[follow_path] [ActionServer] Aborting handle.
222.205,68.099,pred,block2_B_pred,1,1.9706,-2.8601,2.7172,0.2150,0.3710,0.2084,0.0262,0,0.6827,-0.1958,0.5408,-0.1958,0.1419,-164.0,35,0.5439,-0.1958,0.2230,0.7102,0.5780,4.2277,0.4400,0,0,0,[follow_path] [ActionServer] Aborting handle.
222.306,68.200,pred,block2_B_pred,1,1.9511,-2.8516,2.7483,0.2280,0.2970,0.2200,-0.1410,0,0.6827,-0.1958,0.5408,-0.1958,0.1419,-164.0,35,0.5439,-0.1958,0.2230,0.7102,0.5780,4.2277,0.4400,0,0,0,[follow_path] [ActionServer] Aborting handle.
222.409,68.303,pred,block2_B_pred,1,1.9296,-2.8427,2.7502,0.2430,-0.0920,0.2084,0.1790,0,0.6827,-0.1958,0.5408,-0.1958,0.1419,-164.0,35,0.5439,-0.1958,0.2230,0.7102,0.5780,4.2277,0.2610,0,0,0,[follow_path] [ActionServer] Aborting handle.
222.506,68.400,pred,block2_B_pred,1,1.9097,-2.8345,2.7546,0.2180,-0.0180,0.1274,0.3718,0,0.6827,-0.1958,0.5408,-0.1958,0.1419,-164.0,35,0.5439,-0.1958,0.2230,0.7102,0.5780,4.2277,0.0793,0,0,0,[follow_path] [ActionServer] Aborting handle.
222.605,68.499,pred,block2_B_pred,1,1.8914,-2.8271,2.7583,0.1900,-0.1110,0.0116,0.0518,0,0.6827,-0.1958,0.5408,-0.1958,0.1419,-164.0,35,0.5439,-0.1958,0.2230,0.7102,0.5780,4.2230,0.0118,0,0,0,[follow_path] [ActionServer] Aborting handle.
222.711,68.605,pred,block2_B_pred,1,1.8789,-2.8222,2.7817,0.0880,0.4450,0.0232,-0.0385,0,0.6827,-0.1958,0.5408,-0.1958,0.1419,-164.0,35,0.5439,-0.1958,0.2230,0.7102,0.5780,4.2230,0.0000,0,0,0,[follow_path] [ActionServer] Aborting handle.
222.806,68.700,pred,block2_B_pred,1,1.8731,-2.8200,2.7887,0.0120,0.0740,0.0000,0.0000,0,0.6827,-0.1958,0.5408,-0.1958,0.1419,-164.0,35,0.5439,-0.1958,0.2230,0.7102,0.5780,4.2230,0.0000,0,0,0,[follow_path] [ActionServer] Aborting handle.
222.906,68.800,pred,block2_B_pred,1,1.8731,-2.8200,2.7887,0.0000,0.0000,0.0000,0.0000,0,0.6827,-0.1958,0.5408,-0.1958,0.1419,-164.0,35,0.5439,-0.1958,0.2230,0.7102,0.5780,4.2230,0.0000,0,0,0,[follow_path] [ActionServer] Aborting handle.
223.008,68.902,pred,block2_B_pred,1,1.8731,-2.8200,2.7887,0.0000,0.0000,0.1250,0.0385,0,0.6827,-0.1958,0.5408,-0.1958,0.1419,-164.0,35,0.5439,-0.1958,0.2230,0.7102,0.5780,4.1224,0.4015,0,0,0,[follow_path] [ActionServer] Aborting handle.
223.106,69.000,pred,block2_B_pred,1,1.8731,-2.8200,2.7887,0.0000,0.0000,0.2200,0.0641,0,0.6827,-0.1958,0.5408,-0.1958,0.1419,-164.0,35,0.5439,-0.1958,0.2230,0.7102,0.5780,4.1224,0.4015,0,0,0,[follow_path] [ActionServer] Aborting handle.
223.206,69.100,pred,block2_B_pred,1,1.8731,-2.8200,2.7887,0.0000,0.0000,0.2200,0.0641,0,0.6827,-0.1958,0.5408,-0.1958,0.1419,-164.0,35,0.5439,-0.1958,0.2230,0.7102,0.5780,4.1224,0.4015,0,0,0,[follow_path] [ActionServer] Aborting handle.
223.305,69.199,pred,block2_B_pred,1,1.8731,-2.8200,2.7887,0.0000,0.0000,0.2200,0.0641,0,0.6827,-0.1958,0.5408,-0.1958,0.1419,-164.0,35,0.5439,-0.1958,0.2230,0.7102,0.5780,4.1224,0.4015,0,0,0,[follow_path] [ActionServer] Aborting handle.
223.406,69.300,pred,block2_B_pred,1,1.8731,-2.8200,2.7887,0.0000,0.0000,0.1621,0.2241,0,0.6827,-0.1958,0.5408,-0.1958,0.1419,-164.0,35,0.5439,-0.1958,0.2230,0.7102,0.5780,4.1224,0.2974,0,0,0,[follow_path] [ActionServer] Aborting handle.
223.506,69.400,pred,block2_B_pred,1,1.8731,-2.8200,2.7887,0.0000,0.0000,0.1621,0.3205,0,0.6827,-0.1958,0.5408,-0.1958,0.1419,-164.0,35,0.5439,-0.1958,0.2230,0.7102,0.5780,4.1224,0.2974,0,0,0,[follow_path] [ActionServer] Aborting handle.
223.606,69.500,pred,block2_B_pred,1,1.8657,-2.8174,2.8027,0.1040,0.0920,0.1621,0.3205,0,0.6827,-0.1958,0.5408,-0.1958,0.1419,-164.0,35,0.5439,-0.1958,0.2230,0.7102,0.5780,4.1224,0.3624,0,0,0,[follow_path] [ActionServer] Aborting handle.
223.705,69.599,pred,block2_B_pred,1,1.8538,-2.8135,2.8406,0.1830,0.0740,0.1042,0.0579,0,0.6827,-0.1958,0.5408,-0.1958,0.1419,-164.0,35,0.5439,-0.1958,0.2230,0.7102,0.5780,4.0748,0.4302,0,0,0,[follow_path] [ActionServer] Aborting handle.
223.806,69.700,pred,block2_B_pred,1,1.8417,-2.8100,2.8792,0.1290,0.3900,0.1042,0.0579,0,0.6827,-0.1958,0.5408,-0.1958,0.1419,-164.0,35,0.5439,-0.1958,0.2230,0.7102,0.5780,4.0748,0.2095,0,0,0,[follow_path] [ActionServer] Aborting handle.
223.906,69.800,pred,block2_B_pred,1,1.8284,-2.8066,2.9015,0.1860,0.0920,0.1042,0.1667,0,0.6827,-0.1958,0.5408,-0.1958,0.1419,-164.0,35,0.5439,-0.1958,0.2230,0.7102,0.5780,4.0748,0.4168,0,0,0,[follow_path] [ActionServer] Aborting handle.
224.023,69.917,pred,block2_B_pred,1,1.8159,-2.8036,2.9048,0.1520,-0.1480,0.2084,-0.0897,0,0.6827,-0.1958,0.5408,-0.1958,0.1419,-164.0,35,0.5439,-0.1958,0.2230,0.7102,0.5780,4.1201,0.4168,0,0,0,[follow_path] [ActionServer] Aborting handle.
224.106,70.000,pred,block2_B_pred,1,1.8017,-2.8000,2.8945,0.1260,0.0000,0.2084,-0.1410,0,0.6827,-0.1958,0.5408,-0.1958,0.1419,-164.0,35,0.5439,-0.1958,0.2230,0.7102,0.5780,4.1201,0.4400,0,0,0,[follow_path] [ActionServer] Aborting handle.
224.206,70.100,pred,block2_B_pred,1,1.7829,-2.7953,2.8970,0.2090,0.0000,0.0950,0.1728,0,0.6827,-0.1958,0.5408,-0.1958,0.1419,-164.0,35,0.5439,-0.1958,0.2230,0.7102,0.5780,4.1201,0.1695,0,0,0,[follow_path] [ActionServer] Aborting handle.
224.306,70.200,pred,block2_B_pred,1,1.7596,-2.7895,2.8926,0.2620,-0.0920,0.0695,0.3205,0,0.6827,-0.1958,0.5408,-0.1958,0.1419,-164.0,35,0.5439,-0.1958,0.2230,0.7102,0.5780,4.1201,0.1373,0,0,0,[follow_path] [ActionServer] Aborting handle.
224.405,70.299,pred,block2_B_pred,1,1.7372,-2.7838,2.8915,0.2280,0.0740,0.1829,0.1605,0,0.6827,-0.1958,0.5408,-0.1958,0.1419,-164.0,35,0.5439,-0.1958,0.2230,0.7102,0.5780,4.0233,0.4400,0,0,0,[follow_path] [ActionServer] Aborting handle.
224.506,70.400,pred,block2_B_pred,1,1.7239,-2.7803,2.8689,0.0910,-0.4640,0.2084,-0.0128,0,0.6827,-0.1958,0.5408,-0.1958,0.1419,-164.0,35,0.5439,-0.1958,0.2230,0.7102,0.5780,4.0233,0.4168,0,0,0,[follow_path] [ActionServer] Aborting handle.
224.608,70.502,pred,block2_B_pred,1,1.7182,-2.7788,2.8971,0.0820,0.4830,0.0834,0.0128,0,0.6827,-0.1958,0.5408,-0.1958,0.1419,-164.0,35,0.5439,-0.1958,0.2230,0.7102,0.5780,4.0233,0.0926,0,0,0,[follow_path] [ActionServer] Aborting handle.
224.706,70.600,pred,block2_B_pred,1,1.7119,-2.7773,2.9356,0.0500,0.2970,0.0463,0.0000,0,0.6827,-0.1958,0.5408,-0.1958,0.1419,-164.0,35,0.5439,-0.1958,0.2230,0.7102,0.5780,4.0233,0.3474,0,0,0,[follow_path] [ActionServer] Aborting handle.
224.806,70.700,pred,block2_B_pred,1,1.7052,-2.7760,2.9757,0.0340,0.2040,0.0463,-0.1667,0,0.6827,-0.1958,0.5408,-0.1958,0.1419,-164.0,35,0.5439,-0.1958,0.2230,0.7102,0.5780,3.9640,0.0695,0,0,0,[follow_path] [ActionServer] Aborting handle.
224.906,70.800,pred,block2_B_pred,1,1.6963,-2.7745,2.9868,0.0910,0.5010,0.0579,-0.2497,0,0.6827,-0.1958,0.5408,-0.1958,0.1419,-164.0,35,0.5439,-0.1958,0.2230,0.7102,0.5780,3.9640,0.3242,0,0,0,[follow_path] [ActionServer] Aborting handle.
225.006,70.900,pred,block2_B_pred,1,1.6864,-2.7730,2.9865,0.0910,-0.2780,0.0371,-0.0385,0,0.6827,-0.1958,0.5408,-0.1958,0.1419,-164.0,35,0.5439,-0.1958,0.2230,0.7102,0.5780,3.9640,0.3474,0,0,0,[follow_path] [ActionServer] Aborting handle.
225.106,71.000,pred,block2_B_pred,1,1.6810,-2.7721,2.9712,0.0850,0.3150,0.0463,-0.0959,0,0.6827,-0.1958,0.5408,-0.1958,0.1419,-164.0,35,0.5439,-0.1958,0.2230,0.7102,0.5780,4.1511,0.0926,0,0,0,[follow_path] [ActionServer] Aborting handle.
225.206,71.100,pred,block2_B_pred,1,1.6707,-2.7702,2.9557,0.1070,0.3710,0.0463,-0.2179,0,0.6827,-0.1958,0.5408,-0.1958,0.1419,-164.0,35,0.5439,-0.1958,0.2230,0.7102,0.5780,4.1511,0.0926,0,0,0,[follow_path] [ActionServer] Aborting handle.
225.308,71.202,pred,block2_B_pred,1,1.6638,-2.7689,2.9286,0.0530,-0.3150,0.0463,-0.2179,0,0.6827,-0.1958,0.5408,-0.1958,0.1419,-164.0,35,0.5439,-0.1958,0.2230,0.7102,0.5780,4.1511,0.0926,0,0,0,[follow_path] [ActionServer] Aborting handle.
225.406,71.300,pred,block2_B_pred,1,1.6567,-2.7674,2.9215,0.0060,-0.0370,0.1389,0.1021,0,0.6827,-0.1958,0.5408,-0.1958,0.1419,-164.0,35,0.5439,-0.1958,0.2230,0.7102,0.5780,4.1511,0.2727,0,0,0,[follow_path] [ActionServer] Aborting handle.
225.509,71.403,pred,block2_B_pred,1,1.6518,-2.7662,2.8915,0.0570,-0.3340,0.2200,0.1154,0,0.6827,-0.1958,0.5408,-0.1958,0.1419,-164.0,35,0.5439,-0.1958,0.2230,0.7102,0.5780,4.1013,0.1621,0,0,0,[follow_path] [ActionServer] Aborting handle.
225.606,71.500,pred,block2_B_pred,1,1.6379,-2.7626,2.8911,0.1640,0.1480,0.2200,0.2692,0,0.6827,-0.1958,0.5408,-0.1958,0.1419,-164.0,35,0.5439,-0.1958,0.2230,0.7102,0.5780,4.1013,0.4159,0,0,0,[follow_path] [ActionServer] Aborting handle.
225.706,71.600,pred,block2_B_pred,1,1.6226,-2.7588,2.9059,0.1960,0.2600,0.1968,0.1154,0,0.6827,-0.1958,0.5408,-0.1958,0.1419,-164.0,35,0.5439,-0.1958,0.2230,0.7102,0.5780,4.1013,0.4400,0,0,0,[follow_path] [ActionServer] Aborting handle.
225.818,71.712,pred,block2_B_pred,1,1.6050,-2.7547,2.9204,0.1960,0.1480,0.2200,0.1410,0,0.6827,-0.1958,0.5408,-0.1958,0.1419,-164.0,35,0.5439,-0.1958,0.2230,0.7102,0.5780,4.1874,0.4400,0,0,0,[follow_path] [ActionServer] Aborting handle.
225.906,71.800,pred,block2_B_pred,1,1.5852,-2.7502,2.9244,0.2210,-0.0370,0.2084,0.1154,0,0.6827,-0.1958,0.5408,-0.1958,0.1419,-164.0,35,0.5439,-0.1958,0.2230,0.7102,0.5780,4.1874,0.4168,0,0,0,[follow_path] [ActionServer] Aborting handle.
226.006,71.900,pred,block2_B_pred,1,1.5661,-2.7461,2.9341,0.1900,-0.0370,0.0834,0.2754,0,0.6827,-0.1958,0.5408,-0.1958,0.1419,-164.0,35,0.5439,-0.1958,0.2230,0.7102,0.5780,4.1874,0.0429,0,0,0,[follow_path] [ActionServer] Aborting handle.
226.106,72.000,pred,block2_B_pred,1,1.5464,-2.7420,2.9311,0.1800,-0.1670,0.0347,0.3205,0,0.6827,-0.1958,0.5408,-0.1958,0.1419,-164.0,35,0.5439,-0.1958,0.2230,0.7102,0.5780,4.1874,0.0735,0,0,0,[follow_path] [ActionServer] Aborting handle.
226.205,72.099,pred,block2_B_pred,1,1.5326,-2.7391,2.9400,0.1200,0.3340,0.1482,0.1349,0,0.6827,-0.1958,0.5408,-0.1958,0.1419,-164.0,35,0.5439,-0.1958,0.2230,0.7102,0.5780,4.7324,0.3242,0,0,0,[follow_path] [ActionServer] Aborting handle.
226.306,72.200,pred,block2_B_pred,1,1.5235,-2.7373,2.9441,0.1070,-0.1850,0.1042,-0.1667,0,0.6827,-0.1958,0.5408,-0.1958,0.1419,-164.0,35,0.5439,-0.1958,0.2230,0.7102,0.5780,4.7324,0.3705,0,0,0,[follow_path] [ActionServer] Aborting handle.
226.406,72.300,pred,block2_B_pred,1,1.5123,-2.7351,2.9582,0.1170,0.1670,0.0695,0.0641,0,0.6827,-0.1958,0.5408,-0.1958,0.1419,-164.0,35,0.5439,-0.1958,0.2230,0.7102,0.5780,4.7324,0.3242,0,0,0,[follow_path] [ActionServer] Aborting handle.
226.509,72.403,pred,block2_B_pred,1,1.4985,-2.7326,2.9741,0.1260,0.3340,0.1621,0.1667,0,0.6827,-0.1958,0.5408,-0.1958,0.1419,-164.0,35,0.5439,-0.1958,0.2230,0.7102,0.5780,4.7324,0.4332,0,0,0,[follow_path] [ActionServer] Aborting handle.
226.606,72.500,pred,block2_B_pred,1,1.4820,-2.7298,2.9804,0.1830,0.1480,0.2200,-0.1533,0,0.6827,-0.1958,0.5408,-0.1958,0.1419,-164.0,35,0.5439,-0.1958,0.2230,0.7102,0.5780,4.6836,0.4371,0,0,0,[follow_path] [ActionServer] Aborting handle.
226.706,72.600,pred,block2_B_pred,1,1.4640,-2.7271,2.9964,0.1930,0.1300,0.2084,-0.2692,0,0.6827,-0.1958,0.5408,-0.1958,0.1419,-164.0,35,0.5439,-0.1958,0.2230,0.7102,0.5780,4.6836,0.4362,0,0,0,[follow_path] [ActionServer] Aborting handle.
226.806,72.700,pred,block2_B_pred,1,1.4444,-2.7244,3.0116,0.1860,0.1300,0.2200,-0.2631,0,0.6827,-0.1958,0.5408,-0.1958,0.1419,-164.0,35,0.5439,-0.1958,0.2230,0.7102,0.5780,4.6836,0.4388,0,0,0,[follow_path] [ActionServer] Aborting handle.
226.905,72.799,pred,block2_B_pred,1,1.4215,-2.7214,3.0134,0.2530,-0.0740,0.2200,-0.1923,0,0.6827,-0.1958,0.5408,-0.1958,0.1419,-164.0,35,0.5439,-0.1958,0.2230,0.7102,0.5780,4.6346,0.4400,0,0,0,[follow_path] [ActionServer] Aborting handle.
227.006,72.900,pred,block2_B_pred,1,1.3976,-2.7183,3.0064,0.2430,-0.0920,0.2200,-0.1923,0,0.6827,-0.1958,0.5408,-0.1958,0.1419,-164.0,35,0.5439,-0.1958,0.2230,0.7102,0.5780,4.6346,0.4400,0,0,0,[follow_path] [ActionServer] Aborting handle.
227.106,73.000,pred,block2_B_pred,1,1.3730,-2.7147,2.9794,0.2530,-0.2970,0.2200,-0.2179,0,0.6827,-0.1958,0.5408,-0.1958,0.1419,-164.0,35,0.5439,-0.1958,0.2230,0.7102,0.5780,4.6346,0.4168,0,0,0,[follow_path] [ActionServer] Aborting handle.
227.206,73.100,pred,block2_B_pred,1,1.3495,-2.7106,2.9534,0.2180,-0.3530,0.2084,-0.1923,0,0.6827,-0.1958,0.5408,-0.1958,0.1419,-164.0,35,0.5439,-0.1958,0.2230,0.7102,0.5780,4.6346,0.3937,0,0,0,[follow_path] [ActionServer] Aborting handle.
227.305,73.199,pred,block2_B_pred,1,1.3260,-2.7059,2.9360,0.2530,-0.2220,0.2200,-0.2179,0,0.6827,-0.1958,0.5408,-0.1958,0.1419,-164.0,35,0.5439,-0.1958,0.2230,0.7102,0.5780,5.8970,0.4400,0,0,0,[follow_path] [ActionServer] Aborting handle.
227.406,73.300,pred,block2_B_pred,1,1.3039,-2.7012,2.9219,0.2310,-0.2040,0.0950,-0.0579,0,0.6827,-0.1958,0.5408,-0.1958,0.1419,-164.0,35,0.5439,-0.1958,0.2230,0.7102,0.5780,5.8970,0.0000,0,0,0,[follow_path] [ActionServer] Aborting handle.
227.506,73.400,pred,block2_B_pred,1,1.2846,-2.6967,2.8935,0.1710,-0.4080,0.0000,-0.0385,0,0.6827,-0.1958,0.5408,-0.1958,0.1419,-164.0,35,0.5439,-0.1958,0.2230,0.7102,0.5780,5.8970,0.0000,0,0,0,[follow_path] [ActionServer] Aborting handle.
227.621,73.515,pred,block2_B_pred,1,1.2671,-2.6922,2.8820,0.1740,-0.0180,0.0000,0.1215,0,0.6827,-0.1958,0.5408,-0.1958,0.1419,-164.0,35,0.5439,-0.1958,0.2230,0.7102,0.5780,5.9905,0.0173,0,0,0,[follow_path] [ActionServer] Aborting handle.
227.707,73.601,pred,block2_B_pred,1,1.2544,-2.6887,2.8547,0.1070,-0.5570,0.0000,0.0579,0,0.6827,-0.1958,0.5408,-0.1958,0.1419,-164.0,35,0.5439,-0.1958,0.2230,0.7102,0.5780,5.9905,0.0000,0,0,0,[follow_path] [ActionServer] Aborting handle.
227.806,73.700,pred,block2_B_pred,1,1.2463,-2.6863,2.8484,0.0410,-0.2410,0.0000,-0.0128,0,0.6827,-0.1958,0.5408,-0.1958,0.1419,-164.0,35,0.5439,-0.1958,0.2230,0.7102,0.5780,5.9905,0.0000,0,0,0,[follow_path] [ActionServer] Aborting handle.
227.906,73.800,pred,block2_B_pred,1,1.2463,-2.6863,2.8484,0.0000,0.0000,0.0000,-0.0385,0,0.6827,-0.1958,0.5408,-0.1958,0.1419,-164.0,35,0.5439,-0.1958,0.2230,0.7102,0.5780,5.9905,0.0000,0,0,0,[follow_path] [ActionServer] Aborting handle.
228.006,73.900,pred,block2_B_pred,1,1.2430,-2.6853,2.8677,0.0190,0.1110,0.0000,-0.3585,0,0.6827,-0.1958,0.5408,-0.1958,0.1419,-164.0,35,0.5439,-0.1958,0.2230,0.7102,0.5780,3.8943,0.0000,0,0,0,[follow_path] [ActionServer] Aborting handle.
228.106,74.000,pred,block2_B_pred,1,1.2429,-2.6853,2.8681,0.0000,0.0000,0.0116,-0.5000,0,0.6827,-0.1958,0.5408,-0.1958,0.1419,-164.0,35,0.5439,-0.1958,0.2230,0.7102,0.5780,3.8943,0.0000,0,0,0,[follow_path] [ActionServer] Aborting handle.
228.206,74.100,pred,block2_B_pred,1,1.2453,-2.6860,2.8536,-0.0470,-0.2780,0.0000,-0.5000,0,0.6827,-0.1958,0.5408,-0.1958,0.1419,-164.0,35,0.5439,-0.1958,0.2230,0.7102,0.5780,3.8943,0.0000,0,0,0,[follow_path] [ActionServer] Aborting handle.
228.310,74.204,pred,block2_B_pred,1,1.2458,-2.6861,2.8503,0.0000,0.0000,0.0000,-0.5000,0,0.6827,-0.1958,0.5408,-0.1958,0.1419,-164.0,35,0.5439,-0.1958,0.2230,0.7102,0.5780,3.8943,0.0000,0,0,0,[follow_path] [ActionServer] Aborting handle.
228.406,74.300,pred,block2_B_pred,1,1.2458,-2.6861,2.8503,0.0000,0.0000,0.0000,-0.5000,0,0.6827,-0.1958,0.5408,-0.1958,0.1419,-164.0,35,0.5439,-0.1958,0.2230,0.7102,0.5780,3.8943,0.0000,0,0,0,[follow_path] [ActionServer] Aborting handle.
228.507,74.401,pred,block2_B_pred,1,1.2458,-2.6861,2.8503,0.0000,0.0000,0.0000,-0.5000,0,0.6827,-0.1958,0.5408,-0.1958,0.1419,-164.0,35,0.5439,-0.1958,0.2230,0.7102,0.5780,3.8943,0.0000,0,0,0,[follow_path] [ActionServer] Aborting handle.
228.606,74.500,pred,block2_B_pred,1,1.2458,-2.6861,2.8503,0.0000,0.0000,0.0000,-0.5000,0,0.6827,-0.1958,0.5408,-0.1958,0.1419,-164.0,35,0.5439,-0.1958,0.2230,0.7102,0.5780,3.8943,0.0000,0,0,0,[follow_path] [ActionServer] Aborting handle.
228.710,74.604,pred,block2_B_pred,1,1.2434,-2.6854,2.8351,0.0000,0.0000,0.0000,-0.5000,0,0.6827,-0.1958,0.5408,-0.1958,0.1419,-164.0,35,0.5439,-0.1958,0.2230,0.7102,0.5780,3.8943,0.0003,0,0,0,[follow_path] [ActionServer] Aborting handle.
228.806,74.700,pred,block2_B_pred,1,1.2426,-2.6852,2.7898,0.0500,-0.6310,0.0000,-0.5000,0,0.6827,-0.1958,0.5408,-0.1958,0.1419,-164.0,35,0.5439,-0.1958,0.2230,0.7102,0.5780,3.8943,0.0028,0,0,0,[follow_path] [ActionServer] Aborting handle.
228.906,74.800,pred,block2_B_pred,1,1.2418,-2.6848,2.7554,0.0150,-0.2040,0.0000,-0.5000,0,0.6827,-0.1958,0.5408,-0.1958,0.1419,-164.0,35,0.5439,-0.1958,0.2230,0.7102,0.5780,3.8943,0.0000,0,0,0,[follow_path] [ActionServer] Aborting handle.
229.006,74.900,pred,block2_B_pred,1,1.2424,-2.6851,2.6749,-0.0090,-1.0210,0.0000,-0.5000,0,0.6827,-0.1958,0.5408,-0.1958,0.1419,-164.0,35,0.5439,-0.1958,0.2230,0.7102,0.5780,3.8943,0.0000,0,0,0,[follow_path] [ActionServer] Aborting handle.
229.106,75.000,pred,block2_B_pred,1,1.2433,-2.6856,2.6006,-0.0030,-1.0210,0.0000,-0.5000,0,0.6827,-0.1958,0.5408,-0.1958,0.1419,-164.0,35,0.5439,-0.1958,0.2230,0.7102,0.5780,3.8943,0.0460,0,0,0,[follow_path] [ActionServer] Aborting handle.
229.206,75.100,pred,block2_B_pred,1,1.2439,-2.6860,2.5189,0.0150,-0.9100,0.0579,-0.5000,0,0.6827,-0.1958,0.5408,-0.1958,0.1419,-164.0,35,0.5439,-0.1958,0.2230,0.7102,0.5780,3.8169,0.1127,0,0,0,[follow_path] [ActionServer] Aborting handle.
229.305,75.199,pred,block2_B_pred,1,1.2439,-2.6859,2.4494,0.0310,-0.4450,0.0579,-0.5000,0,0.6827,-0.1958,0.5408,-0.1958,0.1419,-164.0,35,0.5439,-0.1958,0.2230,0.7102,0.5780,3.8169,0.1154,0,0,0,[follow_path] [ActionServer] Aborting handle.
229.406,75.300,pred,block2_B_pred,1,1.2447,-2.6866,2.3814,-0.0060,-0.3710,0.0579,-0.5000,1,1.8079,-1.5425,5.5059,-1.8548,3.7112,35.6,35,5.4267,-1.8481,1.3122,2.3765,5.7327,3.8169,0.1568,0,1,0,[follow_path] [ActionServer] Aborting handle.
229.507,75.401,pred,block2_B_pred,1,1.2444,-2.6864,2.3205,-0.0440,-0.7060,0.0811,-0.5000,1,1.8079,-1.5425,5.5059,-1.8548,3.7112,35.6,35,5.4267,-1.8481,1.3122,2.3765,5.7327,3.8169,0.1097,0,1,0,[follow_path] [ActionServer] Aborting handle.
229.606,75.499,pred,block2_B_pred,1,1.2443,-2.6862,2.2607,0.0660,-0.6500,0.0811,-0.5000,1,1.8851,-1.5053,5.3626,-1.4800,3.4776,39.0,35,5.2881,-1.4806,1.2296,2.4123,5.4914,3.8169,0.1158,0,1,0,[follow_path] [ActionServer] Aborting handle.
229.706,75.600,pred,block2_B_pred,1,1.2434,-2.6851,2.2195,0.0380,-0.4080,0.1042,-0.5000,1,1.9816,-1.4354,5.0186,-0.8065,3.1015,47.6,35,4.9535,-0.8200,1.0966,2.4468,5.0209,3.8169,0.1582,0,1,0,[follow_path] [ActionServer] Aborting handle.
229.806,75.700,pred,block2_B_pred,1,1.2390,-2.6791,2.1754,0.0790,-0.4640,0.1389,-0.5000,1,1.9816,-1.4354,5.0186,-0.8065,3.1015,47.6,35,4.9535,-0.8200,1.0966,2.4468,5.0209,3.8169,0.2535,0,1,0,[follow_path] [ActionServer] Aborting handle.
229.906,75.800,pred,block2_B_pred,1,1.2343,-2.6719,2.1249,0.0980,-0.5750,0.1274,-0.5000,1,2.0779,-1.3236,4.2942,-0.0445,2.5589,62.5,35,4.2467,-0.0719,0.9048,2.4636,4.2473,3.8169,0.2541,0,1,0,[follow_path] [ActionServer] Aborting handle.
230.008,75.902,pred,block2_B_pred,1,1.2297,-2.6642,2.0722,0.1070,-0.6310,0.1158,-0.4744,1,2.2075,-1.1697,3.3914,0.6783,2.1947,85.3,35,3.3660,0.6387,0.7760,2.4983,3.4261,3.8169,0.2316,0,1,0,[follow_path] [ActionServer] Aborting handle.
230.106,76.000,pred,block2_B_pred,1,1.2241,-2.6535,2.0299,0.1040,-0.4270,0.1158,-0.5000,1,2.2075,-1.1697,3.3914,0.6783,2.1947,85.3,35,3.3660,0.6387,0.7760,2.4983,3.4261,3.8169,0.2315,0,1,0,[follow_path] [ActionServer] Aborting handle.
230.212,76.106,pred,block2_B_pred,1,1.2202,-2.6451,1.9771,0.1010,-0.5940,0.0926,-0.5000,1,2.2815,-1.0111,2.5387,0.9879,2.0155,106.6,35,2.5332,0.9450,0.7126,2.4955,2.7037,3.4903,0.2086,0,1,1,[follow_path] [ActionServer] Aborting handle.
230.306,76.200,pred,block2_B_pred,1,1.2136,-2.6288,1.9077,0.1290,-0.7610,0.1042,-0.5000,1,2.3076,-0.8691,1.8781,1.0776,1.9934,123.1,35,1.8873,1.0359,0.7048,2.4658,2.1529,3.4903,0.2547,0,1,1,[follow_path] [ActionServer] Aborting handle.
230.406,76.299,pred,block2_B_pred,1,1.2098,-2.6171,1.8609,0.1200,-0.4080,0.1389,-0.4744,1,2.3076,-0.8691,1.8781,1.0776,1.9934,123.1,35,1.8873,1.0359,0.7048,2.4658,2.1529,3.4903,0.2772,0,1,1,[follow_path] [ActionServer] Aborting handle.
230.506,76.400,pred,block2_B_pred,1,1.2072,-2.6076,1.8057,0.0790,-0.4640,0.1389,-0.4744,1,2.3005,-0.7295,1.4065,1.0797,2.0180,133.9,35,1.4256,1.0409,0.7135,2.4134,1.7652,3.4903,0.2746,0,1,1,[follow_path] [ActionServer] Aborting handle.
230.606,76.500,pred,block2_B_pred,1,1.2047,-2.5954,1.7566,0.1740,-0.2410,0.1274,-0.4487,1,2.2899,-0.6038,1.1398,1.0633,2.0253,139.4,35,1.1645,1.0276,0.7161,2.3682,1.5530,3.4423,0.3863,0,1,1,[follow_path] [ActionServer] Aborting handle.
230.706,76.600,pred,block2_B_pred,1,1.2028,-2.5847,1.7029,0.0950,-0.5570,0.1621,-0.5000,1,2.2899,-0.6038,1.1398,1.0633,2.0253,139.4,35,1.1645,1.0276,0.7161,2.3682,1.5530,3.4423,0.3653,0,1,1,[follow_path] [ActionServer] Aborting handle.
230.806,76.700,pred,block2_B_pred,1,1.2015,-2.5732,1.6684,0.1140,-0.4450,0.1853,-0.4231,1,2.2815,-0.4872,0.9847,0.9992,1.9726,143.2,35,1.0125,0.9673,0.6974,2.3329,1.4003,3.4423,0.3426,0,1,1,[follow_path] [ActionServer] Aborting handle.
230.906,76.800,pred,block2_B_pred,1,1.2005,-2.5609,1.6287,0.1170,-0.5380,0.1737,-0.3974,1,2.2674,-0.3702,0.8768,0.8547,1.8531,147.9,35,0.9066,0.8284,0.6552,2.2974,1.2281,3.4423,0.2316,0,1,1,[follow_path] [ActionServer] Aborting handle.
231.006,76.900,pred,block2_B_pred,1,1.2000,-2.5466,1.5867,0.1550,-0.5380,0.1389,-0.3974,1,2.2674,-0.3702,0.8768,0.8547,1.8531,147.9,35,0.9066,0.8284,0.6552,2.2974,1.2281,3.2312,0.1654,0,1,1,[follow_path] [ActionServer] Aborting handle.
231.106,77.000,pred,block2_B_pred,1,1.1999,-2.5284,1.5437,0.1480,-0.6130,0.0811,-0.0774,1,2.2599,-0.2609,0.8490,0.6966,1.7052,152.4,35,0.8792,0.6761,0.6029,2.2750,1.1091,3.2312,0.1471,0,1,1,[follow_path] [ActionServer] Aborting handle.
231.205,77.099,pred,block2_B_pred,1,1.2007,-2.5103,1.4988,0.1580,-0.5940,0.0695,0.2426,1,2.2510,-0.1581,0.8670,0.5572,1.5579,156.7,35,0.8967,0.5419,0.5508,2.2566,1.0477,3.2312,0.1471,0,1,1,[follow_path] [ActionServer] Aborting handle.
231.306,77.200,pred,block2_B_pred,1,1.2021,-2.4942,1.4646,0.1550,-0.0920,0.0695,0.4744,1,2.2510,-0.1581,0.8670,0.5572,1.5579,156.7,35,0.8967,0.5419,0.5508,2.2566,1.0477,3.1839,0.0695,0,1,1,[follow_path] [ActionServer] Aborting handle.
231.405,77.299,pred,block2_B_pred,1,1.2035,-2.4825,1.4305,0.0570,-0.2220,0.1274,0.1544,1,2.2223,-0.0579,0.8739,0.4748,1.4498,159.9,35,0.9028,0.4634,0.5126,2.2231,1.0148,3.1839,0.0727,0,0,1,[follow_path] [ActionServer] Aborting handle.
231.505,77.399,pred,block2_B_pred,1,1.2051,-2.4719,1.4157,0.1170,0.2780,0.0347,-0.1656,1,2.1611,0.0373,0.7991,0.3962,1.4085,164.2,35,0.8283,0.3885,0.4980,2.1614,0.9149,3.1839,0.2315,0,0,1,[follow_path] [ActionServer] Aborting handle.
231.607,77.501,pred,block2_B_pred,1,1.2054,-2.4699,1.4253,0.0000,0.0000,0.1158,-0.4292,1,2.1611,0.0373,0.7991,0.3962,1.4085,164.2,35,0.8283,0.3885,0.4980,2.1614,0.9149,3.1839,0.2444,0,0,1,[follow_path] [ActionServer] Aborting handle.
231.706,77.600,pred,block2_B_pred,1,1.2057,-2.4676,1.4391,0.0060,0.0370,0.1274,-0.2949,1,2.0852,0.1193,0.6963,0.3205,1.4033,168.5,35,0.7261,0.3162,0.4962,2.0886,0.7919,3.1319,0.0706,0,0,1,[follow_path] [ActionServer] Aborting handle.
231.806,77.700,pred,block2_B_pred,1,1.2059,-2.4660,1.4486,0.0820,0.4830,0.0695,-0.2949,1,2.0084,0.1802,0.6486,0.2637,1.3623,171.4,35,0.6778,0.2620,0.4817,2.0164,0.7266,3.1319,0.1389,0,0,1,[follow_path] [ActionServer] Aborting handle.
231.906,77.800,pred,block2_B_pred,1,1.2061,-2.4645,1.4497,0.0340,-0.2040,0.0695,0.0251,1,2.0084,0.1802,0.6486,0.2637,1.3623,171.4,35,0.6778,0.2620,0.4817,2.0164,0.7266,3.1319,0.1158,0,0,1,[follow_path] [ActionServer] Aborting handle.
232.006,77.900,pred,block2_B_pred,1,1.2067,-2.4598,1.4568,0.0000,0.0000,0.0579,0.1923,1,1.9507,0.2234,0.6825,0.2338,1.2682,173.0,35,0.7097,0.2336,0.4484,1.9634,0.7471,3.2214,0.1158,0,0,1,[follow_path] [ActionServer] Aborting handle.
232.106,78.000,pred,block2_B_pred,1,1.2073,-2.4544,1.4613,0.0150,-0.0180,0.0579,0.2692,1,1.9047,0.2523,0.7865,0.2204,1.1187,174.1,35,0.8104,0.2211,0.3955,1.9213,0.8400,3.2214,0.0695,0,0,1,[follow_path] [ActionServer] Aborting handle.
232.206,78.100,pred,block2_B_pred,1,1.2080,-2.4473,1.4661,0.0280,0.0550,0.1042,0.0641,1,1.9047,0.2523,0.7865,0.2204,1.1187,174.1,35,0.8104,0.2211,0.3955,1.9213,0.8400,3.2214,0.2084,0,0,1,[follow_path] [ActionServer] Aborting handle.
232.306,78.200,pred,block2_B_pred,1,1.2088,-2.4394,1.4735,0.0600,0.1670,0.1042,0.0897,1,1.8670,0.2702,0.8692,0.2104,0.9995,175.2,35,0.8906,0.2117,0.3534,1.8864,0.9154,3.2214,0.2084,0,0,1,[follow_path] [ActionServer] Aborting handle.
232.406,78.300,pred,block2_B_pred,1,1.2095,-2.4318,1.4824,0.0950,0.1480,0.0000,0.0897,1,1.8202,0.2748,0.8984,0.2218,0.9233,174.7,35,0.9181,0.2229,0.3265,1.8408,0.9448,3.2214,0.0000,0,0,1,[follow_path] [ActionServer] Aborting handle.
232.506,78.400,pred,block2_B_pred,1,1.2102,-2.4233,1.4980,0.0380,0.1110,0.0000,0.0897,1,1.8202,0.2748,0.8984,0.2218,0.9233,174.7,35,0.9181,0.2229,0.3265,1.8408,0.9448,3.2214,0.2547,0,0,1,[follow_path] [ActionServer] Aborting handle.
232.606,78.500,pred,block2_B_pred,1,1.2107,-2.4148,1.5102,0.0530,0.2410,0.0000,0.0897,1,1.7653,0.2660,0.8708,0.2315,0.8952,173.6,35,0.8900,0.2323,0.3165,1.7853,0.9198,3.2214,0.0044,0,0,1,[follow_path] [ActionServer] Aborting handle.
232.706,78.600,pred,block2_B_pred,1,1.2111,-2.4081,1.5195,0.0470,0.0920,0.0000,0.1667,1,1.7045,0.2451,0.8085,0.2321,0.8960,172.6,35,0.8277,0.2324,0.3168,1.7220,0.8597,3.2214,0.2521,0,0,1,[follow_path] [ActionServer] Aborting handle.
232.806,78.700,pred,block2_B_pred,1,1.2114,-2.4018,1.5299,0.0980,0.3530,0.1158,-0.1533,1,1.7045,0.2451,0.8085,0.2321,0.8960,172.6,35,0.8277,0.2324,0.3168,1.7220,0.8597,3.1704,0.2272,0,0,1,[follow_path] [ActionServer] Aborting handle.
232.906,78.800,pred,block2_B_pred,1,1.2115,-2.3995,1.5410,0.0000,0.0000,0.1158,-0.3462,1,1.6382,0.2141,0.7571,0.2223,0.8811,172.0,35,0.7760,0.2221,0.3115,1.6522,0.8071,3.1704,0.2698,0,0,1,[follow_path] [ActionServer] Aborting handle.
233.008,78.902,pred,block2_B_pred,1,1.2116,-2.3944,1.5488,0.0720,-0.3900,0.0811,-0.0262,1,1.5846,0.1779,0.7440,0.2057,0.8410,171.7,35,0.7620,0.2051,0.2974,1.5946,0.7892,3.1704,0.1621,0,0,1,[follow_path] [ActionServer] Aborting handle.
233.105,78.999,pred,block2_B_pred,1,1.2116,-2.3910,1.5574,0.0410,0.2410,0.0811,0.0897,1,1.5846,0.1779,0.7440,0.2057,0.8410,171.7,35,0.7620,0.2051,0.2974,1.5946,0.7892,3.1171,0.1621,0,0,1,[follow_path] [ActionServer] Aborting handle.
233.206,79.100,pred,block2_B_pred,1,1.2117,-2.3901,1.5574,0.0220,-0.1300,0.0811,0.1410,1,1.5436,0.1402,0.7671,0.1768,0.7774,172.1,35,0.7837,0.1761,0.2749,1.5499,0.8032,3.1171,0.1602,0,0,1,[follow_path] [ActionServer] Aborting handle.
233.306,79.200,pred,block2_B_pred,1,1.2117,-2.3818,1.5714,0.1260,0.2220,0.0811,0.1410,1,1.5102,0.1037,1.0055,0.1276,0.5053,173.4,35,1.0163,0.1271,0.2308,1.5137,1.0242,3.1171,0.1389,0,0,1,[follow_path] [ActionServer] Aborting handle.
233.406,79.300,pred,block2_B_pred,1,1.2117,-2.3718,1.5807,0.1420,-0.1300,0.0926,0.0128,1,1.5102,0.1037,1.0055,0.1276,0.5053,173.4,35,1.0163,0.1271,0.2308,1.5137,1.0242,3.1171,0.1853,0,0,1,[follow_path] [ActionServer] Aborting handle.
233.506,79.400,pred,block2_B_pred,1,1.2115,-2.3601,1.5967,0.1520,0.0000,0.0695,-0.1215,1,1.4804,0.0701,1.1523,0.0856,0.3284,174.6,35,1.1593,0.0852,0.2270,1.4820,1.1624,3.0643,0.1389,0,0,1,[follow_path] [ActionServer] Aborting handle.
233.606,79.500,pred,block2_B_pred,1,1.2113,-2.3525,1.6030,0.0440,0.1850,0.0347,-0.2241,1,1.4430,0.0391,1.2298,0.0492,0.2135,175.7,35,1.2344,0.0489,0.2246,1.4436,1.2353,3.0643,0.0707,0,0,1,[follow_path] [ActionServer] Aborting handle.
233.706,79.600,pred,block2_B_pred,1,1.2110,-2.3442,1.6212,0.0410,0.1670,0.0000,-0.5000,1,1.3932,0.0105,1.0257,0.0254,0.3678,177.3,35,1.2344,0.0489,0.2246,1.3932,1.2353,3.0643,0.0175,0,0,1,[follow_path] [ActionServer] Aborting handle.
233.806,79.700,pred,block2_B_pred,1,1.2102,-2.3304,1.6307,0.1040,-0.0180,0.1250,-0.3462,1,1.3932,0.0105,1.0257,0.0254,0.3678,177.3,35,1.0336,0.0250,0.2279,1.3932,1.0339,3.0643,0.0466,0,0,1,[follow_path] [ActionServer] Aborting handle.
233.908,79.802,pred,block2_B_pred,1,1.2097,-2.3226,1.6436,0.1010,0.4080,0.0232,-0.5000,1,1.3101,-0.0143,0.7438,0.0244,0.5676,176.7,35,0.7560,0.0236,0.2321,1.3102,0.7563,3.0643,0.0304,0,0,1,[follow_path] [ActionServer] Aborting handle.
234.010,79.904,pred,block2_B_pred,1,1.2094,-2.3188,1.6310,0.0340,-0.2040,0.1274,-0.3400,1,1.3101,-0.0143,0.7438,0.0244,0.5676,176.7,35,0.7560,0.0236,0.2321,1.3102,0.7563,3.0643,0.0245,0,0,1,[follow_path] [ActionServer] Aborting handle.
234.106,80.000,pred,block2_B_pred,1,1.2094,-2.3192,1.5998,0.0030,-0.2410,0.0116,-0.4487,1,1.1894,-0.0337,0.3744,0.0481,0.8191,175.9,35,0.3918,0.0464,0.2896,1.1899,0.3946,3.0643,0.0459,0,0,1,[follow_path] [ActionServer] Aborting handle.
234.205,80.099,pred,block2_B_pred,1,1.2094,-2.3159,1.5609,0.0060,-0.9660,0.0000,-0.3144,1,1.0373,-0.0454,-0.0428,0.1085,1.0910,174.4,35,-0.0197,0.1052,0.3857,1.0383,0.1071,6.8925,0.0000,0,0,1,[follow_path] [ActionServer] Aborting handle.
234.306,80.200,pred,block2_B_pred,1,1.2095,-2.3117,1.5003,0.0000,-1.0030,0.0000,0.0000,1,1.0373,-0.0454,-0.0428,0.1085,1.0910,174.4,35,-0.0197,0.1052,0.3857,1.0383,0.1071,6.8925,0.0000,0,0,1,[follow_path] [ActionServer] Aborting handle.
234.406,80.300,pred,block2_B_pred,1,1.2097,-2.3092,1.4729,0.0000,0.0000,0.0116,0.0000,1,0.8891,-0.0516,-0.4222,0.1742,1.3307,173.6,35,-0.3941,0.1694,0.4705,0.8906,0.4290,6.8925,0.0000,0,0,1,[follow_path] [ActionServer] Aborting handle.
234.506,80.400,pred,block2_B_pred,1,1.2098,-2.3086,1.4695,0.0280,-0.1670,0.0000,0.0897,1,0.7233,-0.0477,-0.7941,0.2336,1.5433,173.3,35,-0.7616,0.2275,0.5457,0.7249,0.7948,6.8925,0.0000,0,0,1,[follow_path] [ActionServer] Aborting handle.
234.606,80.500,pred,block2_B_pred,1,1.2104,-2.3031,1.4365,0.0600,-0.3530,0.0000,0.1154,1,0.7233,-0.0477,-0.7941,0.2336,1.5433,173.3,35,-0.7616,0.2275,0.5457,0.7249,0.7948,6.8925,0.0000,0,0,1,[follow_path] [ActionServer] Aborting handle.
234.706,80.600,pred,block2_B_pred,1,1.2108,-2.3004,1.4206,0.0570,-0.3340,0.0000,0.1923,1,0.7233,-0.0477,-0.7941,0.2336,1.5433,173.3,35,-0.7616,0.2275,0.5457,0.7249,0.7948,6.8925,0.0000,0,0,1,[follow_path] [ActionServer] Aborting handle.
234.805,80.699,pred,block2_B_pred,1,1.2109,-2.2998,1.4169,0.0000,0.0000,0.0000,0.1923,1,0.7233,-0.0477,-0.7941,0.2336,1.5433,173.3,35,-0.7616,0.2275,0.5457,0.7249,0.7948,6.8925,0.0000,0,0,1,[follow_path] [ActionServer] Aborting handle.
234.906,80.800,pred,block2_B_pred,1,1.2109,-2.2998,1.4169,0.0000,0.0000,0.0000,0.3205,1,0.7233,-0.0477,-0.7941,0.2336,1.5433,173.3,35,-0.7616,0.2275,0.5457,0.7249,0.7948,6.8925,0.0000,0,0,1,[follow_path] [ActionServer] Aborting handle.
235.007,80.901,pred,block2_B_pred,1,1.2109,-2.2998,1.4169,0.0000,0.0000,0.0000,0.3205,1,0.7233,-0.0477,-0.7941,0.2336,1.5433,173.3,35,-0.7616,0.2275,0.5457,0.7249,0.7948,6.8925,0.0000,0,0,1,[follow_path] [ActionServer] Aborting handle.
235.106,81.000,pred,block2_B_pred,1,1.2107,-2.3010,1.4243,-0.0630,0.3710,0.0000,0.3205,1,0.7233,-0.0477,-0.7941,0.2336,1.5433,173.3,35,-0.7616,0.2275,0.5457,0.7249,0.7948,6.8925,0.0000,0,0,1,[follow_path] [ActionServer] Aborting handle.
235.205,81.099,pred,block2_B_pred,1,1.2105,-2.3025,1.4332,0.0000,0.0000,0.0000,0.4805,1,0.7233,-0.0477,-0.7941,0.2336,1.5433,173.3,35,-0.7616,0.2275,0.5457,0.7249,0.7948,6.8925,0.0035,0,0,1,[follow_path] [ActionServer] Aborting handle.
235.305,81.199,pred,block2_B_pred,1,1.2105,-2.3025,1.4332,0.0000,0.0000,0.0000,0.5000,1,0.7233,-0.0477,-0.7941,0.2336,1.5433,173.3,35,-0.7616,0.2275,0.5457,0.7249,0.7948,2.9054,0.0000,0,0,1,[follow_path] [ActionServer] Aborting handle.
235.406,81.300,pred,block2_B_pred,1,1.2101,-2.3051,1.4484,-0.0500,0.2970,0.0000,0.1800,1,0.7233,-0.0477,-0.7941,0.2336,1.5433,173.3,35,-0.7616,0.2275,0.5457,0.7249,0.7948,2.9054,0.3592,0,0,1,[follow_path] [ActionServer] Aborting handle.
235.506,81.400,pred,block2_B_pred,1,1.2102,-2.3043,1.4833,-0.0310,0.1850,0.2200,-0.0897,0,0.7233,-0.0477,-0.7941,0.2336,1.5433,173.3,35,-0.7616,0.2275,0.5457,0.7249,0.7948,2.9054,0.4186,0,0,1,[follow_path] [ActionServer] Aborting handle.
235.606,81.500,pred,block2_B_pred,1,1.2102,-2.3050,1.5185,0.0060,0.1110,0.0950,-0.3523,0,0.7233,-0.0477,-0.7941,0.2336,1.5433,173.3,35,-0.7616,0.2275,0.5457,0.7249,0.7948,2.9054,0.3652,0,0,1,[follow_path] [ActionServer] Aborting handle.
235.706,81.600,pred,block2_B_pred,1,1.2103,-2.3031,1.5583,0.0570,0.4830,0.0834,-0.3523,0,0.7233,-0.0477,-0.7941,0.2336,1.5433,173.3,35,-0.7616,0.2275,0.5457,0.7249,0.7948,2.9054,0.2084,0,0,1,[follow_path] [ActionServer] Aborting handle.
235.809,81.703,pred,block2_B_pred,1,1.2102,-2.2957,1.6013,0.0950,0.5570,0.0811,-0.2949,0,0.7233,-0.0477,-0.7941,0.2336,1.5433,173.3,35,-0.7616,0.2275,0.5457,0.7249,0.7948,2.9054,0.4080,0,0,1,[follow_path] [ActionServer] Aborting handle.
235.906,81.800,pred,block2_B_pred,1,1.2098,-2.2854,1.6347,0.1040,0.6130,0.0811,-0.3267,0,0.7233,-0.0477,-0.7941,0.2336,1.5433,173.3,35,-0.7616,0.2275,0.5457,0.7249,0.7948,2.9054,0.4155,0,0,1,[follow_path] [ActionServer] Aborting handle.
236.007,81.901,pred,block2_B_pred,1,1.2088,-2.2711,1.6565,0.1670,0.1670,0.1042,-0.0579,0,0.7233,-0.0477,-0.7941,0.2336,1.5433,173.3,35,-0.7616,0.2275,0.5457,0.7249,0.7948,2.9054,0.2557,0,0,1,[follow_path] [ActionServer] Aborting handle.
236.106,82.000,pred,block2_B_pred,1,1.2075,-2.2576,1.6683,0.1770,0.0000,0.1274,-0.2692,0,0.7233,-0.0477,-0.7941,0.2336,1.5433,173.3,35,-0.7616,0.2275,0.5457,0.7249,0.7948,2.8968,0.2317,0,0,1,[follow_path] [ActionServer] Aborting handle.
236.206,82.100,pred,block2_B_pred,1,1.2060,-2.2420,1.6749,0.1740,0.1670,0.0926,-0.0836,0,0.7233,-0.0477,-0.7941,0.2336,1.5433,173.3,35,-0.7616,0.2275,0.5457,0.7249,0.7948,2.8968,0.3914,0,0,1,[follow_path] [ActionServer] Aborting handle.
236.305,82.199,pred,block2_B_pred,1,1.2043,-2.2259,1.6719,0.1610,-0.0920,0.0811,-0.3718,0,0.7233,-0.0477,-0.7941,0.2336,1.5433,173.3,35,-0.7616,0.2275,0.5457,0.7249,0.7948,2.8968,0.1389,0,0,1,[follow_path] [ActionServer] Aborting handle.
236.406,82.300,pred,block2_B_pred,1,1.2029,-2.2113,1.6539,0.1290,-0.3900,0.0695,-0.2692,0,0.7233,-0.0477,-0.7941,0.2336,1.5433,173.3,35,-0.7616,0.2275,0.5457,0.7249,0.7948,2.8968,0.1432,0,0,1,[follow_path] [ActionServer] Aborting handle.
236.505,82.399,pred,block2_B_pred,1,1.2020,-2.2006,1.6283,0.0880,-0.4830,0.0579,-0.2692,0,0.7233,-0.0477,-0.7941,0.2336,1.5433,173.3,35,-0.7616,0.2275,0.5457,0.7249,0.7948,2.8482,0.1412,0,0,1,[follow_path] [ActionServer] Aborting handle.
236.606,82.500,pred,block2_B_pred,1,1.2015,-2.1910,1.6112,0.0440,-0.2600,0.0695,0.0508,0,0.7233,-0.0477,-0.7941,0.2336,1.5433,173.3,35,-0.7616,0.2275,0.5457,0.7249,0.7948,2.8482,0.1412,0,0,1,[follow_path] [ActionServer] Aborting handle.
236.707,82.601,pred,block2_B_pred,1,1.2013,-2.1861,1.5822,0.0760,-0.4450,0.0695,0.2436,0,0.7233,-0.0477,-0.7941,0.2336,1.5433,173.3,35,-0.7616,0.2275,0.5457,0.7249,0.7948,2.8482,0.1412,0,0,1,[follow_path] [ActionServer] Aborting handle.
236.805,82.699,pred,block2_B_pred,1,1.2013,-2.1794,1.5793,0.0250,-0.1110,0.2200,-0.0764,0,0.7233,-0.0477,-0.7941,0.2336,1.5433,173.3,35,-0.7616,0.2275,0.5457,0.7249,0.7948,2.8482,0.4208,0,0,1,[follow_path] [ActionServer] Aborting handle.
236.906,82.800,pred,block2_B_pred,1,1.2012,-2.1763,1.5611,0.0000,0.0000,0.2200,-0.1923,0,0.7233,-0.0477,-0.7941,0.2336,1.5433,173.3,35,-0.7616,0.2275,0.5457,0.7249,0.7948,2.8482,0.4148,0,0,1,[follow_path] [ActionServer] Aborting handle.
237.005,82.899,pred,block2_B_pred,1,1.2013,-2.1736,1.5448,0.0030,-0.0180,0.2200,-0.1667,0,0.7233,-0.0477,-0.7941,0.2336,1.5433,173.3,35,-0.7616,0.2275,0.5457,0.7249,0.7948,2.8482,0.4120,0,0,1,[follow_path] [ActionServer] Aborting handle.
237.110,83.004,pred,block2_B_pred,1,1.2017,-2.1628,1.5155,0.1140,-0.5570,0.2200,-0.0836,0,0.7233,-0.0477,-0.7941,0.2336,1.5433,173.3,35,-0.7616,0.2275,0.5457,0.7249,0.7948,2.8482,0.4366,0,0,1,[follow_path] [ActionServer] Aborting handle.
237.205,83.099,pred,block2_B_pred,1,1.2028,-2.1454,1.4895,0.1830,-0.3340,0.2200,-0.0897,0,0.7233,-0.0477,-0.7941,0.2336,1.5433,173.3,35,-0.7616,0.2275,0.5457,0.7249,0.7948,2.7178,0.4168,0,0,1,[follow_path] [ActionServer] Aborting handle.
237.306,83.200,pred,block2_B_pred,1,1.2050,-2.1226,1.4530,0.2370,-0.4270,0.2084,-0.0385,0,0.7233,-0.0477,-0.7941,0.2336,1.5433,173.3,35,-0.7616,0.2275,0.5457,0.7249,0.7948,2.7178,0.4400,0,0,1,[follow_path] [ActionServer] Aborting handle.
237.406,83.300,pred,block2_B_pred,1,1.2084,-2.0966,1.4256,0.2880,-0.2410,0.2200,-0.0128,0,0.7233,-0.0477,-0.7941,0.2336,1.5433,173.3,35,-0.7616,0.2275,0.5457,0.7249,0.7948,2.7178,0.4168,0,0,1,[follow_path] [ActionServer] Aborting handle.
237.510,83.404,pred,block2_B_pred,1,1.2126,-2.0692,1.4111,0.2690,-0.0920,0.2084,0.0000,0,0.7233,-0.0477,-0.7941,0.2336,1.5433,173.3,35,-0.7616,0.2275,0.5457,0.7249,0.7948,2.6183,0.4400,0,0,1,[follow_path] [ActionServer] Aborting handle.
237.606,83.500,pred,block2_B_pred,1,1.2171,-2.0421,1.3970,0.2970,-0.0740,0.2200,0.1154,0,0.7233,-0.0477,-0.7941,0.2336,1.5433,173.3,35,-0.7616,0.2275,0.5457,0.7249,0.7948,2.6183,0.4168,0,0,1,[follow_path] [ActionServer] Aborting handle.
237.706,83.600,pred,block2_B_pred,1,1.2217,-2.0168,1.3800,0.2280,-0.2970,0.2200,0.1154,0,0.7233,-0.0477,-0.7941,0.2336,1.5433,173.3,35,-0.7616,0.2275,0.5457,0.7249,0.7948,2.6183,0.4400,0,0,1,[follow_path] [ActionServer] Aborting handle.
237.806,83.700,pred,block2_B_pred,1,1.2259,-1.9953,1.3698,0.2150,-0.1110,0.2084,0.1667,0,0.7233,-0.0477,-0.7941,0.2336,1.5433,173.3,35,-0.7616,0.2275,0.5457,0.7249,0.7948,2.6183,0.4168,0,0,1,[follow_path] [ActionServer] Aborting handle.
237.905,83.799,pred,block2_B_pred,1,1.2299,-1.9758,1.3639,0.1990,-0.2410,0.2084,0.1410,0,0.7233,-0.0477,-0.7941,0.2336,1.5433,173.3,35,-0.7616,0.2275,0.5457,0.7249,0.7948,2.5688,0.4400,0,0,1,[follow_path] [ActionServer] Aborting handle.
238.006,83.900,pred,block2_B_pred,1,1.2336,-1.9580,1.3702,0.1960,-0.1110,0.2200,0.2179,0,0.7233,-0.0477,-0.7941,0.2336,1.5433,173.3,35,-0.7616,0.2275,0.5457,0.7249,0.7948,2.5688,0.4363,0,0,1,[follow_path] [ActionServer] Aborting handle.
238.106,84.000,pred,block2_B_pred,1,1.2369,-1.9413,1.3809,0.1800,0.1670,0.2084,0.2179,0,0.7233,-0.0477,-0.7941,0.2336,1.5433,173.3,35,-0.7616,0.2275,0.5457,0.7249,0.7948,2.5688,0.4137,0,0,1,[follow_path] [ActionServer] Aborting handle.
238.206,84.100,pred,block2_B_pred,1,1.2396,-1.9261,1.4221,0.1260,0.7060,0.2084,0.1410,0,0.7233,-0.0477,-0.7941,0.2336,1.5433,173.3,35,-0.7616,0.2275,0.5457,0.7249,0.7948,2.5688,0.4398,0,0,1,[follow_path] [ActionServer] Aborting handle.
238.306,84.200,pred,block2_B_pred,1,1.2415,-1.9120,1.4734,0.1360,0.5750,0.2200,0.0579,0,0.7233,-0.0477,-0.7941,0.2336,1.5433,173.3,35,-0.7616,0.2275,0.5457,0.7249,0.7948,2.4325,0.4379,0,0,1,[follow_path] [ActionServer] Aborting handle.
238.406,84.300,pred,block2_B_pred,1,1.2429,-1.8945,1.5105,0.1770,0.2220,0.2200,0.2179,0,0.7233,-0.0477,-0.7941,0.2336,1.5433,173.3,35,-0.7616,0.2275,0.5457,0.7249,0.7948,2.4325,0.4168,0,0,1,[follow_path] [ActionServer] Aborting handle.
238.506,84.400,pred,block2_B_pred,1,1.2436,-1.8761,1.5521,0.1990,0.2040,0.2084,0.1154,0,0.7233,-0.0477,-0.7941,0.2336,1.5433,173.3,35,-0.7616,0.2275,0.5457,0.7249,0.7948,2.4325,0.4400,0,0,1,[follow_path] [ActionServer] Aborting handle.
238.606,84.500,pred,block2_B_pred,1,1.2437,-1.8564,1.5888,0.2210,0.2220,0.2200,0.1667,0,0.7233,-0.0477,-0.7941,0.2336,1.5433,173.3,35,-0.7616,0.2275,0.5457,0.7249,0.7948,2.3829,0.4400,0,0,1,[follow_path] [ActionServer] Aborting handle.
238.706,84.600,pred,block2_B_pred,1,1.2430,-1.8360,1.6240,0.2370,0.3530,0.2084,0.1154,0,0.7233,-0.0477,-0.7941,0.2336,1.5433,173.3,35,-0.7616,0.2275,0.5457,0.7249,0.7948,2.3829,0.4168,0,0,1,[follow_path] [ActionServer] Aborting handle.
238.805,84.699,pred,block2_B_pred,1,1.2415,-1.8133,1.6572,0.2120,0.2780,0.2200,0.0897,0,0.7233,-0.0477,-0.7941,0.2336,1.5433,173.3,35,-0.7616,0.2275,0.5457,0.7249,0.7948,2.3829,0.4400,0,0,1,[follow_path] [ActionServer] Aborting handle.
238.905,84.799,pred,block2_B_pred,1,1.2392,-1.7897,1.6836,0.2280,0.2970,0.2200,0.1410,0,0.7233,-0.0477,-0.7941,0.2336,1.5433,173.3,35,-0.7616,0.2275,0.5457,0.7249,0.7948,2.3829,0.4400,0,0,1,[follow_path] [ActionServer] Aborting handle.
239.006,84.900,pred,block2_B_pred,1,1.2362,-1.7658,1.7098,0.2340,0.1480,0.2084,0.0897,0,0.7233,-0.0477,-0.7941,0.2336,1.5433,173.3,35,-0.7616,0.2275,0.5457,0.7249,0.7948,2.3031,0.4400,0,0,1,[follow_path] [ActionServer] Aborting handle.
239.106,85.000,pred,block2_B_pred,1,1.2330,-1.7447,1.7287,0.2090,0.1110,0.2200,0.0128,0,0.7233,-0.0477,-0.7941,0.2336,1.5433,173.3,35,-0.7616,0.2275,0.5457,0.7249,0.7948,2.3031,0.4168,0,0,1,[follow_path] [ActionServer] Aborting handle.
239.206,85.100,pred,block2_B_pred,1,1.2297,-1.7244,1.7317,0.1640,-0.1110,0.2084,0.0000,0,0.7233,-0.0477,-0.7941,0.2336,1.5433,173.3,35,-0.7616,0.2275,0.5457,0.7249,0.7948,2.3031,0.4400,0,0,1,[follow_path] [ActionServer] Aborting handle.
239.306,85.200,pred,block2_B_pred,1,1.2269,-1.7069,1.7316,0.1580,-0.0370,0.2200,-0.0128,0,0.7233,-0.0477,-0.7941,0.2336,1.5433,173.3,35,-0.7616,0.2275,0.5457,0.7249,0.7948,2.2545,0.4400,0,0,1,[follow_path] [ActionServer] Aborting handle.
239.406,85.300,pred,block2_B_pred,1,1.2239,-1.6890,1.7365,0.1770,-0.0740,0.2200,0.0641,0,0.7233,-0.0477,-0.7941,0.2336,1.5433,173.3,35,-0.7616,0.2275,0.5457,0.7249,0.7948,2.2545,0.4168,0,0,1,[follow_path] [ActionServer] Aborting handle.
239.506,85.400,pred,block2_B_pred,1,1.2204,-1.6684,1.7395,0.2050,0.0920,0.2084,0.0641,0,0.7233,-0.0477,-0.7941,0.2336,1.5433,173.3,35,-0.7616,0.2275,0.5457,0.7249,0.7948,2.2545,0.4400,0,0,1,[follow_path] [ActionServer] Aborting handle.
239.606,85.500,pred,block2_B_pred,1,1.2169,-1.6474,1.7363,0.2280,0.0370,0.2200,0.0385,0,0.7233,-0.0477,-0.7941,0.2336,1.5433,173.3,35,-0.7616,0.2275,0.5457,0.7249,0.7948,2.2545,0.4400,0,0,1,[follow_path] [ActionServer] Aborting handle.
239.706,85.600,pred,block2_B_pred,1,1.2133,-1.6256,1.7237,0.2210,-0.1850,0.2084,0.0385,0,0.7233,-0.0477,-0.7941,0.2336,1.5433,173.3,35,-0.7616,0.2275,0.5457,0.7249,0.7948,2.1906,0.4168,0,0,1,[follow_path] [ActionServer] Aborting handle.
239.806,85.700,pred,block2_B_pred,1,1.2102,-1.6049,1.7137,0.1900,-0.0370,0.2200,0.0385,0,0.7233,-0.0477,-0.7941,0.2336,1.5433,173.3,35,-0.7616,0.2275,0.5457,0.7249,0.7948,2.1906,0.4400,0,0,1,[follow_path] [ActionServer] Aborting handle.
239.906,85.800,pred,block2_B_pred,1,1.2075,-1.5853,1.7000,0.1930,-0.2040,0.2200,0.1410,0,0.7233,-0.0477,-0.7941,0.2336,1.5433,173.3,35,-0.7616,0.2275,0.5457,0.7249,0.7948,2.1906,0.4400,0,0,1,[follow_path] [ActionServer] Aborting handle.
240.006,85.900,pred,block2_B_pred,1,1.2048,-1.5642,1.6970,0.2280,0.0000,0.2084,0.1410,0,0.7233,-0.0477,-0.7941,0.2336,1.5433,173.3,35,-0.7616,0.2275,0.5457,0.7249,0.7948,2.1906,0.4400,0,0,1,[follow_path] [ActionServer] Aborting handle.
240.106,86.000,pred,block2_B_pred,1,1.2025,-1.5462,1.6981,0.1740,-0.0550,0.2200,0.1410,0,0.7233,-0.0477,-0.7941,0.2336,1.5433,173.3,35,-0.7616,0.2275,0.5457,0.7249,0.7948,2.0325,0.4390,0,0,1,[follow_path] [ActionServer] Aborting handle.
240.206,86.100,pred,block2_B_pred,1,1.2002,-1.5286,1.6993,0.2020,0.0000,0.2200,0.1923,0,0.7233,-0.0477,-0.7941,0.2336,1.5433,173.3,35,-0.7616,0.2275,0.5457,0.7249,0.7948,2.0325,0.4400,0,0,1,[follow_path] [ActionServer] Aborting handle.
240.306,86.200,pred,block2_B_pred,1,1.1978,-1.5106,1.7163,0.1640,0.1850,0.2200,-0.0128,0,0.7233,-0.0477,-0.7941,0.2336,1.5433,173.3,35,-0.7616,0.2275,0.5457,0.7249,0.7948,2.0325,0.4400,0,0,1,[follow_path] [ActionServer] Aborting handle.
240.406,86.300,pred,block2_B_pred,1,1.1943,-1.4883,1.7360,0.2210,0.1480,0.2200,-0.0897,0,0.7233,-0.0477,-0.7941,0.2336,1.5433,173.3,35,-0.7616,0.2275,0.5457,0.7249,0.7948,2.0325,0.4168,0,0,1,[follow_path] [ActionServer] Aborting handle.
240.506,86.400,pred,block2_B_pred,1,1.1899,-1.4631,1.7535,0.2720,0.1480,0.2200,-0.0897,0,0.7233,-0.0477,-0.7941,0.2336,1.5433,173.3,35,-0.7616,0.2275,0.5457,0.7249,0.7948,1.9871,0.4400,0,0,1,[follow_path] [ActionServer] Aborting handle.
240.606,86.500,pred,block2_B_pred,1,1.1855,-1.4396,1.7623,0.2370,0.1300,0.2200,-0.0128,0,0.7233,-0.0477,-0.7941,0.2336,1.5433,173.3,35,-0.7616,0.2275,0.5457,0.7249,0.7948,1.9871,0.4400,0,0,1,[follow_path] [ActionServer] Aborting handle.
240.706,86.600,pred,block2_B_pred,1,1.1809,-1.4162,1.7652,0.2530,0.0740,0.2200,-0.0128,0,0.7233,-0.0477,-0.7941,0.2336,1.5433,173.3,35,-0.7616,0.2275,0.5457,0.7249,0.7948,1.9871,0.4400,0,0,1,[follow_path] [ActionServer] Aborting handle.
240.806,86.700,pred,block2_B_pred,1,1.1764,-1.3941,1.7797,0.2240,0.1670,0.2200,0.0385,0,0.7233,-0.0477,-0.7941,0.2336,1.5433,173.3,35,-0.7616,0.2275,0.5457,0.7249,0.7948,1.8751,0.4400,0,0,1,[follow_path] [ActionServer] Aborting handle.
240.906,86.800,pred,block2_B_pred,1,1.1721,-1.3734,1.7776,0.2120,-0.2780,0.2084,0.0385,0,0.7233,-0.0477,-0.7941,0.2336,1.5433,173.3,35,-0.7616,0.2275,0.5457,0.7249,0.7948,1.8751,0.4400,0,0,1,[follow_path] [ActionServer] Aborting handle.
241.006,86.900,pred,block2_B_pred,1,1.1679,-1.3536,1.7795,0.1900,0.1480,0.2200,0.0385,0,0.7233,-0.0477,-0.7941,0.2336,1.5433,173.3,35,-0.7616,0.2275,0.5457,0.7249,0.7948,1.8751,0.4400,0,0,1,[follow_path] [ActionServer] Aborting handle.
241.106,87.000,pred,block2_B_pred,1,1.1638,-1.3344,1.7788,0.1930,-0.1300,0.2200,0.0000,0,0.7233,-0.0477,-0.7941,0.2336,1.5433,173.3,35,-0.7616,0.2275,0.5457,0.7249,0.7948,1.8751,0.4168,0,0,1,[follow_path] [ActionServer] Aborting handle.
241.205,87.099,pred,block2_B_pred,1,1.1599,-1.3161,1.7800,0.1710,-0.1110,0.2084,0.0000,0,0.7233,-0.0477,-0.7941,0.2336,1.5433,173.3,35,-0.7616,0.2275,0.5457,0.7249,0.7948,1.6984,0.4400,0,0,1,[follow_path] [ActionServer] Aborting handle.
241.306,87.200,pred,block2_B_pred,1,1.1560,-1.2979,1.7800,0.1520,0.0000,0.2200,0.2241,0,0.7233,-0.0477,-0.7941,0.2336,1.5433,173.3,35,-0.7616,0.2275,0.5457,0.7249,0.7948,1.6984,0.4391,0,0,1,[follow_path] [ActionServer] Aborting handle.
241.406,87.300,pred,block2_B_pred,1,1.1520,-1.2792,1.7837,0.1830,0.2600,0.2200,0.2179,0,0.7233,-0.0477,-0.7941,0.2336,1.5433,173.3,35,-0.7616,0.2275,0.5457,0.7249,0.7948,1.6984,0.4375,0,0,1,[follow_path] [ActionServer] Aborting handle.
241.505,87.399,pred,block2_B_pred,1,1.1478,-1.2597,1.7877,0.2240,0.0180,0.2200,0.2179,0,0.7233,-0.0477,-0.7941,0.2336,1.5433,173.3,35,-0.7616,0.2275,0.5457,0.7249,0.7948,1.5863,0.4400,0,0,1,[follow_path] [ActionServer] Aborting handle.
241.606,87.500,pred,block2_B_pred,1,1.1432,-1.2390,1.7918,0.2280,0.0370,0.2200,0.1923,0,0.7233,-0.0477,-0.7941,0.2336,1.5433,173.3,35,-0.7616,0.2275,0.5457,0.7249,0.7948,1.5863,0.4400,0,0,1,[follow_path] [ActionServer] Aborting handle.
241.706,87.600,pred,block2_B_pred,1,1.1384,-1.2182,1.8026,0.2340,0.1480,0.2200,0.1923,0,0.7233,-0.0477,-0.7941,0.2336,1.5433,173.3,35,-0.7616,0.2275,0.5457,0.7249,0.7948,1.5863,0.4400,0,0,1,[follow_path] [ActionServer] Aborting handle.
241.806,87.700,pred,block2_B_pred,1,1.1335,-1.1978,1.8207,0.2090,0.0370,0.2200,0.1667,0,0.7233,-0.0477,-0.7941,0.2336,1.5433,173.3,35,-0.7616,0.2275,0.5457,0.7249,0.7948,1.5863,0.4400,0,0,1,[follow_path] [ActionServer] Aborting handle.
241.906,87.800,pred,block2_B_pred,1,1.1280,-1.1770,1.8378,0.2240,0.0920,0.2200,0.2179,0,0.7233,-0.0477,-0.7941,0.2336,1.5433,173.3,35,-0.7616,0.2275,0.5457,0.7249,0.7948,1.5432,0.4400,0,0,1,[follow_path] [ActionServer] Aborting handle.
242.006,87.900,pred,block2_B_pred,1,1.1215,-1.1541,1.8559,0.2430,0.1670,0.2200,0.1923,0,0.7233,-0.0477,-0.7941,0.2336,1.5433,173.3,35,-0.7616,0.2275,0.5457,0.7249,0.7948,1.5432,0.4400,0,0,1,[follow_path] [ActionServer] Aborting handle.
242.106,88.000,pred,block2_B_pred,1,1.1152,-1.1332,1.8825,0.2120,0.2040,0.2200,0.1923,0,0.7233,-0.0477,-0.7941,0.2336,1.5433,173.3,35,-0.7616,0.2275,0.5457,0.7249,0.7948,1.5432,0.4400,0,0,1,[follow_path] [ActionServer] Aborting handle.
242.206,88.100,pred,block2_B_pred,1,1.1081,-1.1118,1.9091,0.2370,0.1670,0.2200,0.1410,0,0.7233,-0.0477,-0.7941,0.2336,1.5433,173.3,35,-0.7616,0.2275,0.5457,0.7249,0.7948,1.5432,0.4400,0,0,1,[follow_path] [ActionServer] Aborting handle.
242.306,88.200,pred,block2_B_pred,1,1.1006,-1.0914,1.9362,0.2370,0.2040,0.2200,0.1154,0,0.7233,-0.0477,-0.7941,0.2336,1.5433,173.3,35,-0.7616,0.2275,0.5457,0.7249,0.7948,1.4310,0.4400,0,0,1,[follow_path] [ActionServer] Aborting handle.
242.406,88.300,pred,block2_B_pred,1,1.0934,-1.0728,1.9555,0.1770,0.4450,0.2200,0.1667,0,0.7233,-0.0477,-0.7941,0.2336,1.5433,173.3,35,-0.7616,0.2275,0.5457,0.7249,0.7948,1.4310,0.4400,0,0,1,[follow_path] [ActionServer] Aborting handle.
242.506,88.400,pred,block2_B_pred,1,1.0853,-1.0533,1.9781,0.2120,0.2040,0.2200,0.0897,0,0.7233,-0.0477,-0.7941,0.2336,1.5433,173.3,35,-0.7616,0.2275,0.5457,0.7249,0.7948,1.4310,0.4400,0,0,1,[follow_path] [ActionServer] Aborting handle.
242.606,88.500,pred,block2_B_pred,1,1.0774,-1.0354,1.9962,0.2150,0.1480,0.2200,0.0897,0,0.7233,-0.0477,-0.7941,0.2336,1.5433,173.3,35,-0.7616,0.2275,0.5457,0.7249,0.7948,1.3889,0.4400,0,0,1,[follow_path] [ActionServer] Aborting handle.
242.706,88.600,pred,block2_B_pred,1,1.0684,-1.0160,2.0103,0.2340,0.0740,0.2200,0.0641,0,0.7233,-0.0477,-0.7941,0.2336,1.5433,173.3,35,-0.7616,0.2275,0.5457,0.7249,0.7948,1.3889,0.4400,0,0,1,[follow_path] [ActionServer] Aborting handle.
242.806,88.700,pred,block2_B_pred,1,1.0592,-0.9967,2.0226,0.2280,0.0370,0.2200,0.0385,0,0.7233,-0.0477,-0.7941,0.2336,1.5433,173.3,35,-0.7616,0.2275,0.5457,0.7249,0.7948,1.3889,0.4400,0,0,1,[follow_path] [ActionServer] Aborting handle.
242.905,88.799,pred,block2_B_pred,1,1.0505,-0.9792,2.0392,0.2020,0.1480,0.2200,0.0897,0,0.7233,-0.0477,-0.7941,0.2336,1.5433,173.3,35,-0.7616,0.2275,0.5457,0.7249,0.7948,1.3889,0.4400,0,0,1,[follow_path] [ActionServer] Aborting handle.
243.006,88.900,pred,block2_B_pred,1,1.0410,-0.9604,2.0477,0.2090,0.1850,0.2200,0.0641,0,0.7233,-0.0477,-0.7941,0.2336,1.5433,173.3,35,-0.7616,0.2275,0.5457,0.7249,0.7948,1.3191,0.4400,0,0,1,[follow_path] [ActionServer] Aborting handle.
243.106,89.000,pred,block2_B_pred,1,1.0310,-0.9412,2.0610,0.2280,0.1480,0.2200,0.0385,0,0.7233,-0.0477,-0.7941,0.2336,1.5433,173.3,35,-0.7616,0.2275,0.5457,0.7249,0.7948,1.3191,0.4400,0,0,1,[follow_path] [ActionServer] Aborting handle.
243.216,89.110,pred,block2_B_pred,1,1.0211,-0.9228,2.0688,0.1830,0.0000,0.2200,0.0128,0,0.7233,-0.0477,-0.7941,0.2336,1.5433,173.3,35,-0.7616,0.2275,0.5457,0.7249,0.7948,1.3191,0.4400,0,0,1,[follow_path] [ActionServer] Aborting handle.
243.306,89.200,pred,block2_B_pred,1,1.0110,-0.9045,2.0740,0.2310,-0.0180,0.2200,0.0385,0,0.7233,-0.0477,-0.7941,0.2336,1.5433,173.3,35,-0.7616,0.2275,0.5457,0.7249,0.7948,1.2500,0.4400,0,0,1,[follow_path] [ActionServer] Aborting handle.
243.406,89.300,pred,block2_B_pred,1,1.0024,-0.8887,2.0725,0.1830,0.0000,0.2200,0.1410,0,0.7233,-0.0477,-0.7941,0.2336,1.5433,173.3,35,-0.7616,0.2275,0.5457,0.7249,0.7948,1.2500,0.4168,0,0,1,[follow_path] [ActionServer] Aborting handle.
243.506,89.400,pred,block2_B_pred,1,0.9928,-0.8713,2.0792,0.1860,0.1670,0.2200,0.0385,0,0.7233,-0.0477,-0.7941,0.2336,1.5433,173.3,35,-0.7616,0.2275,0.5457,0.7249,0.7948,1.2500,0.4400,0,0,1,[follow_path] [ActionServer] Aborting handle.
243.606,89.500,pred,block2_B_pred,1,0.9834,-0.8546,2.0832,0.1770,0.0740,0.2200,0.0128,0,0.7233,-0.0477,-0.7941,0.2336,1.5433,173.3,35,-0.7616,0.2275,0.5457,0.7249,0.7948,1.2500,0.4400,0,0,1,[follow_path] [ActionServer] Aborting handle.
243.706,89.600,pred,block2_B_pred,1,0.9728,-0.8359,2.0910,0.2430,0.0920,0.2200,0.0641,0,0.7233,-0.0477,-0.7941,0.2336,1.5433,173.3,35,-0.7616,0.2275,0.5457,0.7249,0.7948,1.1674,0.4400,0,0,1,[follow_path] [ActionServer] Aborting handle.
243.806,89.700,pred,block2_B_pred,1,0.9617,-0.8168,2.1086,0.2180,0.3150,0.1737,0.0385,0,0.7233,-0.0477,-0.7941,0.2336,1.5433,173.3,35,-0.7616,0.2275,0.5457,0.7249,0.7948,1.1674,0.3474,0,0,1,[follow_path] [ActionServer] Aborting handle.
243.906,89.800,pred,block2_B_pred,1,0.9508,-0.7985,2.1157,0.1960,0.1850,0.2200,0.0385,0,0.7233,-0.0477,-0.7941,0.2336,1.5433,173.3,35,-0.7616,0.2275,0.5457,0.7249,0.7948,1.1674,0.4400,0,0,1,[follow_path] [ActionServer] Aborting handle.
244.006,89.900,pred,block2_B_pred,1,0.9405,-0.7815,2.1105,0.1830,-0.0740,0.2200,0.1923,0,0.7233,-0.0477,-0.7941,0.2336,1.5433,173.3,35,-0.7616,0.2275,0.5457,0.7249,0.7948,1.1674,0.4168,0,0,1,[follow_path] [ActionServer] Aborting handle.
244.106,90.000,pred,block2_B_pred,1,0.9303,-0.7646,2.1186,0.2020,0.1480,0.2200,-0.1277,0,0.7233,-0.0477,-0.7941,0.2336,1.5433,173.3,35,-0.7616,0.2275,0.5457,0.7249,0.7948,1.0975,0.4400,0,0,1,[follow_path] [ActionServer] Aborting handle.
244.206,90.100,pred,block2_B_pred,1,0.9203,-0.7484,2.1260,0.2150,0.0370,0.1853,-0.1277,0,0.7233,-0.0477,-0.7941,0.2336,1.5433,173.3,35,-0.7616,0.2275,0.5457,0.7249,0.7948,1.0975,0.3937,0,0,1,[follow_path] [ActionServer] Aborting handle.
244.306,90.200,pred,block2_B_pred,1,0.9092,-0.7305,2.1297,0.2090,0.0740,0.2200,0.0385,0,0.7233,-0.0477,-0.7941,0.2336,1.5433,173.3,35,-0.7616,0.2275,0.5457,0.7249,0.7948,1.0975,0.3705,0,0,1,[follow_path] [ActionServer] Aborting handle.
244.408,90.302,pred,block2_B_pred,1,0.8981,-0.7128,2.1305,0.2150,-0.0370,0.2084,0.0385,0,0.7233,-0.0477,-0.7941,0.2336,1.5433,173.3,35,-0.7616,0.2275,0.5457,0.7249,0.7948,1.0184,0.4400,0,0,1,[follow_path] [ActionServer] Aborting handle.
244.506,90.400,pred,block2_B_pred,1,0.8879,-0.6963,2.1268,0.1900,0.1480,0.2200,0.0641,0,0.7233,-0.0477,-0.7941,0.2336,1.5433,173.3,35,-0.7616,0.2275,0.5457,0.7249,0.7948,1.0184,0.4400,0,0,1,[follow_path] [ActionServer] Aborting handle.
244.606,90.500,pred,block2_B_pred,1,0.8780,-0.6804,2.1264,0.2120,0.1670,0.2200,0.0641,0,0.7233,-0.0477,-0.7941,0.2336,1.5433,173.3,35,-0.7616,0.2275,0.5457,0.7249,0.7948,1.0184,0.4400,0,0,1,[follow_path] [ActionServer] Aborting handle.
244.705,90.599,pred,block2_B_pred,1,0.8677,-0.6639,2.1349,0.2090,0.0000,0.2200,0.0641,0,0.7233,-0.0477,-0.7941,0.2336,1.5433,173.3,35,-0.7616,0.2275,0.5457,0.7249,0.7948,1.0184,0.3937,0,0,1,[follow_path] [ActionServer] Aborting handle.
244.807,90.701,pred,block2_B_pred,1,0.8563,-0.6460,2.1416,0.2400,0.1480,0.1968,0.0641,0,0.7233,-0.0477,-0.7941,0.2336,1.5433,173.3,35,-0.7616,0.2275,0.5457,0.7249,0.7948,0.9808,0.4400,0,0,1,[follow_path] [ActionServer] Aborting handle.
244.906,90.800,pred,block2_B_pred,1,0.8441,-0.6272,2.1479,0.2280,0.0000,0.2200,0.0897,0,0.7233,-0.0477,-0.7941,0.2336,1.5433,173.3,35,-0.7616,0.2275,0.5457,0.7249,0.7948,0.9808,0.4168,0,0,1,[follow_path] [ActionServer] Aborting handle.
245.006,90.900,pred,block2_B_pred,1,0.8317,-0.6081,2.1523,0.2370,0.0180,0.2084,0.0000,0,0.7233,-0.0477,-0.7941,0.2336,1.5433,173.3,35,-0.7616,0.2275,0.5457,0.7249,0.7948,0.9808,0.4400,0,0,1,[follow_path] [ActionServer] Aborting handle.
245.105,90.999,pred,block2_B_pred,1,0.8204,-0.5911,2.1609,0.1800,0.2410,0.2200,0.0897,0,0.7233,-0.0477,-0.7941,0.2336,1.5433,173.3,35,-0.7616,0.2275,0.5457,0.7249,0.7948,0.8742,0.4400,0,0,1,[follow_path] [ActionServer] Aborting handle.
245.206,91.100,pred,block2_B_pred,1,0.8089,-0.5740,2.1750,0.1930,0.3150,0.2200,0.0897,0,0.7233,-0.0477,-0.7941,0.2336,1.5433,173.3,35,-0.7616,0.2275,0.5457,0.7249,0.7948,0.8742,0.4400,0,0,1,[follow_path] [ActionServer] Aborting handle.
245.306,91.200,pred,block2_B_pred,1,0.7967,-0.5566,2.1832,0.2240,0.0180,0.2084,0.0641,0,0.7233,-0.0477,-0.7941,0.2336,1.5433,173.3,35,-0.7616,0.2275,0.5457,0.7249,0.7948,0.8742,0.4168,0,0,1,[follow_path] [ActionServer] Aborting handle.
245.406,91.300,pred,block2_B_pred,1,0.7841,-0.5388,2.1869,0.2050,-0.0180,0.1968,0.0641,0,0.7233,-0.0477,-0.7941,0.2336,1.5433,173.3,35,-0.7616,0.2275,0.5457,0.7249,0.7948,0.8742,0.2316,0,0,1,[follow_path] [ActionServer] Aborting handle.
245.506,91.400,pred,block2_B_pred,1,0.7722,-0.5220,2.1914,0.2240,0.0180,0.1853,0.0641,0,0.7233,-0.0477,-0.7941,0.2336,1.5433,173.3,35,-0.7616,0.2275,0.5457,0.7249,0.7948,0.8038,0.1621,0,0,1,[follow_path] [ActionServer] Aborting handle.
245.606,91.500,pred,block2_B_pred,1,0.7611,-0.5065,2.1967,0.1770,-0.0740,0.1737,0.0897,0,0.7233,-0.0477,-0.7941,0.2336,1.5433,173.3,35,-0.7616,0.2275,0.5457,0.7249,0.7948,0.8038,0.4400,0,0,1,[follow_path] [ActionServer] Aborting handle.
245.706,91.600,pred,block2_B_pred,1,0.7503,-0.4916,2.1945,0.1800,0.1300,0.2084,0.0385,0,0.7233,-0.0477,-0.7941,0.2336,1.5433,173.3,35,-0.7616,0.2275,0.5457,0.7249,0.7948,0.8038,0.4168,0,0,1,[follow_path] [ActionServer] Aborting handle.
245.806,91.700,pred,block2_B_pred,1,0.7400,-0.4773,2.1978,0.1860,0.0920,0.2084,0.0385,0,0.7233,-0.0477,-0.7941,0.2336,1.5433,173.3,35,-0.7616,0.2275,0.5457,0.7249,0.7948,0.8038,0.3937,0,0,1,[follow_path] [ActionServer] Aborting handle.
245.906,91.800,pred,block2_B_pred,1,0.7295,-0.4630,2.2145,0.1480,0.3530,0.1968,0.0385,0,0.7233,-0.0477,-0.7941,0.2336,1.5433,173.3,35,-0.7616,0.2275,0.5457,0.7249,0.7948,0.7328,0.3937,0,0,1,[follow_path] [ActionServer] Aborting handle.
246.006,91.900,pred,block2_B_pred,1,0.7187,-0.4488,2.2204,0.1830,-0.1480,0.1389,0.0641,0,0.7233,-0.0477,-0.7941,0.2336,1.5433,173.3,35,-0.7616,0.2275,0.5457,0.7249,0.7948,0.7328,0.2779,0,0,1,[follow_path] [ActionServer] Aborting handle.
246.106,92.000,pred,block2_B_pred,1,0.7079,-0.4347,2.2223,0.1800,-0.1670,0.1389,0.0641,0,0.7233,-0.0477,-0.7941,0.2336,1.5433,173.3,35,-0.7616,0.2275,0.5457,0.7249,0.7948,0.7328,0.3937,0,0,1,[follow_path] [ActionServer] Aborting handle.
246.206,92.100,pred,block2_B_pred,1,0.6975,-0.4211,2.2330,0.1480,0.0550,0.1968,0.0897,0,0.7233,-0.0477,-0.7941,0.2336,1.5433,173.3,35,-0.7616,0.2275,0.5457,0.7249,0.7948,0.6620,0.3705,0,0,1,[follow_path] [ActionServer] Aborting handle.
246.306,92.200,pred,block2_B_pred,1,0.6866,-0.4074,2.2400,0.1610,-0.1670,0.1853,0.0897,0,0.7233,-0.0477,-0.7941,0.2336,1.5433,173.3,35,-0.7616,0.2275,0.5457,0.7249,0.7948,0.6620,0.3474,0,0,1,[follow_path] [ActionServer] Aborting handle.
246.406,92.300,pred,block2_B_pred,1,0.6768,-0.3950,2.2485,0.1670,0.1670,0.1737,0.0897,0,0.7233,-0.0477,-0.7941,0.2336,1.5433,173.3,35,-0.7616,0.2275,0.5457,0.7249,0.7948,0.6620,0.3474,0,0,1,[follow_path] [ActionServer] Aborting handle.
246.506,92.400,pred,block2_B_pred,1,0.6665,-0.3823,2.2530,0.1390,0.2600,0.1737,0.0897,1,0.7325,-0.3375,0.7325,-0.3375,0.0000,0.0,31,0.7325,-0.3375,0.2200,0.8065,0.8065,0.6620,0.3242,0,0,0,[follow_path] [ActionServer] Aborting handle.
246.607,92.501,pred,block2_B_pred,1,0.6565,-0.3699,2.2582,0.1550,-0.2410,0.1158,0.2179,1,0.7537,-0.3457,0.7537,-0.3457,0.0000,0.0,31,0.7537,-0.3457,0.2200,0.8292,0.8292,0.6291,0.3464,0,0,0,[follow_path] [ActionServer] Aborting handle.
246.706,92.600,pred,block2_B_pred,1,0.6461,-0.3574,2.2712,0.1610,0.0920,0.1505,0.2692,1,0.7537,-0.3457,0.7537,-0.3457,0.0000,0.0,31,0.7537,-0.3457,0.2200,0.8292,0.8292,0.6291,0.1873,0,0,0,[follow_path] [ActionServer] Aborting handle.
246.806,92.700,pred,block2_B_pred,1,0.6359,-0.3453,2.2775,0.1290,0.2410,0.1274,0.1605,1,0.7728,-0.3610,0.7728,-0.3610,0.0000,0.0,31,0.7728,-0.3610,0.2200,0.8530,0.8530,0.6291,0.2547,0,0,0,[follow_path] [ActionServer] Aborting handle.
246.909,92.803,pred,block2_B_pred,1,0.6252,-0.3327,2.2842,0.1960,0.1110,0.1158,0.1154,1,0.7865,-0.3800,0.7865,-0.3800,0.0000,0.0,31,0.7865,-0.3800,0.2200,0.8735,0.8735,0.5584,0.2333,0,0,0,[follow_path] [ActionServer] Aborting handle.
247.006,92.900,pred,block2_B_pred,1,0.6156,-0.3217,2.2912,0.1610,-0.0550,0.1274,0.0836,1,0.7865,-0.3800,0.7865,-0.3800,0.0000,0.0,31,0.7865,-0.3800,0.2200,0.8735,0.8735,0.5584,0.2547,0,0,0,[follow_path] [ActionServer] Aborting handle.
247.106,93.000,pred,block2_B_pred,1,0.6074,-0.3125,2.3061,0.1770,0.0000,0.1274,0.0641,1,0.7928,-0.4008,0.7928,-0.4008,0.0000,0.0,31,0.7928,-0.4008,0.2200,0.8883,0.8883,0.5584,0.2316,0,0,0,[follow_path] [ActionServer] Aborting handle.
247.206,93.100,pred,block2_B_pred,1,0.5994,-0.3037,2.3198,0.0950,0.4080,0.2084,0.0641,1,0.7934,-0.4186,0.7934,-0.4186,0.0000,0.0,31,0.7934,-0.4186,0.2200,0.8970,0.8970,0.5584,0.4268,0,0,0,[follow_path] [ActionServer] Aborting handle.
247.307,93.201,pred,block2_B_pred,1,0.5899,-0.2935,2.3210,0.1800,0.0550,0.2200,0.0641,1,0.7855,-0.4358,0.7855,-0.4358,0.0000,0.0,31,0.7934,-0.4186,0.2200,0.8983,0.8970,0.4885,0.4121,0,0,0,[follow_path] [ActionServer] Aborting handle.
247.406,93.300,pred,block2_B_pred,1,0.5828,-0.2860,2.3339,0.1010,0.4830,0.2084,0.0897,1,0.7855,-0.4358,0.7855,-0.4358,0.0000,0.0,31,0.7855,-0.4358,0.2200,0.8983,0.8983,0.4885,0.4121,0,0,0,[follow_path] [ActionServer] Aborting handle.
247.506,93.400,pred,block2_B_pred,1,0.5720,-0.2747,2.3458,0.1330,0.2600,0.2084,0.0897,1,0.7733,-0.4492,0.7733,-0.4492,0.0000,0.0,31,0.7733,-0.4492,0.2200,0.8944,0.8944,0.4885,0.3705,0,0,0,[follow_path] [ActionServer] Aborting handle.
247.606,93.500,pred,block2_B_pred,1,0.5595,-0.2620,2.3543,0.2050,0.0550,0.0603,-0.0446,1,0.7567,-0.4591,0.7567,-0.4591,0.0000,0.0,31,0.7567,-0.4591,0.2200,0.8851,0.8851,0.4885,0.3474,0,0,0,[follow_path] [ActionServer] Aborting handle.
247.706,93.600,pred,block2_B_pred,1,0.5442,-0.2469,2.3766,0.2210,0.1110,0.1737,0.1154,1,0.7567,-0.4591,0.7567,-0.4591,0.0000,0.0,31,0.7567,-0.4591,0.2200,0.8851,0.8851,0.4499,0.4168,0,0,0,[follow_path] [ActionServer] Aborting handle.
247.806,93.700,pred,block2_B_pred,1,0.5280,-0.2317,2.3973,0.2280,0.1110,0.1968,0.0641,1,0.7341,-0.4709,0.7341,-0.4709,0.0000,0.0,31,0.7341,-0.4709,0.2200,0.8722,0.8722,0.4499,0.3937,0,0,0,[follow_path] [ActionServer] Aborting handle.
247.911,93.805,pred,block2_B_pred,1,0.5124,-0.2174,2.4099,0.2050,0.0920,0.1853,0.0641,1,0.7114,-0.4832,0.7114,-0.4832,0.0000,0.0,31,0.7114,-0.4832,0.2200,0.8600,0.8600,0.4499,0.3705,0,0,0,[follow_path] [ActionServer] Aborting handle.
248.006,93.900,pred,block2_B_pred,1,0.4975,-0.2044,2.4381,0.1960,0.4080,0.1737,0.0385,1,0.7114,-0.4832,0.7114,-0.4832,0.0000,0.0,31,0.7114,-0.4832,0.2200,0.8600,0.8600,0.3794,0.3474,0,0,0,[follow_path] [ActionServer] Aborting handle.
248.106,94.000,pred,block2_B_pred,1,0.4822,-0.1916,2.4552,0.1990,0.0920,0.1621,-0.0385,1,0.6897,-0.4988,0.6897,-0.4988,0.0000,0.0,31,0.6897,-0.4988,0.2200,0.8512,0.8512,0.3794,0.3937,0,0,0,[follow_path] [ActionServer] Aborting handle.
248.206,94.100,pred,block2_B_pred,1,0.4693,-0.1812,2.4752,0.1260,0.0000,0.1853,0.2815,1,0.6684,-0.5152,0.6684,-0.5152,0.0000,0.0,31,0.6684,-0.5152,0.2200,0.8439,0.8439,0.3794,0.3705,0,0,0,[follow_path] [ActionServer] Aborting handle.
248.313,94.207,pred,block2_B_pred,1,0.4559,-0.1708,2.4811,0.1670,-0.1670,0.1853,0.1923,1,0.6684,-0.5152,0.6684,-0.5152,0.0000,0.0,31,0.6684,-0.5152,0.2200,0.8439,0.8439,0.3794,0.3461,0,0,0,[follow_path] [ActionServer] Aborting handle.
248.406,94.300,pred,block2_B_pred,1,0.4427,-0.1607,2.4978,0.1900,0.0370,0.1737,0.3462,1,0.6433,-0.5346,0.6433,-0.5346,0.0000,0.0,31,0.6433,-0.5346,0.2200,0.8364,0.8364,0.3772,0.3474,0,0,0,[follow_path] [ActionServer] Aborting handle.
248.506,94.400,pred,block2_B_pred,1,0.4312,-0.1521,2.5082,0.1360,0.3530,0.1621,0.2692,1,0.6433,-0.5346,0.6433,-0.5346,0.0000,0.0,31,0.6433,-0.5346,0.2200,0.8364,0.8364,0.3772,0.3242,0,0,0,[follow_path] [ActionServer] Aborting handle.
248.606,94.500,pred,block2_B_pred,1,0.4187,-0.1430,2.5190,0.1360,0.4270,0.0371,0.0836,1,0.6433,-0.5346,0.6433,-0.5346,0.0000,0.0,31,0.6433,-0.5346,0.2200,0.8364,0.8364,0.3772,0.0209,0,0,0,[follow_path] [ActionServer] Aborting handle.
248.705,94.599,pred,block2_B_pred,1,0.4063,-0.1341,2.5346,0.1330,0.3710,0.1250,0.0836,1,0.6433,-0.5346,0.6433,-0.5346,0.0000,0.0,31,0.6433,-0.5346,0.2200,0.8364,0.8364,0.3772,0.0166,0,0,0,[follow_path] [ActionServer] Aborting handle.
248.806,94.700,pred,block2_B_pred,1,0.3953,-0.1266,2.5468,0.1260,0.3710,0.0000,-0.2364,1,0.6433,-0.5346,0.6433,-0.5346,0.0000,0.0,31,0.6433,-0.5346,0.2200,0.8364,0.8364,0.3090,0.0026,0,0,0,[follow_path] [ActionServer] Aborting handle.
248.906,94.800,pred,block2_B_pred,1,0.3837,-0.1187,2.5531,0.0980,0.2040,0.1250,-0.0836,1,0.6433,-0.5346,0.6433,-0.5346,0.0000,0.0,31,0.6433,-0.5346,0.2200,0.8364,0.8364,0.3090,0.2779,0,0,0,[follow_path] [ActionServer] Aborting handle.
249.006,94.900,pred,block2_B_pred,1,0.3766,-0.1140,2.5601,0.0380,0.2220,0.1274,0.2179,1,0.6433,-0.5346,0.6433,-0.5346,0.0000,0.0,31,0.6433,-0.5346,0.2200,0.8364,0.8364,0.3090,0.2547,0,0,0,[follow_path] [ActionServer] Aborting handle.
249.107,95.001,pred,block2_B_pred,1,0.3709,-0.1102,2.5594,0.0690,-0.2970,0.1274,0.1667,1,0.6433,-0.5346,0.6433,-0.5346,0.0000,0.0,31,0.6433,-0.5346,0.2200,0.8364,0.8364,0.2600,0.2495,0,0,0,[follow_path] [ActionServer] Aborting handle.
249.206,95.100,pred,block2_B_pred,1,0.3671,-0.1077,2.5642,0.0150,0.0920,0.1274,0.4231,1,0.6433,-0.5346,0.6433,-0.5346,0.0000,0.0,31,0.6433,-0.5346,0.2200,0.8364,0.8364,0.2600,0.2481,0,0,0,[follow_path] [ActionServer] Aborting handle.
249.306,95.200,pred,block2_B_pred,1,0.3640,-0.1057,2.5665,0.1480,-0.0920,0.1274,0.1410,1,0.6433,-0.5346,0.6433,-0.5346,0.0000,0.0,31,0.6433,-0.5346,0.2200,0.8364,0.8364,0.2600,0.2446,0,0,0,[follow_path] [ActionServer] Aborting handle.
249.406,95.300,pred,block2_B_pred,1,0.3602,-0.1032,2.5780,0.0600,0.3530,0.0024,-0.0190,0,0.6433,-0.5346,0.6433,-0.5346,0.0000,0.0,31,0.6433,-0.5346,0.2200,0.8364,0.8364,0.2600,0.0000,0,0,0,[follow_path] [ActionServer] Aborting handle.
249.507,95.401,pred,block2_B_pred,1,0.3495,-0.0964,2.5780,0.1480,-0.0180,0.0000,-0.3390,0,0.6433,-0.5346,0.6433,-0.5346,0.0000,0.0,31,0.6433,-0.5346,0.2200,0.8364,0.8364,0.2600,0.0123,0,0,0,[follow_path] [ActionServer] Aborting handle.
249.606,95.500,pred,block2_B_pred,1,0.3495,-0.0964,2.5780,0.0000,0.0000,0.0347,-0.2692,0,0.6433,-0.5346,0.6433,-0.5346,0.0000,0.0,31,0.6433,-0.5346,0.2200,0.8364,0.8364,0.2600,0.0000,0,0,0,[follow_path] [ActionServer] Aborting handle.
249.706,95.600,pred,block2_B_pred,1,0.3444,-0.0932,2.5854,0.0660,0.3900,0.0000,-0.2692,0,0.6433,-0.5346,0.6433,-0.5346,0.0000,0.0,31,0.6433,-0.5346,0.2200,0.8364,0.8364,0.2600,0.0048,0,0,0,[follow_path] [ActionServer] Aborting handle.
249.805,95.699,pred,block2_B_pred,1,0.3396,-0.0902,2.5869,0.0190,0.0740,0.0000,-0.4744,0,0.6433,-0.5346,0.6433,-0.5346,0.0000,0.0,31,0.6433,-0.5346,0.2200,0.8364,0.8364,0.2462,0.0019,0,0,0,[follow_path] [ActionServer] Aborting handle.
249.906,95.800,pred,block2_B_pred,1,0.3395,-0.0901,2.5876,0.0000,0.0000,0.0000,-0.2949,0,0.6433,-0.5346,0.6433,-0.5346,0.0000,0.0,31,0.6433,-0.5346,0.2200,0.8364,0.8364,0.2462,0.0000,0,0,0,[follow_path] [ActionServer] Aborting handle.
250.006,95.900,pred,block2_B_pred,1,0.3395,-0.0901,2.5876,0.0000,0.0000,0.0000,-0.2692,0,0.6433,-0.5346,0.6433,-0.5346,0.0000,0.0,31,0.6433,-0.5346,0.2200,0.8364,0.8364,0.2462,0.0000,0,0,0,[follow_path] [ActionServer] Aborting handle.
250.120,96.014,pred,block2_B_pred,1,0.3395,-0.0901,2.5876,0.0000,0.0000,0.0000,-0.2692,0,0.6433,-0.5346,0.6433,-0.5346,0.0000,0.0,31,0.6433,-0.5346,0.2200,0.8364,0.8364,0.2462,0.0000,0,0,0,[follow_path] [ActionServer] Aborting handle.
250.206,96.100,pred,block2_B_pred,1,0.3395,-0.0901,2.5876,0.0000,0.0000,0.0000,-0.2692,0,0.6433,-0.5346,0.6433,-0.5346,0.0000,0.0,31,0.6433,-0.5346,0.2200,0.8364,0.8364,0.2462,0.0000,0,0,0,[follow_path] [ActionServer] Aborting handle.
250.306,96.200,pred,block2_B_pred,1,0.3395,-0.0901,2.5876,0.0000,0.0000,0.0000,-0.2692,0,0.6433,-0.5346,0.6433,-0.5346,0.0000,0.0,31,0.6433,-0.5346,0.2200,0.8364,0.8364,0.2462,0.0000,0,0,0,[follow_path] [ActionServer] Aborting handle.
250.406,96.300,pred,block2_B_pred,1,0.3395,-0.0901,2.5876,0.0000,0.0000,0.0000,-0.2692,0,0.6433,-0.5346,0.6433,-0.5346,0.0000,0.0,31,0.6433,-0.5346,0.2200,0.8364,0.8364,0.2462,0.0000,0,0,0,[follow_path] [ActionServer] Aborting handle.
250.506,96.400,pred,block2_B_pred,1,0.3425,-0.0920,2.5669,-0.0220,-0.1300,0.0000,-0.2692,0,0.6433,-0.5346,0.6433,-0.5346,0.0000,0.0,31,0.6433,-0.5346,0.2200,0.8364,0.8364,0.2462,0.0000,0,0,0,[follow_path] [ActionServer] Aborting handle.
250.606,96.500,pred,block2_B_pred,1,0.3425,-0.0920,2.5665,0.0000,0.0000,0.0000,-0.2436,0,0.6433,-0.5346,0.6433,-0.5346,0.0000,0.0,31,0.6433,-0.5346,0.2200,0.8364,0.8364,0.2462,0.0000,0,0,0,[follow_path] [ActionServer] Aborting handle.
250.706,96.600,pred,block2_B_pred,1,0.3425,-0.0920,2.5665,0.0000,0.0000,0.0000,-0.2436,0,0.6433,-0.5346,0.6433,-0.5346,0.0000,0.0,31,0.6433,-0.5346,0.2200,0.8364,0.8364,0.2462,0.0000,0,0,0,[follow_path] [ActionServer] Aborting handle.
250.806,96.700,pred,block2_B_pred,1,0.3403,-0.0905,2.5506,0.0000,0.0000,0.0000,-0.2436,0,0.6433,-0.5346,0.6433,-0.5346,0.0000,0.0,31,0.6433,-0.5346,0.2200,0.8364,0.8364,0.2462,0.0007,0,0,0,[follow_path] [ActionServer] Aborting handle.
250.907,96.801,pred,block2_B_pred,1,0.3403,-0.0905,2.5506,0.0000,0.0000,0.0000,-0.2436,0,0.6433,-0.5346,0.6433,-0.5346,0.0000,0.0,31,0.6433,-0.5346,0.2200,0.8364,0.8364,0.2462,0.0000,0,0,0,[follow_path] [ActionServer] Aborting handle.
251.006,96.900,pred,block2_B_pred,1,0.3404,-0.0906,2.5194,0.0120,-0.0740,0.0000,-0.2436,0,0.6433,-0.5346,0.6433,-0.5346,0.0000,0.0,31,0.6433,-0.5346,0.2200,0.8364,0.8364,0.2462,0.0021,0,0,0,[follow_path] [ActionServer] Aborting handle.
251.106,97.000,pred,block2_B_pred,1,0.3400,-0.0903,2.4860,-0.0600,-0.6500,0.0000,-0.2179,0,0.6433,-0.5346,0.6433,-0.5346,0.0000,0.0,31,0.6433,-0.5346,0.2200,0.8364,0.8364,0.2462,0.0000,0,0,0,[follow_path] [ActionServer] Aborting handle.
251.208,97.102,pred,block2_B_pred,1,0.3397,-0.0901,2.4582,-0.0250,-0.6310,0.0000,-0.1410,0,0.6433,-0.5346,0.6433,-0.5346,0.0000,0.0,31,0.6433,-0.5346,0.2200,0.8364,0.8364,0.2462,0.0000,0,0,0,[follow_path] [ActionServer] Aborting handle.
251.306,97.200,pred,block2_B_pred,1,0.3399,-0.0902,2.4326,0.0820,-0.4830,0.0000,-0.1923,0,0.6433,-0.5346,0.6433,-0.5346,0.0000,0.0,31,0.6433,-0.5346,0.2200,0.8364,0.8364,0.2462,0.0000,0,0,0,[follow_path] [ActionServer] Aborting handle.
251.406,97.300,pred,block2_B_pred,1,0.3398,-0.0902,2.3973,0.0190,-0.8540,0.0000,-0.1410,0,0.6433,-0.5346,0.6433,-0.5346,0.0000,0.0,31,0.6433,-0.5346,0.2200,0.8364,0.8364,0.2462,0.0000,0,0,0,[follow_path] [ActionServer] Aborting handle.
251.505,97.399,pred,block2_B_pred,1,0.3394,-0.0898,2.3892,0.0000,0.0000,0.0000,-0.1410,0,0.6433,-0.5346,0.6433,-0.5346,0.0000,0.0,31,0.6433,-0.5346,0.2200,0.8364,0.8364,0.2462,0.0000,0,0,0,[follow_path] [ActionServer] Aborting handle.
251.606,97.500,pred,block2_B_pred,1,0.3369,-0.0874,2.3688,0.0280,-0.1670,0.0000,-0.1667,0,0.6433,-0.5346,0.6433,-0.5346,0.0000,0.0,31,0.6433,-0.5346,0.2200,0.8364,0.8364,0.2462,0.0000,0,0,0,[follow_path] [ActionServer] Aborting handle.
251.706,97.600,pred,block2_B_pred,1,0.3387,-0.0892,2.3521,-0.0060,-0.0370,0.0000,-0.1410,0,0.6433,-0.5346,0.6433,-0.5346,0.0000,0.0,31,0.6433,-0.5346,0.2200,0.8364,0.8364,0.2462,0.0000,0,0,0,[follow_path] [ActionServer] Aborting handle.
251.806,97.700,pred,block2_B_pred,1,0.3387,-0.0892,2.3521,0.0000,0.0000,0.0000,-0.1410,0,0.6433,-0.5346,0.6433,-0.5346,0.0000,0.0,31,0.6433,-0.5346,0.2200,0.8364,0.8364,0.2462,0.0000,0,0,0,[follow_path] [ActionServer] Aborting handle.
251.905,97.799,pred,block2_B_pred,1,0.3386,-0.0891,2.3165,-0.0190,-0.1480,0.0000,0.0000,0,0.6433,-0.5346,0.6433,-0.5346,0.0000,0.0,31,0.6433,-0.5346,0.2200,0.8364,0.8364,0.2462,0.0000,0,0,0,[follow_path] [ActionServer] Aborting handle.
252.006,97.900,pred,block2_B_pred,1,0.3386,-0.0891,2.3161,0.0000,0.0000,0.0000,0.0000,0,0.6433,-0.5346,0.6433,-0.5346,0.0000,0.0,31,0.6433,-0.5346,0.2200,0.8364,0.8364,0.2462,0.0000,0,0,0,[follow_path] [ActionServer] Aborting handle.
252.106,98.000,pred,block2_B_pred,1,0.3386,-0.0891,2.3161,0.0000,0.0000,0.0000,0.0000,0,0.6433,-0.5346,0.6433,-0.5346,0.0000,0.0,31,0.6433,-0.5346,0.2200,0.8364,0.8364,0.2462,0.0000,0,0,0,[follow_path] [ActionServer] Aborting handle.
252.206,98.100,pred,block2_B_pred,1,0.3386,-0.0891,2.3161,0.0000,0.0000,0.0000,0.0000,0,0.6433,-0.5346,0.6433,-0.5346,0.0000,0.0,31,0.6433,-0.5346,0.2200,0.8364,0.8364,0.2462,0.0000,0,0,0,[follow_path] [ActionServer] Aborting handle.
252.306,98.200,pred,block2_B_pred,1,0.3386,-0.0891,2.3161,0.0000,0.0000,0.0000,0.0000,0,0.6433,-0.5346,0.6433,-0.5346,0.0000,0.0,31,0.6433,-0.5346,0.2200,0.8364,0.8364,0.2462,0.0000,0,0,0,[follow_path] [ActionServer] Aborting handle.
252.406,98.300,pred,block2_B_pred,1,0.3386,-0.0891,2.3161,0.0000,0.0000,0.0000,0.0000,0,0.6433,-0.5346,0.6433,-0.5346,0.0000,0.0,31,0.6433,-0.5346,0.2200,0.8364,0.8364,0.2462,0.0000,0,0,0,[follow_path] [ActionServer] Aborting handle.
252.506,98.400,pred,block2_B_pred,1,0.3386,-0.0891,2.3161,0.0000,0.0000,0.0000,0.0000,0,0.6433,-0.5346,0.6433,-0.5346,0.0000,0.0,31,0.6433,-0.5346,0.2200,0.8364,0.8364,0.2462,0.0000,0,0,0,[follow_path] [ActionServer] Aborting handle.
252.606,98.500,pred,block2_B_pred,1,0.3386,-0.0891,2.3161,0.0000,0.0000,0.0000,0.0000,0,0.6433,-0.5346,0.6433,-0.5346,0.0000,0.0,31,0.6433,-0.5346,0.2200,0.8364,0.8364,0.2462,0.0000,0,0,0,[follow_path] [ActionServer] Aborting handle.
252.706,98.600,pred,block2_B_pred,1,0.3386,-0.0891,2.3161,0.0000,0.0000,0.0000,0.0000,0,0.6433,-0.5346,0.6433,-0.5346,0.0000,0.0,31,0.6433,-0.5346,0.2200,0.8364,0.8364,0.2462,0.0000,0,0,0,[follow_path] [ActionServer] Aborting handle.
252.806,98.700,pred,block2_B_pred,1,0.3386,-0.0891,2.3161,0.0000,0.0000,0.0000,0.0000,0,0.6433,-0.5346,0.6433,-0.5346,0.0000,0.0,31,0.6433,-0.5346,0.2200,0.8364,0.8364,0.2462,0.0000,0,0,0,[follow_path] [ActionServer] Aborting handle.
252.906,98.800,pred,block2_B_pred,1,0.3386,-0.0891,2.3161,0.0000,0.0000,0.0000,0.0000,0,0.6433,-0.5346,0.6433,-0.5346,0.0000,0.0,31,0.6433,-0.5346,0.2200,0.8364,0.8364,0.2462,0.0000,0,0,0,[follow_path] [ActionServer] Aborting handle.
253.006,98.900,pred,block2_B_pred,1,0.3386,-0.0891,2.3161,0.0000,0.0000,0.0000,0.0000,0,0.6433,-0.5346,0.6433,-0.5346,0.0000,0.0,31,0.6433,-0.5346,0.2200,0.8364,0.8364,0.2462,0.0000,0,0,0,[follow_path] [ActionServer] Aborting handle.
253.106,99.000,pred,block2_B_pred,1,0.3386,-0.0891,2.3161,0.0000,0.0000,0.0000,0.0000,0,0.6433,-0.5346,0.6433,-0.5346,0.0000,0.0,31,0.6433,-0.5346,0.2200,0.8364,0.8364,0.2462,0.0000,0,0,0,[follow_path] [ActionServer] Aborting handle.
253.206,99.100,pred,block2_B_pred,1,0.3386,-0.0891,2.3161,0.0000,0.0000,0.0000,0.0000,0,0.6433,-0.5346,0.6433,-0.5346,0.0000,0.0,31,0.6433,-0.5346,0.2200,0.8364,0.8364,0.2462,0.0000,0,0,0,[follow_path] [ActionServer] Aborting handle.
253.306,99.200,pred,block2_B_pred,1,0.3386,-0.0891,2.3161,0.0000,0.0000,0.0000,0.0000,0,0.6433,-0.5346,0.6433,-0.5346,0.0000,0.0,31,0.6433,-0.5346,0.2200,0.8364,0.8364,0.2462,0.0000,0,0,0,[follow_path] [ActionServer] Aborting handle.
253.406,99.300,pred,block2_B_pred,1,0.3386,-0.0891,2.3161,0.0000,0.0000,0.0000,0.0000,0,0.6433,-0.5346,0.6433,-0.5346,0.0000,0.0,31,0.6433,-0.5346,0.2200,0.8364,0.8364,0.2462,0.0000,0,0,0,[follow_path] [ActionServer] Aborting handle.
253.506,99.400,pred,block2_B_pred,1,0.3386,-0.0891,2.3161,0.0000,0.0000,0.0000,0.0000,0,0.6433,-0.5346,0.6433,-0.5346,0.0000,0.0,31,0.6433,-0.5346,0.2200,0.8364,0.8364,0.2462,0.0000,0,0,0,[follow_path] [ActionServer] Aborting handle.
253.606,99.500,pred,block2_B_pred,1,0.3386,-0.0891,2.3161,0.0000,0.0000,0.0000,0.0000,0,0.6433,-0.5346,0.6433,-0.5346,0.0000,0.0,31,0.6433,-0.5346,0.2200,0.8364,0.8364,0.2462,0.0000,0,0,0,[follow_path] [ActionServer] Aborting handle.
253.706,99.600,pred,block2_B_pred,1,0.3386,-0.0891,2.3161,0.0000,0.0000,0.0000,0.0000,0,0.6433,-0.5346,0.6433,-0.5346,0.0000,0.0,31,0.6433,-0.5346,0.2200,0.8364,0.8364,0.2462,0.0000,0,0,0,[follow_path] [ActionServer] Aborting handle.
253.806,99.700,pred,block2_B_pred,1,0.3386,-0.0891,2.3161,0.0000,0.0000,0.0000,0.0000,0,0.6433,-0.5346,0.6433,-0.5346,0.0000,0.0,31,0.6433,-0.5346,0.2200,0.8364,0.8364,0.2462,0.0000,0,0,0,[follow_path] [ActionServer] Aborting handle.
253.906,99.800,pred,block2_B_pred,1,0.3386,-0.0891,2.3161,0.0000,0.0000,0.0000,0.0000,0,0.6433,-0.5346,0.6433,-0.5346,0.0000,0.0,31,0.6433,-0.5346,0.2200,0.8364,0.8364,0.2462,0.0000,0,0,0,[follow_path] [ActionServer] Aborting handle.
254.006,99.900,pred,block2_B_pred,1,0.3386,-0.0891,2.3161,0.0000,0.0000,0.0000,0.0000,0,0.6433,-0.5346,0.6433,-0.5346,0.0000,0.0,31,0.6433,-0.5346,0.2200,0.8364,0.8364,0.2462,0.0000,0,0,0,[follow_path] [ActionServer] Aborting handle.
254.106,100.000,pred,block2_B_pred,1,0.3386,-0.0891,2.3161,0.0000,0.0000,0.0000,0.0000,0,0.6433,-0.5346,0.6433,-0.5346,0.0000,0.0,31,0.6433,-0.5346,0.2200,0.8364,0.8364,0.2462,0.0000,0,0,0,[follow_path] [ActionServer] Aborting handle.
254.206,100.100,pred,block2_B_pred,1,0.3386,-0.0891,2.3161,0.0000,0.0000,0.0000,0.0000,0,0.6433,-0.5346,0.6433,-0.5346,0.0000,0.0,31,0.6433,-0.5346,0.2200,0.8364,0.8364,0.2462,0.0000,0,0,0,[follow_path] [ActionServer] Aborting handle.
254.306,100.200,pred,block2_B_pred,1,0.3386,-0.0891,2.3161,0.0000,0.0000,0.0000,0.0000,0,0.6433,-0.5346,0.6433,-0.5346,0.0000,0.0,31,0.6433,-0.5346,0.2200,0.8364,0.8364,0.2462,0.0000,0,0,0,[follow_path] [ActionServer] Aborting handle.
254.406,100.300,pred,block2_B_pred,1,0.3386,-0.0891,2.3161,0.0000,0.0000,0.0000,0.0000,0,0.6433,-0.5346,0.6433,-0.5346,0.0000,0.0,31,0.6433,-0.5346,0.2200,0.8364,0.8364,0.2462,0.0000,0,0,0,[follow_path] [ActionServer] Aborting handle.
