time,actual_px,actual_py,pred_px_1s,pred_py_1s,error_1s,speed,heading,heading_rate
1789423484.727,1.6698284149169922,0.38792258501052856,1.7274596382273322,0.5274885954437619,0.15099678529192492,0.23008666588673748,-0.6904412610870465,-0.2232510143093822
1789423484.86,1.6787415742874146,0.3574961721897125,1.72347003415692,0.5129659198925929,0.16177601049937915,0.191049222542371,-0.7072219854736033,-0.10579269768753705
1789423485.16,1.6932480335235596,0.29377132654190063,1.7177595063223792,0.500906109250525,0.20858003381559875,0.1559802678001126,-0.7035524509848536,0.02881710365550585
1789423485.293,1.6834230422973633,0.27659717202186584,1.710662295412222,0.4728327454472211,0.19811707949551782,0.10798299722197548,-1.1706352179396333,-0.7893844174149095
1789423485.427,1.7066482305526733,0.26684489846229553,1.6939574646966253,0.4536008527565926,0.18718665017139074,0.10072815226978042,-1.9568065480104742,-2.4361438197223495
1789423485.593,1.725325107574463,0.25498634576797485,1.6920045145376645,0.4350869363192438,0.18315699450809886,0.10799273377393233,-1.401432467151917,2.736297625942751
1789423485.893,1.7456610202789307,0.23749375343322754,1.6942920565882926,0.4079780495715468,0.17805523205013726,0.1213567560725642,-1.0278691704811909,1.8915246819226623
1789423486.026,1.7295438051223755,0.2246747463941574,1.705365681810851,0.3575079053566188,0.13501566489416636,0.15137885120301856,-0.8179370336170115,0.5098835446469961
1789423486.16,1.7110248804092407,0.20744585990905762,1.7194412875026757,0.32302309343478874,0.11588327238140891,0.15894453321330046,-0.7682511534647429,0.23954213199470695
1789423486.326,1.6144722700119019,0.16617418825626373,1.7193377400524497,0.30160089571198934,0.17128093851658951,0.14933156155138536,-0.7504795176238073,0.1227316456342186
1789423486.46,1.497436285018921,0.12053388357162476,1.7259242433673745,0.2826781964911618,0.2801740982360672,0.14597556968336742,-0.7608039037548546,-0.06614307356896026
1789423486.593,1.3847770690917969,0.06575673818588257,1.736883733795031,0.2626941706324,0.40343953156211937,0.14248735034460142,-0.8443101624930542,-0.46376724165469513
1789423486.76,1.2319269180297852,-0.02201201021671295,1.7455638441048478,0.25032550750675386,0.5813696030819112,0.1364724072520089,-0.9337132477473236,-0.5955588556529592
1789423486.926,1.0682308673858643,-0.14195632934570312,1.7509874996339132,0.23365532518583185,0.7792565263753746,0.12775369568109635,-1.161711479850791,-1.2543856683154557
1789423487.06,0.9415754079818726,-0.2501679062843323,1.746191140453575,0.2219772264399595,0.9329134489845312,0.1159469463963576,-1.3823876674660773,-1.450332661979197
1789423487.226,0.7760308980941772,-0.38674187660217285,1.7353563646605477,0.20822670828290454,1.1288458565291082,0.1110093903449985,-1.6525166612065991,-1.7419139695524848
1789423487.36,0.6533543467521667,-0.4823261499404907,1.695795022202721,0.1784058502142535,1.234199877597748,0.1417972734413788,-2.0091162397271183,-1.9291135201026228
1789423487.526,0.6346412897109985,-0.4824681282043457,1.627606378093539,0.13573778186395877,1.1696829544752403,0.21954847494975765,-2.215233315545271,-1.3310627028224364
1789423497.76,1.0014814138412476,0.6452398300170898,1.268073531188394,-0.12547613473544683,0.8155209717450974,0.335453510717723,-2.3550015126449835,-0.9063276796376473
1789423498.794,1.7912511825561523,0.10816670954227448,0.4911069657886068,-0.5144968479762099,1.4415564124430476,0.4707901176252406,-2.570041102946814,1.5698702785450225
1789423498.961,1.8247997760772705,0.036887720227241516,0.9394161289081143,0.08679688799625834,0.8867892239432957,0.0,-1.9683869321986482,2.7740992068003996
1789423499.094,1.8610992431640625,0.0019630491733551025,1.0743185337258758,0.2806022986859975,0.8346638341949559,0.0,-1.3098916206736968,2.960514664694809
1789423499.227,1.9062590599060059,-0.011170074343681335,1.1672470793395886,0.3533012246068882,0.8240012349380395,0.0,-0.9558592799395038,2.0433013035995073
1789423499.394,1.9659727811813354,0.022120624780654907,1.2665598585458646,0.34580706594303573,0.7706823914829367,0.08924520768522873,-0.776320794037558,1.1217435343676525
1789423499.561,2.0059595108032227,0.08971280604600906,1.6654363066774087,0.11622308741002157,0.34155357934899444,0.3081363242255989,-0.6473770035267372,0.6996271334719689
1789423499.694,2.008474826812744,0.13587194681167603,2.0189262624154174,-0.05912852352922543,0.19528035215896558,0.5196707962125144,-0.5642837535336542,0.4527263485947405
1789423499.861,2.0094876289367676,0.203617125749588,2.230473548968144,-0.22695178782756872,0.4839673193420472,0.6411896320337838,-0.5720638255029997,-0.06036387687548883
1789423499.994,2.020473003387451,0.2617625892162323,2.1698983578077566,-0.5245609076953146,0.8003952638158458,0.6786575326724917,-0.813810791619547,-1.3355878770866054
1789423500.127,2.039045810699463,0.3209570050239563,1.9537246932188275,-0.6819484071772319,1.006528170947331,0.6669295697751991,-1.10170338355557,-1.8862426300887287
1789423500.361,1.998860478401184,0.42290210723876953,1.8015787119177302,-0.6886376661916483,1.128911317732521,0.6176215593311557,-1.3845957603692414,-1.8544904918352814
1789423500.494,1.9883160591125488,0.4683559834957123,2.301777484341426,0.14365766606391342,0.4513170309766298,0.4996315020737959,-0.7178266114916623,1.90889548273302
1789423500.661,1.9467843770980835,0.4907377362251282,2.1973934724443547,0.33194420438867644,0.2966821606085722,0.3995554345601702,0.16833654199583625,2.984899340270757
1789423500.794,1.9120036363601685,0.4811580777168274,2.182532273206462,0.3890648873951127,0.28577420992375324,0.35175736537615077,0.6947779475851386,2.5837025045348434
1789423500.961,1.854844093322754,0.4323577284812927,2.2654286411850317,0.3890150605367009,0.4128659077809964,0.32600756931363134,0.8112451151784139,0.5566664707350413
1789423501.127,1.7779467105865479,0.34811484813690186,2.2985620131403626,0.41888936758674544,0.5254039644469352,0.3220034867693887,0.7912645918577113,-0.1663649194122522
1789423501.427,1.6042863130569458,0.23364540934562683,2.096423926535671,0.3239734222438062,0.5003584520268132,0.292150778275657,0.5867528921148133,-0.771518470744954
1789423501.561,1.5094934701919556,0.22408778965473175,2.0827675058130506,0.3724106766077466,0.5921509931692873,0.25706270651591023,0.5389978903281243,-0.3392729868026455
1789423501.727,1.4253919124603271,0.25441551208496094,2.055806834201122,0.40930483729449524,0.649163828796181,0.18668245087534632,0.5155594804461145,-0.1459696170876086
1789423501.827,1.3526006937026978,0.29522648453712463,2.018680109177512,0.4201522159810604,0.6776933127131127,0.11002510017711503,0.05872481993249412,-0.6957745384168682
1789423502.027,1.1801695823669434,0.382706880569458,1.957901532886809,0.4019610222607707,0.7779702493230084,0.0,-0.8114893245568155,-2.2597962979985624
1789423502.161,1.091355323791504,0.4582866430282593,1.8912165808693893,0.3881225564101402,0.8029327678113343,0.0,-1.7523949146759557,-3.1638288987968037
1789423502.328,0.9578986167907715,0.5373851656913757,1.839550039643599,0.3531886619799262,0.9006872839104244,0.032471351723128414,-2.359677581459,-2.76016492593241
1789423502.461,0.8113452196121216,0.5972639322280884,1.7551720526790007,0.29927035993563106,0.9897521204547503,0.1868745177780447,-2.8271979076778493,-2.2458760045833572
1789423502.628,0.6468787789344788,0.6792515516281128,1.2888857191338932,0.3089606505465119,0.7411398401705568,0.3576556463594476,-3.0616193064055803,-1.4451699795561788
1789423502.761,0.6254042387008667,0.6790985465049744,1.0367887974377215,0.38547892293680536,0.5054203582281089,0.49129402450965637,3.016906358842302,-1.1191253373744812
1789423525.462,2.7669808864593506,2.8008174896240234,0.8774551797098862,0.4752519402574947,2.996424956655432,0.574173982334907,2.9179778919367774,-0.8003655758699427
1789423526.529,2.358241558074951,2.464324474334717,1.2909364657712419,1.214952856995819,1.6431888504579877,0.21625802798533322,2.898337844040393,2.840828123630147
1789423526.696,2.546727418899536,2.309659242630005,1.998825373947167,1.5674858229287056,0.9225063879313296,0.0,-2.86719109499892,2.859809012440606
1789423526.829,2.675473690032959,2.1829323768615723,2.5548374944373156,1.8192382595517897,0.38317946533384617,0.0,-2.558388782020512,2.018287039348909
1789423526.995,2.8367109298706055,1.9991967678070068,2.9608752496556057,1.9299932078372974,0.14214749741079846,0.0,-2.3673617589652687,1.0380462625469444
1789423527.162,3.018129348754883,1.7826602458953857,3.204609125516027,1.879539522917937,0.21014352585149604,0.0,-2.336786010498331,0.1911821380780998
1789423527.295,3.1438870429992676,1.571444034576416,3.3699730746296956,1.7214288915079219,0.27131227581360784,0.0,-2.389619642048356,-0.3570683807068223
1789423527.462,3.2598915100097656,1.284398078918457,3.5349571063666554,1.4873836235813145,0.34185408238201326,0.029065431580330564,-2.523203164906198,-0.7410973007320485
1789423527.629,3.3532676696777344,1.0019437074661255,3.183369713792911,1.7207859637288416,0.7386470772992431,0.15331652280882152,-1.9172313502810407,1.9258808476344345
1789423527.796,3.402137279510498,0.7187551259994507,3.0351850853581834,1.9112489731021851,1.2476760349429967,0.0,-1.1255147952402504,2.918293253835949
1789423527.962,3.307962656021118,-1.7854441404342651,2.932158546037493,2.022702987308115,3.8266451724210233,0.0,-0.5588668052048122,2.8211260357386
1789423528.129,3.135586738586426,-2.0132246017456055,2.9005264362390477,2.0198599842573657,4.039928789421219,0.0,-0.1531219705951532,2.039551444183972
1789423528.296,2.955568552017212,-2.2279651165008545,2.9627746688336463,1.9416042429526164,4.169575586485128,0.14289694641560818,0.0366311955964016,1.0210917058089635
1789423528.596,2.634413719177246,-2.562124013900757,3.6147262061669,1.7077369247743261,4.38095024027563,0.4261821323036309,0.06595186744847625,-0.05262003143543248
1789423528.762,2.4791011810302734,-2.6951546669006348,3.8174857489224996,1.4446437581390092,4.350770535380231,0.5090595127456803,-0.038302958083171745,-0.4961540994644369
1789423528.896,2.4163174629211426,-2.74708890914917,3.956902278536176,1.1494800130783138,4.190065744087157,0.5596567616447189,-0.156951625462741,-0.5445670494439594
1789423529.062,2.3694982528686523,-2.771061420440674,3.042626453108874,-0.26337595025079213,2.5964568148459715,0.8967022744819064,-0.9926886832530437,-2.1784556229343557
1789423529.196,2.3878016471862793,-2.750857353210449,1.8241601388722233,-1.181731102892711,1.6672878993535427,1.8259507099244572,-2.0741963856678436,-3.3176093977423973
1789423529.329,2.4413037300109863,-2.706815242767334,0.5165971214880501,-1.5161314985910894,2.2632329326733966,2.692401095690982,-2.508296292418461,-2.8876795254323393
1789423529.496,2.4792304039001465,-2.64522123336792,-0.13408275546366108,-1.525612898827599,2.843049153932481,3.124606860896529,-2.6931426035797417,-2.820314844822464
1789423529.662,2.5094079971313477,-2.598374366760254,0.07932975388744613,-1.5017106596725236,2.666074184026163,3.047731818653202,-2.946119313855218,-2.795753942253378
1789423529.829,2.5273375511169434,-2.5605711936950684,0.36886414245508903,-1.4571873789997445,2.424141765333028,2.6338028268714795,3.0663297693167344,-2.456349234184111
1789423529.963,2.5597777366638184,-2.528764247894287,0.7591845808982823,-1.7323317768331095,1.9688677948380144,2.170198892988136,2.910414637470799,-1.6277110758695819
1789423530.129,2.606170892715454,-2.47609281539917,1.1993661952676105,-1.8103032845584468,1.5563981354841148,1.6346320693485294,2.690454041207918,-1.510973842444035
1789423530.263,2.630953073501587,-2.428431987762451,1.615424328696102,-1.9192270659386268,1.1360406172033686,1.193074580935225,2.499714602526602,-1.3760453837393003
1789423530.429,2.670498847961426,-2.3734731674194336,1.7800335945000425,-1.9912988721027265,0.9690126725811522,0.8237124341790139,2.3711290388956545,-0.8658263285593312
1789423530.596,2.694943428039551,-2.3170595169067383,2.0321475213513764,-2.0903085302815527,0.7005101168848985,0.5167205174545081,2.2011244678612893,-0.9094503312093433
1789423530.762,2.7144017219543457,-2.284229040145874,2.207368519983142,-2.272245986965014,0.5071747839401193,0.3098340006716397,2.1190624096471717,-0.42879294141451163
1789423530.896,2.6885223388671875,-2.2981159687042236,2.406234634553489,-2.5424643897360326,0.37335304855784474,0.19292259241627607,1.9915055353729372,-0.6886733009059979
1789423531.062,2.575223922729492,-2.378711223602295,2.45003926545809,-2.5348239553150567,0.2001059304942738,0.13675547182569525,1.8927191855987946,-0.6395583046744449
1789423531.196,2.440972328186035,-2.4786887168884277,2.491147324482263,-2.5066329229831434,0.057431776113841634,0.12524882437701798,1.7723867937175397,-0.6580975849310376
1789423531.362,2.2939834594726562,-2.6003382205963135,2.5267012535658835,-2.4693030544462857,0.267072623935107,0.14452708218790625,1.7033335888658838,-0.44857941639370236
1789423531.529,2.150487184524536,-2.7082197666168213,2.5630378729305487,-2.4167186813559667,0.5051444874612915,0.18185801354031017,1.642757778581621,-0.32916174681522714
1789423531.662,2.132345199584961,-2.707716464996338,2.596137962164106,-2.3564386646861584,0.5818073732873738,0.22366119429032033,1.6348478570597527,-0.035965863770529904
1789423531.829,2.5754830837249756,-0.9665371775627136,2.6255758164227525,-2.3049536279418104,1.3393535293246934,0.24192120256838084,1.6513560484791405,0.10050077747458115
1789423531.962,2.437188148498535,-1.0283945798873901,2.650514086654098,-2.284720606195208,1.2743088480695497,0.2206672754471134,1.1896683266104713,-0.7197129165110364
1789423532.096,2.4830708503723145,-1.0534441471099854,2.657542387985345,-2.3208325646793107,1.279341126684331,0.11958315752947415,0.3279738434877477,-2.3045080769654707
1789423532.262,2.2213525772094727,-0.9580447673797607,2.5938396379891078,-2.3948326846371923,1.4842864041771722,0.0,-0.46285713095988834,-3.1453625918287664
1789423532.396,2.086911201477051,-0.8329395055770874,2.4889334906648846,-2.453243237873151,1.6694328695387484,0.0,-1.0712782861156072,-2.6679699559425036
1789423532.562,2.012723684310913,-0.6698485016822815,2.3925726299078116,-2.525544339941692,1.8941732406526,0.0,-1.4150074186390662,-1.7520485215377246
1789423532.696,1.932583212852478,-0.5762469172477722,2.324283236426341,-2.587104747121809,2.0486527574075324,0.06319503026546933,-1.5587443174310243,-0.9269873622787753
1789423532.862,1.8294017314910889,-0.5055733919143677,2.4062980322615,-1.8511671247350225,1.464046391221538,0.0,-2.2184798985006706,-3.0078254194054543
1789423533.029,1.7347785234451294,-0.4853830933570862,2.4642921734670153,-1.5144406137992843,1.2614077635510652,0.0,-2.634502917760845,-2.437486832414134
1789423533.229,1.5858898162841797,-0.5456952452659607,2.5057627741419504,-1.3493067598410833,1.2214572137229065,0.0,-2.841447677185684,-1.2991509686367473
1789423533.363,1.4582754373550415,-0.6178556084632874,2.4133882413164263,-1.2460569016925087,1.1431873569567872,0.08095213429717428,-2.961877248942199,-0.662266266140775
1789423533.529,1.2736812829971313,-0.728882372379303,2.285319098972636,-1.142128438040719,1.0927869790111562,0.2283393445729734,-3.0380002944082234,-0.49239303659972916
1789423533.662,1.1369305849075317,-0.8011755347251892,1.793581173764371,-1.0075305618900077,0.6883112617720465,0.3593147972207336,-3.1207867555310194,-0.4305537291716736
1789423533.829,0.9997611045837402,-0.8809109330177307,1.5723306313512013,-0.8938805401619351,0.5727163990075623,0.46148733748994614,3.141283202334778,-0.08912774098700185
1789423533.996,0.8361662030220032,-0.9321120977401733,1.3587792047341314,-0.8284659903343464,0.5327915775788326,0.5436055456185479,-3.108903027548665,0.242089560308724
1789423534.163,0.8092617988586426,-0.9323569536209106,1.2062170283450446,-0.8181611741664812,0.41305463350724786,0.5820173464303816,-3.0287321439377126,0.4992645944546702
1789423535.763,2.06461238861084,-2.3869123458862305,1.0188175406087965,-0.8094849094661224,1.8926077726984352,0.6234372935349562,-2.972615422091195,0.29804480804639505
1789423536.796,2.2009077072143555,-2.1671595573425293,1.2650156136074957,-1.264702240351338,1.3001243093899795,0.02810462986032891,2.724668313038679,-2.6535494836285016
1789423536.963,2.1073014736175537,-2.246018648147583,1.627258429083413,-1.6019985664675689,0.8032454109503142,0.0,-2.8892110449492643,1.2180533705787429
1789423537.096,1.9945306777954102,-2.3060667514801025,1.8180019822947293,-1.7913231549772881,0.5441721698835988,0.0,-2.0102883986999847,2.9573565867815166
1789423537.229,1.9127326011657715,-2.3531126976013184,1.9101479846801082,-1.9318766686454578,0.4212439582152847,0.12141596656473136,-1.2383310800206084,3.0061772259643194
1789423537.429,1.8258280754089355,-2.4145541191101074,2.284415385224138,-2.238594209712425,0.4911865332424995,0.33152546007590744,-0.8529067766395269,1.8674918031183483
1789423537.563,1.772807002067566,-2.446080207824707,2.4748468129011294,-2.3718776086292075,0.7059503677473322,0.450799696621076,-0.7404735973894208,0.8269803047480825
1789423537.696,1.7667357921600342,-2.446044445037842,1.7977199386759257,-2.3236732243204083,0.12623285228177747,0.45216009290222015,-1.5153923376331386,-1.7105238693370568
1789423537.863,0.9045347571372986,-0.7027278542518616,1.748389967242115,-2.2021440455982466,1.7205640152266184,0.39668070998576976,-2.318376212088405,-3.1065396917975594
1789423537.996,1.058556318283081,-0.6098875999450684,1.7018289585359976,-2.15839448508118,1.67680447966121,0.38047508346093234,-2.922069607980568,-2.674292267943741
1789423538.129,1.1357312202453613,-0.5036286115646362,1.6030221292390312,-2.1517953155600718,1.7131299652353607,0.41781201606210655,3.105704322503126,-1.535107226084746
1789423538.296,1.279750108718872,-0.3602756857872009,1.4838747067838554,-2.1787290297627653,1.8298741529818665,0.45979637736837387,3.005463124197851,-0.6752028546663268
1789423538.429,1.4017025232315063,-0.23876790702342987,1.3700415063585398,-2.2266304936974097,1.9881147058174475,0.47044679344294343,2.9781729149820633,-0.161871629290313
1789423538.596,1.4995495080947876,-0.08851657807826996,1.3213551898799043,-2.2607881231535756,2.1795680490840206,0.45928827403552674,2.974506690475666,-0.05237816710900321
1789423538.763,1.582563042640686,0.06318539381027222,1.3370122787784036,-2.2912116077705096,2.367167171681359,0.40974704192537287,2.970915719148186,-0.04488077368608513
1789423538.896,1.6640939712524414,0.15406349301338196,0.11764637069418757,-1.7753324923564457,2.4726643625113356,1.1510940968491585,3.0026689906724258,0.42362566168422633
1789423539.063,1.7531509399414062,0.2058730274438858,1.6253521960394566,-0.4205398748490319,0.6393165437417935,1.3760887669992348,2.337859301632176,-2.020153885199053
1789423539.196,1.82362961769104,0.19971385598182678,2.2397887247540664,0.006389328625686037,0.4588711968177679,1.6277732053782785,1.5222620963768962,-3.151097745618664
1789423539.363,1.909530520439148,0.16896788775920868,2.756996612838936,0.4552155119863879,0.8945034824655914,1.882870884976175,0.978853782145177,-2.4742048041890885
1789423539.463,1.8183927536010742,-2.197225570678711,2.9263410812988755,0.5749641525135448,2.9853953437059406,2.008508805759216,0.7626470186576308,-1.4515306261150902
1789423539.63,1.7122373580932617,-2.2571091651916504,2.9659074812570894,0.5877894986298228,3.1088803748498925,1.961987930904437,0.6154383967945258,-1.0067474377092827
1789423539.763,1.6450861692428589,-2.293153762817383,2.9631407190551506,0.6666955085888433,3.240057947896125,1.7876982664065475,0.5560855179253044,-0.5071792985796221
1789423539.963,1.6384201049804688,-2.292788028717041,2.8922248948850866,0.720979123472692,3.2641720081523853,1.6079263124061756,0.5469299905099403,-0.1962894855569342
1789423540.13,2.3811936378479004,0.11411957442760468,2.803837359667563,0.7041160120184853,0.7257571990435273,1.3762866813984775,0.5327441270140465,-0.15527714146549634
1789423540.263,2.5048980712890625,0.09662694483995438,2.6983710129907386,0.6619218143136572,0.5974864589461345,1.1719389051115987,0.5274431303533955,-0.0641145135073489
1789423540.396,2.5613856315612793,0.042203232645988464,2.648404503117536,0.6573370330206607,0.6212583008462031,0.9535785940798387,0.5456674269142332,0.11559631520435086
1789423540.563,2.614025115966797,-0.053636334836483,1.8020541970547175,-0.5318770720800026,0.9423433429054145,0.0,0.8864705634419838,2.6819393585814018
1789423540.73,2.721893310546875,-0.16185791790485382,1.6390513033066507,-1.2258445920868866,1.5180956674337032,0.0,1.4859961002060205,3.0006540060894293
1789423540.863,2.864093780517578,-0.24533498287200928,1.6035076534583803,-1.6769552892666635,1.9075151599438553,0.0,1.8638930916373546,2.337443306872434
1789423541.03,3.3058018684387207,-0.3441632390022278,1.6399471135607548,-1.9649539466202843,2.324227738895345,0.0,2.1891580888080107,1.525433443478379
1789423541.196,3.2380266189575195,-0.41815558075904846,2.871096243584909,-0.17591554040572743,0.4396795850633318,1.453515849935114,1.5265716473025837,-2.915513267530872
1789423541.363,3.265592575073242,-0.4401150345802307,3.8632160102541975,0.6187995041427692,1.2159168436190153,2.1222355289306245,1.0087921543338814,-2.6683323929525296
1789423541.496,3.3353614807128906,-0.35457077622413635,4.565842484318301,0.7529643726992914,1.6555112824546432,2.374726921299624,0.6718502882340309,-1.9163346480236028
1789423541.663,3.399479866027832,-0.13357514142990112,4.773368982919102,0.8127166791697742,1.6682444410955255,2.2504744861531303,0.47981828919805514,-1.006014217673262
1789423541.796,3.4717934131622314,0.062324754893779755,4.676546500881393,0.5964284256067017,1.3178379010477244,1.922958881838786,0.36936775844526304,-0.515627190532487
1789423541.963,3.5379419326782227,0.3566227853298187,4.5853005901281305,0.37554799597890054,1.047529627711496,1.6511735344517826,0.29755254504000384,-0.32363013093141574
1789423542.13,3.5551705360412598,0.5287455320358276,4.808261705178027,0.2626255515431208,1.2810375959299511,1.5913516454706962,0.2365684368877945,-0.1142702257346211
1789423542.263,3.6237237453460693,0.649398148059845,4.699325252429251,-0.2713557458168894,1.4158765253823442,1.3301446609952352,0.04783827147279851,-0.8994740866730248
1789423542.463,3.718996047973633,0.766656756401062,4.445037619166702,-0.6373011923797745,1.5805803633619502,1.0859425058559347,-0.18274399661816432,-1.1742947587585406
1789423542.596,3.7853503227233887,0.7472561001777649,4.210993584613295,-0.8942101606554356,1.6957546024841,0.9295173271645566,-0.4099180860218903,-1.4734957958474766
1789423542.763,3.672483205795288,0.5296710729598999,3.5682054524245417,0.3893259922804104,0.17484447809119572,0.743131819918103,0.257135249036605,2.1068582691263376
1789423542.93,3.560087203979492,0.23921942710876465,3.4347035541943836,0.5739397538656955,0.3574335697408699,0.698143225116675,0.9616452809939666,3.0847131686138782
1789423543.063,3.778658151626587,0.03849649429321289,3.2891516746808405,0.9559966493063762,1.0399149606679456,0.8583985267238028,1.523131757532779,2.468983404027342
1789423543.197,3.575917959213257,-0.1340518295764923,3.4821876060166486,1.4165635469709927,1.553445662099534,1.026432989727237,1.6093972387221882,0.383925820266048
1789423543.363,3.3270978927612305,-0.2980647087097168,3.907927331463428,1.659928735010784,2.042327388670968,1.1207677707130106,1.4458385410315095,-1.067602097008055
1789423543.496,3.160407543182373,-0.39955437183380127,4.0734985505421,1.7662159833086815,2.350382185716867,1.1071288736195772,1.2677913809720733,-0.8202219831656431
1789423543.663,2.9932234287261963,-0.5147099494934082,4.036429295213429,1.6616259893387955,2.4134449648844343,0.9950548291005488,1.2388065421190735,-0.14959512118600332
1789423543.796,2.8731813430786133,-0.5988216400146484,3.168136529921844,0.8045155842202216,1.433999277255381,0.6331393204835092,1.8002352578728287,1.3381639769710232
1789423543.963,2.7249584197998047,-0.6676769256591797,3.564564062052722,0.5763220027001679,1.5008234300750167,0.20612607658637266,2.6551741098000683,3.0086750131029785
1789423544.096,2.600407600402832,-0.6844196319580078,3.6376702744410507,0.36690361159975604,1.4768867314041836,0.0,3.1301510704507702,2.493091796789006
1789423544.263,2.4288291931152344,-0.6774067282676697,3.629941235083477,0.21487865881037008,1.496276494954769,0.0,-2.9075460639941664,1.341597886976041
1789423544.43,2.2478151321411133,-0.6410678029060364,3.4926543896070688,0.06693215068927327,1.432092424119111,0.25787738699062424,-2.785032591677279,0.6022681058841833
1789423544.563,2.1018874645233154,-0.5967006087303162,2.7960405424996058,-0.2818987086083937,0.762199929142171,0.5537331033055513,-2.7770254019950467,0.014615871234737534
1789423544.73,1.9655263423919678,-0.5450254678726196,2.303681516766681,-0.4267224632593847,0.3582520381755167,0.8147889654096707,-2.8522916468026662,-0.4677926950016922
1789423544.863,1.8550517559051514,-0.5007111430168152,1.9721388525443146,-0.4934694959569908,0.11731082495459583,0.9593495162199102,-2.9249288984507054,-0.5643493894804076
1789423545.03,1.702855110168457,-0.46785464882850647,1.7094783693298978,-0.4895324704637368,0.022667057876320663,1.0254914045995651,-3.033857039846323,-0.6905922248422842
1789423545.197,1.5526280403137207,-0.438541978597641,1.5550397394917856,-0.47913533311511614,0.04066493236078106,1.040526232498965,-3.1076675195477277,-0.5750382648873642
1789423545.33,1.4278864860534668,-0.4412755072116852,1.39610863618188,-0.4264169885397862,0.03508001310695709,1.036314072682862,3.07952945398622,-0.5907736697371131
1789423545.497,1.286031723022461,-0.4537627100944519,1.2222083436011446,-0.4459573757897749,0.0642988880492118,1.035454189519109,3.045353888352495,-0.2230540982335561
1789423545.663,1.1608240604400635,-0.4637308120727539,1.0672883439961738,-0.5302145969014536,0.11475636756110998,1.041486201246561,3.0753904279116844,0.18734794994947132
1789423545.832,1.029441475868225,-0.4789356589317322,0.9324586989248463,-0.6323591265454176,0.18150597631553825,1.0187598786650818,-3.1285933244043753,0.4497420868054271
1789423545.963,0.9088265895843506,-0.5083608627319336,0.8553828322652474,-0.6604079595672547,0.16116623359883026,0.989047543610221,-3.0809526254207182,0.3466051045435209
1789423546.13,0.750077486038208,-0.5753819346427917,0.732306023300625,-0.6465916577767803,0.07339379780780257,0.9592779183977782,-3.0524369760776136,0.19318476172012458
1789423546.297,0.5652720928192139,-0.6543676853179932,0.6204514612181159,-0.666377703259064,0.056471260193540845,0.9315662173800558,-3.016896140100623,0.23558071536319602
1789423546.43,0.5381004810333252,-0.653668999671936,0.5188714563152287,-0.6555447362840591,0.01932029449690727,0.9169018149222659,-3.0036964872754037,0.12321631158920004
1789423556.997,0.9092597961425781,0.6014836430549622,0.38795287333153583,-0.6223225487747167,1.3302114504586775,0.8999772412920289,-3.0138986691202425,-0.0314323065709514
1789423558.031,1.5527840852737427,0.23812097311019897,0.039647065017090984,-0.3013861169778385,1.606440643885245,0.6060784671030192,3.1213422689473305,0.33138337129256146
1789423558.197,1.6172410249710083,0.16533449292182922,0.7702133323432131,-0.07994686350603475,0.8818269988435711,0.20465515795815648,-2.5934248585632025,1.310029133999537
1789423558.364,1.707648754119873,0.08762609213590622,0.9243380462872797,0.06734578931041775,0.7835731974027008,0.0,-1.813108927202803,2.8923926106065356
1789423558.531,1.7308826446533203,0.021645456552505493,1.0216040687721721,0.2068919115544024,0.7330704927186468,0.0,-1.1333669325485967,2.881174234358545
1789423558.667,1.6947987079620361,-0.017086461186408997,1.0932459637988376,0.26847095581955494,0.6658894370820072,0.0,-0.8429553486746242,1.6721257745227929
1789423558.797,1.7293915748596191,-0.03449052572250366,1.1799798115196587,0.2752405757801146,0.6307032907273831,0.06577512058622585,-0.7154447874489875,0.8015637319585271
1789423558.964,1.8254742622375488,-0.05089953541755676,1.2936740228033667,0.24473379543517407,0.6084493084664766,0.22200384332388046,-0.6811057134288618,0.18986952463387108
1789423559.097,1.897130012512207,-0.05095028877258301,1.6358425409858937,-0.04483048629909705,0.2613591298556997,0.34448575661650493,-0.752246414205902,-0.4788619145585062
1789423559.264,1.9634573459625244,-0.04577837139368057,1.7681885159756938,-0.20771865106745352,0.253682025664503,0.44049284961939517,-0.8579984722674321,-0.6011584550621081
1789423559.398,2.007047414779663,-0.015674665570259094,1.9344092987599169,-0.3358978857929952,0.3283583509958549,0.5207852075002253,-0.8800935867664732,-0.13795344952382033
1789423559.564,2.0311641693115234,0.03667593002319336,1.910602470645289,-0.4881564288376222,0.5385017438158356,0.5395937763011236,-1.027948755147761,-0.8318573316942577
1789423559.735,2.0243074893951416,0.12114528566598892,1.7052795417620954,-0.5509917263551962,0.7440073886055975,0.5043360851485658,-1.2912541466990883,-1.701754603318861
1789423559.864,2.00822114944458,0.19968129694461823,1.5642864653171924,-0.5177812564658355,0.8437004914764076,0.45845115947483706,-1.5752674449669228,-1.8806350875871558
1789423560.031,1.9560258388519287,0.3001837730407715,2.122878434706952,-0.021423019653011584,0.3623130108764266,0.40587928305753557,-0.8875123378093726,2.4711006621030926
1789423560.198,1.8916940689086914,0.3964712619781494,2.19944155802327,0.04898007317077205,0.4641752291485319,0.3957203448521807,-0.2760945979719551,2.994359737029024
1789423560.331,1.7923110723495483,0.470109224319458,2.2996608435998036,0.11593821656284635,0.6187413782211597,0.4193246524155849,0.17052016071194886,2.199773714081202
1789423560.464,1.6695489883422852,0.5331326127052307,2.3838878900151967,0.14153287748677373,0.8146351447528073,0.4343843710625581,0.3197466989958686,0.9257862168699618
1789423560.631,1.4877524375915527,0.5842050909996033,2.438866057354855,0.14522291287887532,1.0475316083092052,0.41933430132082167,0.351965390548199,0.161446900730437
1789423560.764,1.3404818773269653,0.6072617769241333,2.426560608301739,0.16739717576028798,1.1717712563605593,0.37072320625896843,0.34653033921657395,-0.051458096720434714
1789423560.931,1.182328224182129,0.6289228200912476,2.383535568986533,0.19572024941861876,1.276935218579792,0.32194723908331035,0.33525033376791846,-0.10469375475255292
1789423561.064,1.0472216606140137,0.6286542415618896,2.059906571364353,0.15580936421625405,1.1176372427999308,0.24077219799746113,0.30641734393300357,-0.18991508610770635
1789423561.231,0.8560471534729004,0.6268815994262695,2.0114287825938644,0.235894300827226,1.219744963742827,0.14738276172700093,0.834352680976786,0.8862361378529174
1789423561.364,0.6954222917556763,0.616025984287262,1.9386307191275005,0.3171291465826016,1.278634628609037,0.11167260993739588,1.6613272388706521,2.589912074565987
1789423561.531,0.515542209148407,0.6085944771766663,1.8534822574477807,0.39690440241445546,1.3545834269605401,0.18619978800028597,2.3956467741224454,3.084754927152521
1789423561.698,0.49065500497817993,0.6085294485092163,1.309872621827033,0.5156653758758155,0.8244642137422191,0.4026138003996913,2.802994386891732,1.9334662304639738
1789423561.864,0.5099458694458008,0.6087601780891418,0.8980083256300264,0.6098461222927447,0.3880639756207053,0.6390664505474712,2.933939870451656,0.8069313641664684
1789423561.997,0.5174126029014587,0.60912024974823,0.46790329213781623,0.6523296252202327,0.06571317965957393,0.8492485012171239,3.021772025243732,0.4797840983704575
1789423562.164,0.5170248746871948,0.6088072657585144,0.15852001805450833,0.62017554345571,0.35868505679359386,0.9727992059000425,3.0829940583537505,0.40596163820357417
1789423562.264,0.5153508186340332,0.609208345413208,-0.13380944013815071,0.5981061289063577,0.6492551892596112,1.0636337669059794,3.1342709749842506,0.28322749367304145
1789423597.133,2.749277114868164,2.9421989917755127,-0.3669495102225525,0.566023617930034,3.9188107617227423,1.1207662469644921,-3.1189872050587346,0.19647660119401583
1789423598.166,3.729360580444336,1.8566563129425049,1.2902057107687754,1.2633357432340726,2.5102800195797155,0.0,-2.8745832654679364,2.5450206219607914
1789423598.367,3.590493679046631,1.7510836124420166,2.0023213724775495,1.7673043175012815,1.5882551390206725,0.0,-2.47113614027543,2.5062328068961657
1789423598.533,4.07194709777832,1.6820565462112427,3.0484191830084058,2.286622977784896,1.1887430178549738,0.0,3.030277022453637,-1.5345820598891617
1789423598.666,4.001910209655762,1.5205657482147217,3.4630771477623297,2.3226695413601113,0.9662875159949409,0.0,2.0665890795729247,-2.936441567127579
1789423598.833,3.6257452964782715,1.339933156967163,3.5212205716669085,2.2530794952059034,0.91910916279608,0.0,2.9033866637886554,3.0743201943703884
1789423599.0,3.546105146408081,1.1338039636611938,3.5205589402678688,2.178293289208638,1.044801684450553,0.0,1.849500856318822,-3.1104401555342176
1789423599.166,3.520026206970215,0.9027338027954102,3.5283140925223258,2.0830771698399477,1.180372463747338,0.0,1.1180973003578618,-2.985932924696102
1789423599.466,1.7389957904815674,1.804410696029663,3.5722794940008646,1.8869419411363704,1.8351404698301146,0.0,1.773640137773837,2.372449278326634
1789423599.666,1.781517744064331,1.7433984279632568,3.708832760062378,1.824610517246579,1.9290252912642991,0.0,1.0256039200027587,-2.9428888404367863
1789423599.833,1.7723824977874756,1.7205898761749268,3.743921127919311,1.5499376222980366,1.9789104986975476,0.0,2.6368593398668123,2.8710721877260927
1789423600.067,1.7506179809570312,1.819197416305542,3.6980284493936955,1.4177555910402255,1.9883568773359215,0.0,-3.083896284606043,2.573536378025287
1789423600.2,1.7183833122253418,1.752331018447876,3.6310658703396275,1.2702526731871895,1.972499454774041,0.10165912417072884,-2.7124338748493106,1.9112495378217937
1789423600.367,1.6804454326629639,1.711483120918274,3.2532599662767487,0.29028780677734234,2.119797555919642,1.155020119439923,-2.046058053403968,2.9891124201624693
1789423600.533,1.6160131692886353,1.7115132808685303,2.3677269895660955,-0.01876297978559613,1.886512551185218,1.3599543819626398,-1.9126796637698937,1.6698638349607262
1789423600.667,1.5530352592468262,1.7160593271255493,2.3753855553772163,0.32301666841309296,1.617661231079737,1.0095920543523047,-1.6644371494626735,1.683952583377232
1789423600.833,1.534335970878601,1.7154994010925293,2.251168536579051,0.7939553807434327,1.1675154425916026,0.6257083296410924,-1.5387093003764694,0.9684976242195171
1789423601.167,1.5425257682800293,1.7182261943817139,1.9863323503097428,1.5587891805260137,0.47157655119833886,0.22039676343968218,-2.2976323685978,-1.5970394073323337
1789423601.3,1.5428173542022705,1.7189840078353882,1.8729100552927513,1.6273433205388772,0.34257730059270775,0.1753807162066692,-3.0745071503237504,-3.1040901733354764
1789423601.467,1.544105052947998,1.719449520111084,1.7825895428362017,1.6589280361368206,0.24604410567961946,0.25409423160971306,2.6305260915825297,-2.5853340961200995
1789423601.6,1.54533052444458,1.71876060962677,1.5026525207020416,1.9862114813929213,0.27083460047032837,0.34645600857436804,2.3498659585318915,-1.4618571569823684
1789423601.733,1.5446796417236328,1.7195141315460205,1.4048483058919083,2.078704406623745,0.38544838330299935,0.40654204102834385,2.2417832562516136,-0.7135764426904285
1789423601.867,1.5433413982391357,1.719454288482666,1.3695600898206453,2.1031140719332027,0.4211825881882526,0.3918329705498393,2.168559111534959,-0.4211516208210209
1789423602.033,1.5412861108779907,1.7202537059783936,1.5499003694518396,1.7812896125884303,0.06164079287684625,0.3252548858793735,2.128709399373757,-0.2300964778887403
1789423602.2,1.7791184186935425,-0.3915734887123108,1.5405441403944853,1.779830326485684,2.184470694452623,0.24635926780342413,2.105928764356621,-0.1315520893629572
1789423602.333,1.7313443422317505,-0.3963218331336975,1.5381793870056173,1.7701615390286636,2.175077677183854,0.1856747146284722,2.0954633756050107,-0.0732183164828204
1789423602.5,1.6382067203521729,-0.40749770402908325,1.5370050908914696,1.762305859547424,2.172162349898094,0.1282809058091272,2.0872163411852007,-0.04741384730409414
1789423602.633,1.578275442123413,-0.4159392714500427,1.5387836126551404,1.7517922925954448,2.168091266149524,0.08692874477732984,2.0838019771098644,-0.023743466861307176
1789423602.8,1.5332858562469482,-0.4320625364780426,1.5400802303189336,1.7437671471149399,2.1758402918236825,0.05721729255612129,2.081892602427234,-0.013236445207380078
1789423602.933,1.5119249820709229,-0.45088130235671997,1.5409235920620683,1.7373298630199328,2.188403304617425,0.03562494052365147,2.0808942769570358,-0.006916382020415266
1789423603.1,1.4960498809814453,-0.48756667971611023,1.5410326682094433,1.7327184966247995,2.2207408032964997,0.01963222777527653,2.0803939278123984,-0.002951070533138784
1789423603.267,1.478790521621704,-0.517157793045044,1.8432760531966506,0.8831467477914192,1.446963202647078,0.0,2.7152831524627326,2.9980048881012173
1789423603.367,1.4634965658187866,-0.5259771943092346,1.893958282733594,0.47764272002068325,1.092039478301419,0.0,-3.114607633122339,2.652178435149245
1789423603.534,1.437819480895996,-0.5481500625610352,1.7971266695541408,0.22911797468814787,0.856298579673362,0.17367036658457558,-2.75273470614379,1.9083513407137267
1789423603.7,1.384020209312439,-0.5844486355781555,1.3466560546836506,-0.2298795494892941,0.3565323503709228,0.41973772491030864,-2.6042125320470393,0.9404386589583624
1789423603.833,1.2974600791931152,-0.64512699842453,1.068015298073087,-0.5311804502532756,0.25618103642416945,0.6192666513744214,-2.5188259180453816,0.4305501223261325
1789423604.0,1.1774353981018066,-0.7551096677780151,0.9299206582253311,-0.7113136541120352,0.2513595776356056,0.7004007330170523,-2.489482326934266,0.14861301733918794
1789423604.134,1.070267915725708,-0.8437293767929077,0.9654236362373414,-0.7864311174399423,0.11947976174362927,0.6951094183816992,-2.444136432773739,0.21110594050540654
1789423604.3,0.9509267807006836,-0.9412888884544373,1.0584530568352708,-0.7974713497575943,0.17956999887561795,0.6359337450168556,-2.3896153787737577,0.27332056629297474
1789423604.467,0.8464398384094238,-1.021186351776123,1.137504842340928,-0.7740314367590204,0.3818434083898238,0.5816925387229696,-2.359656520973927,0.22307254404066718
1789423604.6,0.8325073719024658,-1.0204925537109375,1.1592537959487905,-0.7831328779772274,0.40385992781095853,0.5031525725503867,-2.3294996771071665,0.1527006766305095
1789423605.7,0.9543418884277344,-1.0890008211135864,1.1085130227986582,-0.840392479909383,0.2925317862891536,0.4462105526163203,-2.3310227675674087,-0.014222713469980613
1789423606.767,1.0160353183746338,-0.9021094441413879,0.5104020958312935,-0.6986802150777066,0.5450214738677797,0.6614538044235287,-2.7821868792359066,-0.900599359789275
1789423606.934,0.9990991950035095,-0.889164388179779,0.827636891345421,-0.5517180479508782,0.3785093844406208,0.5647331818132474,2.807275323184933,-2.0680483141668136
1789423607.1,0.9538378715515137,-0.8960381746292114,0.9731199048132725,-0.5715934228316647,0.32501722073711614,0.4421623361380245,2.0629802561176325,-3.099451280175162
1789423607.234,0.9252281785011292,-0.9120107889175415,1.0463999198864307,-0.6390415488627746,0.29865497974489447,0.3387315163788583,1.481967009575146,-2.621365479893347
1789423607.4,0.8887279629707336,-0.9370666742324829,0.9170649711943474,-0.9173634713677031,0.03451379779444474,0.26247607333156187,1.195862713089383,-1.4674887516416415
1789423607.534,0.8513209223747253,-0.9549595713615417,0.9373223508909978,-0.9102320063818804,0.09693709700547748,0.2103761589796329,1.0242522447451599,-0.9540661313487534
1789423607.667,0.815338671207428,-0.9690539240837097,0.9530498985865852,-0.9033991777439283,0.15256122660497645,0.18559135124458437,0.9208223940689031,-0.6821196108947175
1789423607.834,0.8073139190673828,-0.968504011631012,0.9850941399249773,-0.8853269061195075,0.19627592264321933,0.1889392865812091,0.8746429309770205,-0.25106191960429053
1789423610.9,0.8580186367034912,-0.8446639776229858,0.9999692781645311,-0.8733640346988167,0.14482291906793152,0.1682755201850054,0.8933459464493598,0.10485417268494322
1789423611.934,0.7978862524032593,-0.39725321531295776,0.8416210161146801,-0.9244723206965929,0.5290299751794925,0.09678104773856122,-2.620221989858253,-2.8398637336825634
1789423612.067,0.9500377774238586,-0.3157939910888672,0.8204705582252719,-0.9069014154719138,0.6051410178227996,0.09718733081648714,-2.950428640439915,-2.0149715470139955
1789423612.201,1.0814311504364014,-0.256483256816864,0.7918733126188052,-0.8779898057610404,0.6856486941737009,0.11562946288696677,3.007331192175714,-1.7451486306566117
1789423612.368,1.2592220306396484,-0.197563037276268,0.7687509997929419,-0.8409367255192555,0.8090065109893837,0.13514479561882617,2.8585773530626746,-0.962135768959361
1789423612.501,1.40907883644104,-0.1471397578716278,0.743100685128809,-0.792014930824366,0.9270333795047948,0.16641913419170046,2.604698246798902,-1.3892898801946953
1789423612.667,1.5564091205596924,-0.04924563318490982,0.724848079111073,-0.7443426948964159,1.083814417165172,0.19518797128359278,2.433071960854699,-1.1188325559307357
1789423612.801,1.6655806303024292,0.050168901681900024,0.7006675175326189,-0.6611872895867941,1.1987847788704307,0.2764034743233046,2.106057327877066,-2.087287575925323
1789423612.934,1.785567283630371,0.1704515516757965,0.9466597076262411,-0.2163694881572921,0.9237945864393649,0.39719673446286796,1.5154217984903067,-2.9194609178293334
1789423613.067,1.916251540184021,0.30504298210144043,1.2122791114831184,-0.12382700080523609,0.8243219289873468,0.5121269385776674,1.079159153984814,-2.5601439178151395
1789423613.201,2.0484824180603027,0.44686803221702576,1.5001900282053948,-0.03779563263164483,0.731794652069384,0.6439913043017693,0.7537982581279614,-1.9606889125032343
1789423613.534,2.2877776622772217,0.8280462622642517,1.8227037907086383,0.1423821140531723,0.8285101267684157,0.8028810368255259,0.5704116697488342,-0.9507078551022333
1789423613.701,2.399092197418213,0.9864123463630676,2.321149526403045,0.5340486233056849,0.45902940853861984,1.0271033644126952,0.567933234869062,0.17714091271269145
1789423613.867,2.4775373935699463,1.1336324214935303,2.5014874996799126,0.6732857162616157,0.46096930114765544,1.0822101557637365,0.5899904359125183,0.1620202353427698
1789423614.001,2.496195077896118,1.2172850370407104,2.6506883501557703,0.8390406984109233,0.4085791855674737,1.1278035069733008,0.6240087542275177,0.2271215855193467
1789423614.134,2.5086510181427,1.2918760776519775,2.8260752618165617,0.9902980759927174,0.4378440836150646,1.1774850508971026,0.6448224831717733,0.1251303124399108
1789423614.301,2.5629944801330566,1.3712432384490967,3.069061065949703,1.0633777834643954,0.592355068901292,1.2281796074239333,0.6136035656961538,-0.23624497104456205
1789423614.468,2.5862410068511963,1.4075796604156494,3.4248601372863496,0.8768820734329268,0.9924323527380077,1.2566292382997162,0.42268784320538444,-1.136915525705334
1789423614.601,2.568459987640381,1.4279468059539795,3.6053958117749416,0.6802747113482731,1.2783776689326614,1.2271339825951473,0.20088516375616194,-1.3544261924998542
1789423614.767,2.543691635131836,1.4507429599761963,3.6035281493399163,0.45925863748286366,1.451307892419385,1.1283033697298417,-0.04740241965982639,-1.5333012858037112
1789423614.901,2.51958966255188,1.4225382804870605,2.3722305037975127,1.8050492718845237,0.4099138692562926,1.0252490740749753,0.6456422253871663,2.343040697489347
1789423615.068,2.504733085632324,1.394690752029419,2.414461279476137,2.059385616892896,0.6707967369945805,0.9973775630774464,1.2094303196104583,2.8026556168981562
1789423615.201,2.477391242980957,1.3636391162872314,2.6198208948224173,2.090852564929232,0.7410300976407581,0.9850943531831768,1.3880374868207763,0.9728744798852111
1789423615.334,2.416966676712036,1.3191018104553223,2.8419748713475164,2.0984523009229665,0.8877044285681287,0.9393351298004705,1.3030056687242224,-0.4917993617944374
1789423615.501,2.380631923675537,1.2496060132980347,2.856689564826177,2.0015157998802384,0.8899433717130584,0.8258522012640297,1.215620220690548,-0.48987803568201177
1789423615.634,2.3773610591888428,1.1811891794204712,2.7868384275309954,1.9207969981045507,0.8453942516027876,0.7008050558152215,1.2089339702165187,-0.057555385200995686
1789423615.834,2.3750860691070557,1.1072739362716675,2.7172099258337896,1.878805072724802,0.843984021091774,0.5545074889470241,1.2558137674914018,0.2453717859300129
1789423616.001,2.351611614227295,1.0552704334259033,2.688725267973331,1.8339058386280933,0.848480235348108,0.40578468588236793,1.2669314584153462,0.060271994824537545
1789423616.168,2.288094997406006,1.0159673690795898,2.5448584800978034,1.4967367988297169,0.5450382836336208,0.248841587623004,1.8036636231918362,0.8763092100197889
1789423616.301,2.23549222946167,0.9831610918045044,2.491117448359587,1.4533151758428424,0.5351533567815272,0.14007849616235424,2.624108767485364,2.6661534755283767
1789423616.468,2.1817567348480225,0.9443857669830322,2.4530220836966925,1.4050273055813154,0.5345797569756867,0.09779036034931679,-2.9421952396083935,3.064312983087156
1789423616.601,2.1366446018218994,0.9109312295913696,2.4165916766465796,1.351961792946209,0.5223775670106653,0.13485439843576646,-2.4739288073620314,2.1995496788128004
1789423616.768,2.094693899154663,0.8756683468818665,2.386798788432348,1.2893949108181892,0.5064532910807124,0.19928219397798988,-2.2890341640056593,1.12893881276239
1789423616.901,2.0568714141845703,0.8468530178070068,2.3531259382202943,1.2014822657770263,0.46209159971526736,0.28206257369311527,-2.1554237537196963,0.6217712805713242
1789423617.067,2.019205093383789,0.8050994873046875,2.1451559636428343,0.8357778043111821,0.12963325519850927,0.3373537601644478,-2.140703955672434,0.07489849395880845
1789423617.238,1.9845662117004395,0.7504489421844482,2.0720036501061707,0.7391783094957194,0.08816083482000549,0.3765607540863889,-2.159873276184795,-0.1094613911025207
1789423617.368,1.9653234481811523,0.7010595798492432,2.011827823309726,0.6729808065786114,0.05432379234260661,0.39989184043999104,-2.1804037607001874,-0.1369010902439062
1789423617.536,1.9461894035339355,0.6506701707839966,1.96426586051382,0.604877108808122,0.049231725767759804,0.40969423448034,-2.182192972736532,-0.006759580716882881
1789423617.668,1.9228699207305908,0.6201572418212891,1.9317645311195264,0.5535129578225373,0.06723521907212947,0.4134916974161194,-2.168177698636317,0.09912497379198276
1789423617.801,1.89541494846344,0.5985020399093628,1.9138217719613082,0.5213640951095296,0.07930368011147895,0.40307140660653384,-2.1393276439750357,0.1662668993633094
1789423617.968,1.8555738925933838,0.5816853046417236,1.899975795199695,0.48937555393184967,0.10243348588806016,0.390970832601536,-2.1060831622596083,0.2297135860132056
1789423618.101,1.8242303133010864,0.5707410573959351,1.8627098900388663,0.4625387373666925,0.11484084589391233,0.3762578836446602,-2.096852245268128,0.05823818491472509
1789423618.268,1.7778947353363037,0.5427843332290649,1.8059241453646644,0.42164253005327534,0.12434220644342658,0.36875172761253805,-2.1224435858045902,-0.13500882898297653
1789423618.401,1.7377513647079468,0.5070987939834595,1.778710719728576,0.3831105098804146,0.13057857159014766,0.3682132912461187,-2.1281213623328994,-0.03639225781525616
1789423618.568,1.7047059535980225,0.45764225721359253,1.7625111503434636,0.33430228516136684,0.13621376390300274,0.3613413673105405,-2.111472996690685,0.09217589831816798
1789423618.701,1.681594967842102,0.4142574667930603,1.7555981358981838,0.31915514926735056,0.12050277872770238,0.3512393198828941,-2.1009279615512306,0.07174520103767498
1789423618.834,1.6719415187835693,0.3705328702926636,1.7364955537892355,0.3175710563993958,0.08349956386938737,0.33596456342914527,-2.113277774889272,-0.07961324532322603
1789423619.001,1.6434037685394287,0.30681174993515015,1.8692353325525513,0.5531061085682624,0.33415685897361014,0.31142008516637965,-2.143018279328112,-0.16009001563674777
1789423619.134,1.6198798418045044,0.24374064803123474,1.8435988985970237,0.5378730277652605,0.36954576601570693,0.28845767482217793,-2.157496583213401,-0.09060245758800664
1789423619.268,1.589801549911499,0.16941767930984497,1.8078406497266455,0.5130352328772415,0.406957088853164,0.2764296639109689,-2.1705702727372773,-0.06627218749271808
1789423619.434,1.5792838335037231,0.06844259798526764,1.772382231629717,0.4884849592434454,0.4623013915295631,0.2820479028176009,-2.195933646797248,-0.1633380274300381
1789423619.568,1.5512034893035889,-0.011367440223693848,1.732030476675966,0.44932284444038534,0.494908009377541,0.2948475001215156,-2.1924543943599795,0.02311743563586208
1789423619.701,1.5213844776153564,-0.08097601681947708,1.5244363608382334,0.1604489758219513,0.2414442814877168,0.3079956984171633,-2.1845372829610636,0.05527580845169898
1789423619.868,1.4739128351211548,-0.15739281475543976,1.483427783018074,0.12485769973271346,0.28241084816682993,0.3152558594011896,-2.202124980283479,-0.11735336741542844
1789423620.036,1.4201242923736572,-0.22659491002559662,1.433965104133344,0.06375190795875592,0.29067652602817073,0.3312138325472734,-2.225239239998399,-0.13021904987645777
1789423620.168,1.3801885843276978,-0.2684190273284912,1.3799215276301444,0.004180389069685023,0.2725995472114838,0.35348984082631807,-2.253780269593107,-0.1949792214969834
1789423620.301,1.3374943733215332,-0.2887720465660095,1.3124149517525512,-0.06884324589968646,0.22135413876582924,0.38565324598776907,-2.2910933539248703,-0.25410927979680453
1789423620.601,1.260957956314087,-0.26017504930496216,1.2356184309455454,-0.15205488686047772,0.11104981347541591,0.4165310583747555,-2.3483815557938117,-0.3331326929913341
1789423620.768,1.2145323753356934,-0.2173815369606018,1.1428988643509495,-0.3401771030741937,0.14216226979462215,0.4675021431975275,-2.36656545480525,0.006184370142516899
1789423620.968,1.1843777894973755,-0.17411941289901733,1.0670651146283898,-0.4165114155296829,0.26928822221593895,0.48571878006852165,-2.3955631057495355,-0.1784659505336302
1789423621.101,1.1608436107635498,-0.15081655979156494,0.9792468397348862,-0.4630883092992574,0.36123542571103384,0.4959960238259848,-2.4635669241366736,-0.39138036167103935
1789423621.235,1.1427137851715088,-0.1384735107421875,0.930205827785306,-0.49629329022513924,0.4161665850854491,0.4930294797357159,-2.510834917442131,-0.3326370785869534
1789423621.368,1.1265087127685547,-0.1332245171070099,0.9224014078771022,-0.5118992027394927,0.4301793921713499,0.47635743038048156,-2.5409564848452098,-0.2109626506852027
1789423621.501,1.119631052017212,-0.13191072642803192,0.9583345174806024,-0.4936180549271208,0.39604136594990613,0.44933547804403595,-2.555714324418904,-0.12679860603459858
1789423621.668,1.109458327293396,-0.12940892577171326,0.9533939396954128,-0.5120836823578812,0.41327480252807136,0.37851053080255026,-2.5298371856925788,0.12868645988802507
1789423621.801,1.096136212348938,-0.12478972226381302,0.9781979679407627,-0.4906243560018566,0.3843753487625487,0.30409429008132505,-2.484613058895678,0.26292670829885934
1789423621.968,1.077252984046936,-0.1364978700876236,1.1936953654421023,-0.2754382410795709,0.1812822519618435,0.21468074427224382,-2.4376981337357373,0.23434255866555886
1789423622.101,1.04192054271698,-0.17231306433677673,1.1821273588410897,-0.24509665222766688,0.1579727886502319,0.1572041289554697,-2.4038405500740807,0.23676325019998729
1789423622.401,0.9412965178489685,-0.35653963685035706,1.1687024431192796,-0.21944105160864413,0.26553620642640346,0.11516042705594218,-2.383862349088631,0.1401181918849431
1789423622.534,0.863466739654541,-0.44790035486221313,1.1434081395114748,-0.1827720878634715,0.38556476150656677,0.06285553669249058,-2.3634829524377867,0.032591374517034886
1789423622.668,0.7723153829574585,-0.5303143262863159,1.132270523911093,-0.17042138314301317,0.5090094635891356,0.04470134968432793,-2.3522644185881254,0.06409631503595811
1789423622.834,0.6621723175048828,-0.619049608707428,1.1212104541824208,-0.1595017610270753,0.6495384786385104,0.035250072268500375,-2.33504296952561,0.11634452000233429
1789423623.001,0.6495135426521301,-0.6185621619224548,1.1051764139211047,-0.15765444682944948,0.6481238879144489,0.04132337528722063,-2.326223714966829,0.049686680830493775
1789423652.17,2.5976810455322266,2.807208299636841,1.0788110681344296,-0.1712811400566523,3.3434062497109203,0.07627790676715035,-2.3321614330954397,-0.03906112024124084
1789423653.203,3.209948778152466,2.925082206726074,1.4967954618349801,0.5126719340896717,2.958820306935053,0.0,-2.5731940736024073,3.00236280495248
1789423653.37,3.431551694869995,2.6208207607269287,2.095907811308474,1.2733443665573696,1.897270991856329,0.0,-2.329795402507127,1.6530489863690223
1789423653.536,3.608320474624634,0.19263210892677307,2.545756827470722,1.7351215209794537,1.8730496764762132,0.0,-2.3102875317254132,0.11920365608885237
1789423653.703,3.558621406555176,-0.07283885776996613,2.817014217496617,1.8843945102307886,2.093022618052398,0.0,-2.4043797462132583,-0.5266344255839148
1789423653.836,3.5338807106018066,-0.3022204637527466,3.0079889464042915,1.863147080909171,2.228312983206344,0.0,-2.51846467937446,-0.7573039304822415
1789423654.003,3.5217580795288086,-0.5900163650512695,3.1333525576438266,1.7431077102000079,2.365232927207778,0.0,-2.631970715312867,-0.7534479664877876
1789423654.136,3.4617576599121094,-0.8370869755744934,3.2314193577633374,2.2267640631797914,3.072497180000738,0.0,-2.4814982430977532,0.8315936421271398
1789423654.303,3.3582277297973633,-1.1118441820144653,3.288489969612174,2.4663379660861477,3.5788616682098184,0.0,-1.969413855950001,1.3476196612520421
1789423654.47,3.2754435539245605,-1.3165028095245361,3.345729653401931,2.5405122434295393,3.8576554089879607,0.0,-1.1393188816255986,2.8379226871821244
1789423654.603,3.1757047176361084,-1.4310104846954346,1.8138658580754201,0.7847439088998008,2.6008023016265858,1.696280633711884,-1.982002273820947,-3.110956023626054
1789423654.803,3.1403918266296387,-1.5554726123809814,0.9643032969924458,-0.09488091887081104,2.6208184568888906,2.385448932489653,-2.2144661467530757,-3.0665609143783477
1789423654.937,3.0633366107940674,-1.6408807039260864,0.7294534036026298,-0.4307702724014439,2.628949995967011,2.5044750811069236,-2.333113827069095,-2.898304221901464
1789423655.07,3.0069432258605957,-1.7276313304901123,0.8349612907592078,-0.5573234967572701,2.4672101556420416,2.269003827331688,-2.5514878906761784,-2.748957115120918
1789423655.237,2.932797431945801,-1.8567657470703125,1.0733615048268366,-0.5255045641699241,2.286866481489049,1.9951877945523604,-2.7357468896236794,-2.3232490448323366
1789423655.37,2.8497323989868164,-1.9671437740325928,1.361776473421682,-0.5162615689183098,2.0782377172839683,1.6568477351696231,-2.9793053960956586,-2.089432121888997
1789423655.537,2.758679151535034,-2.1326210498809814,1.7274850145214509,-0.5836461554866055,1.8608290011914734,1.29293562300651,3.1020945456861524,-1.6264715417622728
1789423655.705,2.6433866024017334,-2.253269910812378,1.972582170672968,-0.8048678861377027,1.596197672817703,1.0337792109078572,3.026026528040836,-0.8643641957204434
1789423655.837,2.5664169788360596,-2.335872173309326,2.280543352948116,-1.0259604735521672,1.3407432234171497,0.7044589678929075,2.9644209329533115,-0.4851058134241826
1789423656.003,2.4797284603118896,-2.411116600036621,2.4685710461341106,-1.1792311483794962,1.2319359780019468,0.5219365804051574,2.9383830095279206,-0.30593463922056435
1789423656.17,2.4043426513671875,-2.4593749046325684,2.577189427533011,-1.324580256680081,1.1478827906422013,0.39877005685460215,2.9272985857739187,-0.17710018255313903
1789423656.303,2.373797655105591,-2.4705843925476074,2.6394304608826613,-1.4579244022803959,1.0469197884236345,0.3033558061230279,2.9087947193064903,-0.1795093216886191
1789423656.47,2.36140775680542,-2.447720527648926,2.8922584414863466,-1.647641539044718,0.9601712542209023,0.2595235298381202,2.879599837531787,-0.2593876730843607
1789423656.603,2.3713271617889404,-2.42563533782959,2.835104120626113,-1.7724604223633966,0.8010783593023376,0.22006254750947155,2.814253454405109,-0.41722733067939877
1789423656.77,2.391145944595337,-2.3937172889709473,2.761825928100193,-1.8934977791888756,0.6225939351919327,0.20004455216974118,2.7158758350784202,-0.5872228160770857
1789423656.937,2.396397352218628,-2.3905043601989746,2.6941022220658453,-2.0059780252154154,0.48630103004891634,0.18274624300421302,2.6688732521091083,-0.35640439564266013
1789423657.07,2.2968714237213135,-0.4341691732406616,2.6186209950043415,-2.106247260532776,1.702753040409345,0.1680011712110724,2.637713984533022,-0.20610517853688487
1789423657.203,2.227499485015869,-0.39010706543922424,2.542877145198164,-2.1919745383921536,1.8292592650107953,0.1629343189592579,2.6266718986661965,-0.08611813094972447
1789423657.37,2.2024998664855957,-0.331789493560791,2.4843826793486947,-2.2601052702386504,1.9488098046685696,0.15616054923571035,2.6210758226457447,-0.0581710509130028
1789423657.537,2.140364170074463,-0.29106342792510986,2.4368483880895018,-2.302381427284144,2.0330526274736758,0.14615807654737667,2.6063063122034666,-0.09474607022411181
1789423657.703,2.051039695739746,-0.27144068479537964,2.410962994607085,-2.330784369489829,2.0905600189323574,0.12824984219480692,2.603320822403413,-0.028193051794723527
1789423657.837,1.9984720945358276,-0.27262169122695923,2.398718073469891,-2.3435669237457093,2.1092678824049416,0.10098642249887652,2.59786086980929,-0.03346220151569264
1789423657.97,1.923699140548706,-0.2813633680343628,2.391760354650304,-2.359185773341973,2.1298890224949667,0.07191151112789856,3.1064904700105025,0.7840958400759404
1789423658.17,1.8554484844207764,-0.3037261664867401,1.6613104107190486,-1.3415452492234086,1.0558210265726844,0.6871855793054957,2.7660360788701475,-1.8174602074371855
1789423658.303,1.8030669689178467,-0.3223365545272827,1.2672398620568575,-0.6598244444097577,0.6332525280362832,1.0361300767158217,2.572723593830208,-0.7932547518272606
1789423658.47,1.7462952136993408,-0.3503493666648865,0.9975250050376898,-0.25162101927788366,0.7552510257900886,1.196680381439989,2.513396595086787,0.05386285755998618
1789423658.603,1.6867399215698242,-0.3787701725959778,0.878314029133671,-0.049074466484215526,0.8730702618860204,1.2017859626849066,2.538032619057736,0.39979637305360877
1789423658.737,1.6126132011413574,-0.40494903922080994,0.857274321569314,0.029155656688517557,0.8711967114284119,1.1181011191503103,2.5890673110257474,0.45447888223502514
1789423658.903,1.5588886737823486,-0.41972678899765015,0.943546448726156,0.09193496733475012,0.8002773311985432,1.0027905997009652,2.6004390293963473,0.19533253446101162
1789423659.037,1.5278123617172241,-0.4140147864818573,1.0585509196647824,0.12160618104013782,0.7121068191264113,0.890509294040772,2.5879517311059104,-0.015879774722639742
1789423659.203,1.4929006099700928,-0.3797186017036438,1.1988891824654764,0.13889537403313337,0.5961570056057454,0.7205594141304743,2.519179839754303,-0.31166379990647153
1789423659.37,1.4733359813690186,-0.3222421407699585,1.2745526452968323,0.10940476892269693,0.4752198116105926,0.599310415093018,2.4859698106250345,-0.22426143881953164
1789423659.47,1.4586964845657349,-0.28600993752479553,1.355982191183177,0.0642498912949305,0.3650098269223747,0.4791304114912812,2.4304304804158487,-0.3221207758919714
1789423659.637,1.4346309900283813,-0.23801289498806,1.3975962253411292,-0.008181817564345698,0.23279582888270464,0.393270239432102,2.410146036678375,-0.15733576947464453
1789423659.803,1.3992080688476562,-0.1970241665840149,1.3961197778497305,-0.07251461025810052,0.12454785087573335,0.3360484517504172,2.41432859584848,0.0007171242866731101
1789423659.937,1.350549340248108,-0.16585230827331543,1.6041844555073665,-0.31172802422382107,0.2925927138475085,0.28134355679789086,2.395296626198885,-0.12761899978036928
1789423660.07,1.2830419540405273,-0.1367238163948059,1.5705963049616976,-0.326965056924968,0.3447886806902896,0.2445701640461878,2.377918465859568,-0.1315122570261476
1789423660.237,1.2360246181488037,-0.10196462273597717,1.5323946320139892,-0.32297511440467347,0.36970369560783284,0.22752102810224406,2.3280219992835143,-0.2873478735047886
1789423660.537,1.1529326438903809,-0.05415341258049011,1.498439554806454,-0.3008927362956332,0.42456485883569484,0.22916161303612628,2.253530780485523,-0.41751070383276717
1789423660.67,1.1178756952285767,-0.039473630487918854,1.4460285795234447,-0.2427399401359009,0.38600713479021387,0.2532693116276222,2.1679659535689693,-0.25188068571485783
1789423660.837,1.0841164588928223,-0.02103908360004425,1.4134910448099802,-0.2010293096048935,0.37534530675815836,0.27019527897931167,2.1608444492371754,-0.04088385301218093
1789423661.004,1.0543304681777954,0.0014726817607879639,1.378087673520565,-0.16533636638640747,0.36420322150570494,0.2906680166127985,2.1824568801209567,0.1403981544254154
1789423661.137,1.03029203414917,0.021451860666275024,1.1366432062599967,0.12331488397281512,0.1472638697253859,0.31870204214829245,2.206735608786307,0.15453533730668287
1789423661.27,1.01677405834198,0.046404898166656494,1.082060589499549,0.18689078647060162,0.15491486682412625,0.33713372763087707,2.201460281788325,-0.036224268034744
1789423661.47,1.0282442569732666,0.09941031783819199,1.0400196650026474,0.21847931871942627,0.11964985250769755,0.34714628389041163,2.198182115505139,-0.03651220286482426
1789423661.604,1.0090495347976685,0.12866216897964478,0.9847369222098721,0.24979029223575883,0.12354402200994039,0.3400956939377244,2.210302848336049,0.050291774243480455
1789423661.77,0.9915633201599121,0.16222736239433289,0.951906835198586,0.2568469555380139,0.10259387996446773,0.32801149878672303,2.2190592088077032,0.05057442103035727
1789423661.904,0.9836708307266235,0.18268314003944397,1.111386192583935,0.018085968840055665,0.20833492847140336,0.3080138294455954,2.2681852644359317,0.26540002611213565
1789423662.037,0.9789336919784546,0.19690826535224915,1.07568776728203,0.0375122594073755,0.18646296629365341,0.2869985292319076,2.269009346276169,-0.0010504877993610367
1789423662.204,0.9676477313041687,0.21068818867206573,1.048415991527429,0.05144056322123573,0.1785590044529262,0.27178002131892626,2.2559473638800505,-0.09236486206554578
1789423662.337,0.9585745334625244,0.21773689985275269,1.0258393193486497,0.06795094497523928,0.16419617443434775,0.2577902874698663,2.236433637380207,-0.13312932988252307
1789423662.504,0.9517696499824524,0.2346663624048233,1.0070609752144415,0.10067302002397463,0.14495291114117348,0.23548903176131727,2.2475996372498512,0.055009774136553016
1789423662.637,0.9239595532417297,0.24525205790996552,0.9943969418971327,0.12434843856422305,0.13992537615276396,0.22764573138114796,2.257479241060812,0.06749273525011974
1789423662.804,0.9489543437957764,0.25170600414276123,0.977431115571288,0.15521591863420925,0.10060448862850131,0.2229482094611765,2.236429642995936,-0.11573996726779835
1789423662.97,1.0215740203857422,0.27033865451812744,0.9679173878299031,0.17868035248557024,0.10620865571470063,0.21477884371468522,2.1826967122402676,-0.35480129746699196
1789423663.104,1.1226682662963867,0.2872254252433777,0.9618401217756118,0.19826995218486257,0.1837900113092642,0.20096523122096707,2.133804882648623,-0.32342570772994517
1789423663.27,1.2667858600616455,0.2972792387008667,0.9541248805095301,0.21835925625939526,0.32246744295052554,0.18140287604020885,2.090942719559549,-0.23672102765640307
1789423663.404,1.360690712928772,0.3056029975414276,0.9498335608419708,0.2294581990835967,0.4178535984684834,0.16218927984507758,2.046660814488476,-0.2953153894844012
1789423663.537,1.4374452829360962,0.31714773178100586,0.9459154729478777,0.24521593150155216,0.49676527454975894,0.14486973876926262,1.9015041311429712,-0.8026165119777817
1789423663.704,1.4937855005264282,0.34000325202941895,0.9381960717699869,0.25703047493344544,0.5617509190779548,0.13609344661743608,1.7421199725227954,-1.0582879390405031
1789423663.87,1.5485798120498657,0.37026551365852356,0.9443143776721942,0.2663594314540004,0.6131339079701343,0.11505540513484637,1.4095236162794373,-1.8095567634742096
1789423664.037,1.6600995063781738,0.4272099435329437,0.9725149893038662,0.2791148411703262,0.703352420529071,0.1172318616941016,1.0441864581957514,-1.9837449066276214
1789423664.204,1.8077574968338013,-1.7833631038665771,1.024636749829597,0.297564413643975,2.223406718871078,0.15760630651939472,0.8554318133672618,-1.2249171271481398
1789423664.37,1.9023330211639404,0.6118931770324707,1.1207758252428623,0.32643980222297053,0.8320548537723648,0.25600932375786334,0.6240004653372364,-1.2654617204136187
1789423664.504,1.952237606048584,0.6914136409759521,1.5592334832732297,0.468979689544269,0.4515851008037556,0.3553099201275835,0.48092199788639345,-0.9275338737265519
1789423664.704,2.016404867172241,0.7904870510101318,1.7564409729434585,0.4797353293675729,0.405151649146845,0.4406485707911567,0.370522646182061,-0.7143494564232872
1789423664.871,2.095696210861206,0.850543737411499,2.006098184675586,0.41344734269095784,0.44618501159726803,0.511241060944619,0.1297758764007222,-0.5396648547005882
1789423665.037,2.1843888759613037,-1.833998680114746,2.1861992578028024,0.4219697986997951,2.2559692052169518,0.546593048617379,0.07447050867126492,-0.31259594369178795
1789423665.308,2.0678038597106934,-1.8661103248596191,1.6370868221543928,-0.20198258168304106,1.718964313780611,0.13977697009396434,0.4170566262837241,2.2681178961829045
1789423665.437,2.0089592933654785,-1.9003664255142212,2.289170310050533,0.15070747812320298,2.070126172979351,0.4794936102152969,0.29539114009685985,-0.7606122914651589
1789423665.604,1.9243254661560059,-1.9343863725662231,2.572020337346926,0.39255096859360133,2.415397697243867,0.6433990605368374,0.26395467285549357,-0.3075330911547261
1789423665.77,1.8784022331237793,-1.9699969291687012,2.7562685348090077,0.5719498835354673,2.689264368233696,0.699968983990099,0.234020681485839,-0.22983333584067855
1789423665.904,1.8288367986679077,-2.0468313694000244,2.8394808501103337,0.7943362320958026,3.0155654094225035,0.7133032550136431,0.2954232863451898,0.2650011342617395
1789423666.104,1.7817418575286865,-2.1075563430786133,2.488541627864477,-0.1460577556284866,2.0849562642692456,0.3496218888680018,0.016061688799521523,-1.0255197853658484
1789423666.237,1.747389554977417,-2.1499454975128174,2.1240804284833623,-0.5730795311653987,1.6212348040945366,0.2004229622667109,0.3889395703357392,0.825286472473157
1789423666.404,1.744283676147461,-2.1496100425720215,2.0260415451969713,-0.9356286281645219,1.2462497226872928,0.0,1.1394204720196601,2.2536449530671554
1789423666.504,1.7480101585388184,-2.149439811706543,1.954795317540869,-1.2661808450912206,0.9071419426362505,0.0,1.8499521624851756,3.096213076105462
1789423666.704,2.6685595512390137,0.3967841863632202,1.9473100235138938,-1.5281232654671255,2.055594702113163,0.0,2.3904265243202945,2.521292045367493
1789423666.871,2.796865940093994,0.38125890493392944,1.9536827100747223,-1.6925313992195414,2.238652314448735,0.0,2.6394275211150173,1.3235227079957266
1789423667.004,3.1240367889404297,0.4022439420223236,1.9353665679902854,-1.80658600516896,2.508359350209358,0.0,2.7366939137699084,0.6348354463640209
1789423667.171,2.775771141052246,0.41769543290138245,1.895242773876589,-1.891513999307397,2.471391997883586,0.0,2.8067181381951425,0.33457399573271235
1789423667.337,2.53216552734375,0.46645569801330566,1.8502607372131492,-1.960423178394125,2.5208600166521844,0.024123160535320466,2.8142045742711836,0.050867112547657085
1789423667.504,2.449594497680664,0.5114119052886963,1.81402776273851,-2.0092440315124698,2.5995483119757545,0.044889611163623305,2.8123108166564377,-0.01146917107369703
1789423667.804,2.4760658740997314,0.5930386185646057,2.126381147014074,-1.3960880754234049,2.019629771292908,0.0,-3.10137765003121,1.7831756023859369
1789423667.971,2.425983428955078,0.6613859534263611,2.409824889611408,-0.9238045259096119,1.585272832723482,0.0,2.610616830700482,-1.3313586001105935
1789423668.137,2.4095876216888428,0.7332006692886353,2.6426776684313453,-0.5753907434979231,1.3291886455688458,0.0,1.8137113589140856,-2.748440167602802
1789423668.304,1.63418710231781,-1.7270804643630981,2.267638706562825,-0.25918769334612834,1.5987401671705321,0.35102314825754743,2.5554716523247905,2.9947545260275095
1789423668.471,1.7177026271820068,-1.8294894695281982,1.9317691949456637,-0.15406358451461805,1.6890460004415662,0.5767645865746399,3.0054438112676554,2.3679474259763507
1789423668.637,1.668278455734253,-1.8174798488616943,1.862043287519917,-0.11073693930978237,1.7177066598644406,0.5855765172327773,-2.9853966626587907,1.7796845058713897
1789423668.804,1.7315988540649414,-1.7727739810943604,2.4080889448255016,0.3096015646313647,2.1895037694267034,0.2748414474292429,-2.761476950757061,0.5565588679150597
1789423668.971,1.7449796199798584,-1.773385763168335,2.4164607530913025,0.40388056049626414,2.2784590310752986,0.1356955589948045,-2.7006437278140227,0.3885257036141034
1789423669.139,1.6451146602630615,-1.7719781398773193,2.422533196820777,0.5067614878796269,2.407703028218681,0.03097840660633701,3.0559416470101777,-0.9245269281660324
1789423669.304,1.583629846572876,-1.8210933208465576,2.073070859221521,0.3100318179554441,2.1866062430388293,0.43445006438345346,2.3479816414684667,-3.00904852892823
1789423669.604,1.535617470741272,-1.8629087209701538,2.0216539551550294,-0.5613089075110054,1.3893860293590743,0.004418008921900307,1.5526381054840588,-1.7397663312234928
1789423669.771,2.2284560203552246,0.6979644298553467,1.971435439274875,-1.0149922876406543,1.7321317199086088,0.0,0.5287445969520319,-3.0976897176363214
1789423669.938,2.23612642288208,0.6651076078414917,1.8724707744587992,-1.2702465151367095,1.9692234540444817,0.0,-0.09755085752076109,-2.6658558378123254
1789423670.104,2.2184836864471436,0.6859411001205444,1.8100753678754058,-1.417236721878433,2.1424645401095805,0.0,-0.2525571988364179,-0.8502730992903289
1789423670.204,2.1874687671661377,0.7273107767105103,1.7535826331995268,-1.5131730105017436,2.2821097208524956,0.0,-0.7276725416861529,-2.45959092185245
1789423670.404,2.5707430839538574,0.8423734903335571,1.7109283354150653,-1.6019800433964593,2.591166841340643,0.035894753318469086,-0.9373562783528286,-1.1600556045551211
1789423670.537,2.2111451625823975,0.8930747509002686,1.6443278821302068,-1.6814617000313516,2.6361941822625283,0.07213331740771627,-1.3070691905576741,-2.340849497835216
1789423670.704,1.9989707469940186,0.9501579999923706,1.6202794945360068,-1.7624608590893347,2.738924631919241,0.17768910428730827,-1.6868438797842968,-2.0321272789902043
1789423670.871,1.4722256660461426,-1.4571282863616943,1.810880344926981,-0.6317225097603856,0.8921780582230733,0.0,-2.1182729474271054,-2.278530160420576
1789423671.004,1.4996604919433594,-1.4247934818267822,2.030108937018271,-0.032057614125702516,1.4903317583892088,0.0,-2.362766509100981,-1.335724246217873
1789423671.171,1.522247552871704,-1.404032588005066,2.163916133701825,0.2774391835586099,1.799746061584808,0.0,-2.493114226271453,-0.7232681555915732
1789423671.337,1.4378790855407715,-1.4156626462936401,2.2071841909207133,0.4414791904416838,2.010175650761967,0.0,-2.5399715759912254,-0.385492451596053
1789423671.504,1.3928718566894531,-1.4387004375457764,2.3958919276660895,0.6293263267830909,2.2984307604891,0.0,-1.9024926858124969,1.121443648222084
1789423671.671,1.382970929145813,-1.4380466938018799,2.3540293377429413,0.7100894310655954,2.357423009107157,0.0,-2.203605702626079,-1.7497069142203558
1789423671.837,1.3823559284210205,-1.4380033016204834,2.2467539089898882,0.7639792986580348,2.3655678474186446,0.055721445667543675,-2.3706608501403705,-0.8986882563923565
1789423672.004,1.9825447797775269,0.69070965051651,3.070477903565686,-0.9345469026123023,1.9557753821243407,1.714026856417377,-1.6985678640929032,2.2171402712340234
1789423672.171,2.001136541366577,0.6679457426071167,-0.87455327403747,-0.42122135086059487,3.0750409545096247,2.3148107915776897,-2.72128723837351,-3.051574785484861
1789423672.471,2.007326126098633,0.6477149724960327,-0.5563055739942033,-0.24282898052260737,2.713904203537581,1.9778281499572006,-3.1121184054098876,-2.9197688223003793
1789423672.638,1.9887416362762451,0.6393970847129822,0.1803628838484821,-0.15650122534930935,1.975775248400537,1.5392735476236037,2.740301436033846,-2.7305368951497395
1789423672.771,1.9976935386657715,0.6365633606910706,0.6354318884967515,-0.42253684536956293,1.7255289189112124,1.1038184404609164,2.4042486068555755,-2.0328429970865867
1789423672.938,2.011314868927002,0.6365906000137329,0.9003098184913074,-0.7030441939369848,1.740388922987331,0.731301660319764,2.2122128469835314,-1.133418673703889
1789423673.104,2.006241798400879,0.6214277148246765,0.5142370839904755,-0.7838244234262001,2.0495881634810273,0.867621110660556,2.6324032358806946,3.0256196788359064
1789423673.238,1.9994227886199951,0.5993133783340454,0.9536476331370252,-0.38955135525205736,1.43927034887673,0.5701319838537224,2.9858994986623184,2.7444063276744695
1789423673.371,2.002488613128662,0.5871248245239258,1.6595112002312395,0.02261274785864925,0.660535684470379,0.23832615845111382,-3.0841052423818183,1.9215402594988085
1789423673.538,2.020343780517578,0.56386399269104,1.8065216253415683,0.19692108252975868,0.4246963778533363,0.0,-2.8788994869555298,1.306659008415573
1789423673.704,1.9917656183242798,0.5455175638198853,1.9027271466050861,0.33152868434011407,0.23177379055255082,0.0,2.8066348208210643,-1.4015274795017865
1789423673.838,1.9442514181137085,0.5312716364860535,1.9368642349431677,0.41812358046914866,0.1133889459144927,0.0,2.0085456442157943,-2.8571019914735887
1789423674.004,1.90526282787323,0.5233216881752014,1.9504975377287994,0.4913289454072065,0.055405004878049065,0.08828257770265796,1.2650549546710836,-2.993418670737859
1789423674.171,1.9046070575714111,0.5379346013069153,1.9554076353120016,0.5507491623493597,0.052391904656046866,0.16028225678415342,2.2331287584562425,3.0378482849189816
1789423674.304,1.895363450050354,0.5806739926338196,1.951933201235477,0.5685219259941879,0.057860258146337225,0.15619208896495287,2.8383046167096673,2.7682043678159545
1789423674.438,1.8597055673599243,0.6349767446517944,1.9564811039405745,0.5692609950618173,0.11697890504123103,0.11872251337916448,-3.1244525541941055,1.8122187698842396
1789423674.638,1.7869540452957153,0.7128776907920837,1.9742436967797523,0.5623818567522424,0.24026320903617246,0.05392947250464308,-2.9566993450501724,0.8999609846639229
1789423674.771,1.7466020584106445,0.7568762302398682,1.9780192146991322,0.5561502975870137,0.3063409869149223,0.03387853330065711,-2.879813214156802,0.4248524402235516
1789423674.938,1.7234222888946533,0.8038898706436157,1.9595043061036055,0.5473647175548207,0.34862569184825964,0.05880093931954794,-2.828079124439094,0.3415615103951766
1789423675.104,1.7205512523651123,0.8405247926712036,1.9281370216898366,0.5359096858813778,0.3686220488667419,0.09647282409644872,-2.792850065404756,0.19601913707945476
1789423675.271,1.6829349994659424,0.8696895241737366,1.9094902344013551,0.5321120693240531,0.40655357887913146,0.10075290051085896,-2.7949278144397485,-0.011262351353579536
1789423675.404,1.6470996141433716,0.8838591575622559,1.8994018415471319,0.5427072108543881,0.4243124611597762,0.08909111151791604,-2.7670046205398844,0.18843982461844438
1789423675.571,1.6378576755523682,0.8862565159797668,1.8819115427657762,0.5647308154582299,0.40365959198027845,0.08280688079242315,-2.7303817491896556,0.2460327871932525
1789423675.704,1.6097288131713867,0.8765707015991211,1.8431052245073472,0.5984884887570885,0.3630348006282221,0.08925524140790043,-2.6784761232494723,0.2520085254807677
1789423675.871,1.6024227142333984,0.8567712306976318,1.807862062930982,0.6366874500593378,0.30106842493581437,0.09317241179890354,-2.661079294872087,0.12229773497588962
1789423676.004,1.6100126504898071,0.8374981880187988,1.7779306752014694,0.6779650688787708,0.23161882290870228,0.08029472278352687,-2.6436439784648607,0.10262899301517167
1789423676.138,1.5906606912612915,0.8142513036727905,1.7616131932702863,0.7210977181438066,0.19468525480898932,0.04921257305688474,-2.6066839851500916,0.21121917708622967
1789423676.271,1.626171350479126,0.7868400812149048,1.738103786721878,0.7597072397824597,0.11517404815077034,0.036648857086022654,-2.572499888820586,0.1934236567696528
1789423676.438,1.6396868228912354,0.7527785301208496,1.7091779930971853,0.7905260729775702,0.07908160170553112,0.04121537551797386,-2.5664895961524685,0.04277890473047862
1789423676.571,1.6315548419952393,0.7217482924461365,1.6852862898540295,0.8134000601513799,0.1062408349576461,0.04229739873334326,-2.5632005507979962,0.020047422676147446
1789423676.738,1.6287834644317627,0.683932900428772,1.6576987348686159,0.8258062974490141,0.1447900329667053,0.05850284487149948,-2.558446726575733,0.03330775171789489
1789423676.905,1.63484787940979,0.657431423664093,1.633190096740438,0.828160963907519,0.17073758858291993,0.0734519603775205,-2.585286589677307,-0.14781447611487705
1789423677.071,1.6185100078582764,0.6321614384651184,1.6200162216546519,0.8265247496509714,0.19436914728199312,0.07698454798091482,-2.60281558568712,-0.11654799422515738
1789423677.171,1.6021394729614258,0.6200578212738037,1.6023202554527032,0.8173695843208763,0.19731184586601294,0.09187320530787413,-2.607644464165969,-0.03180100008283738
1789423677.372,1.580308437347412,0.6161888837814331,1.6036395731446589,0.8063803890484588,0.19161719801032115,0.07943095402074862,-2.6380392211767143,-0.20339334017688643
1789423677.504,1.561706781387329,0.6447278261184692,1.6082294525201157,0.7896214046822988,0.15217919712747227,0.0639665611071911,-2.695869449089519,-0.3223796390038918
1789423677.671,1.5088458061218262,0.7143207788467407,1.6086228799903566,0.7683424735180452,0.11346280432338088,0.06505630268660925,-2.681447824363016,0.09422197727731049
1789423677.838,1.4481821060180664,0.7941116690635681,1.6051645069722782,0.7408939468005455,0.16575765494303157,0.07247846055096231,-2.6601136774782863,0.11624633655353624
1789423677.971,1.388861894607544,0.8541531562805176,1.6053735486524603,0.7143029069474665,0.2577506325419631,0.07225902643195904,-2.6646796395911125,-0.027474672671897633
1789423678.138,1.3561958074569702,0.9185127019882202,1.5984350793585829,0.686716059104557,0.3352753323815516,0.08255075956085259,-2.667065733643679,-0.015181117212851446
1789423678.271,1.297139048576355,0.9594644904136658,1.5912524792053253,0.6645664055434967,0.41649440636872376,0.09469097438862772,-2.676357758414529,-0.07903692561622895
1789423678.438,1.2255661487579346,1.0069286823272705,1.5732557837826278,0.6446921465790152,0.5020989843989941,0.1035804942026213,-2.7221809337742293,-0.21824318064732962
1789423678.604,1.1787171363830566,1.048863172531128,1.5616254649875985,0.6408325611051777,0.5595603345264553,0.10130811320364087,-2.7136538025640045,0.05765468545838272
1789423678.738,1.1619701385498047,1.0746232271194458,1.536387705920141,0.6553719378510311,0.5621033341910971,0.1008168635130805,-2.689533215109388,0.13693908630828072
1789423678.905,1.1606180667877197,1.0773078203201294,1.5017565548515943,0.6870397817870831,0.5183479622212646,0.10017701666157126,-2.6450524851206954,0.25268714312366164
1789423679.038,1.158092737197876,1.063166856765747,1.4615787658533597,0.7265645304047307,0.4532161688429984,0.10426811244690033,-2.6051569043197045,0.2741716536035725
1789423679.205,1.163437843322754,1.0322729349136353,1.4271738492987944,0.7739988385564608,0.36913708794607614,0.08295868620951703,-2.5354973390470623,0.3942396859673397
1789423679.338,1.1557700634002686,1.008439302444458,1.386427881081425,0.8197785294951161,0.29798643611291564,0.07646392907453396,-2.480636098577991,0.3741579703069798
1789423679.505,1.131508231163025,0.9826772809028625,1.3353699275757935,0.8639558985326482,0.23591175870690823,0.07510039818854859,-2.4234967199143314,0.3241180309067936
1789423679.671,1.120235800743103,0.9551937580108643,1.2871677885335655,0.9089227686449843,0.17322613256830646,0.06770348478144643,-2.430814559758474,-0.034498704185578946
1789423679.838,1.1226228475570679,0.9268852472305298,1.250172881775329,0.951420547706569,0.12988838361658492,0.057065517515584016,-2.4957822298309402,-0.4256290139597062
1789423679.972,1.1386942863464355,0.9044956564903259,1.2226826879539046,0.98322793418033,0.11512090668003543,0.04680483009564434,-2.524184968580349,-0.15411348347471018
1789423680.171,1.1576528549194336,0.8666554093360901,1.2018833500571569,1.002420036916519,0.1427878524321335,0.0455253863888129,-2.514937898333758,0.06387243288370041
1789423680.338,1.1841422319412231,0.8368446230888367,1.1861630140460557,1.0064939577919518,0.1696613695734088,0.049559031163828385,-2.4978388289480766,0.095663405063845
1789423680.605,1.1734741926193237,0.7991400361061096,1.1503262813034958,0.9872222447497631,0.1895013008044014,0.08559965297877582,-2.3660450943474336,0.5179386212247583
1789423680.705,1.1523616313934326,0.7923820614814758,1.131322572306132,0.9658743930407981,0.1747633574785308,0.10784694060028002,-2.230063564536068,0.7577060709792603
1789423680.905,1.0722434520721436,0.7998099327087402,1.119569996499075,0.9412171057768205,0.14911670061565982,0.12139902261317795,-2.127256980139665,0.5702381991434616
1789423681.075,1.0014736652374268,0.8161831498146057,1.117912625796383,0.9212175376451028,0.1568127997421685,0.12308761321879064,-2.1694589437379763,-0.28177538960540527
1789423681.205,0.9366145133972168,0.8295224905014038,1.1175362648960105,0.8949044594362723,0.19237328823719624,0.11686685802788756,-2.334833353483455,-0.7923692465843418
1789423681.338,0.863050103187561,0.8464111089706421,1.1284729969255805,0.8729086272873338,0.26674225573989463,0.10024914465241479,-2.382846747063947,-0.2705210147313229
1789423681.505,0.8251781463623047,0.8669785261154175,1.1382887037000577,0.8524917246247199,0.3134455112675714,0.09108051691635388,-2.4084802688202953,-0.174560212308589
1789423681.638,0.7896052002906799,0.8793915510177612,1.1410686576716733,0.8327295782512796,0.35454746025978134,0.08902484606176628,-2.47313393388102,-0.4299171864145279
1789423681.805,0.7310975193977356,0.8930497169494629,1.1378194406726454,0.817245656196724,0.41372572662593615,0.09396094186135513,-2.532784708351228,-0.4903927514090498
1789423681.938,0.7205125093460083,0.8929033875465393,1.0992808788288857,0.8012079237639371,0.3897095531277416,0.13089715999873192,-2.695210475480633,-0.7699378264373664
1789423682.238,0.7293930053710938,0.8920840620994568,1.045958814998372,0.7937297160969117,0.33149281923227625,0.1771454436859844,-2.7886237048249902,-0.5097558949926486
1789423708.44,1.804147720336914,2.073007345199585,0.9222795678898569,0.797458183177531,1.5507150296026506,0.273685396785909,-2.859210725368658,-0.12083512346735374
1789423709.506,2.290940999984741,1.4314621686935425,1.1382232821929144,1.2174926901598688,1.1724082372003235,0.0,2.9400928816379146,-1.1162335586250502
1789423709.675,2.4770760536193848,1.3262059688568115,1.4836675595675755,1.4103639049224312,0.9969668972724764,0.0,2.183626494362634,-1.6848908753634797
1789423709.84,2.663174629211426,1.1672908067703247,1.6695894738266244,1.5406113537813486,1.0614045844171063,0.0,1.3015760273563943,-3.0765157358213178
1789423709.973,2.7777862548828125,1.0050197839736938,1.8084546370510697,1.6728815549615939,1.1771334378376133,0.24470966813796624,0.592471687436336,-2.883621041859258
1789423710.14,2.8893239498138428,0.7779011130332947,2.361035970731415,1.732842589503753,1.0913301115274765,0.42550387193413974,0.3092544827891195,-1.8097962548225284
1789423710.273,2.9445104598999023,0.580141007900238,2.5725333216028536,1.669665264028583,1.1512732499748637,0.5049786293875643,0.016262871899045628,-1.3272178139195663
1789423710.44,2.9708800315856934,0.34856265783309937,2.6385208560110534,1.6144853457798953,1.3088249972578823,0.4986328094191579,-0.058696069214337676,-0.44322842468980517
1789423710.573,2.967639207839966,0.17310172319412231,2.7979834264513994,1.5322754621162298,1.3697212624231494,0.5474205009362523,-0.10376111410600197,-0.20056352461021518
1789423710.74,2.938377857208252,-0.0075595080852508545,3.0703346336139945,1.4851106950711772,1.498491550269953,0.6585433862607607,-0.07654752806552656,0.19972311425173755
1789423710.873,2.9057559967041016,-0.11600984632968903,3.370032849375867,1.4170635415787944,1.6018323909323333,0.7765589623180791,-0.03753029582498835,0.2891898896210462
1789423711.007,2.895226001739502,-0.20754173398017883,3.5713434876672374,1.364671017282828,1.711428581627418,0.8379550374059839,0.009585430911780879,0.4268052533714875
1789423711.173,2.863943576812744,-0.31560176610946655,3.6912237568397743,1.3231870209901673,1.8357617451589527,0.8281833876769843,0.10415251053973895,0.6780171720996846
1789423711.34,2.8165979385375977,-0.39805668592453003,3.6924126834972464,1.1908085358965035,1.814261326435951,0.7548661941416278,0.15440149732859076,0.52780502204355
1789423711.473,2.7568295001983643,-0.4435083270072937,2.899179623601763,0.29633869904325116,0.7534170024553457,0.6305888613578348,-0.5036163118016206,-1.4531884636655803
1789423711.64,2.688225269317627,-0.4642309844493866,2.5634557480187214,0.11686137942396096,0.5943364104588185,0.6730214800309736,-1.3977157950642751,-2.9562354141959495
1789423711.773,2.6385765075683594,-0.4526263475418091,3.800045435188447,0.09562264892016835,1.2843625002111054,0.7711997157634112,-0.8447979727431054,2.9010298934180905
1789423711.94,2.589449405670166,-0.41857004165649414,3.808737446810249,-0.1450678157773543,1.2495866495878007,0.783861955497832,-0.6452768465337577,1.7798617089920585
1789423712.073,2.561641216278076,-0.38458341360092163,3.7495516908357907,-0.30806482273650665,1.19037237464241,0.7386470447486884,-0.5621585016721928,0.8978491182780289
1789423712.24,2.5116310119628906,-0.33891189098358154,3.649331593891946,-0.35238211183028406,1.1377803219301035,0.6251512344578954,-0.47298526543770114,0.6992597700545911
1789423712.374,2.4742465019226074,-0.28583377599716187,2.7152813676169973,-0.5207257602631958,0.33655913410981336,0.49516058573630894,-1.0899446283176863,-1.428016418613847
1789423712.54,2.4422600269317627,-0.20020805299282074,2.4969186621306756,-0.48378683114818344,0.2887983549501213,0.4594848972900133,-1.88617765867648,-2.9908197141350485
1789423712.707,2.460719347000122,-0.09304335713386536,2.293584045625521,-0.40021418010148957,0.3496971882188734,0.5059976845087687,-2.6315309688529918,-2.988031469197079
1789423712.806,2.427191972732544,-0.028781935572624207,2.194886673267472,-0.27880105281418094,0.3412847947767437,0.5463193184808163,-3.0706571937645215,-2.3499987968095772
1789423713.008,2.4047117233276367,0.07694859802722931,2.180889473454021,-0.20884320573722118,0.3630059980736206,0.5526262164778096,2.8849850987145107,-1.701561269106555
1789423713.14,2.9030613899230957,0.13820123672485352,2.1730139133475244,-0.19345093247824052,0.8018494119168992,0.5262620590936349,2.7602593672370865,-0.8055553372894875
1789423713.273,2.617638111114502,0.1831481158733368,2.1033511344485167,-0.19028302956124404,0.6355642491116242,0.48942782182292627,2.7428535392499356,-0.08772197233646031
1789423713.44,2.1884772777557373,0.22881843149662018,2.032364484990197,-0.16707902096227195,0.4255655025122422,0.4621464335578941,2.76381542196685,0.15258529555167416
1789423713.607,2.094388961791992,0.25642046332359314,1.9850277380643524,-0.14314683096519393,0.4142630805665273,0.43308375392119985,2.8088132024977144,0.2716580284739865
1789423713.74,2.09195876121521,0.2599942088127136,2.024824356876795,-0.09060849741008076,0.35697238808711923,0.37638779172909437,2.8112544722702584,0.04294311888561865
1789423713.907,2.057446241378784,0.24595141410827637,2.029513825758143,-0.03571762078883614,0.2830506404555111,0.3620829777324726,2.808383345986625,0.009221068230324857
1789423714.04,2.028524398803711,0.22419977188110352,2.014692374137284,0.015213323301579033,0.20944369314031605,0.3355139221871497,2.843601210558271,0.1941393559588312
1789423714.174,2.006190299987793,0.2051742672920227,2.557266528539594,-0.04022248235778496,0.603245036791491,0.0,2.8620637554964308,0.17019932933692133
1789423714.34,2.011596202850342,0.1886632740497589,2.5723892306496348,0.02070018185203356,0.5854062011705378,0.004471744480876905,2.8519024214081696,-0.05608839759122462
1789423714.473,2.029738426208496,0.18366757035255432,2.0744220156096986,0.1952469896332013,0.04615957227544769,0.32317451314581486,2.8508267899304833,-0.0043845146543274385
1789423714.607,2.090756416320801,0.1904245913028717,1.7082187350736895,0.31481765113117843,0.4022545349742688,0.5243634111298744,2.8588935303602163,0.049817670823278364
1789423714.774,2.1780002117156982,0.18997998535633087,1.563980796507248,0.3639744247443511,0.6381958219785512,0.5741722884179739,2.8669447347918666,0.061996333838082396
1789423714.907,2.634120225906372,0.18237723410129547,1.503404338093818,0.3724894905215674,1.1465867123741402,0.5528697456495232,2.8845536106173535,0.10074792639458117
1789423715.073,3.4658970832824707,0.17063648998737335,1.5048005553705488,0.36363045395862137,1.9705700347659636,0.5062448467138237,2.8946421419183146,0.06410074711527315
1789423715.241,2.928253173828125,0.13081780076026917,1.5292386700731357,0.32810557260564893,1.4128566971340488,0.44569003876496915,2.9210410408759504,0.1671108620527524
1789423715.407,2.4054532051086426,0.08392626792192459,1.6189428348412118,0.2647511433681189,0.8070292424183542,0.349133843209087,2.990968201982321,0.3823190498541842
1789423715.573,2.3959102630615234,0.05812578648328781,1.9630479644477354,0.2159550903850515,0.46073838426088126,0.2553027018290824,3.0570787912244723,0.4358578866663894
1789423715.707,2.613722085952759,0.055902957916259766,2.004370686512579,0.2195699269489265,0.6309484961167952,0.13825684015245537,2.542315163167352,-1.1730668145887266
1789423715.84,2.7963972091674805,0.04732610285282135,2.077699778516242,0.2181815317718758,0.7387269958623454,0.005693818759578889,1.697406526983448,-2.858841360345159
1789423715.974,2.8799407482147217,0.0355200320482254,2.2580894023434452,0.1786765012422043,0.6381166594236547,0.0,1.1424645687105786,-2.6990922113217892
1789423716.107,3.0485167503356934,0.030822746455669403,2.609317868735302,0.18970556995716237,0.46705396819087336,0.13241921178621074,0.9548550281060937,-0.9108351220860862
1789423716.274,3.117276906967163,0.047983407974243164,2.72143518710716,0.19039423182314016,0.42067981878270166,0.18339389431519673,0.25909280936438783,-1.5803607136959492
1789423716.44,3.200972557067871,0.10717054456472397,2.6114107385743948,0.12481442636396949,0.589825774606604,0.0,-0.547457863277871,-3.085639503697015
1789423716.607,3.220735549926758,0.19909171760082245,2.52597512632806,0.10944790857724208,0.7005198488945894,0.0,-0.9307178190280849,-1.8816325384659
1789423716.774,3.304887294769287,0.32605069875717163,2.562754290667457,0.08627816428167717,0.7799052917284308,0.07549485082101283,-1.0042014010556168,-0.46081333634578225
1789423716.907,3.423966884613037,0.4287869334220886,2.6547608341509403,0.04861710800970559,0.8580250836785481,0.21707329647949486,-0.9276714688682226,0.4962299559684986
1789423717.074,3.5634355545043945,0.55136638879776,3.020218152620076,-0.17000653369707602,0.9030304751328662,0.326208978067531,-0.7549315287365963,1.114248368943331
1789423717.207,3.646235227584839,0.6285608410835266,3.3202888649888154,-0.16726651584432292,0.8599896588473289,0.46191765783705596,-0.5352057667869863,1.410355167552336
1789423717.374,3.7254650592803955,0.7064154744148254,3.5586827776661303,-0.07326401642050545,0.7973182789135721,0.5426361438918297,-0.26721238051478746,1.4393017556880778
1789423717.507,3.8266820907592773,0.741584837436676,3.724131236728933,0.03312842573629673,0.7158401811450167,0.5824716325320674,-0.07335992714189477,1.0429786145034963
1789423717.674,3.93418288230896,0.7398512959480286,3.771925300092514,0.09777807608918845,0.6622579124832146,0.5493779611337648,0.0162959233750688,0.45926028864441676
1789423717.84,4.223809242248535,0.7097110748291016,3.839451584057242,0.15825115400688172,0.6721895965302824,0.533743456799248,0.03546170573969487,0.05846836664187288
1789423717.974,4.3101043701171875,0.671141505241394,3.9636558640162285,0.24937760653359228,0.5458125627289931,0.5671526843833928,0.04960217628627506,0.036066129531687266
1789423718.14,4.271251678466797,0.6363508105278015,4.145596242010443,0.28560066590803196,0.37257878718712106,0.620606537416045,0.0005975916036415896,-0.33738279959506556
1789423718.307,4.277200698852539,0.5727776288986206,4.261234153771615,0.3131917065335965,0.260076491924821,0.642356655702844,-0.0587664228223681,-0.47166516439070877
1789423718.474,4.266745090484619,0.5142379999160767,4.299288720508091,0.2726454726931982,0.24377456197282335,0.6100056169528659,-0.21009731826652045,-0.9127470859344173
1789423718.64,4.262670993804932,0.43334174156188965,4.295070049687483,0.21970822680271643,0.21607632320649708,0.5808185417650217,-0.3746932492726076,-1.167106669709672
1789423718.774,4.2373528480529785,0.349339097738266,4.154266887454617,0.09864155027093317,0.2641070562379734,0.5222517351418272,-0.7345674222273697,-2.016321978365655
1789423718.94,4.2308807373046875,0.25569459795951843,4.063427556465174,-0.014608711368154725,0.3179692544991771,0.54391695805254,-1.139116163785232,-2.276246778866892
1789423719.107,4.172659397125244,0.15039406716823578,4.55197513486019,0.8220641730804947,0.7713761469410314,0.5545624058206103,-0.520545473039066,2.547695743358034
1789423719.24,4.32651424407959,0.0613911896944046,4.601566971817236,0.9760893559581463,0.955157965156639,0.5473291448660949,0.18481625975886162,3.025092844839491
1789423719.374,4.238716125488281,-0.036970362067222595,4.6431168641963785,0.9878231114005053,1.1016994239490667,0.5079894652881793,0.5690543055493524,1.9909391985949814
1789423719.54,4.070455551147461,-0.13527333736419678,4.369830478779293,0.23498599942236842,0.47614842619942765,0.39333031953640724,-0.16481762647276943,-1.631474876157562
1789423719.674,3.942340135574341,-0.2094351053237915,4.193165023139912,0.20120575313230515,0.4811850359849538,0.3068616763159288,-1.1330299602530993,-3.027624553846577
1789423719.84,3.8400166034698486,-0.2638669013977051,4.293084700044822,0.3881506439307738,0.7939758053934918,0.29110381192168283,-1.7567391462282196,-2.788343339587068
1789423720.007,3.767819404602051,-0.2737201452255249,3.9812087398931952,0.0957730997793224,0.42668520775884483,0.34945364445044735,-2.1879387329134414,-2.076120583953477
1789423720.14,3.702578544616699,-0.2619209885597229,3.789702672314556,0.028210748889028116,0.30293074902053685,0.44556525036147643,-2.4877837254952033,-1.5849642555562091
1789423720.307,3.6005215644836426,-0.23947376012802124,3.792995948334619,0.04813176066408727,0.34606838056793493,0.41689860071936874,-2.6775358812292662,-1.2896679327880682
1789423720.44,3.5062074661254883,-0.21931958198547363,3.742616106407986,0.02529804285200804,0.34018646002060443,0.4277099785820499,-2.8337601850921113,-1.0646008173626729
1789423720.607,3.4019627571105957,-0.21003413200378418,3.5671613104962363,-0.09608233526653971,0.20068775254198903,0.5119009586784801,-2.8953858267545862,-0.37688247658032736
1789423720.774,3.2645516395568848,-0.20936015248298645,3.376445700329287,-0.20984719249607342,0.1118951207341606,0.6025337169507857,-2.9015328590408305,-0.07595250578168798
1789423720.907,3.1565499305725098,-0.2058836668729782,3.1962122240492477,-0.1249043174513283,0.09017068568325605,0.6482768059268917,-3.0528149194389833,-0.8770269027258117
1789423721.074,3.0559182167053223,-0.1909235119819641,3.139171018787054,-0.013111744601135775,0.19633658261657141,0.6290981587247846,3.0330876948294367,-1.122889840386838
1789423721.207,2.981349468231201,-0.16418921947479248,3.1348554983466475,0.05372500233521977,0.2665533893029078,0.5970802396304234,2.8868852448694717,-0.9986482016130063
1789423721.34,2.9043121337890625,-0.12348213791847229,3.0982938663186124,0.10672921161524142,0.3010418210304002,0.5725235197245107,2.739913811608144,-0.8338962394743046
1789423721.507,2.828500509262085,-0.056305356323719025,3.026841918036848,0.11661260451648695,0.2631348240273276,0.5689110341172064,2.6884536267639874,-0.364150754331078
1789423721.674,2.7449874877929688,0.01721470057964325,2.9180051552249657,0.10270406351412584,0.19298586585175814,0.5668188740231431,2.693488575099499,0.006738446009051572
1789423721.807,2.6903433799743652,0.07742197811603546,2.791359333742227,0.1322227657112827,0.11492323192762294,0.5863631081518854,2.687827343354445,-0.056642498196001874
1789423721.974,2.582252025604248,0.13369442522525787,2.6914295977229243,0.18467469395353195,0.12049369300231362,0.6078859953403374,2.6528783392693587,-0.2647341774655454
1789423722.141,2.4917869567871094,0.18319563567638397,2.5734328603943735,0.20049969344986582,0.08345947514377655,0.6137264955173416,2.6374623663027172,-0.11507715493499741
1789423722.274,2.4454617500305176,0.21452581882476807,2.469372851790935,0.1803170616798144,0.041737032151309666,0.6141466592249303,2.662373512814435,0.13991944186068733
1789423722.441,2.355264186859131,0.2594282031059265,2.35826056530575,0.15553474624449976,0.10393665697150599,0.6194998949720776,2.7142569517807758,0.3252856069496613
1789423722.608,2.234694242477417,0.31698891520500183,2.2495917892113417,0.16119185821115137,0.1565076990650446,0.6194878301059608,2.7705237968239773,0.30703308985401984
1789423722.741,2.1331093311309814,0.3756704330444336,2.1535208156482297,0.20668921345611552,0.17020952168945555,0.6210067351417453,2.7892766461452148,0.10957252599437058
1789423722.907,2.0279593467712402,0.45405954122543335,2.0921386458023883,0.2470161465008906,0.21676242691756414,0.6143628420069148,2.793559622579169,0.04190826044558369
1789423723.074,1.9211571216583252,0.5353208780288696,1.9760795788165404,0.26742239661385403,0.2734704237111711,0.623067155002814,2.8288524472107763,0.20903662024468767
1789423723.24,1.8073148727416992,0.6079577207565308,1.8737990796695716,0.29452087512979913,0.32041037119179483,0.6244162853406632,2.862627064678067,0.20152725566509275
1789423723.407,1.6999125480651855,0.6761208176612854,1.862198876021819,0.3084500700932407,0.40189380544976416,0.6034517046278186,2.880778769194107,0.13710598072337224
1789423723.541,1.6157948970794678,0.7251498699188232,1.7674514643840122,0.35364128662085603,0.40127090832835177,0.5893334720346769,2.88993455544648,0.06586858162942462
1789423723.674,1.537776231765747,0.754230797290802,1.641079584775738,0.3932182231416279,0.37550187940530966,0.6053557365735914,2.9062732553762434,0.10625216083134209
1789423723.841,1.4683938026428223,0.7615827918052673,1.520878359097529,0.4488189732635167,0.3171369339182436,0.6350406587809634,2.909609979014257,0.04267244703332887
1789423723.974,1.40586256980896,0.7444668412208557,1.386081221259039,0.5374185541155653,0.20799109342394503,0.6633467997426892,2.8914486048487476,-0.07570507201054082
1789423724.141,1.3197219371795654,0.7104546427726746,1.2438116282364018,0.587975617266134,0.14409540829907927,0.6871154056929685,2.904040707398199,0.09972640376479334
1789423724.308,1.2479779720306396,0.6749208569526672,1.1008079968468119,0.6213390720507928,0.15662059018174856,0.7072297984187877,2.94077115470359,0.23757849410131793
1789423724.441,1.2009906768798828,0.6511803865432739,0.9734743211276868,0.6392509467599814,0.22782889120632396,0.7144249870173802,2.9936918200958624,0.32960463911323096
1789423724.608,1.1490907669067383,0.6398046016693115,0.8873241621671806,0.676362843756837,0.2643071327478809,0.7117800081836018,3.0222754652242845,0.23023736191875346
1789423724.741,1.1031317710876465,0.6388137340545654,0.8181772363971577,0.7107131047126556,0.29388536258497533,0.6987111119555189,3.042905301032955,0.1761874394131744
1789423724.908,1.0535759925842285,0.6489579081535339,0.8205978508402871,0.7233585093311963,0.2445695483621328,0.6537361904171234,3.069806850812089,0.17523800543645873
1789423725.041,1.018371343612671,0.655024528503418,0.8044093392679343,0.7331167105506474,0.2277677066664954,0.6115409640336394,3.084032190650131,0.10884857750531043
1789423725.209,0.9566167593002319,0.6575084924697876,0.7319170998878389,0.7513678503503723,0.24351491946449833,0.5732350183368955,3.077945591793105,-0.03410517657995755
1789423725.374,0.9003316760063171,0.6547342538833618,0.6916263873537045,0.7522074565218071,0.23034522513862918,0.5331421629499609,3.0658861932174943,-0.07535808142881385
1789423725.507,0.8528703451156616,0.6452929973602295,0.6916641695400819,0.7321025618473042,0.18309377796675727,0.49576743382141014,3.066425072906654,-0.008418581213469667
1789423725.641,0.7981863021850586,0.6322746276855469,0.6951786260514551,0.7167374888153298,0.13320869435841773,0.45109051414256324,3.065690659977008,-0.0145230265618187
1789423725.808,0.7268699407577515,0.6515883803367615,0.6836203956274676,0.703593610312861,0.06763924229944825,0.41889394482545866,3.067184329156839,0.0014914193381509525
1789423725.941,0.6739771366119385,0.6739127039909363,0.6674968527505082,0.6923095542140171,0.01950482445589249,0.3858853976204633,3.0754901391489273,0.04186384280640869
1789423726.107,0.6668317317962646,0.6738071441650391,0.66776099697494,0.6916385017393053,0.017855555065963098,0.35833291505930726,3.0728319671711724,-0.0202577544885751
1789423726.374,0.6748870015144348,0.6739526391029358,0.6042857590847335,0.6926864559270652,0.07304444760156309,0.3437706363500655,3.0709193225391047,-0.012357227198007349
1789423726.507,0.677237868309021,0.6734564304351807,0.5204868542426698,0.6923638863004303,0.1578872138525656,0.33300224253074157,3.0620394636718355,-0.0459970138005728
1789423726.674,0.6792250871658325,0.6730867624282837,0.46753905117815986,0.6878010855199407,0.2121968169794729,0.33772830921652225,3.05788121704623,-0.032510545024280205
1789423726.941,0.6804845333099365,0.6731616258621216,0.3862230882790684,0.6846672172587298,0.2944862928304819,0.35265667251819166,3.0658956887879887,0.042881083308738854
1789423727.141,0.6786099672317505,0.6726908683776855,0.6436150534514473,0.6692502608951327,0.03516364273421983,0.3324954136475124,3.1029509362103465,0.11775172542610611
1789423727.274,0.6772292256355286,0.672672688961029,0.6369818272183002,0.6707758276289889,0.04029207319396837,0.29190423584508834,3.1110441342237536,0.06791289527499694
1789423727.407,0.6761198043823242,0.6731250286102295,0.628840468770298,0.6718083397873275,0.04729766638398736,0.22679018059162226,3.11979641268932,0.04899761956620589
1789423727.574,0.6402859687805176,0.5698965787887573,0.6347013168366887,0.672261242605119,0.10251689000145514,0.1697583808667422,3.1219618934681623,0.014782514640848668
1789423727.741,0.6362472176551819,0.5613085031509399,0.6413760326140083,0.6725223605106668,0.11133205653230142,0.11410826096195814,3.1219260609665778,-4.961422126226135e-05
1789423727.875,0.6397746801376343,0.5572574734687805,0.6511110607353395,0.6725264091211777,0.11582504500967182,0.07530779409553048,3.1210755313841645,-0.005626489437565628
1789423728.008,0.6366410851478577,0.5567322969436646,0.6589634094151707,0.6726981575554523,0.11809473734306558,0.047220384173561114,3.120158005618279,-0.006013422602678669
1789423728.141,0.6406806707382202,0.5562021732330322,0.6641875469098764,0.6727010597331476,0.11884680804765582,0.024150058711926096,3.119365396859626,-0.003767786541079301
1789423728.308,0.6376780867576599,0.5555914640426636,0.6686242187758451,0.6726742405407085,0.12110342538251376,0.012554609354245107,3.1193342675189655,-0.00020518114396228193
1789423728.441,0.64096999168396,0.5556930303573608,0.6711224270127784,0.6727857954330663,0.12091271640870913,0.006202559929209344,3.1195318988248166,0.0013219416687162194
1789423734.041,0.8949940204620361,0.8465715646743774,0.6562186041501717,0.6450741795736442,0.31243382601334535,0.027342108818527503,3.1375871340887613,0.09964246894735371
1789423735.143,1.642749547958374,1.1681541204452515,0.7341787854404125,0.6438384090529314,1.049003239134801,0.0,-3.004429092681268,2.124988933973378
1789423735.275,1.6836389303207397,1.1983896493911743,0.8209243949053391,0.6960719259404362,0.9982982845371131,0.0,2.653005177774701,-1.2526348042740176
1789423735.441,1.7687535285949707,1.227731704711914,0.8812250596281668,0.7330524508420878,1.0160779238994255,0.0,1.8071974658292476,-2.9220110043321252
1789423735.575,1.8004063367843628,1.2326984405517578,0.933941068245243,0.7916577030266871,0.9722545930676939,0.067710800387977,1.0365247156520283,-3.014702718164585
1789423735.708,1.8439345359802246,1.2331271171569824,1.0139879310511217,0.8753189768357614,0.9037909228983632,0.2342901664223825,0.751600967283395,-1.5973182111202775
1789423735.875,1.8874987363815308,1.267173409461975,1.6086516635101105,1.293100598048477,0.2800498333457087,0.519479538929101,0.6448113081090661,-0.4873133901118092
1789423736.042,1.9480286836624146,1.3270387649536133,1.9079225026961772,1.5985900582285328,0.27449701388353565,0.7290276785518475,0.6932793944166011,0.291658014816683
1789423736.175,1.9711766242980957,1.3752872943878174,2.161452145110092,1.7309128556943245,0.40332903896799294,0.8242294707358921,0.6914455231044374,0.018968911868060243
1789423736.275,1.971129298210144,1.4023196697235107,2.3169050868522962,1.6244689083175567,0.41098805362080376,0.8307317202783961,0.5941645080618025,-0.6264084763195187
1789423736.475,1.9276676177978516,1.452528476715088,2.4575763372593844,1.23512403025244,0.5727721574091148,0.8120750198045187,0.22871004014102825,-1.9759703152901853
1789423736.608,1.8818820714950562,1.4552488327026367,2.3157052514371625,1.0028286189381919,0.6268066697776494,0.7590130227457138,-0.11307928121866695,-2.170737823282584
1789423736.742,1.8600378036499023,1.4414191246032715,2.1529008263618548,0.828851428325041,0.6789756494864893,0.6970498579640216,-0.5167800013076804,-2.5115180033183
1789423736.908,1.847176194190979,1.412950873374939,2.070219436796464,1.6073436680552122,0.29586626488259216,0.5949134658305827,0.19735518635032445,2.6321494745087324
1789423737.208,1.8402650356292725,1.2949657440185547,2.0397168956029272,1.7626642051004806,0.5084514676400809,0.5401067203502925,0.8712380176722085,2.9576313931536515
1789423737.341,1.8330185413360596,1.248459815979004,1.9778633764190479,1.7989135024865746,0.5691917842344467,0.4762001750353193,1.395667605315956,1.245989900167345
1789423737.475,1.842971920967102,1.2098236083984375,1.948746800462162,1.8452842116079538,0.6442037747200777,0.41021080012904804,1.5573438347941204,0.750940028659446
1789423737.642,1.8461921215057373,1.1739206314086914,1.9230513602576933,1.8361678338992053,0.6666923576793438,0.33803789792698985,1.593469275723388,0.22525187965652851
1789423737.808,1.8563611507415771,1.1495683193206787,1.9161308766321423,1.4959890893279475,0.3515391443715227,0.2595617176109116,1.60728515191603,0.07824537251496569
1789423737.942,1.862379789352417,1.1351256370544434,1.9122404999714162,1.4782407299553755,0.34671898915382016,0.16312084155073173,1.0735878394484129,-0.8395138150538177
1789423738.075,1.8599953651428223,1.1104822158813477,1.9128145292985352,1.4264981566460273,0.3203996549927819,0.05526665134087687,0.24439795799533215,-2.5830064143073064
1789423738.275,1.8386709690093994,1.051897406578064,1.8898835981223792,1.3751335701971386,0.3272680107371339,0.0,-0.5571889146112667,-3.0649925919893177
1789423738.442,1.7996530532836914,0.9841947555541992,1.8708601459569085,1.3379700606815907,0.3608703597761267,0.0,-0.9523867842371008,-2.1131824560339845
1789423738.575,1.7765674591064453,0.9412534832954407,1.8682461256190293,1.2973203021552129,0.3676799659846092,0.04241121882234597,-1.148921425658076,-1.194641271079872
1789423738.742,1.761923909187317,0.8953250050544739,1.8719830033917624,1.2454904289359998,0.36705425797725294,0.11369353109430737,-1.258600790525012,-0.5973664575898253
1789423738.875,1.7587600946426392,0.8715575933456421,1.8768872905373968,1.1938616518423082,0.34326948674966845,0.16673829379745964,-1.3016221242407275,-0.23837459866272387
1789423739.042,1.752204179763794,0.8538057804107666,1.8786494505458768,1.1568385851421032,0.3283554282275453,0.1887438235629494,-1.335315652117237,-0.22202334700903348
1789423739.208,1.7647279500961304,0.8289090991020203,1.8784251997136865,1.1239461996118585,0.316186582966212,0.19933041053829761,-1.3452533462955747,-0.06406536228953354
1789423739.342,1.7541894912719727,0.8172667026519775,1.8742722069841933,1.0711180514135323,0.2808208786413192,0.21664564788104873,-1.3816816851175684,-0.17040798435864027
1789423739.509,1.7497576475143433,0.7858352661132812,1.8601929470302419,1.014208837335664,0.25367389186124556,0.242593071662205,-1.3966035100977987,-0.07766614361079727
1789423739.642,1.7456449270248413,0.7522847652435303,1.8427148980399055,0.9669910581453481,0.235629733871824,0.2589339210549201,-1.3862161232398857,0.0773742367842455
1789423739.809,1.7442207336425781,0.7123188376426697,1.8268607849496894,0.914102617977668,0.2180506181745992,0.26808136615490646,-1.393954930929319,-0.034966425914873527
1789423739.942,1.745086669921875,0.6807894110679626,1.8119131704368805,0.8778127722319082,0.20804803775912087,0.2647936356839168,-1.431490087041735,-0.24324778909449
1789423740.108,1.7413474321365356,0.635221004486084,1.7976152572408606,0.8448907632142243,0.21708863596947556,0.24455031742368602,-1.491440123960846,-0.3266338189294466
1789423740.242,1.732576608657837,0.5896708965301514,1.788925856022589,0.8167611279541532,0.2339769452035408,0.22456829147713836,-1.548933130658121,-0.31832040068313566
1789423740.408,1.726149320602417,0.5253410339355469,1.7786079059467628,0.8010411382665906,0.2806464870695488,0.20259885305872277,-1.6031527859495023,-0.35700622632377516
1789423740.542,1.7236464023590088,0.4666723310947418,1.7688597303736613,0.7760682408280116,0.31268206534727605,0.18960235129537195,-1.6530766763538833,-0.27482508094264657
1789423740.709,1.6953461170196533,0.38838624954223633,1.7608913962283947,0.7513836324563279,0.36886756922916314,0.1895903095422428,-1.662889539699194,-0.06390319328215822
1789423740.842,1.6745562553405762,0.32871130108833313,1.7543619053766397,0.7160609579591876,0.39548539600805405,0.1959431308242331,-1.6529227204151233,0.056226314634533765
1789423741.011,1.6448309421539307,0.25768133997917175,1.7501772474171937,0.6857249558782568,0.4408164937301961,0.20289850307646534,-1.65181091250832,0.007917687245664088
1789423741.175,1.6041991710662842,0.1983271688222885,1.7448807208134411,0.6440428922817357,0.46739041986142615,0.21587916904412793,-1.6773107387220103,-0.14187071279410549
1789423741.309,1.5908167362213135,0.15662148594856262,1.7380183118417276,0.6034472464279576,0.47044825867795714,0.23470161760144864,-1.714683149510458,-0.24760724368760254
1789423741.475,1.5590505599975586,0.12165959179401398,1.7273327795787072,0.5463738231410186,0.4568381373482679,0.2645751391406023,-1.792603279220206,-0.434313064887974
1789423741.609,1.5284297466278076,0.09781641513109207,1.7173966448141103,0.49192645631070936,0.4370711763188601,0.29521076552809244,-1.858611354100188,-0.4393262547283411
1789423741.775,1.4982154369354248,0.08246835321187973,1.5566312924003054,0.11178187747775555,0.06535820434023498,0.3371959469449656,-1.9412739587741084,-0.4594186256012682
1789423741.942,1.4714322090148926,0.07086768001317978,1.5166749947737659,0.02040153495499876,0.06777714555996496,0.3706874250792442,-1.976243204920038,-0.2352071411875938
1789423742.075,1.4505627155303955,0.0625569224357605,1.4730822312776453,-0.0816961641686819,0.14600027939836072,0.40021629242144213,-1.998336382094187,-0.12297325898373042
1789423742.242,1.4265074729919434,0.05619603395462036,1.4303261578623627,-0.1685738335407262,0.2248023035647438,0.41912118254756586,-2.009068664100481,-0.06031782668301339
1789423742.442,1.40556001663208,0.05848468840122223,1.3979589627920295,-0.19395898443522003,0.25255808039861255,0.4193882574799831,-2.037146783291418,-0.1873939086925131
1789423742.575,1.3874592781066895,0.07175549119710922,1.3627491299930352,-0.19407411377220035,0.26697559869384674,0.4018527173311961,-2.0988603679709406,-0.3431940707989725
1789423742.709,1.3710870742797852,0.0850314348936081,1.3347208362525205,-0.1941842233880821,0.28157394605668556,0.38070229377887516,-2.148255471545055,-0.3251869660818643
1789423742.875,1.315495252609253,0.0983375832438469,1.5004801566471835,0.05022601387972099,0.19113905364577244,0.3439420880715094,-2.182569751982306,-0.18745201301096137
1789423743.046,1.2820792198181152,0.10949928313493729,1.4751852741385545,0.03219159143930664,0.20800583503958517,0.3005383270318337,-2.1918167149536973,-0.04724159712525154
1789423743.209,1.256463646888733,0.11663933843374252,1.4570598700336173,0.02475237220540374,0.22064011263285765,0.2649994315557186,-2.191854659568299,0.004262145422333526
1789423743.375,1.201993703842163,0.11596047878265381,1.4367732660590982,0.015627676442681107,0.25531963116879147,0.22615032135253346,-2.1692534583353833,0.12976300307675506
1789423743.542,1.1472506523132324,0.10089118033647537,1.4194597242020086,0.011932709488988065,0.2863763055039159,0.17644592043795831,-2.119243707758915,0.24214164367083368
1789423743.675,1.1035246849060059,0.08133190870285034,1.4082012213876691,0.022972728340065442,0.31021538616754385,0.13670820352226015,-2.099441275830914,0.13676270925915157
1789423743.842,1.0764493942260742,0.055320143699645996,1.3963978492716238,0.03631199529791718,0.320512595059377,0.10114123027075755,-2.0959292706880497,0.02720500152433557
1789423744.008,1.0583573579788208,0.027534663677215576,1.3709589557282107,0.04741934694970491,0.3132333946824932,0.0809098765560059,-2.1271349160875515,-0.16936190322263625
1789423744.142,1.034333348274231,0.0001399219036102295,1.3433279192517078,0.05916326326741096,0.31458130859811545,0.06770068896940028,-2.1733133759313703,-0.2481700284126108
1789423744.309,1.0210669040679932,-0.044515833258628845,1.3161814267609224,0.06992439674026765,0.31652669357650676,0.0613580993697724,-2.2123947803936015,-0.2191475651847112
1789423744.442,1.0124130249023438,-0.0898834690451622,1.2782218474476446,0.0731108428858956,0.31180358539439246,0.0766447867615589,-2.2391339590689627,-0.14685162103430432
1789423744.608,1.0079251527786255,-0.1428704708814621,1.2315794934397561,0.06575743989023101,0.3058543268445399,0.10868332562148969,-2.2240162179791665,0.08691939297055097
1789423744.742,0.9898168444633484,-0.18461307883262634,1.185146082103423,0.053947066775394285,0.3083252408570741,0.14273694389703045,-2.20217124926391,0.15003159802933533
1789423744.909,0.972952127456665,-0.2234509289264679,1.140702758588139,0.033738380164811246,0.3070612560318501,0.17151387475304541,-2.200872283331364,0.01114847497904023
1789423745.075,0.9373390674591064,-0.25032293796539307,1.1034187918492384,0.01080137967773857,0.3094646734573969,0.18966324846092578,-2.1826365569239967,0.10517922898651022
1789423745.209,0.9105380773544312,-0.2648371756076813,1.071519001355257,-0.01089539077632509,0.3006680694312159,0.20586544992172384,-2.1816050462696563,0.010211276704419701
1789423745.342,0.9011605978012085,-0.274652898311615,1.0407419006553584,-0.044212456825854354,0.2694174032586132,0.22218089017661796,-2.1862745206033933,-0.02439784230858379
1789423745.509,0.8704190254211426,-0.2818179726600647,1.017834764505013,-0.07773159005545704,0.25175911442146054,0.2390614931988639,-2.1963965740079194,-0.06791071953225727
1789423745.642,0.8329043984413147,-0.29240408539772034,0.9959008491186543,-0.12198389290500021,0.23581960254115047,0.25313205366160674,-2.1971738910764342,-0.006833604711212271
1789423745.809,0.7925622463226318,-0.3082606792449951,0.9775666839235875,-0.16218278201251507,0.23572312994678501,0.2676392526918374,-2.1929468031495345,0.02504254227235725
1789423745.942,0.7617548704147339,-0.3211265802383423,0.955675881956059,-0.2059480259419319,0.2255470196810898,0.2730820970354379,-2.221924952667466,-0.16385531262722974
1789423746.109,0.7566710710525513,-0.32082080841064453,0.9296263819067366,-0.2437099210133199,0.18936638695362693,0.27378983628388487,-2.2584627106338737,-0.20536317412599905
1789423746.242,0.7591606378555298,-0.321460485458374,0.908564282732579,-0.2689443415650023,0.15836475135577605,0.26798386636189664,-2.2530860147073346,0.03586874035481837
1789423746.375,0.7590445876121521,-0.3210408091545105,0.8934713230295379,-0.28713856191261133,0.13863588843811947,0.24951931418744772,-2.2367076748457,0.1092635309083973
1789423746.542,0.7581485509872437,-0.3211408853530884,0.8721591567866351,-0.3043160755363411,0.11524535765103058,0.22603095358672218,-2.250311034732384,-0.07337816196790285
1789423746.675,0.7582352161407471,-0.32149508595466614,0.8492193475885911,-0.31578512103884127,0.09116312782401945,0.2157017385044111,-2.2670867160349895,-0.10843750696926775
1789423746.809,0.7583476305007935,-0.3218739628791809,0.8173474874213514,-0.3326934603633792,0.05998370314057716,0.21179668079202155,-2.288369530763884,-0.11416380021376882
1789423746.975,0.7571375966072083,-0.32201820611953735,0.7887065423547833,-0.34478182352821285,0.03892018259389198,0.21145220499137346,-2.3004568636042486,-0.07653336076747304
1789423747.109,0.7559720277786255,-0.32158464193344116,0.7671159567587521,-0.3523262392848569,0.03269912782981645,0.1875834436489319,-2.310067072888094,-0.05026005480514463
1789423747.275,0.7552542090415955,-0.32121700048446655,0.7580721592148221,-0.35136417080022747,0.030278585191951823,0.15740435278743634,-2.3127387388177705,-0.015797093728303097
1789423767.91,2.9276509284973145,3.0205917358398438,0.7533903487230148,-0.34847759900417286,4.009742791220751,0.12641463141454717,-2.3130978928086012,-0.0009612730080118771
1789423769.01,4.944497108459473,0.7394602298736572,1.653067665349694,0.920849274379449,3.2964237841085713,0.0,-2.2543224813734546,0.8815428273000133
1789423769.177,4.316817283630371,0.40485668182373047,2.3383289542263395,1.7069782470065338,2.3685304811426997,0.0,-2.302214204075119,-0.26258147160079964
1789423769.31,4.059752464294434,0.16528639197349548,2.843497366276789,2.0799264306093574,2.2682863445785335,0.0,-2.323311326084394,-0.11798705865096352
1789423769.477,3.874350070953369,-0.13483484089374542,3.1436065749405353,2.1487735338262777,2.397676639177286,0.0,-2.3395020956016377,-0.10770991967111145
1789423769.643,3.9030158519744873,-0.44476354122161865,3.3381495157893037,2.0456370526344063,2.5536579832925383,0.0,-2.499218843997841,-0.8872201708989579
1789423769.777,2.056205987930298,2.0787410736083984,3.4712058416568317,1.8518576146307015,1.4330738606240072,0.0,-2.65585633707284,-0.8673240377417768
1789423769.977,2.291141986846924,1.842017650604248,3.6541599867185965,1.6446561600704503,1.3772325968840184,0.0,-2.5947385210328995,0.40765681220814604
1789423770.11,2.326207160949707,1.6801011562347412,4.114058132285281,1.467598406128237,1.8004356457558777,0.0,-2.639160151950901,-0.24630966020144898
1789423770.277,2.4524831771850586,1.4658803939819336,4.116549083777792,1.1542083123823064,1.6930017211842816,0.1797283113373211,-2.8480932596299695,-1.1543828608824722
1789423770.443,2.537494421005249,1.2671022415161133,3.594766622107253,0.7469710481633218,1.1782873017739246,0.4340701304053041,-2.868274669585534,-0.17602946523352073
1789423770.577,2.5827956199645996,1.126647710800171,3.196920117485049,0.4710663885695155,0.8982960361219673,0.66659156860419,-2.9498399668043973,-0.5598442918025884
1789423770.743,2.6230506896972656,0.9838557243347168,3.099306141635643,0.23725145409737947,0.8855716751554643,0.6818214418291115,-3.022765323094956,-0.5908284346985239
1789423770.91,2.646350860595703,0.8842494487762451,2.5583037008824507,-0.5399153466164246,1.4268839009426855,1.357283105898028,-2.6397426936350326,2.952687129408879
1789423771.077,2.651576042175293,0.8210198879241943,2.2948592359437225,-0.07566438701793315,0.9650334547447258,1.082858026560888,-2.3084274874344906,2.3267533156268807
1789423771.21,2.6567163467407227,0.7784320116043091,2.3019209350942598,0.35158305736051343,0.5550493796631116,0.7958292737301504,-2.1855889876663293,1.3218432023956144
1789423771.377,2.6583523750305176,0.7378554344177246,2.297820154886396,0.6784594977365654,0.3653920621144932,0.5458671093779125,-2.133804467263559,0.4416065901874711
1789423771.544,2.6444618701934814,0.7211194634437561,2.267609616568014,0.8344858961488872,0.39353471146377994,0.42347546151262766,-2.2148569413206207,-0.4288909131836771
1789423771.677,2.619567394256592,0.7212648391723633,2.243176191375802,0.8756571308288806,0.4068259054300734,0.3826469817764397,-2.319176599466036,-0.703007604225632
1789423771.843,2.5999255180358887,0.7418245673179626,2.215992436053177,0.8715972590826919,0.4052722084828998,0.36227980563850976,-2.474893849499019,-0.8930360636663658
1789423771.977,2.5698790550231934,0.7642398476600647,2.229964960480032,0.8634300530672101,0.35409079134850296,0.32510392288737816,-2.6172921155798496,-0.819634133246683
1789423772.144,2.5182671546936035,0.7990185618400574,2.5359440527003887,0.943598530185302,0.14565658230871079,0.26554049099024113,-2.7981419497824866,-1.0272348375698974
1789423772.344,2.4847097396850586,0.8431425094604492,2.557110354433077,0.8983961901575279,0.09107589278434601,0.20450966065098194,-2.9219803595848632,-0.8471435850367135
1789423772.477,2.457571029663086,0.8778361082077026,2.577626530621888,0.857267899803804,0.12180465716636277,0.13060701450340556,-3.0850563480723667,-0.9168994374371586
1789423772.644,2.4272189140319824,0.9177621603012085,2.594990573923642,0.822355169890222,0.19300213387961493,0.0717440279426604,3.08970221803747,-0.6100700015393029
1789423772.81,2.4011576175689697,0.9410045742988586,2.600630114449332,0.7955960719869107,0.24684592270541944,0.046763775784865076,3.035045686898078,-0.3691629920270898
1789423772.944,2.374317169189453,0.9609993100166321,2.5968012084615513,0.7815590097547477,0.2858285659077898,0.038409585717578756,3.0145114952274064,-0.11582178626819035
1789423773.11,2.341277837753296,0.9912118911743164,2.581951507724375,0.7775360681915847,0.3218402907416901,0.0525161149734277,3.0385278249190675,0.1590306640643475
1789423773.277,2.2959694862365723,1.0211135149002075,2.546678203134475,0.7850802989344325,0.34433492382815156,0.09475428031126534,3.0396186391904934,0.006335312782526197
1789423773.41,2.269228935241699,1.034482479095459,2.504491078050467,0.8037721239587768,0.32950803299201514,0.13315247696069696,3.017570484843092,-0.1041121121891559
1789423773.61,2.2457218170166016,1.036344051361084,2.4716251202320763,0.825779119888766,0.30882016250498395,0.15876093671880998,3.0499479105162965,0.21982696593028717
1789423773.777,2.235769748687744,1.0172843933105469,2.4348835390656736,0.8526525740415443,0.2583600925733066,0.17755647515392337,3.064930637844343,0.0874232355802078
1789423773.91,2.2373085021972656,0.9908500909805298,2.4016518692567863,0.8793027790854387,0.1986241301742592,0.18711598498996088,3.0243027461823626,-0.22242797414996682
1789423774.044,2.218532085418701,0.9642559289932251,2.3739648371470765,0.9044056273965202,0.16655749431073735,0.19550441921329356,2.9889371783983165,-0.229756741880044
1789423774.244,2.2366371154785156,0.909025251865387,2.339347972722086,0.9320417427399671,0.10525815430591938,0.2045626782583612,2.978912562587271,-0.05044651809604247
1789423774.411,2.263273239135742,0.8628247380256653,2.298353106993725,0.9612057749454583,0.10444819555333268,0.221517441589109,2.9662272221370483,-0.06516548121704788
1789423774.71,2.323636770248413,0.8050602674484253,2.232152827237895,1.0073741853768243,0.2220365582877979,0.2195849660585768,2.8793394440796565,-0.2768813273914534
1789423774.877,2.2066526412963867,0.7665853500366211,2.2155730276252603,1.0154506493162063,0.24902512017419826,0.19195973853841458,2.8595266163950184,-0.109778643446377
1789423775.044,2.232790946960449,0.727861762046814,2.2113526878564724,1.0042189581142318,0.27718747946408845,0.15580832683159632,-2.969570590877156,0.7016209633520091
1789423775.378,2.165252685546875,-2.7783820629119873,2.2194327004590853,0.9321421144774606,3.710919716863668,0.14825893476206004,-1.2393981033139658,3.1080530734479463
1789423775.51,2.143113136291504,-2.7730536460876465,2.2462471345934487,0.8933795298932216,3.667883429927797,0.1841090105065982,-0.7573604013317556,2.2286454657331713
1789423775.71,2.1577088832855225,-2.7298712730407715,0.249539429054803,-1.5780118726558485,2.228876565517767,2.6560327078203483,-1.6085041268061961,-2.74647975812405
1789423775.877,2.1390364170074463,0.7247898578643799,2.7707317389454187,0.08616809745457851,0.8982631755934518,0.3748383380116711,-0.5438226235648491,1.2761728863077317
1789423776.044,2.111456871032715,0.7620285749435425,2.3340486217723044,0.42415001976096045,0.40460969532326424,0.0,-0.45360496837416076,0.37433961266430416
1789423776.377,2.074376344680786,0.8146300911903381,1.699620612024897,-1.4415724143295605,2.287114252736999,1.3648726097737844,-1.152071260858614,-1.5690897046607837
1789423776.51,2.039586067199707,0.8369041085243225,0.18385818007885105,-2.0896298880823285,3.465303337996911,2.4142934919534436,-2.1895450640606477,-3.234080739686339
1789423776.844,1.9823545217514038,0.8861421346664429,-0.8816781831449172,-2.570660696269819,4.489116744604075,2.7487098794430307,-2.8240697346058665,-2.439253612894979
1789423776.977,1.9601719379425049,0.8978149890899658,0.3663666778519795,-0.5897463223344039,2.180149963268311,1.5195554529460817,2.7086011198129967,-0.3546080552027693
1789423777.144,1.9567773342132568,0.905775249004364,0.7232132667446535,0.014728437985212419,1.5217242614800768,1.14896039200827,2.620823433185736,0.947691797058219
1789423777.311,1.955960750579834,0.9069918394088745,0.8722770982933699,0.36232666349693793,1.2128604256401934,0.9871942522334473,2.6619286487237535,0.8108565987782055
1789423777.477,1.9474084377288818,0.9136461019515991,1.0011764031684363,0.5479311445682549,1.0144468903211747,0.8449458464951944,2.728905351152636,0.6784171755831649
1789423777.611,1.9286320209503174,0.9357174038887024,1.120135531845053,0.6812712565498328,0.8475903578917899,0.7356443121059235,2.7648537817096077,0.45011417563556955
1789423777.744,1.9042549133300781,0.9630833864212036,1.2383295473498586,0.7523893663999993,0.6984615688272225,0.607125829270916,2.816673695678233,0.41356262842115366
1789423777.944,1.861055612564087,1.0102252960205078,1.359475513324884,0.7980930600564937,0.5445940520129658,0.4841273039387523,2.859033105288222,0.31039859426817784
1789423778.111,1.824255347251892,1.0462894439697266,1.4604033619971923,0.838406302962646,0.4190509127644945,0.39365816504365786,2.8780298875609827,0.17807722585728508
1789423778.244,1.784881830215454,1.0736099481582642,1.8536512371479057,0.7950381554255926,0.2869346180511087,0.29732411799851327,2.8600453728530857,-0.07022698509712158
1789423778.411,1.7552694082260132,1.0999245643615723,1.870530194003161,0.8296433577948351,0.29383154929506256,0.21215730561087287,2.825817643752335,-0.17433881358521433
1789423778.577,1.7236175537109375,1.114791989326477,1.884101932019426,0.8550694422880152,0.3053048265606165,0.15094503113742777,2.826957798900862,0.015067530422412687
1789423778.745,1.707861065864563,1.1127901077270508,1.8891372280092964,0.8789622541011272,0.2958656994199058,0.12396852869167975,2.8527305186666965,0.17762420124927078
1789423779.077,1.6863394975662231,1.0653057098388672,1.8557206950153786,0.9357877250374367,0.2132249948677063,0.13136382941253177,3.022496105933109,0.530334272314442
1789423779.211,1.6978251934051514,1.0366921424865723,1.8257015781065493,0.9677377688140509,0.14528274299747243,0.14867616076403656,3.0677214401143393,0.2560767795535358
1789423779.377,1.7098057270050049,1.0015475749969482,1.794051308690985,0.9978752310249025,0.08432558415960235,0.16973420156783398,3.0880771221812964,0.14142004799185195
1789423779.544,1.7143640518188477,0.968035101890564,1.7592042624625588,1.0265720511928296,0.07373750012163688,0.18175040500116785,3.1037019269359956,0.0922853391000622
1789423779.677,1.712907314300537,0.9409126043319702,1.7254876194859896,1.0510975804991887,0.11090082529688235,0.18828882873270922,3.1172837458280176,0.08092482080416505
1789423779.844,1.7168123722076416,0.9144078493118286,1.7002212393561051,1.0680210744282204,0.1545065973347306,0.1791373270643037,3.1282004247837136,0.06403488334766101
1789423779.977,1.72536301612854,0.8912570476531982,1.677496887786139,1.0757787857696148,0.19062905885513529,0.16869351303012622,-3.140551648360233,0.08236309734996251
1789423780.144,1.7204965353012085,0.8706848621368408,1.667426402812582,1.081753777094126,0.2176385210012373,0.14202094554290154,2.6426262073082247,-0.7684630731066487
1789423780.277,1.7136222124099731,0.8521881103515625,1.678898049254102,1.086683756390221,0.2370526851102163,0.1029588487282663,1.8310635306543528,-2.4456246431892685
1789423780.444,1.6967828273773193,0.8275240659713745,1.7012178341189412,1.068514680592948,0.24103142040091363,0.03956963994996157,0.9940765602376969,-3.1080151457845533
1789423780.611,1.692150354385376,0.8114901185035706,1.707198946147537,1.033772549430732,0.22279124581749718,0.0,0.48954645472072045,-2.3354828182363994
1789423780.744,1.668197512626648,0.8231205940246582,1.7039075362583946,1.0026036926809072,0.1830010614478198,0.0,0.26211527894072306,-1.3854367798096896
1789423780.878,1.638253092765808,0.8560162782669067,1.7039127285079696,0.9764246938732828,0.13714727235578225,0.0,0.0791015289017456,-0.9924624753929034
1789423781.047,1.5798239707946777,0.9178450703620911,1.7101276688156941,0.9529540287475639,0.13495070461789033,0.003466054180260038,-0.020260568902217724,-0.6564135643701622
1789423781.177,1.5194851160049438,0.9736025333404541,1.7142708779753946,0.9303526623976374,0.19952955771759578,0.009096590635470306,-0.10889704232869946,-0.49019536958545634
1789423781.344,1.4522333145141602,1.0393824577331543,1.714894863593097,0.9088524556523722,0.2933072975698963,0.010718524245466888,-0.150333910188031,-0.27616655536354406
1789423781.511,1.4049168825149536,1.1018726825714111,1.708816937359213,0.8866874482772087,0.3723706868062988,0.0035773719684847344,-0.19472809370135424,-0.24585613228328024
1789423781.677,1.3386534452438354,1.1558948755264282,1.7033899352380084,0.8666145675057976,0.4655274468189608,0.0,0.31638502523922263,0.8058994448428841
1789423781.811,1.3008170127868652,1.1914933919906616,1.6869799910364474,0.8543063124605734,0.5126567783348009,0.0,1.1291115847123967,2.5376480795981338
1789423782.011,1.2809841632843018,1.205108642578125,1.6697662348931144,0.8525455529312262,0.5248354326699057,0.0,1.9019378363460664,3.1312451858202306
1789423782.177,1.2770709991455078,1.1785199642181396,1.6425716405484458,0.8775314884006943,0.47348155343251547,0.048881446366289355,2.46290831485031,2.5176297577880606
1789423782.344,1.2817803621292114,1.127029299736023,1.5139226215114137,0.9728414716966324,0.2786824625027171,0.28105268778699233,2.886285309490482,0.9832125672289557
1789423782.511,1.324809193611145,1.054548740386963,1.0660570652836763,1.0427221600023961,0.2590222614324635,0.36497080250344327,3.0044157355470924,0.6615381130254524
1789423782.811,1.3911983966827393,0.9380307197570801,0.9388567465228953,1.053995093898541,0.46696970409155175,0.4098080382570549,3.099589205810852,0.5448410638188158
1789423783.111,1.4282126426696777,0.8429387211799622,0.9116459483589588,1.0851287671715761,0.5705235911410883,0.35735933810437903,-3.0601956437975124,0.3075042763311518
1789423783.278,1.4420807361602783,0.810034453868866,1.231995626205234,1.1347703540673684,0.38676757659162014,0.28854927308048145,-3.0676558140685044,-0.035546066335808604
1789423783.411,1.404050350189209,0.7998484373092651,1.2307073308653715,1.1463682839105311,0.3874581350763837,0.21810196051490777,2.7225423220352756,-0.7266828067327585
1789423783.544,1.3980984687805176,0.8093761205673218,1.270279463957525,1.1524958545505364,0.36615413399639796,0.11540261787405785,1.831081866635718,-2.3625225652354755
1789423783.712,1.375788927078247,0.8311370015144348,1.3196607324665408,1.1133869483023089,0.2877766611317313,0.003636345768001592,1.049946167678402,-3.138898727631316
1789423783.844,1.3436627388000488,0.8481742143630981,1.3399086249072552,1.0532978800878234,0.20515801620085164,0.0,0.47331964484045974,-2.571100614487325
1789423783.978,1.3133536577224731,0.862795889377594,1.3609720465015023,1.002039000279507,0.14716030335505975,0.0,0.16281283648223432,-1.6029158115017792
1789423784.178,1.2742059230804443,0.8922225832939148,1.3804618065016327,0.9580907226990251,0.12501569721562258,0.006298863754009648,0.04567673476439715,-0.7606023628533308
1789423784.347,1.2423145771026611,0.9140136241912842,1.4053313295327212,0.9183657213357654,0.16307483657020327,0.039724632226499204,-0.05453302390719372,-0.5533044442458616
1789423784.478,1.227579116821289,0.9290517568588257,1.4059928511423894,0.8866447745901203,0.18338433068160012,0.03128911988786965,0.4329220274842882,0.879756948228015
1789423784.644,1.202524185180664,0.9488935470581055,1.3999334352762716,0.8675602983868665,0.21350763303153286,0.0062016065332232695,1.221529171078612,2.5250879234664194
1789423784.778,1.17554771900177,0.9623798131942749,1.3892000797043997,0.8540311418813531,0.23955535019924343,0.0,2.0524750871027146,3.099787386385311
1789423784.944,1.143065333366394,0.9799638390541077,1.375856213975406,0.8521341757181743,0.26557864545798354,0.0001843374893769402,2.4927550698802454,2.305355988983341
1789423785.111,1.120701551437378,0.9869561195373535,1.3550162172100786,0.8593234951669556,0.26682100629419625,0.0332121947821841,2.737946941085207,1.4660013597858592
1789423785.244,1.1124916076660156,0.9815533757209778,1.3136014775850962,0.8768701572639637,0.22672396433855074,0.10317167225394355,2.9706761116261458,1.0911810082226323
1789423785.411,1.1125699281692505,0.9542396068572998,1.2682708576625386,0.8919069303389817,0.167714465705887,0.15451824545914336,3.080761379101319,0.6046612151303395
1789423785.544,1.1245250701904297,0.9246821403503418,1.237255250684489,0.9034977325047663,0.11470341202418896,0.17399197234383862,3.117692577159998,0.2511709597751701
1789423785.711,1.13559091091156,0.8916606307029724,1.2045986919948968,0.9162097424276897,0.07324433586645712,0.18097672547654048,3.1389604287277955,0.12106099760502784
1789423785.844,1.1360056400299072,0.8707452416419983,1.1775994693817762,0.9289360134880081,0.07152770489947771,0.18565189261806622,3.137692261722143,-0.005337760885905239
1789423786.011,1.1494476795196533,0.8460009694099426,1.1447313187045192,0.9426318340010014,0.09674589423305809,0.18881787007872736,-3.132805146403412,0.07408019609300186
1789423786.145,1.140889286994934,0.8262479901313782,1.1168806948167755,0.9539061202244075,0.12989615343506491,0.18273637474122825,-3.1082310755925397,0.13942331363253227
1789423786.278,1.1482548713684082,0.8081830143928528,1.1019042828080565,0.9606496812917648,0.15935639797370793,0.1681990371712242,-3.0944945936299133,0.09377319833567418
1789423786.411,1.159466028213501,0.7894295454025269,1.092301920467724,0.9580684138450355,0.18152158361708967,0.13987043178205844,-3.085239086051894,0.050946438595429695
1789423786.578,1.1720306873321533,0.7634487152099609,1.0970573540887962,0.9427848323904927,0.19437706557875828,0.10558198141003823,-2.6177943697820996,0.7706827101805939
1789423786.744,1.1616225242614746,0.7389364242553711,1.1088656783392412,0.9136302794109339,0.18248624008613643,0.08515293477792737,-1.7492939464924364,2.4751265414407864
1789423786.878,1.1510303020477295,0.7350317239761353,1.121419058832251,0.8904281249012975,0.15819250028133444,0.09503984192866295,-1.0177527826989614,3.086413349299843
1789423787.044,1.133812665939331,0.7361907362937927,1.1410389845560278,0.8681911506526236,0.1321980675791181,0.11974430417718857,-0.501891950810275,2.391132386762558
1789423787.212,1.1215879917144775,0.7362080812454224,1.15341562091247,0.8517090746618706,0.1198059992677801,0.1297541792087438,-0.28651495072577804,1.3152971293633575
1789423787.378,1.1019455194473267,0.7430977821350098,1.164212371701608,0.8372761907339091,0.11290143283359047,0.12875054175103232,-0.18317259256930285,0.6719336363512994
1789423787.511,1.0640144348144531,0.7569383382797241,1.1743022202767484,0.8227660883064601,0.12843943434848856,0.1232807389869303,-0.12926210246172198,0.3587336273122042
1789423787.645,1.046609878540039,0.7656335234642029,1.1865373701175288,0.8053701242474107,0.14546030503533428,0.11402701683794844,-0.10568519196848669,0.13390855966717727
1789423787.811,1.0069353580474854,0.7932835817337036,1.1862919451876635,0.7868568177538038,0.17947169316030212,0.08707932462878312,-0.11976938279854643,-0.07552626049254506
1789423787.978,0.9519292116165161,0.8302940726280212,1.1779403182424975,0.7766980015194518,0.23227905449389002,0.05776585801678508,0.34321500274362515,0.7362164840558311
1789423788.111,0.9333154559135437,0.8628588914871216,1.1590989872505257,0.7730581436569736,0.24298637273281765,0.01322889415488792,1.2104586930612466,2.364909551274
1789423788.278,0.9064664840698242,0.9014290571212769,1.1428724546314908,0.761070351954967,0.2749333538026383,0.0,2.069279779458677,3.119699908452481
1789423788.445,0.8506994843482971,0.9329984188079834,1.1307738437654464,0.7552961100935778,0.3316922629868783,0.0,2.591569238377117,2.389487519431733
1789423788.578,0.8215100765228271,0.9501546621322632,1.1082562799544255,0.7596993107996406,0.3442333889001303,0.031946056261172785,2.8238081052669424,1.4035076983854746
1789423788.745,0.8006820678710938,0.9602807760238647,1.0814858916953685,0.7658183704360605,0.34156465663374774,0.07179671726917977,2.957416900730032,0.8527526481726072
1789423788.911,0.7953926920890808,0.9562616348266602,1.0396532460570382,0.7780628405302513,0.30235414419754075,0.1281175542757225,3.065590325753357,0.5981774488390412
1789423789.045,0.7906980514526367,0.9556701183319092,0.9843138624774449,0.7939168520982411,0.2522918972461346,0.1872430754132437,-3.0893154894726065,0.712076428282625
1789423789.178,0.7894289493560791,0.9479858875274658,0.9466543319104139,0.8110669559214057,0.20848648577666112,0.207404523972296,-3.0293450089709175,0.4044339857744562
1789423789.345,0.7882115840911865,0.9485439658164978,0.910530255816116,0.8319422294675848,0.16899059847261472,0.2061352656278267,-2.9895524472838684,0.22718978661349512
1789423789.511,0.7867569923400879,0.9494646191596985,0.8669249305721302,0.854056388413635,0.12461793135207569,0.21372573096618763,-2.9359072926976975,0.30553344472706084
1789423789.645,0.7860669493675232,0.9501338601112366,0.8341201607138012,0.8757409468407829,0.08856306603520067,0.21300075825338152,-2.927844265188187,0.06207595703281866
1789423789.811,0.7385076880455017,1.0321992635726929,0.8028353590187086,0.8950732962915222,0.1514647818987432,0.20024272473501703,-2.9828479424861243,-0.2983404156034341
1789423789.978,0.7177413105964661,0.9574471712112427,0.7835771333814958,0.9113837209020171,0.08035046369606297,0.17616332012751662,-3.100916106421216,-0.654246706200405
1789423790.111,0.7233178615570068,0.9303668737411499,0.7746366447966476,0.9243460683285681,0.05167076166473076,0.15336215904456219,3.1057275398850184,-0.504567533776181
1789423790.245,0.737811267375946,0.9158869385719299,0.7704287338329042,0.9243373804629476,0.03369434798633529,0.12840683360227184,-2.6718848215117905,1.0690449838425604
1789423790.411,0.726301372051239,0.8986443281173706,0.7766994043022271,0.9136644801315331,0.05258865487251201,0.09597752411737964,-1.798544447775177,2.620971690025276
1789423790.545,0.7302847504615784,0.8905765414237976,0.789508663755263,0.9155918975213967,0.0642902787869796,0.06374281621426753,-1.0137789341526853,3.0482895118846645
1789423790.678,0.7389804124832153,0.8829023838043213,0.7937319788171886,0.9252965348359369,0.06924592448451322,0.037073049443948305,-0.6134063739390085,2.1449655237027137
1789423790.845,0.7344292402267456,0.8824594020843506,0.7708707288427138,0.9662524028874037,0.09137422544748706,0.0,-0.3485547580478743,1.3965676120147776
1789423790.978,0.7324628829956055,0.8836022019386292,0.7492939430665748,0.9675361518329151,0.08560486275889402,0.0,-1.0446731623059984,-1.917641731792007
1789423791.112,0.7390527129173279,0.8616683483123779,0.7431668583022003,0.9547298655597316,0.09315241373484304,0.014076833212220176,-1.798155912449438,-3.086192838582927
1789423791.278,0.7263844013214111,0.8710838556289673,0.7412263508328435,0.9380421367025237,0.06858348831625063,0.039804286173339976,-2.330157580599901,-2.6649040927118586
1789423791.412,0.7241315245628357,0.8804621696472168,0.7303641825717797,0.920317563206279,0.040339787079311545,0.06608970009838985,-2.6697407764809804,-1.7401145714886603
1789423791.545,0.7168529033660889,0.8871005177497864,0.7230312331627738,0.9087639685910908,0.022527247089474053,0.07380397270312207,-2.8251648811225434,-0.9933839336995162
1789423791.712,0.7201242446899414,0.8956533074378967,0.7222087518259154,0.9008421192268516,0.00559186353384307,0.06416817896082282,-2.920765896088577,-0.6283342301337967
1789423791.845,0.7184209823608398,0.89459228515625,0.7210574396491696,0.8955210590279992,0.002795268848971578,0.05039062921067847,-2.973193978435924,-0.29048047642575275
1789423791.978,0.7178614139556885,0.8980860710144043,0.7221091968222185,0.8922492686975785,0.007218858674810684,0.038914274335658236,-2.9932696279884765,-0.1342655097328977
1789423792.112,0.7183619737625122,0.8980143070220947,0.7261067244756425,0.8820432901829135,0.017749775843259055,0.027457703464632242,-2.4838116437879063,1.0702958051719214
1789423792.378,0.7440223693847656,1.0001513957977295,0.7233960292112357,0.8780550444185025,0.12382634989804815,0.02623231760449894,-2.79067965404773,-1.6076040846773099
1789423792.545,0.7774498462677002,1.0336315631866455,0.7220123951718289,0.8783529740238794,0.16487798893844574,0.022683221754331823,-2.8973642091506986,-0.6898411889945207
1789423792.812,0.8107849955558777,1.0591261386871338,0.7179348677479279,0.8843925873014203,0.19787106967370538,0.016276895087787794,-2.984492976393501,-0.16943977368446161
1789423792.945,0.8094985485076904,1.0589895248413086,0.7173576207794077,0.8870617114020569,0.19506184556860615,0.013081338511172727,-2.983199836881383,0.008717309470779224
1789423793.112,0.8060973286628723,1.0588570833206177,0.7169992055084556,0.8899617644384734,0.19095576527023425,0.010144270729821037,-2.970296888112643,0.08589412259337167
1789423793.245,0.8036548495292664,1.0587704181671143,0.7172151598730948,0.8942830688383514,0.1858168669337036,0.005139446258612124,-3.0481203285953122,-0.32101247134849875
1789423793.378,0.8025128245353699,1.058880090713501,0.731533253347449,0.9236095850208718,0.15276193647751643,0.0,-2.5310045904587977,1.1177856400132642
1789423793.645,0.8024287223815918,1.0585711002349854,0.7590453767280326,0.9616490945076882,0.10618846394170325,0.0,-1.6555698283270575,2.69566979047607
1789423793.778,0.8026769161224365,1.0587775707244873,0.7780902839422258,0.9997201488648004,0.06397094308104262,0.0,-0.9733459652137837,3.0094894530749863
1789423793.912,0.8030333518981934,1.0583983659744263,0.7867992682415124,1.0214002382095908,0.0404030559521827,0.0,-0.5640300358745503,2.1993020822425677
1789423794.078,0.8033021688461304,1.0585567951202393,0.7922914716952159,1.0332012255466954,0.02764308883153224,0.0,-0.33817665718728795,1.3786948603751177
1789423794.212,0.8034898042678833,1.0582270622253418,0.7961829383397165,1.040370230064655,0.019293956165264452,0.0007099545867552215,-0.18635062553066994,0.8255037792468534
1789423794.312,0.8036013841629028,1.0582497119903564,0.7984705735679777,1.0453926038386054,0.013843064956389475,0.0018588473158261721,-0.12583847324358954,0.4007760579834009
1789423794.478,0.8037599325180054,1.0583326816558838,0.7998592832490932,1.0490494791308078,0.010069404840438298,0.0025986805165370205,-0.09140493542035077,0.22843347430692648
1789423794.612,0.8039020895957947,1.0580388307571411,0.8008576254537616,1.0516254971262746,0.007099268284332433,0.0031409953780422223,-0.07206016829276463,0.12841661267279353
1789423794.745,0.8040032982826233,1.058032751083374,0.801648193755437,1.0534870024826963,0.005119604249796686,0.0034767566580048833,-0.061300623005505095,0.07102871062831308
1789423794.878,0.804119348526001,1.058152675628662,0.802278865836782,1.0549010719455736,0.003736348891791238,0.0035936552059646298,-0.05552312348916244,0.03836786814951706
1789423811.679,2.4841575622558594,2.46197509765625,0.8028367895887327,1.0558291094546126,2.1918225477299806,0.0036304096435847903,-0.052437376113602774,0.02037111720462067
1789423812.78,2.6611695289611816,2.2050325870513916,2.3088234349620187,1.539233270430445,0.7532838110363096,0.8852683449711547,-0.007448503339909873,0.6305183108133123
1789423812.946,2.79610538482666,2.0794215202331543,3.5224268818263527,1.5221304248317995,0.9154869098012905,1.5525558335494671,-0.04568248011447551,-0.5138864481661979
1789423813.079,2.8289542198181152,2.0159037113189697,3.8912999988657897,2.9142380464398863,1.3912523609746543,1.8474503387464516,0.2868714917691175,1.7889928090408516
1789423813.246,2.845018148422241,2.0159242153167725,4.389153490146276,2.337988815386634,1.5773647517867773,1.8086550390696268,0.2087339029017108,-0.7387527854584333
1789423813.379,2.8380050659179688,2.027790069580078,4.293921007122027,2.168794774791843,1.4627281205828901,1.5625472156403024,0.07882667607971028,-0.9102825161244679
1789423813.513,2.8120503425598145,2.0264689922332764,4.053224944210019,2.148370362337555,1.2471464772891931,1.2942142433227464,0.0014369126838293944,-0.6383648082864709
1789423813.679,2.8071799278259277,2.0269038677215576,3.7830933537492957,2.1578413662399205,0.9846581353016545,0.998676070468052,-0.06401878620829393,-0.3932066903432199
1789423813.813,2.808629035949707,2.0277013778686523,3.583354059618144,2.3461838751205564,0.8376335495632141,0.7765196252099282,0.045874359969590106,0.6338319161298096
1789423814.113,2.8063058853149414,2.0307765007019043,3.5249557286019826,2.298506829537161,0.7669009885472332,0.6622247346369247,0.09444326476472309,0.32303380514437335
1789423814.346,2.799844264984131,2.034379720687866,3.349196688644096,2.2098633966010612,0.5766997536787103,0.44114134726929444,0.17179126904216702,0.06675110470229931
1789423814.513,2.8037986755371094,2.035317897796631,2.80823275394339,2.3654558077633436,0.3301676856515525,0.3341841012409074,0.6594863343159449,1.1567183928143612
1789423814.78,2.820286750793457,2.036566734313965,2.865244206442583,2.075747059649475,0.05963447586622654,0.13072989739750623,-0.0021482665576453286,-1.5839822024191734
1789423814.946,2.8170089721679688,2.0374975204467773,2.848435255227556,2.0600733532750883,0.03869469595219909,0.07707264006600573,-0.13841894875624483,-0.881131552219114
1789423815.213,2.8116750717163086,2.0394537448883057,2.825957158319504,2.0448112376693537,0.015253875790767259,0.018359631106576332,-0.25481300199518575,-0.2574186364989925
1789423815.38,2.7965331077575684,2.0437750816345215,2.809299718504096,2.040464325888072,0.013188914040435706,0.0,-0.23724162398911286,0.10441396470527685
1789423815.513,2.812940835952759,2.042391300201416,2.8069464797290307,2.039260528099124,0.006762694765656492,0.0,-0.2045547679294324,0.18104801062271883
1789423815.68,2.808087110519409,2.041759967803955,2.8104099546256283,2.0381645902265064,0.004280460800686916,0.005730725109345968,-0.2072908585234785,-0.018262609226759638
1789423815.813,2.8168909549713135,2.0426201820373535,2.8152999541568224,2.037236114452599,0.005614220101573812,0.0123907304817301,-0.22766266999067897,-0.1347157940929998
1789423815.98,2.8071107864379883,2.0449154376983643,2.817134649784835,2.0369951129884445,0.012775342653205991,0.012049023502258295,-0.22286081819862158,0.02674830396398588
1789423816.113,2.805828094482422,2.0439462661743164,2.820669006732533,2.0369246446942757,0.01641815594469924,0.01493958688187604,-0.22238813780267197,0.003125600317039192
1789423816.246,2.810939311981201,2.0431017875671387,2.8176176726183444,2.037744153796664,0.008561818756448672,0.006866763215204373,-0.22755963503271426,-0.03441007003138756
1789423816.547,2.814124584197998,2.0418872833251953,2.8080575514042194,2.040230930681894,0.006289069167989534,0.0,-0.20470053220254902,0.12670100106010923
1789423816.813,2.803750991821289,2.042799472808838,2.8094204929061815,2.0409919996855703,0.005950647161690115,0.001023097852119462,-0.17587633528503543,0.05063750413302903
1789423817.113,2.8188257217407227,2.0438783168792725,2.8104978616073013,2.0423293593895777,0.008470686141435658,0.0004825376431311446,-0.1866941341528423,-0.042480300685301335
1789423817.247,2.8322205543518066,2.0453200340270996,2.8095015535544987,2.0428930390130846,0.022848266937037745,0.001763567413407715,-0.1935408673013317,0.028542829978732358
1789423817.413,2.826653480529785,2.0451173782348633,2.8137542411994216,2.042445566219424,0.013173038933664564,0.008125104559080581,-0.19126110328756507,0.015148448211714682
1789423817.547,2.8165106773376465,2.046501636505127,2.814646090899131,2.0421179961736904,0.004763715476609913,0.0074441978471974715,-0.21756049664276578,-0.1450261023874789
1789423817.68,2.803067684173584,2.0455756187438965,2.8107408589683693,2.0423987089489426,0.00830483999102952,0.0,-0.2261579447524107,-0.05774047706711323
1789423817.813,2.7998409271240234,2.047243118286133,2.807606763961927,2.042785260909661,0.008954368441263945,0.0,-0.23256897391218345,-0.04239545982360231
1789423817.947,2.804490566253662,2.04746675491333,2.8032169639291165,2.0432937387949974,0.004363040958431653,0.0,-0.22757548230700397,0.03318586410493236
1789423818.113,2.812492847442627,2.049356460571289,2.810508374210671,2.042767887934116,0.006880946403195969,0.011610946527160547,-0.21078937526423713,0.09302714615646174
1789423818.413,2.8114681243896484,2.0471115112304688,2.8210905172833347,2.042430705966964,0.010700485171959173,0.025529084356834035,-0.2101379647376298,0.004303213909986782
1789423818.68,2.816099166870117,2.0459489822387695,2.82323925942242,2.0436168284455594,0.007511315661762279,0.01646118206353973,-0.19317228468890502,0.05518704643562271
1789423818.813,2.8227086067199707,2.0447258949279785,2.8084259796018514,2.0459142088051707,0.014331975693042657,0.0,-0.21251392950171866,-0.09964039464790675
1789423819.113,2.816953420639038,2.0463600158691406,2.80662413428205,2.0464958703099954,0.010330179721270923,0.0,-0.2384851841171649,-0.17149529291608662
1789423819.246,2.8139219284057617,2.0464205741882324,2.8099493134760336,2.04724070133258,0.004056387298174861,0.004092619809848714,-0.24142793241120675,0.01612571492088008
1789423819.413,2.818452835083008,2.044640064239502,2.8110115893166223,2.0470396581984325,0.007818579776627334,0.004717551478991638,-0.2523158225035629,-0.06039050162316921
1789423819.547,2.8085827827453613,2.046147584915161,2.8034246828010128,2.0469771698608894,0.0052243857263861845,0.0,-0.252050163266087,0.0017863333140239468
1789423819.68,2.803269863128662,2.0456314086914062,2.809112303606571,2.0461997793094704,0.0058700217970110505,0.008938444032384711,-0.15946977161482945,0.6110958664416368
1789423819.813,2.807955741882324,2.0460474491119385,2.815851246916486,2.0452562208086245,0.007935051478877509,0.017813195068017984,-0.1432860396112532,0.10749992141115054
1789423819.98,2.814040422439575,2.0437331199645996,2.8132024174200376,2.0453022400305145,0.0017788732934155267,0.009834940630192893,-0.1786513597703263,-0.23480900187571396
1789423820.113,2.8056468963623047,2.0426838397979736,2.8157654797299307,2.045268629152921,0.010443508288743186,0.011255671213592063,-0.2079918578996507,-0.1625746957796457
1789423820.247,2.815121650695801,2.041957378387451,2.815663933852957,2.045470490414755,0.0035547189957747163,0.008672412690975536,-0.22998487976760273,-0.14681141484955865
1789423820.547,2.8277652263641357,2.0413973331451416,2.8177396572461166,2.0449061918972817,0.010621870168790843,0.00978132857300887,-0.25930417603177336,-0.16260311533578933
1789423820.68,2.8282876014709473,2.041018486022949,2.809518622418421,2.045952080198106,0.019406569149628503,0.0,-0.24119038984430308,0.08871724158713015
1789423820.847,2.82327938079834,2.0425572395324707,2.808825997200085,2.0460434737579303,0.014867889107505207,0.0,-0.22837062880928416,0.08518837959102035
1789423820.98,2.807523727416992,2.0469632148742676,2.8113657305886814,2.045140949936383,0.00425225091864466,0.004296624293102219,-0.24676119569211918,-0.10191683695972971
1789423821.113,2.808152675628662,2.0465164184570312,2.8091998926206965,2.044629162563095,0.0021583322815550325,0.00030880364060716786,-0.2646051435788457,-0.1191208041501052
1789423821.28,2.8210504055023193,2.0498604774475098,2.8119698233918244,2.0436350995586476,0.011009645831023512,0.00484434792430258,-0.18941340095929426,0.4966195351069105
1789423821.413,2.8191728591918945,2.0465097427368164,2.8187446028710577,2.0425559895817997,0.003976879113971282,0.014714736881274518,-0.17049264162489886,0.1256941397725902
1789423821.547,2.8108410835266113,2.0477428436279297,2.8242881719286483,2.0416048596304828,0.014781712825146912,0.01979572059908818,-0.2036363283093343,-0.18365115400008644
1789423821.713,2.810856342315674,2.047945261001587,2.8275020804445354,2.0409476440344307,0.018056778258417783,0.02081348736575927,-0.23369391472263867,-0.20062713179571512
1789423821.88,2.799319267272949,2.049201011657715,2.8271748210218046,2.041105129263794,0.02900819171185223,0.014774851375515175,-0.2690437903123253,-0.1960411136839436
1789423822.013,2.789273977279663,2.0452442169189453,2.819072784424775,2.043370067597814,0.029857684822328062,0.0,-0.2621020135486436,0.04635348973637088
1789423822.147,2.813295602798462,2.044010639190674,2.8140976806122953,2.044678138723835,0.0010434962607570161,0.0,-0.1651585411617944,0.6434500640913279
1789423822.313,2.8062665462493896,2.0467028617858887,2.817165307199058,2.0458506276642607,0.010932030608998508,0.004465529056167061,-0.15183639617036837,0.07381773858473106
1789423822.413,2.8102970123291016,2.048783779144287,2.8183657609156536,2.0458936941413066,0.00857072313620259,0.005365637205732246,-0.21041978002314465,-0.39079963318890043
1789423822.58,2.820019245147705,2.0468733310699463,2.815319883102176,2.0465941107768617,0.004707649902767822,0.0,-0.26706211344338726,-0.37426657617471115
1789423822.714,2.829210042953491,2.0455188751220703,2.8131811406017877,2.047203512942907,0.016117186950204414,0.0,-0.303098252609844,-0.20069504600111263
1789423822.98,2.805187225341797,2.0458526611328125,2.806546088944301,2.0485933678338775,0.003059082135457031,0.0,-0.32256421702030114,-0.10818379793533821
1789423823.147,2.8071537017822266,2.048394203186035,2.7990029205070948,2.048565458224181,0.008152580185630158,0.0,-0.3069032217883736,0.10466850947814055
1789423823.413,2.8217413425445557,2.045464038848877,2.806713858113229,2.046264155819558,0.015048769899913165,0.009719441499775869,-0.2965900332104279,0.013069632594702018
1789423823.58,2.806090831756592,2.043804168701172,2.8148012052927216,2.046066147231265,0.008999286305564078,0.017867464899085632,-0.1850902882649974,0.2798081477943376
1789423823.714,2.8053882122039795,2.045306444168091,2.822590876910565,2.0450981446165097,0.017203925764498956,0.026494091693884544,-0.1933977831079341,-0.055099531064488554
1789423823.847,2.8031482696533203,2.0430984497070312,2.824438479712325,2.045504581092635,0.021425744155135915,0.02362880737934871,-0.22405997586809923,-0.20392504842840106
1789423824.013,2.8189711570739746,2.042025327682495,2.8175609897498233,2.0459268810986684,0.004148576977875354,0.007750405848271094,-0.2665682775748457,-0.2822634735927047
1789423824.147,2.8223698139190674,2.04207444190979,2.8132288764871043,2.0469459939704904,0.01035802860660163,0.0,-0.1301167436857602,0.7541514938188301
1789423824.28,2.8154983520507812,2.044161796569824,2.816071601666325,2.0474528280420765,0.003340584271213103,0.004403771451942645,0.026317722920028874,1.0372194115989393
1789423824.447,2.804676055908203,2.048386812210083,2.818989516885469,2.0468289495739915,0.014397989482585347,0.008129901635351277,-0.03027548305194605,-0.37557561533600115
1789423824.58,2.8010001182556152,2.049105644226074,2.8136170292080376,2.046168244834139,0.012954333528557021,0.0,-0.1746333061607772,-0.7974840159174791
1789423824.88,2.8248143196105957,2.043318748474121,2.809879499019556,2.046178840965421,0.015206215674694901,0.0,-0.24868599748599607,-0.49041895908122146
1789423825.013,2.823150634765625,2.042711019515991,2.8127388689700035,2.044128517655902,0.010507814613873076,0.009460355819573994,-0.18911154597657776,-0.12151802459106206
1789423825.18,2.808879852294922,2.042226552963257,2.8178556865124396,2.04303834228547,0.009012469240115078,0.015656316081998568,-0.2331548658553868,-0.2921497606526076
1789423825.313,2.7973175048828125,2.0462329387664795,2.8178551861822587,2.0431292912812578,0.020770868563210018,0.01235401894820725,-0.2702065729115781,-0.24640078315750713
1789423825.447,2.8175294399261475,2.0495266914367676,2.8124922928969482,2.044968671201746,0.006793261268097668,7.286555746022737e-05,-0.2908413105838594,-0.11437739461355001
1789423825.58,2.835958480834961,2.0447921752929688,2.8071363425474627,2.0466339350658402,0.028880923366898084,0.0,-0.19041197658431397,0.6689192764376455
1789423825.713,2.830873966217041,2.0429139137268066,2.817202727420822,2.0455024750592727,0.013914144601634286,0.015828844713056664,-0.17862178825217256,0.07838640403521407
1789423825.88,2.806929588317871,2.043844699859619,2.822206416320815,2.0442420646928348,0.01528199504784019,0.019827430348909478,-0.22854157751191595,-0.2765891257192711
1789423826.014,2.8234071731567383,2.0437428951263428,2.824065172627229,2.0433824965812,0.0007502335733004224,0.018849878483572332,-0.26852342889569547,-0.26681419454920274
1789423826.314,2.803720474243164,2.0400257110595703,2.8186066924477675,2.043355185279204,0.015254012292320753,0.005653313167828071,-0.2957603849517412,-0.15101923087608893
1789423826.447,2.7923688888549805,2.039921760559082,2.812853143301787,2.0460351782631254,0.021377056772755722,0.0053456559170170885,-0.009208021306125858,1.069872670824236
1789423826.58,2.7942159175872803,2.0393590927124023,2.8236123416167396,2.0452479043464593,0.029980457771374622,0.021312744129007445,-0.04508210561779258,-0.23792383436475648
1789423826.747,2.788860321044922,2.038564443588257,2.8284558619115616,2.0442556423965095,0.040002457429472935,0.024653020049288234,-0.13587907886442085,-0.6015073638830652
1789423826.88,2.8031880855560303,2.0354244709014893,2.820336496033454,2.0444295863506317,0.019369049696735263,0.00489469332031504,-0.0512746232043475,0.46821769830597343
1789423827.014,2.7964115142822266,2.0335114002227783,2.822117772934378,2.044156381149196,0.027823144193550347,0.006696413089355774,-0.09687272175385964,-0.3023686729235305
1789423827.18,2.8160815238952637,2.032226800918579,2.8273502692589476,2.0432224496883764,0.01574448836705383,0.01366579942039712,-0.17474234915058684,-0.5171849162109843
1789423827.314,2.807274580001831,2.032366991043091,2.8173424768666973,2.0427770897478457,0.014482151163564104,0.0,-0.09113949140506605,0.46289751034988685
1789423827.447,2.827423572540283,2.0318334102630615,2.8058764456433534,2.0423595055117203,0.023980770602635645,0.0,-0.007131933599093365,0.5597718477908562
1789423827.58,2.8131484985351562,2.0318522453308105,2.8006011083859383,2.0415850775365625,0.01587970472968603,0.0,0.08248335425838293,0.5946898899966852
1789423827.88,2.8088865280151367,2.0322933197021484,2.7949725535370393,2.040589708487017,0.016199652855750812,0.0,0.18043593080462594,0.5420466939505273
1789423828.014,2.799116611480713,2.0327725410461426,2.7977758207469954,2.0377925581607643,0.005195988031425589,0.0022819323487183276,0.2909699578210496,0.325153276233445
1789423828.28,2.81278920173645,2.032402515411377,2.806148210574403,2.0372245203586385,0.008206978452865752,0.014158118872972095,0.3331136358100921,0.23470391992745288
1789423828.414,2.816598892211914,2.0325465202331543,2.807337291144834,2.0362629204079687,0.009979423058729377,0.01245501561007973,0.3573675112128445,0.16095873898770413
1789423828.58,2.8124947547912598,2.0331010818481445,2.8166724103517455,2.0364275252553075,0.005340227684576322,0.023718448092500594,0.3585323717748574,0.007803040548683631
1789423828.714,2.8216400146484375,2.038468360900879,2.818097637107632,2.0350322446362172,0.004935112321505646,0.01620801173825867,0.3625032564250592,0.010679237590595185
1789423828.98,2.8335580825805664,2.0336928367614746,2.8150485410387147,2.0340893353732286,0.018513787814454834,0.0067247315336500715,0.3600850995469558,-0.013472434534669016
1789423829.114,2.847540855407715,2.0319995880126953,2.808404541697832,2.0328606937382796,0.03914578590179295,0.0,0.3515381828360371,-0.05674110435957047
1789423829.247,2.8529062271118164,2.0364582538604736,2.8120316657507765,2.033393656602931,0.04098928546350081,0.005659547718413096,0.3449187685707882,-0.044034355944380515
1789423829.414,2.8407793045043945,2.0415375232696533,2.8126882161570173,2.0332880711771892,0.02927734114235812,0.005386807569340363,0.34522378397156617,0.0020295319062076708
1789423829.715,2.8491644859313965,2.0390734672546387,2.814262390421869,2.0334365961244645,0.03535435739897387,0.004715182380942662,0.39628146255562235,0.17608714079150667
1789423829.847,2.8500099182128906,2.040191650390625,2.82677406192163,2.037313972511879,0.02341337326320028,0.022166144201449335,0.29866110426730863,-0.5939517577942593
1789423829.98,2.8821632862091064,2.0371296405792236,2.831154843355701,2.0368829012084726,0.05100903961697581,0.024033160910102845,0.18867189405695584,-0.7282783841208038
1789423830.147,2.888502836227417,2.028956413269043,2.8400034566289603,2.0362366632388995,0.04904275543909414,0.03270736357697173,0.09088396427906575,-0.6436754320266713
1789423830.28,2.8856678009033203,2.0199646949768066,2.8481758464583935,2.0366938627935145,0.041054983911092226,0.03890860518803308,0.05266976321660888,-0.25354366353281443
1789423830.447,2.885038375854492,2.013759136199951,2.8481367616437225,2.0383015681416783,0.044317717641760214,0.028618382210620536,0.14751211956242782,0.52474363613131
1789423830.58,2.900644302368164,2.007047653198242,2.841862646359942,2.039518657798295,0.06715392187211122,0.013107208945008993,0.1984184186088993,0.33940706684262084
1789423830.88,2.8990864753723145,2.0066068172454834,2.846352219822571,2.040148854765867,0.06249775987509055,0.01675223480335437,0.3310820899679481,0.7303674582527531
1789423831.014,2.9023101329803467,2.0081841945648193,2.864328322236979,2.0422202130971105,0.051000671612004105,0.036983345099492686,0.3978603471416511,-0.15440832192736959
1789423831.18,2.8910608291625977,2.0039100646972656,2.8775511454070077,2.0408655698971696,0.03934743854123392,0.04621366230218563,0.311441706420883,-0.47823318531169745
1789423831.347,2.892317295074463,2.013031482696533,2.8831831486321517,2.036132044013536,0.024840864807614906,0.04275765963992019,0.2691538349730127,-0.2817755199804209
1789423831.48,2.8994085788726807,2.017599582672119,2.886438407788822,2.030626714529849,0.01838291332687079,0.03422907075996739,0.23169882658072183,-0.20735691443201953
1789423831.614,2.894138813018799,2.019451141357422,2.894107750576709,2.025147077661575,0.005696021002092416,0.0366826361929174,0.22379965590829398,-0.05236478044661413
1789423831.747,2.9011313915252686,2.027104616165161,2.8945431551078853,2.019954747607139,0.009722421482754538,0.027656552084642044,0.26741096527002295,0.28862708335029924
1789423831.881,2.9105730056762695,2.035048246383667,2.8982225825012775,2.0171054113694424,0.021782522373431933,0.024765961102704643,0.29398875016010084,0.14821220314432237
1789423832.114,2.915713310241699,2.0418577194213867,2.901323362989293,2.0152657432602936,0.03023580291771956,0.023454868314477826,0.27727424855027794,-0.11082154981913571
1789423832.214,2.9040894508361816,2.046572685241699,2.897954549591684,2.011943026835981,0.03516888190682874,0.010958437696488627,0.212818303679692,-0.3590296403697278
1789423832.347,2.896838903427124,2.0509414672851562,2.8962408988161346,2.012102406099517,0.03884366464813252,0.005563288819952194,0.12480124600891651,-0.48874831735377317
1789423832.481,2.8942112922668457,2.0536599159240723,2.8982522206805554,2.013736232847941,0.040127665927737276,0.007794780030739402,0.08999484505672273,-0.23253171541234852
1789423832.714,2.9111995697021484,2.0555057525634766,2.897096946100097,2.0152330138017374,0.04267056924664158,0.004621784213558111,0.0615856729148625,-0.18791812831275262
1789423832.847,2.904061794281006,2.055790901184082,2.8994293878003585,2.0185356300955575,0.037542168473350034,0.007648449189545712,0.047516200941484676,-0.09353327934500559
1789423833.014,2.896491527557373,2.056364059448242,2.9052136946621556,2.0231919573532973,0.03429962910005297,0.015653569761644864,0.05823929579743359,0.07076989146988989
1789423833.114,2.906625747680664,2.0555050373077393,2.9124839461254046,2.031326110562266,0.024878484430948037,0.022298293484844193,0.1108811076023799,0.2469799167641886
