time,actual_px,actual_py,pred_px_1s,pred_py_1s,error_1s,speed,heading,heading_rate
1789407288.539,1.143479824066162,-0.4674634337425232,1.1432707665961948,-0.05382842752417134,0.4136350590487728,0.2105799032737094,-2.3848110563355434,-0.7185233195011145
1789407288.672,1.159543514251709,-0.4726555645465851,1.1299396878562253,-0.0958993503618949,0.37791749293203414,0.22781992371061038,-2.4616266562255946,-0.5175139360713277
1789407288.839,1.1785883903503418,-0.46015045046806335,1.1154654944895965,-0.13523692451753339,0.33098836735971887,0.23679541647972324,-2.54662575302807,-0.5721354768289859
1789407288.939,1.1919031143188477,-0.44020628929138184,1.099155832611492,-0.17127433761094218,0.2844757509854819,0.2391713591964095,-2.6684162872983705,-0.8102814432263478
1789407289.072,1.206921100616455,-0.42006224393844604,1.0812388094653638,-0.20674245693916302,0.24759113440187466,0.23846484380708322,-2.8278887972865094,-1.0625762112417962
1789407289.205,1.2174522876739502,-0.40319520235061646,1.0652795629126284,-0.244812266961018,0.21963991527932877,0.22905432137150333,-2.9970332035461515,-1.1216843019907414
1789407289.372,1.2307196855545044,-0.39061468839645386,1.0640619252666126,-0.29946712415953364,0.1899544354062308,0.2056565192316997,-2.434509013906476,1.6955426374040683
1789407289.505,1.2320539951324463,-0.3866426348686218,1.0791777609600341,-0.3629146788673561,0.154706686574098,0.21159598299855858,-1.7039524810866247,2.99845249474177
1789407289.639,1.2306849956512451,-0.38726961612701416,1.1039964545841907,-0.4181100791229341,0.1303883453208201,0.2473157163897879,-1.165866528070841,2.7142325602461215
1789407289.805,1.2313909530639648,-0.3884742259979248,1.1352057031657645,-0.45608517561712536,0.11757058648484034,0.2706057622916226,-0.8974548121126786,1.5881785502039674
1789407289.939,1.2319707870483398,-0.39014989137649536,1.1684061940874342,-0.47756070087781716,0.10807917049997186,0.2546765485187518,-0.8061704053670313,0.4906900042327731
1789407290.072,1.233801245689392,-0.3893953561782837,1.199280306981554,-0.46708369758752666,0.08501278492197162,0.17924814886913662,-0.7971925510773974,-0.016920711332139824
1789407290.205,1.2391571998596191,-0.3874526023864746,1.2092325034172373,-0.45366995581475095,0.07266515913568179,0.133666078712892,-0.79053113982713,0.038381358134153866
1789407290.439,1.247674584388733,-0.37949490547180176,1.2189583004090772,-0.4395163758276975,0.06653722168293401,0.09137109631633611,-0.76361627157342,0.14513220301294044
1789407290.605,1.2442491054534912,-0.3770543932914734,1.2235537175531144,-0.42553620995591235,0.05271418810369117,0.06198262175108635,-0.7222891483713827,0.2734098964918451
1789407290.739,1.2499220371246338,-0.37974852323532104,1.2261899967829857,-0.41533535676806366,0.042774203203154434,0.041346126368695196,-0.6795970341625299,0.2809907602252536
1789407290.872,1.2546803951263428,-0.3883875608444214,1.226269610187649,-0.41057378384653653,0.0360472078243558,0.025632646280134876,-1.2307803869920737,-0.9841388163900295
1789407291.005,1.255807638168335,-0.39765241742134094,1.2242304899227645,-0.4063707359582815,0.032758592299338724,0.013071609915948544,-2.059913039011208,-2.658249439607418
1789407291.139,1.2527520656585693,-0.39876094460487366,1.2249649321233096,-0.4006804945153692,0.02785335638599485,0.0009820227849093623,-2.8026256992739302,-3.1011563113979683
1789407291.272,1.2452468872070312,-0.3832738995552063,1.229799870911602,-0.3958964383204222,0.019948403377479464,0.0,3.0198213827231326,-2.384141093062156
1789407291.405,1.244496464729309,-0.34261879324913025,1.2356430488409635,-0.39196475843563694,0.05013389325675734,0.0,2.766900117145065,-1.506603969417805
1789407291.539,1.234948992729187,-0.2777877748012543,1.2405295591076944,-0.3885102809403795,0.11086305104422098,0.0,-2.902981368383223,1.8532579023844125
1789407291.672,1.2062709331512451,-0.20608288049697876,1.2420458706127122,-0.3854240103460543,0.18287451163547874,0.0,2.9162367501859174,-2.285603425641263
1789407291.805,1.1744465827941895,-0.1339946687221527,1.2454238350315796,-0.384163635113317,0.26004284662415467,0.0,2.700393592941145,-1.3459642593443781
1789407291.939,1.123095989227295,-0.059933140873909,1.2497466530625996,-0.38601633801459495,0.3498151541992068,0.0,2.5436794928718873,-1.0156527905556059
1789407292.106,1.0417377948760986,0.04456326365470886,1.2531640012023217,-0.39017572843185533,0.48342427738161886,0.0,2.4254581365657586,-0.7765864385645237
1789407292.239,0.9701629877090454,0.11825031042098999,1.253749176865855,-0.39303057134384417,0.5846616686073307,0.0,2.331413349997,-0.6176793931758655
1789407292.372,0.9144718647003174,0.1756303757429123,1.2497099633009605,-0.38880102151347257,0.6564810621504397,0.009603947552383868,2.252090996811482,-0.5252715333459618
1789407292.539,0.8358922004699707,0.233624666929245,1.2432888817530476,-0.3706507237782293,0.7287803535600665,0.03714064285557075,2.1977917701519294,-0.3600149449661094
1789407292.706,0.7692745327949524,0.2926033139228821,1.207679899060975,-0.27540675820788507,0.7175198305363029,0.16918326476203652,2.1640528766123133,-0.04949054652112945
1789407292.839,0.7067815065383911,0.3466729521751404,1.1772956900740654,-0.2070226381905504,0.7266102144194321,0.2521739044019707,2.1806097834002234,0.1130889604604071
1789407292.972,0.637590229511261,0.40134724974632263,0.9215687321197251,0.13303185928967423,0.3906877764912145,0.33886273134536593,2.2178973849315646,0.25016205315197143
1789407293.106,0.6232801675796509,0.40116435289382935,0.708577856415631,0.23938493864964078,0.18288869454931447,0.4455018068404589,2.3792364975524123,0.8966882242047262
1789407298.772,0.7872985601425171,0.09825590997934341,0.5490450471576168,0.3428354345094026,0.3414438171485843,0.5271531135964331,2.469448306732776,0.6089163327283006
1789407299.773,0.9162795543670654,-0.061633288860321045,0.2863992889712789,0.1688727026479167,0.670732555387214,0.38614329051397195,2.991895389536488,2.0654838606017965
1789407299.939,1.0815439224243164,-0.05896627902984619,0.6859327859090016,0.2084792186555396,0.4775303818262485,0.23226442935927696,-2.630114841973641,2.6203054051817043
1789407300.039,0.9604713916778564,-0.0685163289308548,0.7903024024842669,0.18373929354554325,0.30428668054011676,0.00028404675158871795,2.8321320775672616,-2.5936581514199295
1789407300.206,1.1041557788848877,-0.06697478145360947,0.8351133940719305,0.12264359041298498,0.32914879883599973,0.0,-2.391854493308043,2.9395513649952525
1789407300.339,1.073456048965454,-0.05683299899101257,0.8680174633817402,0.08051616864252858,0.24712305901364914,0.0014215602972907446,-1.7015404238977825,2.7565585523901137
1789407300.506,1.0808347463607788,-0.031170740723609924,0.8822132159970012,0.034124077009533856,0.20907875441290896,0.06687109499400837,-1.3631357364437866,1.864220351864896
1789407300.639,1.077502965927124,-0.009501427412033081,0.8943965660532563,-0.014720390965625545,0.18318076114958812,0.1355955958492185,-1.249135686632153,0.6072074783937286
1789407300.773,1.0646779537200928,0.016450881958007812,0.9044675213240709,-0.045950389839890096,0.17193400295030478,0.1602936120777687,-1.30643276197511,-0.37571368908574754
1789407300.939,1.007493257522583,0.04926840960979462,0.9497255287160814,-0.06535793838391668,0.12836008003206026,0.14783194381481338,-1.7674795517929438,-2.4639185226096765
1789407301.073,0.9281851649284363,0.09338054060935974,0.9526325478104574,-0.0749684331371529,0.17011481855289426,0.13941668549491457,-1.5751984602232805,1.5213544721531724
1789407301.206,0.8571770191192627,0.1401497721672058,0.9902792605602571,-0.07841625683082738,0.2559048958276997,0.09547484057399659,-1.8895822604504449,-1.7105400965707356
1789407301.373,0.7812216281890869,0.18407054245471954,1.01188204539849,-0.07148504062777204,0.34425700299608747,0.05479844792863918,-1.9414991974712645,-0.34860894844481377
1789407301.506,0.7223916053771973,0.22003790736198425,1.0361499585160068,-0.05456818804553554,0.41695660661433553,0.0035377012953356005,-1.3487399897842591,1.344876631161348
1789407301.773,0.7141798138618469,0.22005659341812134,1.0495489953449764,-0.03518611072541729,0.42145145142373186,0.0,-0.5527855387157823,2.8797215612020937
1789407302.039,0.7206866145133972,0.220524400472641,1.0341180988247503,0.00289783556925087,0.38157648919878095,0.0,0.5482650343848792,2.242106922494815
1789407302.173,0.72010338306427,0.22036850452423096,0.9950039202945372,0.025760695762717417,0.33681226907648026,0.0,0.7675699193589081,1.3574339342923682
1789407302.34,0.7195693254470825,0.22029705345630646,0.9494747322744584,0.053159467347394865,0.28423840130913886,0.0,0.8898561832500258,0.7932351514288758
1789407302.506,0.7193617224693298,0.2199338674545288,0.898757047879185,0.08526157353013322,0.22431965925831515,0.0,0.9741150644960479,0.4646780878877231
1789407302.64,0.7194658517837524,0.22003641724586487,0.8109403156592692,0.14722803281412686,0.1169129521690089,0.0005221109816010742,1.027536466810651,0.14454405362448128
1789407302.94,0.7197598218917847,0.22002281248569489,0.7854932823674002,0.16832592399125773,0.08362688626336379,0.008191610941633861,1.0470998832741305,0.10805591120597777
1789407303.073,0.7198721170425415,0.21965712308883667,0.7570052359643807,0.1962250101622648,0.04390822744164324,0.01911572554654413,1.0600938506788147,0.0313451902076608
1789407303.239,0.7198633551597595,0.21995685994625092,0.7479294129631113,0.20438150222293613,0.03209821441809974,0.01931179883018247,1.0626849627523516,0.01680259220882456
1789407303.373,0.719962477684021,0.21942858397960663,0.7410627467108074,0.2101363207427287,0.023055747853110188,0.016854930446211957,1.0642152065254642,0.008255006797749476
1789407303.506,0.719923198223114,0.2196878045797348,0.7356702758359703,0.21364450171010718,0.01686688954488557,0.013184602182411846,1.0647930961778158,0.0030856963207588728
1789407303.64,0.719946026802063,0.21988067030906677,0.7315302124674534,0.2158056913180768,0.012280016747026317,0.01030249640224379,1.0650391633227825,0.0015378013746449972
1789407303.773,4.448128700256348,0.4583227038383484,0.728458147793099,0.2172069270628831,3.727477140999296,0.008338654075999433,1.0651826732014795,0.0011088816453771431
1789407304.073,4.934130668640137,0.4551163911819458,0.726328339013153,0.21836648290304111,4.214457374833009,0.005633907976497926,1.065423027805597,0.00111325909323375
1789407304.34,4.755938529968262,0.4589430093765259,0.7233386220951762,0.219104885397196,4.039725775679822,0.0022890499394616166,1.0654538941840164,0.00023333925208201937
1789407304.473,4.984982490539551,0.46124082803726196,0.7223810998628719,0.21911023452328,4.269472782453846,0.001114801470378931,1.0654035941439979,-0.00033790344715443194
1789407304.606,4.923468112945557,0.46227794885635376,0.7216959655067134,0.21922810380893798,4.208795838024268,0.000530729736747051,1.0653783303800823,-0.00017006348170447695
1789407304.739,4.812254905700684,0.46255505084991455,0.7212180253499907,0.2193950334011422,4.098256891713258,0.00028414522861044624,1.065414404998231,0.00023748702456804198
1789407304.873,4.716804504394531,0.4408080577850342,3.7722696615341844,0.5153384783048014,0.9474707662825663,1.825005083011811,0.5753857967006364,-2.915205187563439
1789407305.006,4.6598310470581055,0.425759494304657,5.966863833115951,0.20120671538177495,1.3261819838740547,3.0129169416046606,0.13308948963932243,-2.037670506917787
1789407305.139,4.656912803649902,0.416576623916626,8.078162930953228,-0.1285098488564208,3.4644006258475915,4.027022752415243,-0.11138719282407417,-0.8131086045161733
1789407305.306,4.689642906188965,0.4117547571659088,8.396471639955385,-0.09550961143233462,3.741376270989826,4.181798595550832,-0.16285128811374738,-0.11725131671648036
1789407305.439,4.741280555725098,0.40886005759239197,7.755587361724492,0.04548302009276066,3.036130496549231,3.770484418526475,-0.16508329901484364,0.07141796934381052
1789407305.573,4.785137176513672,0.40854859352111816,7.656109026593822,0.13961521356515122,2.8835402766056832,3.3453244848056323,-0.14126543290213966,0.15439076893771403
1789407305.706,4.802372932434082,0.41110578179359436,7.066016563598237,0.2363322723288486,2.2703806439715484,2.7405677493127976,-0.1211198885015432,0.13304873755087868
1789407305.84,4.79290246963501,0.41640180349349976,6.708791663708145,0.2728978949866664,1.921256041167586,2.060661936572598,-0.11132876901375566,0.07611323972096093
1789407305.973,4.776948928833008,0.39005446434020996,5.242207650135899,1.374834521526626,1.089154460478624,1.4167183793062341,0.33754888542577355,0.7344743021576602
1789407306.14,4.749073505401611,0.3277814984321594,4.508161415197123,1.206972479588548,0.9116004698075953,0.908128988145201,1.0607317062674664,2.2539418987874846
1789407306.406,5.088913917541504,0.34061911702156067,4.36488752850058,0.6759279214045846,0.7979011256568151,0.3924528993635096,2.4637121147917362,2.796603728518912
1789407306.573,4.821226119995117,0.3872654438018799,4.769619762131013,0.5532807220975992,0.17385134109233413,0.23535361333630087,1.6622155724826833,-2.894468314038245
1789407306.706,4.746537208557129,0.4053052067756653,4.802311451666582,0.4726479192017024,0.08744030598830439,0.026928597654853628,0.7418044175934071,-1.8208515408577874
1789407306.873,4.612403392791748,0.4184682071208954,4.7973993708068345,0.4510200269297575,0.18783804953902974,0.0,0.5650932124954462,-1.1042885820128332
1789407307.006,4.637245178222656,0.42961442470550537,4.779632991952529,0.42840522289200794,0.14239294809715403,0.0,1.1808735724950905,1.5862574803264522
1789407307.174,4.667531490325928,0.4304347634315491,4.76075909133266,0.38369848285174246,0.10428645890960554,0.0,2.0770711978058696,2.9454509325655707
1789407307.306,4.925497055053711,0.44149863719940186,4.752510329537852,0.3396781910727282,0.20072820044561238,0.0,2.680229434121964,2.8200091835481818
1789407307.44,4.919363498687744,0.45641449093818665,4.85724395342554,0.32148072917275866,0.14854614760320217,0.0,1.805713367425648,-3.0238630368855173
1789407307.574,4.7999958992004395,0.46629542112350464,4.845660928805563,0.35236859106442636,0.12273800363435479,0.05578893223027151,1.2609508052996983,-2.448690862230661
1789407307.74,4.737714767456055,0.46686291694641113,4.821320014542281,0.378250030062926,0.12182807994126116,0.0805120690901977,1.1162213294747865,-0.8870977664429924
1789407307.874,4.728582859039307,0.49073708057403564,4.766250414362866,0.3885080663164422,0.10894776766934079,0.03447349934565801,0.9259670898075321,-1.0405046414771582
1789407308.04,4.730494022369385,0.5060078501701355,4.729918073831062,0.3967689061323201,0.1092404623352344,0.0033685527530769206,0.7591233572319336,-1.1004658236045732
1789407308.306,4.731306076049805,0.5066887140274048,4.71040213573514,0.40353015891934985,0.10525522415852186,0.0,0.5493209634501364,-1.148401240789601
1789407308.473,4.74586296081543,0.5324546098709106,4.8570448835681574,0.4573001181779539,0.1341999164255337,0.21277974106688624,0.4851629751969795,0.19008846471089622
1789407308.607,4.772641181945801,0.5476220846176147,4.8486287712182605,0.4626326156470716,0.1140058049370073,0.15935492128017759,0.4802671922434394,-0.03497310095563457
1789407308.774,4.811549186706543,0.5568904876708984,4.813582786567563,0.45983315284614584,0.09707863705099529,0.0637861120421985,0.4041110894777158,-0.42718803609063033
1789407308.907,4.817497253417969,0.5599697828292847,4.783871783393885,0.4648369067140888,0.10090062612436923,0.011158727064541595,0.4371222637131247,0.21627113960183098
1789407309.04,4.815709590911865,0.5601428151130676,4.764629510117695,0.4736571238327791,0.10044376262450715,0.0,0.4614648356438069,0.13466206140696382
1789407309.173,4.8147478103637695,0.5597668886184692,4.753467909780244,0.481403979198935,0.09947849912529308,0.0,0.45302901824366604,-0.056633768676223877
1789407309.306,4.835478782653809,0.5596840381622314,4.745961614481587,0.48751840320516243,0.11498348692890982,0.0,0.42620560378400274,-0.17850909285026423
1789407309.573,4.8176984786987305,0.5405142903327942,4.749341106105226,0.5011607919544063,0.0788760307222983,0.01338093383282598,0.3762574150854956,-0.2768102814646229
1789407309.74,4.793542861938477,0.5452153086662292,4.763463193585009,0.5167703267562126,0.041399316952285145,0.03979643259092061,0.3215520378174439,-0.36297443276602964
1789407309.873,4.789403438568115,0.5499716997146606,4.7914169367293935,0.5323513127564903,0.0177350560021989,0.07854861653003242,0.2591314582819497,-0.34630449691876036
1789407310.007,4.790158271789551,0.5301892757415771,4.809994395136679,0.5427062349683649,0.023455192553623088,0.09426555165119727,0.22021747800231672,-0.2602451661322661
1789407310.14,0.8509616851806641,-0.2988216280937195,4.82003548494587,0.5491123637504667,4.0586375648125355,0.0922011710251124,0.19805512557713545,-0.1479643091728536
1789407310.307,0.9893427491188049,-0.2628939747810364,4.824765087880763,0.5529901155122781,3.9212410491409475,0.08133550301128428,0.1773323611368105,-0.1381395410447358
1789407310.473,1.0942915678024292,-0.213365375995636,4.83835499606819,0.5548119681290782,3.8220553877336294,0.06826541946944595,0.6824828609643436,1.0396472523132325
1789407310.606,1.17638099193573,-0.17431345582008362,4.833215062279005,0.5516353649831772,3.7281948860606806,0.04412100204092841,0.3865357275555321,-1.7745566723849016
1789407310.774,1.2652356624603271,-0.13896948099136353,4.816361157037499,0.5529432596625173,3.6179048521091777,0.008575839268538263,1.1496107905913693,2.0813346466886915
1789407310.906,1.3365249633789062,-0.11583016812801361,4.805987987438924,0.5494466233863765,3.5326713524820517,0.0,0.6377288288866421,-2.638032421086766
1789407311.073,1.435042381286621,-0.09386693686246872,4.798096015013528,0.5420230355048854,3.422643101505196,0.0,0.30656751322842357,-1.9311979125354781
1789407311.24,1.5279173851013184,-0.08080033212900162,3.06547939291179,0.10863993422098889,1.5491883495485383,0.0,-0.08094437206370575,-2.3459354070352267
1789407311.406,1.6168298721313477,-0.07186684012413025,2.0892265514057033,-0.11214321952838183,0.4741105454715743,0.0,0.3234439216339484,2.1205564319751997
1789407311.54,1.673501968383789,-0.06586703658103943,1.6268553907693077,-0.21639238615319106,0.15758738549440524,0.0,0.5308803913195526,1.1366360660406953
1789407311.673,1.727859377861023,-0.05297784507274628,1.4418648560276484,-0.2390161104739298,0.34117898925956996,0.0,0.7226023309551444,1.2601925011028796
1789407311.84,1.762778878211975,-0.03818891942501068,1.3825995310438866,-0.2208177926514007,0.4217696543720219,0.0,0.9480438555417683,1.2319829622129856
1789407311.973,1.782800555229187,-0.015656709671020508,1.3756866111368644,-0.18570106572625744,0.441199327402759,0.037695605866581446,1.0683602864774286,0.8028100995710937
1789407312.107,1.8381757736206055,0.019577354192733765,1.403696878152294,-0.13864712218128075,0.4623925772881686,0.11451049112961975,1.269474862883988,1.1079263450686545
1789407312.273,1.878324270248413,0.054592713713645935,1.4487782063957704,-0.09341374112006684,0.45432998100911465,0.17500076380520788,1.282723843585618,0.07639660192949206
1789407312.407,1.9278000593185425,0.08094790577888489,1.5031280905575106,-0.057647312322822615,0.44671569877499345,0.2061047265164903,1.324735752997146,0.24200511804551703
1789407312.54,1.9626412391662598,0.09780798852443695,1.5540082076149155,-0.0380644571107505,0.43063009179309436,0.21072563684761522,1.3783450776114776,0.36751389759040953
1789407312.707,2.0166988372802734,0.10969376564025879,1.6055061947468507,-0.02213751552444511,0.4318088419279373,0.2083640344396418,1.3581243109355734,-0.12016332106694828
1789407312.84,2.1285808086395264,0.11674688011407852,1.6530262768678015,-0.004605471620542281,0.49079375093836275,0.1964063064481485,1.3494507813462278,-0.0360184634744419
1789407313.007,2.27457857131958,0.11708958446979523,1.692545556888075,0.009630208921867939,0.5918698736051491,0.19126871875916665,1.3216407783156292,-0.17541835989764437
1789407313.14,2.3776912689208984,0.10122668743133545,1.7365237570612255,0.03354056104911256,0.644730323444581,0.20259563509608325,1.36261430460093,0.28245529922101364
1789407313.307,2.461954116821289,0.07418619841337204,1.7773821008337796,0.06576819048267997,0.6846237710821355,0.2089554606975365,1.4886377638335233,0.7111034394704313
1789407313.44,2.5227317810058594,0.04625260829925537,1.8178714305995067,0.09062711316529413,0.7062557683000348,0.20778978082081032,1.5901893788083035,0.6846669898220499
1789407313.573,2.5578839778900146,0.016623377799987793,1.854156460462575,0.10889515800119876,0.709751012824982,0.1901656801876159,1.7266302227296606,0.9161586183743728
1789407313.707,2.600496292114258,-0.007355809211730957,1.9085853666384656,0.12640080162551043,0.7047209091090122,0.1700083841477722,1.0860892439712213,-1.9801142825088185
1789407313.84,2.8742048740386963,-0.0247194766998291,1.9899436076381085,0.13789487319236302,0.8990892136196672,0.2100725739198314,0.3947981149472577,-3.066850222214389
1789407314.14,2.760864019393921,-0.020936131477355957,2.4242767470619664,-0.030488021973599965,0.3367227799064351,0.3548927077316043,-0.13465862842234078,-2.481594200598573
1789407314.406,2.837216377258301,0.007358551025390625,2.9666114895534816,-0.11265152869300236,0.1764809177217115,0.6096677211302092,-0.32857177822596073,-0.08432502775327924
1789407314.54,2.8944268226623535,0.0139864981174469,3.068160398469166,-0.07725088714577291,0.19623357468152747,0.6526785467465289,-0.2796340758883744,0.32771274877160345
1789407314.707,2.9472827911376953,0.010790929198265076,3.0705596568333706,-0.0301880890637475,0.12990945136312418,0.6410391631087259,-0.20282668440046825,0.5177081562527027
1789407314.84,3.000070095062256,-0.0058065056800842285,3.5118552995648424,-0.027118134437496475,0.5122287390102669,0.7263952812330902,-0.08093744028470029,0.34915894747819015
1789407314.974,3.0459628105163574,-0.037432022392749786,3.5220579655688007,-0.031303451086803116,0.4761345986700211,0.6733141189854072,-0.052931349866136124,0.19523813987402652
1789407315.14,3.1031973361968994,-0.11219266802072525,3.3827185905609123,-0.008213241627436169,0.2982345599596207,0.517509360239323,-0.01355726850200245,0.22222900711559798
1789407315.407,3.1576032638549805,-0.2957488000392914,3.286168320815455,0.006258888060799123,0.3282340895501435,0.41606923145911967,0.014472784952472395,0.18475630621522407
1789407315.54,3.198251247406006,-0.3674541115760803,3.2397627925903647,0.03358282077727582,0.40317964915777116,0.32592625335547043,0.06797183533937945,0.1863740962666909
1789407315.707,3.2362914085388184,-0.417247474193573,3.264047956883446,0.05826805667851613,0.4763249374918055,0.309112994774345,0.12285143974615087,0.30364525521627145
1789407315.84,3.4249730110168457,-0.435899019241333,3.301618937208944,0.06741413387711402,0.5182087973269448,0.3077364533757466,0.15621425291328084,0.22554305932197372
1789407316.007,3.3801369667053223,-0.4341212809085846,3.3362449020741773,0.08279521222263446,0.5187766130124432,0.30577720818873355,0.21134343544813827,0.3718901663637626
1789407316.174,3.2826790809631348,-0.4218679368495941,3.0909364590375943,-0.01880370391240367,0.4463474083448077,0.29423471151566827,0.269215973823691,0.3374219818747356
1789407316.307,3.4016146659851074,-0.4037345051765442,3.122307080546084,-0.06286629781358055,0.44068567264504716,0.26146810546115773,0.31337583717380646,0.31818741507174464
1789407316.44,3.369100332260132,-0.38548415899276733,3.143154098162394,-0.12022131695228755,0.34844809666626414,0.20731832345468557,0.3934480582991675,0.5562942562688588
1789407316.574,3.548287868499756,-0.3701484799385071,3.166335614175395,-0.18299415093019233,0.42534017850423406,0.1605842394926661,0.4100895182482507,0.1368970094594342
1789407316.707,4.11921501159668,-0.3646901249885559,3.19510606242849,-0.24276635109174696,0.9321173512889759,0.12544523328882135,0.3578735761651095,-0.2713362328720096
1789407316.874,3.6470236778259277,-0.34458667039871216,3.294421332272276,-0.283465532630172,0.35786059795967695,0.22763586283903975,0.24921765008179575,-0.7077367555144597
1789407317.007,3.2729344367980957,-0.3383934199810028,3.3474049319506642,-0.3206423545339401,0.07655687410529925,0.23843439476801842,0.10731531063428035,-0.7724790713219316
1789407317.174,3.2060351371765137,-0.3359028100967407,3.3339677875777296,-0.35137413144574503,0.1288647539979955,0.1520885417284336,-0.0023839710931130575,-0.6013275919663599
1789407317.341,3.3136143684387207,-0.3333178758621216,3.3754088371450686,-0.36561432713235276,0.06972529761392361,0.18423297392361598,-0.0401982467287918,-0.2487978286847872
1789407317.507,3.353421211242676,-0.3319377899169922,3.3859165503052444,-0.37186086000190377,0.05147619436007348,0.16280784346311025,-0.04196254222085738,-0.01028350087551503
1789407317.64,3.600747585296631,-0.3246704339981079,3.470938300920171,-0.3720464671801139,0.1381844377286791,0.2621958663414213,-0.031380865510637346,0.06956697561260966
1789407317.807,3.504855155944824,-0.327640175819397,4.483341191188589,-0.3789478028539867,0.9798302882433173,0.7017842658993492,-0.01990368335663595,0.07431971669618473
1789407317.974,3.35609769821167,-0.33073586225509644,4.285502696443385,-0.37900443060562067,0.930657566148099,0.507367166802731,-0.02348063421678903,-0.024770352257507493
1789407318.107,3.2954158782958984,-0.3275600075721741,3.580705953364442,-0.356866523305471,0.2867913855000551,0.08948943473113657,-0.018830605803509926,0.02761646705233562
1789407318.274,3.3289432525634766,-0.32095998525619507,3.4075861626039146,-0.3574896507773822,0.08671288118104618,0.0,-0.5684064978460674,-1.0174322713922042
1789407318.44,3.3278024196624756,-0.3177871108055115,3.3644274506848495,-0.34857428156299963,0.04784603202607909,0.0,-1.4721851851914671,-2.7111638015278636
1789407318.574,3.321399688720703,-0.3100211024284363,3.3600485807882223,-0.34284035744569263,0.05070345508872601,0.0,-2.2217846822883156,-2.981580831626393
1789407318.74,3.315429210662842,-0.3006359934806824,3.429726325183611,-0.3360818539972225,0.1196672027563605,0.0,-1.3130529748740098,3.0827103666936444
1789407318.84,3.3424932956695557,-0.29032331705093384,3.4511778450502315,-0.3307754197149528,0.11596854696003091,0.0,-2.2213713530391512,-3.160442646210254
1789407318.974,3.3689723014831543,-0.28228759765625,3.4197995147103373,-0.3380889370543533,0.07547976605066975,0.041500074497243494,-2.7878892272929923,-2.488385608881179
1789407319.107,3.3490664958953857,-0.27659475803375244,3.370262434562497,-0.34347882721996725,0.07016228706995169,0.10839988994283135,-3.0526264715225797,-1.5619524101301359
1789407319.274,3.596226215362549,-0.2751308083534241,3.3429059037289024,-0.3370629339166882,0.26078107382045895,0.12215308609892475,3.0696946993492595,-0.8673853242518852
1789407319.574,3.8469223976135254,-0.2720315456390381,3.3254908590686325,-0.3301481307879529,0.5246602585089375,0.11741611239383284,3.0450404096753196,-0.13606026520996295
1789407319.741,3.355398178100586,-0.2754477262496948,3.305737346221882,-0.3230136754101966,0.0687656727039323,0.0955641820958606,-2.673349003059866,1.0277398336992922
1789407319.874,3.1533336639404297,-0.2787943482398987,3.319439028004898,-0.32234519110226467,0.17171973644579136,0.06246420824041112,-1.9669655334726541,2.8159819757152778
1789407320.041,3.1769556999206543,-0.2719461917877197,3.3402809478101507,-0.3139751463875532,0.16864628552956723,0.02072056817166764,-1.3089111543980523,3.0004621023824765
1789407320.174,3.1976046562194824,-0.2546531856060028,3.344682491798,-0.30167039072273394,0.15441019168257697,0.0,-0.9044594643040744,2.2193281295456684
1789407320.374,3.150195360183716,-0.22779598832130432,3.4238867381953635,-0.30691475577438765,0.2848977882701263,0.0858170874830114,-0.5956666907498089,1.6094559969878464
1789407320.507,3.0799684524536133,-0.20624879002571106,4.094583625055669,-0.460992991512449,1.046106379229863,0.4439899164991489,-0.4155263192995382,1.1505678042128227
1789407320.641,3.030338764190674,-0.18874254822731018,3.496105003691988,-0.6463588621001282,0.6529554966318464,0.4668905447260607,-1.0255272507231346,-1.359092978032474
1789407320.774,2.978151798248291,-0.1673256754875183,3.5762790264122173,-0.359018208658065,0.6280941078726998,0.1764611633395518,-1.9772298950216953,-2.9681849506544595
1789407320.941,2.929624557495117,-0.1417173147201538,3.430609914715445,-0.3332500883253051,0.536349821957705,0.11886378666469172,-2.576759105501929,-2.6655671831231085
1789407321.107,2.870424270629883,-0.10328702628612518,3.3351789095185707,-0.3275189843161546,0.5160201986071239,0.19240844971011162,-2.867113843971638,-1.3999956346559264
1789407321.241,2.8073630332946777,-0.06491667032241821,3.27130175330492,-0.31407671565915746,0.526611682472909,0.2356631536215562,-2.9612000921990442,-0.5830315561582355
1789407321.407,2.713942050933838,-0.024218082427978516,3.1934204431342694,-0.29405622585610686,0.5501928318652016,0.27896495489216044,-3.1021698696746984,-0.6588221619175985
1789407321.541,2.6526308059692383,0.002251341938972473,2.7969405355155064,-0.22511286648917578,0.26929497083286846,0.32934238777754327,3.089039343854986,-0.6053273744060668
1789407321.674,2.5951170921325684,0.02070528268814087,2.7029140990534293,-0.1543796712709436,0.20560869583738636,0.36555168233883617,2.987858970838184,-0.6587770390130916
1789407321.807,2.54874324798584,0.030437245965003967,2.611914179816115,-0.12715290895702439,0.16977992683663803,0.3927863313908924,2.9492394336238643,-0.24714287223662554
1789407321.941,2.487555503845215,0.029449984431266785,2.5383933942339816,-0.0915398759451448,0.13123657041039982,0.40103584729040853,2.9229112276611584,-0.1375140388351814
1789407322.241,2.298701524734497,0.0043865591287612915,2.4653471363635995,-0.0818775704381703,0.18764930035888222,0.40515415208580935,2.947838700271806,0.14851114375801922
1789407322.507,2.1508936882019043,-0.018284857273101807,2.2808879853095902,-0.09354252543788076,0.15020730307851649,0.44305110160312305,3.0794590567425697,0.5737710872799633
1789407322.64,2.093088388442993,-0.0167112797498703,2.202941885152516,-0.09448255093353317,0.1345962902937225,0.4556896515782067,-3.139400838453806,0.4422832586869353
1789407322.774,2.0334832668304443,-0.0031164884567260742,2.139088176156783,-0.07902045512269511,0.130053100806758,0.45796268221098235,-3.1016759847115702,0.267647135691329
1789407322.908,1.943474531173706,0.013326570391654968,2.09554128442343,-0.04249721266140339,0.1619894817519562,0.44732885041261183,-3.103425541539022,0.0036553194107018846
1789407323.075,1.8380968570709229,0.03772980719804764,2.042115899323822,0.006515739645770236,0.20639304158558344,0.44227396061735197,3.139090012821942,-0.25748378928879695
1789407323.374,1.6982845067977905,0.06262021511793137,1.8297493253716188,0.06751440880966951,0.13155588795086992,0.49169893970377826,3.0475939165792223,-0.2571299407474144
1789407323.541,1.6332029104232788,0.05653376132249832,1.6393293308866945,0.0528602215863602,0.00714338308419369,0.5249918962001752,3.0408400608898862,0.0809418353763132
1789407323.674,1.56197988986969,0.038299500942230225,1.580163595891486,0.017303042766827127,0.02777586039348828,0.5230040773646156,3.079153478816851,0.24835461086049965
1789407323.808,1.4803074598312378,0.01484110951423645,1.534863331366838,-0.01338678095460251,0.061426028028269,0.5152007992513172,3.1281828632579396,0.3220363222547958
1789407323.974,1.3880490064620972,-0.008780345320701599,1.4288390721554867,-0.0569827827026349,0.06314510613523609,0.5265253119721237,-3.089044360519505,0.43857293369466993
1789407324.108,1.3249601125717163,-0.023876458406448364,1.3194795535199364,-0.10739126085605827,0.08369443682657417,0.5444944716845986,-2.9976042228910966,0.5162175192976843
1789407324.241,1.2770808935165405,-0.031063809990882874,1.2276348259587004,-0.0951915498863242,0.08097703761580725,0.5438237910319917,-2.971525463439376,0.15963371133892304
1789407324.374,1.2293529510498047,-0.024778932332992554,1.1796679905947929,-0.02898211244962945,0.049862430932606755,0.5315185971835794,-3.016062217329437,-0.2824975184993575
1789407324.641,1.1155630350112915,0.030253365635871887,1.1471287981290963,0.0439508591490406,0.03440957322828436,0.5089722095574908,-3.116621317327408,-0.5491362098342206
1789407324.774,1.0661163330078125,0.06204433739185333,1.0589031076102071,0.08653672900445292,0.025532486513099303,0.501974229772267,3.0961329120071337,-0.46767356896922163
1789407324.908,1.0161312818527222,0.09214799851179123,0.9856942093769355,0.12189657575894201,0.042560465565193085,0.5080912079472832,3.0276158094058214,-0.4577649458635067
1789407325.041,0.9747787714004517,0.11411415785551071,0.8958580376360711,0.14744469716352174,0.08567033949081274,0.5141353816191095,2.9602620587619857,-0.3860187607183984
1789407325.174,0.9558106660842896,0.12784942984580994,0.8357813170728167,0.15208163609845612,0.12245098792573604,0.5090743942118563,2.926704396771247,-0.23708265130164155
1789407325.341,0.9343264698982239,0.1321961134672165,0.8117551409955983,0.13062841498311903,0.12258135399599997,0.4893239941122514,2.918320554264338,-0.07081307194506632
1789407325.508,0.9257718324661255,0.12178586423397064,0.7944915115138744,0.1050817852590988,0.13233876576319126,0.46566829045311947,2.9298471495014695,0.06466631020245187
1789407325.641,0.9163216352462769,0.11289992928504944,0.671069061875559,0.10629648420776014,0.24534145640687818,0.44534478576131004,2.9566044034409593,0.10740797304175682
1789407325.774,0.9061461091041565,0.10298937559127808,0.62497627372305,0.11432841433531833,0.2813983833071494,0.4377319424768039,2.971395890492751,0.10303237532015615
1789407325.908,0.9018474817276001,0.09334874898195267,0.581329047712507,0.13633461173795577,0.3233880810116005,0.43036365999434106,2.9735493974049305,0.021919727913427042
1789407326.041,0.8963966965675354,0.0840252935886383,0.5538581528404822,0.1652379832029626,0.35203430925556517,0.41702604508992885,2.9597326162815385,-0.0834620139237811
1789407326.174,0.8956887722015381,0.07606486976146698,0.606247763267704,0.1836537928610222,0.30879033991748805,0.38485624764431126,2.9274650978963725,-0.20661238803053333
1789407326.441,0.881912112236023,0.0634147971868515,0.8972730588657178,0.12185775980722571,0.060427961749564184,0.3342799584731971,2.853509128842987,-0.4054096057511681
1789407326.574,0.8934009075164795,0.060436733067035675,0.8841288289001054,0.13009008823246682,0.07026778299953625,0.2699002323280313,2.808465219858201,-0.24956776507191372
1789407326.741,0.9025455117225647,0.05589011311531067,0.8815415546120194,0.13005202040084549,0.07707888625641841,0.21846045071462064,2.7988719477869966,-0.06498381842460456
1789407326.874,0.8975484371185303,0.05479617416858673,0.8788180924852618,0.12623676448877788,0.07385515388500927,0.17553917401985825,2.8046035075438223,0.0362377178448613
1789407326.974,0.8981804251670837,0.0545344352722168,0.8783584299700814,0.11966270230310333,0.06807791609645851,0.13585169085248833,2.81311376841344,0.05410070936432045
1789407327.108,0.8776485919952393,0.05459293723106384,0.8786931999124892,0.11158397056230587,0.05700060601312517,0.10236294088563894,2.8128175726239384,-0.0040100053798473225
1789407327.241,0.8354064226150513,0.05518744885921478,0.8809168120607093,0.1027794584288089,0.06584979060230789,0.07248360816898827,2.81418613857962,0.0074724674419870685
1789407327.408,0.7444544434547424,0.0689598098397255,0.881072814924685,0.09437458748040944,0.13896219034552038,0.05217024262846577,2.8206683867939875,0.041556631614250335
1789407327.541,0.6873031854629517,0.07291657477617264,0.8795304852085806,0.08656274107924156,0.19271105993758345,0.039298069124063126,2.8261064932917623,0.03520433023437538
1789407327.708,0.6371145248413086,0.07884000241756439,0.884291775727989,0.07915919992068068,0.24717745698777416,0.01969447169871875,2.822887291278154,-0.02186225027747863
1789407327.841,0.6321223974227905,0.07946201413869858,0.8925572171559365,0.07176581589858005,0.2605485114077366,0.0,2.8150707290391495,-0.043522045697911044
1789407327.975,0.6359740495681763,0.0792108103632927,0.8957798163610737,0.06654632229981657,0.2601142551202362,0.0,2.8075969305319832,-0.0499720851137305
1789407328.108,0.6392561197280884,0.07925129681825638,0.8894698107114558,0.06161956189810578,0.2508341468616555,0.011364496334849882,2.7905939468027263,-0.07045980634588866
1789407328.241,0.6402237415313721,0.079879030585289,0.8658107655371496,0.06308182577929154,0.22621151935539863,0.04641417856042049,2.8030402798180614,0.08245347158703496
1789407328.408,0.6398868560791016,0.07930168509483337,0.805635367976753,0.07346980743799052,0.16585107775739735,0.13316840797409268,2.8563368671464646,0.29477726792146697
1789407328.541,0.639384388923645,0.07970073819160461,0.7432223880757021,0.08176000575199656,0.1038584163695359,0.20435079524218758,2.900987757253393,0.29672031902387314
1789407328.841,0.639178454875946,0.07957630604505539,0.6759974225801438,0.08929178501308595,0.038079218930815846,0.25690781491658077,2.9503472404774334,0.27215688533987586
1789407329.141,0.6392247080802917,0.07998751103878021,0.618744459968995,0.09066850676292963,0.023098143482963598,0.23701048226350033,2.9853282990250154,0.082291545770485
1789407329.274,0.6392307281494141,0.0793173685669899,0.6100068657991504,0.08802471667384269,0.030493475395911657,0.15789550199119531,2.9915635801210207,0.006436641726538509
1789407329.408,0.6392328143119812,0.07934305816888809,0.6108505845483307,0.08670545994103132,0.029321594878367437,0.11368856049843164,2.990468020834702,-0.006342233697890725
1789407329.574,0.639214813709259,0.079201839864254,0.6161118381186679,0.085171778512656,0.023861845037740373,0.0812893190668499,2.9893777763359886,-0.007421652115173694
1789407329.675,0.639187216758728,0.07924530655145645,0.6208527946763492,0.0838092967845737,0.018893941884710257,0.05651562733686645,2.9885070355182632,-0.005894447293750075
1789407329.841,0.6392091512680054,0.07952174544334412,0.6248187249744108,0.08282099074925696,0.014763786387643425,0.034996080326388894,2.9878874263828994,-0.0034739253751219436
1789407329.974,0.6392831206321716,0.07930723577737808,0.6290012188849761,0.0817714983245795,0.01057308344053535,0.021013298924163367,2.9877522567240042,-0.0009325138130209375
1789407330.241,5.730873107910156,-0.0739913061261177,0.6321212460090528,0.08123483041397787,5.10111416287708,0.010524045133184548,2.98778427826913,0.00017526357847422557
1789407330.375,5.6432085037231445,-0.01666073501110077,0.6346822374664216,0.08061779020316795,5.009470877373316,0.004301463523805344,2.9878438465608266,0.00039188275529972687
1789407330.541,5.558337211608887,0.05028136074542999,0.6364520507445153,0.08018972450119012,4.921976030717688,0.0005737005448316133,2.9878887087623367,0.0002944260830006188
1789407330.674,5.469559669494629,0.1085546612739563,0.6377370632362063,0.07983940821099784,4.8319079320811165,0.0,2.9879166200947775,0.00015464488962556156
1789407330.808,5.359103679656982,0.14100556075572968,0.6383787261830407,0.07964019994377892,4.721123785059986,0.0,2.9879303018956094,0.00011204191027840714
1789407330.941,5.266448974609375,0.15207645297050476,0.638768145590834,0.07958263251017343,4.628248611437232,0.0,2.987956725156966,0.00014684644575148055
1789407331.041,5.188279628753662,0.1522085964679718,0.6390102504989649,0.07949228333229166,4.5498504962385224,0.0,2.987949609340034,-4.7483157190464176e-05
1789407331.174,5.230607032775879,0.15838167071342468,2.9129893956823207,-0.17036869456422524,2.340817872974597,0.0,2.440173930956284,-1.7417263911992613
1789407331.308,5.448812007904053,0.14514440298080444,4.011344018721671,-0.33163423565899985,1.5144741959463246,0.0,1.7112304234382085,-2.9274980652940794
1789407331.441,5.416799545288086,0.13341420888900757,4.5040279298220245,-0.29057871938060853,1.0064402740466856,0.0,1.0684541760776423,-2.9899866810195315
1789407331.575,5.11588716506958,0.12674573063850403,4.797513789200017,-0.17331011629716891,0.4374872772354257,0.14587980742253798,1.814781897688003,3.0378744197808434
1789407331.741,4.822197914123535,0.14110177755355835,4.974269933046332,-0.06661833145595876,0.2574364827023964,0.22322536699867285,1.9312014907955932,0.7710134374905208
1789407331.875,4.704555988311768,0.15023010969161987,5.069426722498317,0.02245188839486837,0.3865978873501423,0.2730821852488487,1.8870401639862502,-0.2198987500833413
1789407332.008,4.653530120849609,0.17880001664161682,5.114149386631321,0.08932689477440048,0.4692286729793362,0.29885480826354166,1.843666832656674,-0.2517795455920921
1789407332.175,4.633460521697998,0.2199307382106781,5.05692922834425,0.427085804567894,0.4714222810030433,0.3064108464142691,1.826357673836033,-0.1264176974856039
1789407332.341,4.661503791809082,0.26701730489730835,5.229767657225551,0.15786364837306774,0.5786521765885607,0.1756962126758675,1.8811519822309188,0.3839331986300586
1789407332.475,4.6744279861450195,0.3131253123283386,5.280240738550997,0.1485301120141047,0.6277743790122287,0.09471951178556205,1.95671004951316,0.5188957851756316
1789407332.608,4.671936988830566,0.3376820683479309,5.229184668751798,0.15583690495364294,0.5861677577515593,0.11907788559693722,2.07098209123647,0.7406694733777623
1789407332.775,4.694171905517578,0.34902071952819824,5.091860619399861,0.19383830950184092,0.42689330462181363,0.26147565215483753,2.258146666574456,1.0174932970845145
1789407332.908,4.668374061584473,0.3245807886123657,4.643121754471468,0.45979342820343244,0.13755048862040875,0.3874277677444389,2.3790895530695666,0.7697543460407252
1789407333.041,4.659976959228516,0.30514857172966003,4.431199383846713,0.5178181710098452,0.31235802767908966,0.47708263127312295,2.468640679530095,0.5608741499327845
1789407333.341,4.596269607543945,0.2796019911766052,4.245278597590241,0.49742094066864534,0.41308568581607513,0.5194240151762276,2.613781549300626,0.7803901808292932
1789407333.475,4.556950569152832,0.2744377553462982,4.2037814916456195,0.39198358368578207,0.37221689787986634,0.43008804779034526,2.8555547383173057,0.6097923181452526
1789407333.608,4.556776523590088,0.2512444853782654,4.25306525166058,0.3870919882420055,0.3327087025182141,0.3657799964231384,2.9061198581900864,0.3455484145009921
1789407333.908,4.596670150756836,0.24148041009902954,4.616654353845842,0.32795754076285416,0.0887561969721035,0.2654443081179778,2.965073488585972,0.3347292859438213
1789407334.041,4.77278995513916,0.24171032011508942,4.624751105727091,0.32275871652879085,0.16877305322971972,0.1539688389143342,2.9532370060732447,-0.07350105778573157
1789407334.175,5.1147637367248535,0.24400591850280762,4.620254922078946,0.3159741783196551,0.49971831883928974,0.12631678526029025,2.9191912046197164,-0.22858146266781756
1789407334.441,5.812605857849121,0.2636801600456238,4.6001881208948365,0.30992183845085713,1.2132992465600074,0.1214362520249994,2.8705134144710147,-0.272111772700688
1789407334.575,5.734531402587891,0.27033036947250366,4.574079753303164,0.30461268987079765,1.1609579268085186,0.1331899435884426,2.842619757908846,-0.187573022142138
1789407334.741,5.0699005126953125,0.2383105754852295,4.559959212705385,0.2934196908249513,0.5129104639495513,0.12139359448660955,2.8206629215812935,-0.1492812144551094
1789407335.008,4.4090118408203125,0.20815755426883698,4.567847082849231,0.27327742491125734,0.17166604691339138,0.046257100014285665,2.8183048060048446,0.08009596960491192
1789407335.141,4.411325454711914,0.19282424449920654,4.658118838464774,0.255595161776944,0.25465105992332915,0.0,2.3453986560285287,-0.822717714548397
1789407335.275,4.467985153198242,0.18447765707969666,4.8379952004863656,0.21809226006390908,0.37153381626434157,0.0,1.560264088235943,-2.4659984258409255
1789407335.441,4.546304702758789,0.1803978830575943,5.065202262848372,0.20075990751389966,0.5192969188305292,0.0,0.8164504323819664,-3.1101333613386783
1789407335.575,4.597655773162842,0.20255161821842194,5.941156836011537,0.20716527107855418,1.343508984587854,0.47771417294755936,0.09155903897060025,-1.5539893209728004
1789407335.841,4.574571132659912,0.32130852341651917,5.327020558314511,0.2736822160752579,0.753955173282139,0.07905789760646104,0.8608537883865308,2.0283438583815685
1789407335.975,4.562448978424072,0.3810954689979553,5.050225190887732,0.21500124312223895,0.5152794633154386,0.0,1.6590699832045832,3.145024162198208
1789407336.108,4.567406177520752,0.4352904260158539,4.859626123702905,0.191231239686219,0.38073269281555533,0.0,2.158367755367122,2.4677107966550973
1789407336.275,4.760347843170166,0.4849058985710144,4.728230170197827,0.20445624653192004,0.28228275229990085,0.1002939140872345,2.463308886651893,1.769207791987801
1789407336.541,4.7160444259643555,0.48375821113586426,4.582571786585178,0.21557704661234084,0.29955981450794944,0.22829382606642656,2.899023584992843,1.1980832716933703
1789407336.709,4.6423115730285645,0.45612621307373047,4.577007276008555,0.22333477593656867,0.24177779967081925,0.1903810626260231,2.364620844345163,-1.3096803300545579
1789407336.841,4.647671222686768,0.43375852704048157,4.592703287886667,0.29714820577333934,0.1472543844267462,0.2107698845662005,0.9196441164577722,-3.004392924148782
1789407336.975,4.651515960693359,0.419777512550354,4.603997356956612,0.3367848682124297,0.09563365890360562,0.240960252754517,0.5043622259135399,-2.268299368859791
1789407337.142,4.704429626464844,0.38824981451034546,4.617228005226709,0.3722180330180034,0.08866307441306873,0.2481582973119451,0.2625967709210322,-1.5041509859717732
1789407337.275,4.953251838684082,0.37116456031799316,5.069584364044213,0.3990217033973404,0.11962138971441859,0.360868825332592,0.07623469787304682,-1.0203183994545506
1789407337.542,5.903260231018066,0.3784712255001068,5.1605256533101045,0.4014236839348964,0.7430891388462257,0.39116502305406664,-0.009928516450062652,-0.5812458653078897
1789407337.808,5.0814409255981445,0.40547996759414673,4.737052847207382,0.4444221218751129,0.34658280384018575,0.16199371076309052,-0.11284896091454044,-0.30361401739995664
1789407337.942,4.763239860534668,0.43324756622314453,4.706738290559651,0.4407521628738459,0.05699777522440237,0.08021608581837232,-0.1118997200335432,0.00774549220376838
1789407338.075,4.757876396179199,0.45526695251464844,4.687554933506366,0.4350911200373765,0.0731585424171205,0.033836749174775464,-0.10865067994620992,0.02294968169232962
1789407338.208,4.713996887207031,0.46322154998779297,4.6993585876966755,0.42181303789886304,0.043919752799554075,0.04550799018896347,-0.07916667788281684,0.16469892993266974
1789407338.375,4.972020149230957,0.4627189636230469,4.820502299412742,0.4048442723299292,0.1621947554818245,0.2263870885156818,-0.02914153319708168,0.33462368408841153
1789407338.675,4.859226226806641,0.4319458603858948,6.606985163309225,0.5512125291944059,1.7518235751391527,1.1238502666161994,0.0889774202946807,0.42033256726792945
1789407338.808,4.8097381591796875,0.4002811908721924,6.010311920428396,0.36766811509497827,1.2010166397309083,0.5725255922885446,0.003949323477772104,-0.4235146871900802
1789407338.942,4.786371231079102,0.38246363401412964,5.172740937342197,0.4333096086367595,0.38970099185549384,0.02580309448893936,0.5336293920561732,1.277251152574034
1789407339.175,4.815439224243164,0.36678996682167053,4.988905267680303,0.4283278577940033,0.18405808933882256,0.0,0.1882766410992578,-2.065364018695818
1789407339.308,4.825623989105225,0.36496812105178833,4.867529287649804,0.4363754025918758,0.08279525290169493,0.0,0.8896328443189718,2.1395683011504887
1789407339.475,4.820070266723633,0.36551031470298767,4.917222331308092,0.44958696793211117,0.1284811553156072,0.08421178677631705,0.336264658616916,-2.584398389347374
1789407339.575,4.814571380615234,0.36951249837875366,4.926484831306729,0.44873838728787474,0.13711805832609328,0.0808521485707622,0.05240217884915088,-1.7168800923828769
1789407339.708,4.846179962158203,0.35191646218299866,4.901249334599648,0.44149607896940385,0.10515295300035,0.019013670060494578,-0.11865250736647281,-0.9272398718980023
1789407339.842,4.919334411621094,0.360198974609375,4.860587630403474,0.4300868459798818,0.09129895326963706,0.0,-0.15602613534188103,-0.24617332461695618
1789407339.975,4.921710014343262,0.3469162583351135,4.827759266738369,0.4181750081072785,0.1179175660985688,0.0,-0.18747437616477347,-0.20673699265076348
1789407340.108,4.868824005126953,0.33760666847229004,4.814447304011283,0.40642920400406035,0.0877118408269071,0.0,-0.19513694014533733,-0.06287348583575371
1789407340.242,4.811129093170166,0.35231444239616394,4.815850221694804,0.39552784114566364,0.043470528936618805,0.005309249454535109,-0.16117117177419615,0.22298397154939725
1789407340.408,4.7702226638793945,0.3428124785423279,4.821460108327793,0.3864720438028406,0.06731592198239354,0.01610573611561441,-0.6848239433507812,-1.089771976927985
1789407340.542,4.768061637878418,0.33640509843826294,4.823236875812549,0.38003343778276905,0.07034016544654538,0.017665832170319196,-0.34129746785007953,1.775058595909
1789407340.676,4.767678260803223,0.3542048931121826,4.820947711485367,0.377228692269229,0.05803214371020091,0.012602993756938482,-0.22471464788921747,0.9157484383709684
1789407340.808,4.768939018249512,0.3453247547149658,4.833728165848443,0.3677196237846816,0.06855044717028362,0.03449957136325174,-0.8399426611144332,-1.6637043548359498
1789407340.942,4.773865699768066,0.3592258095741272,4.8728766177258676,0.35897631648089406,0.09901123230043145,0.09149284713856141,-0.4369605473675233,2.2674840283434636
1789407341.075,4.7809038162231445,0.3692942261695862,4.901364043594166,0.35169645177056164,0.12173885181846045,0.11977580313377409,-0.192641696116298,1.511771895510177
1789407341.208,4.782770156860352,0.37476998567581177,4.894264926093876,0.3409303956188453,0.11651695765707414,0.08836230288171787,-0.8370218484564678,-1.906378833371459
1789407341.342,4.785261154174805,0.37731823325157166,4.8641001785876945,0.3478097226380073,0.08418042509400316,0.01944528752516808,-0.3899960843050274,2.451656354296258
1789407341.475,4.782532691955566,0.3782135248184204,4.822557631381537,0.35149633213712406,0.04812280291942827,0.0,-0.05957576065805714,1.7350521910680898
1789407341.608,4.785856246948242,0.3778691291809082,4.797986570858452,0.3486775261769667,0.03161161881502328,0.0,0.1254137016772976,1.1896855525262349
1789407341.742,4.787111282348633,0.3766322433948517,4.7843093294202195,0.3500947702270527,0.02668498496054841,0.0,0.2382942295415753,0.7371394182269053
1789407341.875,4.780941486358643,0.3759424090385437,4.777348068651687,0.34840542008090586,0.027770459334871128,0.0,0.31215140843475897,0.4911695028441892
1789407342.042,4.777776718139648,0.3745615482330322,4.7762422231647195,0.3513165775505184,0.023295564746513623,0.0,0.3479190867729409,0.23573704130620735
1789407342.175,4.7731218338012695,0.3740500807762146,4.779137880830236,0.35674245087529716,0.01832339691874478,0.007159110337054459,0.8467968720703305,0.8091478150735628
1789407342.308,4.76588773727417,0.37377122044563293,4.781803500232287,0.3635924666275261,0.01889228783997819,0.01644390855717921,1.6572121972686755,2.474299758320889
1789407342.442,4.760676383972168,0.37346524000167847,4.782022405354289,0.3699638539028951,0.021631281364235727,0.024667225231976748,2.4176834268074803,3.120477727360306
1789407342.575,4.763570785522461,0.37351882457733154,4.782369886723845,0.37551527454721617,0.018904814689970368,0.02762149503312521,1.5394320274306281,-3.172227192994063
1789407342.708,4.762563705444336,0.373474657535553,4.785115784629534,0.3784152125281234,0.023086908827516447,0.02678439603435593,0.9614489933784309,-2.7015479002330056
1789407342.842,4.778389930725098,0.3730541467666626,4.787570531951595,0.37893659246945766,0.010903513485400128,0.02363751487396574,0.6536881075140375,-1.7434695607930266
1789407342.976,4.788039207458496,0.37353459000587463,4.786755338857995,0.3779757863000629,0.004623044787460253,0.01606425820268028,0.48570168517536727,-1.0533896330203036
1789407343.142,4.7752156257629395,0.3731970191001892,4.78412723376806,0.3763993721929165,0.00946952071476828,0.006149263997252305,0.422637227634727,-0.34578629909071584
1789407343.275,4.754639148712158,0.3735300302505493,4.7797661901011725,0.37485194547603323,0.02516178985741288,0.0,0.4134192673160566,-0.061323765603678006
1789407343.408,4.7476606369018555,0.3738800287246704,4.773880045047709,0.37342598600814236,0.026223339190638403,0.0,0.4360499817234249,0.1503178271836213
1789407343.576,4.730188369750977,0.37422576546669006,4.768371823225238,0.37243320480300546,0.03822550709871751,0.0,0.47873111043606986,0.28172382868130746
1789407343.709,4.723876953125,0.3742070198059082,4.764954323542797,0.3724353276770338,0.041115559748596986,0.0,0.5541845749338616,0.22362965211912714
1789407343.842,4.727086067199707,0.3952070474624634,4.770457723312008,0.3737196937311625,0.04840255080362755,0.008689424489887675,0.5756086125634781,0.1414399100732836
1789407344.009,4.74655818939209,0.41106128692626953,4.778052101147793,0.3754733781643596,0.047522265599632796,0.018704647620852298,0.5872035354843668,0.07659298546741172
1789407344.142,4.752763271331787,0.4183574914932251,4.777969463371533,0.3753638484679623,0.04983779146118205,0.01345965899479398,0.6010957620227892,0.07737239955865989
1789407344.309,4.759143829345703,0.42300862073898315,4.769147924732333,0.3732117556173576,0.0507918271028534,0.0,0.5901568017994028,-0.07308429825803595
1789407344.442,4.784058570861816,0.42341411113739014,4.760613416134543,0.37159797315382925,0.05687343347923712,0.0,0.5723325792741276,-0.1185868192994259
1789407344.709,4.742807865142822,0.42204558849334717,4.7480779589520825,0.36957851725467955,0.05273108621223183,0.0,0.5398375159399018,-0.1792296765690213
1789407344.842,4.724545955657959,0.4206675589084625,4.735844549169302,0.37631696534717674,0.045767164698863876,0.0015668913850592808,0.42982495720833613,-0.4973217408261468
1789407345.109,4.702754974365234,0.4193681478500366,4.743643278070456,0.38890846996329537,0.05098671745518119,0.02251290624836236,1.0556625656682872,1.8847167421039428
1789407345.242,4.728293418884277,0.4187591075897217,4.748641887881739,0.4025180902292703,0.02603518456710336,0.041067487867523164,1.7268529920547167,3.060600283615963
1789407345.409,4.754321098327637,0.4184998869895935,4.756482179577367,0.41495920601457786,0.004148095217660124,0.052806431078012354,0.8432048836001602,-3.041932020045993
1789407345.542,4.739682197570801,0.41793179512023926,4.771571916299361,0.42088092312469483,0.032025794550226604,0.06543163158757082,0.25294509890536254,-2.7896363181621933
1789407345.675,4.732964515686035,0.41801077127456665,4.7720516147969,0.4195225883038512,0.03911632533396505,0.052281363282799115,-0.10178435303795563,-1.9969925269520612
1789407345.809,4.738073825836182,0.4183120131492615,4.763796906824206,0.4178861300695994,0.02572660630386385,0.02682342307351113,-0.30073782784910064,-1.2322678698140488
1789407345.942,4.74815559387207,0.4181041419506073,4.748568275583126,0.4182842893474177,0.0004502879958617834,0.0,-0.4279465892325667,-0.8246081071076284
1789407346.109,4.751233100891113,0.41842079162597656,4.7326649029553405,0.42045536979957965,0.018679333042872257,0.0,-0.5122704397142943,-0.554844745311883
1789407346.342,4.728041648864746,0.4179612994194031,4.723717490428671,0.4204229494471035,0.004975747887419468,0.00672470895859368,-0.5428151822393343,0.046456240543201764
1789407346.476,4.759483814239502,0.41829293966293335,4.737763965343288,0.4168091215251926,0.021770474325109423,0.027842639764861753,-0.507422057826135,0.19603392104052197
1789407346.609,4.788477897644043,0.418535053730011,4.740222088423523,0.41607140569596235,0.048318657733456366,0.02594500779301305,-0.49294842985997533,0.09660059199148785
1789407346.742,4.781219482421875,0.4188292622566223,4.738715485601382,0.41637002877240564,0.042575081621135526,0.018176221738801093,-0.4868391040822697,0.04065750651530858
1789407346.875,4.957143306732178,0.42242950201034546,4.7394958121212944,0.4164314423847549,0.21773012797880456,0.01535717578931377,-0.4644036683361801,0.1481880232546959
1789407347.042,4.917904853820801,0.42123934626579285,4.743997899427835,0.4158591557711971,0.17399015844580215,0.018969239738868042,-0.4286699830438607,0.23727750014063365
1789407347.175,4.81732177734375,0.4206411838531494,4.748544095208162,0.41547870805184367,0.06897115858344727,0.020826876550847723,-0.3836606094036994,0.24931601536349685
1789407347.309,4.748797416687012,0.4203014373779297,4.747698838605525,0.4162154976091213,0.0042310492310362584,0.01591696755111782,-0.36517740858149583,0.15277766657386932
1789407347.475,4.682119369506836,0.42013394832611084,4.740446297335512,0.41752319920697417,0.05838532795912579,0.0008108528627957159,-0.356282829509067,0.05889599645898588
1789407347.609,4.655819892883301,0.42018556594848633,4.748578807799501,0.41656308577252227,0.0928296216681732,0.013626641110760038,-0.35910047684710955,-0.01861097944308647
1789407347.742,4.6631364822387695,0.4198748469352722,4.775134941456978,0.4135548221319956,0.11217663562777531,0.044344431921161914,-0.407482580960953,-0.20933329754061608
1789407347.876,4.676194190979004,0.42035409808158875,4.8550692237615065,0.40272445510024635,0.17974170819426127,0.16135298148121704,-0.4323684344940628,-0.16665037187381868
1789407348.042,4.675153732299805,0.4203978180885315,4.893972983747297,0.39696793347624393,0.22007004407003206,0.17873625757908868,-0.46384185789533117,-0.17633196105690557
1789407348.175,4.695567607879639,0.39905232191085815,4.870523868635177,0.4039999406961184,0.1750262040644316,0.10295892439909204,-0.4902205198981999,-0.17525982853314295
1789407348.309,4.713635444641113,0.3853413462638855,4.824928227863842,0.41454140332383155,0.11505966682450228,0.009809834742379536,-0.5171868649549709,-0.17610357825524878
1789407348.609,4.724347114562988,0.37225931882858276,4.7635211694624875,0.42838837944213026,0.0684476297809374,0.0,-0.5159131421660947,0.008354763828055159
1789407348.743,4.728091716766357,0.37164106965065,4.696892914577344,0.43417210209869483,0.06988200968094464,0.0,-0.4406460550192728,0.2991808738810376
1789407348.876,4.73020601272583,0.3727315068244934,4.689213099030516,0.4314346387665827,0.07159941810546945,0.0,-0.3927108787367759,0.31651319177828857
1789407349.142,4.725621223449707,0.37541723251342773,4.683774408705498,0.42914994470662676,0.06810550832255254,0.0,-0.35296445651681196,0.22132227623060516
1789407349.276,4.728764057159424,0.37682920694351196,4.690892063327143,0.41945291610440855,0.05701814184507409,0.015839748380797335,-0.340413043250809,0.08378404265671542
1789407349.442,4.73795223236084,0.37752604484558105,4.703898560178606,0.40768231984641456,0.04548684986917562,0.03807919584646987,-0.3382327863957806,0.014522641279591962
1789407349.676,4.748496055603027,0.37888041138648987,4.72636057463099,0.3873593921817374,0.023703852707727135,0.05986483108539252,-0.33963892617277835,0.003737643322285271
1789407349.809,4.749902248382568,0.37906432151794434,4.732146388772733,0.38124326931666874,0.01788905710186364,0.059023122283160805,-0.3380310217099405,0.010980928938472344
1789407349.942,4.747878074645996,0.37882089614868164,4.735801690797796,0.3773317317003666,0.012167853450925028,0.05418804375304143,-0.36514642858283075,-0.18016991056938111
1789407350.109,4.749045372009277,0.37899866700172424,4.735471904642641,0.3753914593981933,0.014044606190566793,0.043403580974051455,-0.4111564166316737,-0.305419310755986
1789407350.242,4.748813152313232,0.4007229208946228,4.734129953409069,0.3746104199023065,0.029957620702134185,0.03269260662097391,-0.4536473111550485,-0.2820070568725058
1789407350.376,4.751529693603516,0.39378485083580017,4.733831589060686,0.3745120364724746,0.02616609022938158,0.025253894520264896,-0.4820271367400002,-0.18734278534033755
1789407350.476,4.755161762237549,0.40786561369895935,4.737284284310796,0.37403920829203213,0.03826003031592274,0.02377274245049868,-0.4989438205778969,-0.09426441916220149
1789407350.642,4.761634826660156,0.4191693067550659,4.740564123532589,0.37427293164426656,0.04959494962574005,0.02441763280285227,-0.4885615496136624,0.08574373517588438
1789407350.776,4.763301849365234,0.4250645637512207,4.745088324334441,0.3742900394207037,0.05394242129379804,0.025595069882929585,-0.47550472912545816,0.08580353220709175
1789407350.909,4.76792573928833,0.4276157021522522,4.748389452261076,0.37455649787191037,0.0565415393288359,0.02462062767323694,-0.4731445499262992,0.015582826904209946
1789407351.042,4.768703460693359,0.42796045541763306,4.749447034971048,0.37508589358221556,0.05627192213605533,0.020396400077903595,-0.4792483252503259,-0.040566149811701376
1789407351.175,4.756655693054199,0.42765164375305176,4.750525319192955,0.3755789667214827,0.05243229135668896,0.016046881850436644,-0.45426892134969155,0.13837538096407576
1789407351.342,4.97258186340332,0.4211176633834839,4.7484858171744015,0.382384927424294,0.22741869485668503,0.004833408542255594,-0.9358221172556176,-0.9467233016787426
1789407351.476,5.441938400268555,0.4212527573108673,4.749024649534182,0.3856145265069423,0.6938296256658473,0.001584931965816566,-0.6936385271887566,1.4765595282403274
1789407351.643,6.326245307922363,0.430499792098999,4.751885728206812,0.40015996613179544,1.5746518952714113,0.0,-1.263380381919379,-1.5689297382971552
1789407351.776,6.855932235717773,0.44325459003448486,4.753743341378438,0.4089084144824491,2.1024694545364246,0.0,-2.0892900269207733,-3.027291783596731
1789407351.909,6.16945743560791,0.42494526505470276,4.757142957737359,0.41624340061427717,1.412341285542382,0.0,-1.341542629541165,3.1036345070848665
1789407352.043,5.122393608093262,0.4216129183769226,4.759897734412531,0.42051184300281885,0.3624975459262249,0.0,-0.8912291147621936,2.3367542124838
1789407352.176,4.624380111694336,0.4216022491455078,4.75829328521905,0.42357141066236476,0.13392765076913624,0.0,-0.6493023923075256,1.4518614789289725
1789407352.343,4.541468620300293,0.4221361577510834,4.839871927416788,0.40157230739479133,0.299111025606776,0.13086273787217875,-0.48015982954035197,0.9156200268430555
1789407352.476,4.60894775390625,0.4226560592651367,5.5589218791778094,0.20204957584998945,0.9752528180991132,0.4944450337051439,-0.39021621809150897,0.5801856473559623
1789407352.776,4.756644248962402,0.422330379486084,6.9085085018038885,-0.06976706159243522,2.2074146991838832,1.2847002042104254,-0.30733621479457174,0.39011709995813704
1789407352.909,4.775453090667725,0.4217827320098877,7.895413860679539,-0.269261795015016,3.195574712746329,1.6335353372388555,-0.28648499524270177,-0.25853657114151324
1789407353.076,4.770957946777344,0.4212137460708618,5.995666149841909,0.8404513842406872,1.2944768750008047,0.5981992476855358,0.17462336791924926,0.985545313440556
1789407353.209,4.758357048034668,0.4209861159324646,5.402919954238876,0.47956537844943525,0.6472193368954972,0.0,0.938423364165895,2.5086849919735887
1789407353.343,4.7541046142578125,0.42069771885871887,5.087288197815012,0.43072806051545387,0.33333452882317555,0.0,1.7800896539380018,3.106817801574782
1789407353.509,4.755122184753418,0.42118096351623535,4.946296405348239,0.42387983997011186,0.19119327015915205,0.0,2.2752836409290245,2.504752209197184
1789407353.643,4.755825996398926,0.4207702875137329,4.867836454436398,0.4341004446325221,0.11280086789815054,0.07324511540667551,2.559890968082593,1.6896657876780823
1789407353.776,4.742054462432861,0.4208905100822449,4.825920989324143,0.4449823546321418,0.08725830222175081,0.13478791970797663,1.773016377559986,-2.0660836864704843
1789407353.942,4.725839614868164,0.420343279838562,4.820202188208226,0.4488977694601666,0.09858830622801514,0.1283931072140764,0.980039963211782,-3.132146252440565
1789407354.176,4.712594985961914,0.42083191871643066,4.819193780286413,0.44019744725308574,0.10834355840076859,0.08568253128368113,0.372474152586626,-2.6745938610415614
1789407354.309,4.715048313140869,0.4212225079536438,4.804069235243056,0.42974613481404905,0.08942805368998642,0.03554400435233693,0.08346987509938986,-1.7047270811556012
1789407354.476,4.766650199890137,0.42177921533584595,4.786094932142524,0.4242276008509187,0.01959827043382813,0.0,-0.08397507344541966,-1.0586497704807114
1789407354.609,4.7963738441467285,0.422155499458313,4.771519624860363,0.4229607571303205,0.024867260730789525,0.0,-0.18989636067241378,-0.5845887171757603
1789407354.742,4.801602363586426,0.42196208238601685,4.764249269043284,0.42252323209959636,0.03735730933766423,0.0,-0.23360038218586787,-0.28893146792704893
1789407354.876,4.7980852127075195,0.4225032925605774,4.754161737142241,0.42266097316496637,0.04392375859266363,0.0,-0.2661755911278725,-0.21642536110303634
1789407355.01,4.970101356506348,0.428181529045105,4.740925064986628,0.42336915755675797,0.22922681238038717,0.0,-0.34420582285786994,-0.4341824011332442
1789407355.143,4.9400858879089355,0.42572450637817383,4.731075556977409,0.42355561344358017,0.20902158389187483,0.0,-0.38335382904747206,-0.32326385563498206
1789407355.276,4.809385299682617,0.4249040186405182,4.723354925614304,0.42378528233994284,0.08603764776680109,0.0,-0.4207057269674306,-0.24559010304204307
1789407355.443,4.709771156311035,0.4237369894981384,4.7199854419636225,0.4235444694137005,0.010216099812333613,0.0,-0.43734562666010746,-0.11037841706980457
1789407355.576,4.6737494468688965,0.42353710532188416,4.7409864975873175,0.41941531435169216,0.06736327003726493,0.034041384193760175,-0.4335460882135922,0.021047883965769728
1789407355.743,4.660469055175781,0.42333000898361206,4.767001116231639,0.4152844545137486,0.10683543878103627,0.06721753288570015,-0.4150039376800758,0.12356209697159429
1789407355.909,4.719745635986328,0.4463281035423279,4.7960295477466275,0.4129470627268356,0.08326781538733137,0.07945019084123844,-0.37396608500571915,0.11238579263828424
1789407356.043,4.758037090301514,0.4592176079750061,4.874893946830453,0.40428625214128766,0.12912388923648394,0.18508416476596035,-0.3696289532475312,0.025997927909454904
1789407356.21,4.764371871948242,0.46827173233032227,4.9139660438895545,0.40160870899085627,0.16377537958913452,0.20557338088107924,-0.3750952305765982,-0.03911148628551093
1789407356.343,4.783163547515869,0.4485328495502472,4.881602315082048,0.4093933276743944,0.10593438125848689,0.10803244828483473,-0.3925442390015226,-0.11444729135790613
1789407356.476,4.992537498474121,0.43746694922447205,4.811909775970281,0.4228044039518391,0.181221865046126,0.0,-0.42302504369847904,-0.1660279681744733
1789407356.643,4.979000091552734,0.3806845247745514,4.752008703185102,0.432855452462362,0.23290963073448037,0.0,-0.4304249501262234,-0.048222491876144746
1789407356.776,4.766507148742676,0.27173036336898804,4.711783520802591,0.43716100112633777,0.1742468690213064,0.0,-0.42343523010783546,0.039106939888049405
1789407356.909,4.721123695373535,0.16755637526512146,4.71455851700736,0.43915959425377943,0.27168255397058644,0.0026201556235156834,-0.9286469370222812,-0.7641886527817134
1789407357.043,4.978943347930908,0.09007824212312698,4.729361396600201,0.4419239044610073,0.4313774687394155,0.015303526125292073,-1.7481333879225258,-2.4621955487172142
1789407357.343,4.622298240661621,-0.1327318251132965,4.7375187701731125,0.45045640275303195,0.5944613356163521,0.0,-2.6313140042041825,-3.136029910524265
1789407357.476,4.719362258911133,-0.29669898748397827,4.8188687653884825,0.4478475464347781,0.7511664835452662,0.0,-1.2034737511426643,2.557577274245851
1789407357.643,4.816991806030273,-0.43699967861175537,4.86810833269972,0.4105447994575283,0.8490845314834575,0.08735454774725927,-0.9343851101184715,1.3723650036369395
1789407357.776,5.059078693389893,-0.6589650511741638,4.850559330736108,0.35303417090368017,1.0332583172119651,0.14015226874310588,-0.9414479383410841,-0.03999004170099886
1789407357.91,5.2274322509765625,-0.8024737238883972,4.829286059499447,0.2760453764250805,1.1496624893979648,0.2030079234228377,-1.0543008722366585,-0.7289126066355721
1789407358.076,5.273306369781494,-0.9820746183395386,5.00265809999202,-0.16657712269230301,0.8592360859198994,0.35667523141004265,-1.1625422763567843,-0.7147919255605975
1789407358.21,5.272496223449707,-0.9820844531059265,4.935289919134527,-0.3826918600243634,0.6877351032999132,0.4401435748824658,-1.346282223670847,-1.0007668327592194
1789407358.343,5.269044876098633,-0.981298565864563,4.879103157280885,-0.5230854354450382,0.6016758404351964,0.4790018885944437,-1.4094902114721561,-0.36932561759935717
1789407358.51,5.243314743041992,-0.9822080135345459,4.795289123632744,-0.7866231640624994,0.4888562048190073,0.5971231529114825,-1.504670949720767,-0.6044414133016279
1789407358.643,5.224704742431641,-0.9820199012756348,4.719633633183156,-1.0643566835691893,0.5117383815153513,0.7102623926107303,-1.6209483128809492,-0.6449798284808814
1789407358.776,5.215762615203857,-0.9824398756027222,4.562661161026027,-1.3363709443887057,0.7428382804495107,0.846517817220756,-1.7753586036331985,-1.1001379463529573
1789407358.91,5.212028503417969,-0.9824902415275574,4.480281299204939,-1.4751529850875091,0.8821397563683459,0.8916949896866244,-1.9331523181032237,-1.181218804204892
1789407359.076,5.211745262145996,-0.9823348522186279,4.4327049154997535,-1.5631147374003713,0.9717042434477771,0.8748795046877643,-2.1045536404000935,-1.099883039289299
1789407359.21,5.213839530944824,-0.9828874468803406,4.532537646717585,-1.525019022399618,0.8706772666301796,0.7539541703700403,-2.1843727330254192,-0.6469775242437487
1789407359.344,5.21624755859375,-0.9821186065673828,4.669760712793216,-1.442878893012767,0.7148062074424434,0.6029545499730213,-2.229392025080317,-0.3802514229275211
1789407359.51,5.219398498535156,-0.9827492833137512,4.8048384597801865,-1.3431583980244144,0.5493220873941316,0.4412802830966708,-2.255967433766827,-0.18566527037193442
1789407359.643,5.221985816955566,-0.9819644093513489,4.911253989787182,-1.2590951224789422,0.41636006121386204,0.3246161013055486,-2.259343080946913,-0.04216398296289593
1789407359.776,5.224074363708496,-0.9826394319534302,5.139477389371035,-1.0088221094167766,0.08855608768572965,0.2353171501849315,-2.2570729680133557,0.004873736676620547
1789407359.91,5.2258381843566895,-0.9827206134796143,5.1557215345753775,-1.0057782746831783,0.07381057049456732,0.16513292273366184,-2.253654594327551,0.017262585762122324
1789407360.143,5.2281951904296875,-0.9821836948394775,5.1688581495004575,-1.0019686715490546,0.06254861892668469,0.10311283228652943,-2.2504623567079123,0.015354246854962221
1789407360.31,5.230207443237305,-0.9828970432281494,5.181593474112398,-0.9961389879093994,0.05038518723810298,0.061673228604802954,-2.2494834071502496,0.005128088522182904
1789407361.009,0.8116970062255859,0.136084645986557,5.191949824820973,-0.9911446612218813,4.522970336608725,0.03229413840364079,-2.2493273358951313,0.00030221881367752487
1789407361.143,0.9070625901222229,0.12341189384460449,5.220645654952787,-0.9809848157351962,4.452717254590025,0.0,-2.2508233192668103,-0.0006037636083003006
1789407361.41,1.0492973327636719,0.0799124538898468,5.2253883610975596,-0.9809081509797052,4.308720997308434,0.0,-2.2508303025862992,0.00011519854230015144
1789407362.076,1.4215481281280518,0.0320613831281662,4.436731147042994,-1.6843942318114784,3.4695170435682914,1.0641028837842172,-1.9854998849514358,3.0092872459444764
1789407362.21,1.5333693027496338,0.06759490817785263,3.183576993221627,-1.805474448238913,2.4963121270467012,1.1079446710328618,-1.8317268865290828,2.3607624606729725
1789407362.343,1.6465883255004883,0.10750111937522888,2.4983508116004343,-1.2694151920965195,1.6190731489108594,0.7386940387293874,-1.7709709783818068,1.7011756614203764
1789407362.476,1.725070834159851,0.14296908676624298,2.03655817595531,-0.7420535955383976,0.9382374498454547,0.38146534622350076,-1.7610041983017082,0.7826712939663979
1789407362.643,1.7903691530227661,0.15995469689369202,1.8129126918297365,-0.2194631346284346,0.3800869663891334,0.09439923177271442,-1.618389945171163,1.2383317008669863
1789407362.777,1.8351786136627197,0.14536818861961365,1.6446880164129107,-0.11622928169337746,0.3236045489710322,0.0,-1.4604907731323689,1.1380841828447248
1789407362.91,1.8616832494735718,0.10969521105289459,1.5373367349082652,-0.05570702077012681,0.36408592365360565,0.0,-1.362133651202735,0.6719373224999876
1789407363.043,1.8958454132080078,0.06405738741159439,1.4796569421527612,-0.01978970661621491,0.4245505607300644,0.0,-1.2386668154202531,0.8210638496190796
1789407363.176,1.9840946197509766,0.027885548770427704,1.460181097699257,0.0057998336189074365,0.5243788300478879,0.0,-1.0482999714304206,1.2509614128776847
1789407363.343,2.1029577255249023,-0.019922852516174316,1.4785100906739126,0.026002735049784197,0.6261341775244932,0.0,-0.8292000340578825,1.423839970875012
1789407363.477,2.1810879707336426,-0.057351358234882355,1.5936493372662373,0.060483733871382846,0.5991404318035501,0.0920270439515667,-0.5767587523161328,0.5385621614082589
1789407363.743,2.3915421962738037,-0.1212821900844574,1.6677753363376444,0.07144375313854195,0.748987153917237,0.15323596240325657,-0.634528394773219,-0.3248578474627144
1789407363.91,2.4996984004974365,-0.1276160180568695,1.7316406173559307,0.07359320470036174,0.7939760132187959,0.1949993981102708,-0.8130415197939085,-1.1833971763885713
1789407364.043,2.559612274169922,-0.11942961066961288,1.8219244344315793,0.03786225931671764,0.7542705623724284,0.2388087687467199,-1.2939897839946222,-1.8403542579911771
1789407364.177,2.622757911682129,-0.10896123945713043,1.8899491759915124,0.009732274637439682,0.7423589383799443,0.2807637133803097,-0.6943852110400481,2.3897230302063455
1789407364.343,2.6668999195098877,-0.10000023245811462,2.323622383174909,0.2008573000757055,0.4564588939154886,0.39338763393178316,-0.018158093506624784,2.9853365730751573
1789407364.477,2.724759101867676,-0.10814020037651062,2.533285091350261,0.21881631168053292,0.3788968955799596,0.4880522448039462,0.263628148444639,1.6932773598550726
1789407364.61,2.7686123847961426,-0.1268802434206009,2.7304648217393694,0.20397643015656433,0.3330486075901194,0.5614874894991915,0.34578584165432336,0.5671721137633069
1789407364.743,2.9831337928771973,-0.15943309664726257,2.911383208869345,0.17959320277828136,0.346535680713612,0.6179460057890106,0.3457858810078207,0.046122128798428856
1789407365.01,2.8576135635375977,-0.2298416942358017,3.0896753111443647,0.10291144190239668,0.4056812841531061,0.6473809849295209,0.2663376048131263,-0.4032245916800399
1789407365.143,2.8354103565216064,-0.2562792897224426,3.172645685829068,-0.018710857972962458,0.4125123356907274,0.6443423978322494,0.1534446911573215,-0.7244909744961598
1789407365.277,2.8421738147735596,-0.2787836492061615,3.1920475130669277,-0.1692972120190523,0.3666045344583255,0.6318673289097596,-0.018252706273870878,-1.110135485274332
1789407365.41,2.84285044670105,-0.2909582555294037,3.14059213479602,-0.2500657827991354,0.300536698517233,0.5843100310532028,-0.21369781905527363,-1.0775440848237519
1789407365.577,2.856485605239868,-0.2972109317779541,3.182638440097178,-0.26421185552508386,0.32781795362518273,0.5475161713040476,-0.28058261221710845,-0.44177484249582805
1789407365.71,2.8729634284973145,-0.31164947152137756,3.205208700380448,-0.2413645690875294,0.33959812749606405,0.509493915110597,-0.2761005753963781,0.03172906071129952
1789407365.844,2.887791156768799,-0.32642093300819397,3.5020378753343095,-0.2656718850390652,0.6172434512391795,0.5955474003110708,-0.23182598263457432,0.29140148265280974
1789407365.977,3.390383720397949,-0.29100966453552246,3.5180463762894782,-0.257129214401842,0.13208193900204435,0.5555043870006345,-0.19041204000114575,0.28389275278261783
1789407366.143,2.9128966331481934,-0.27486610412597656,3.3843442413016684,-0.26945466366274673,0.47147866433330754,0.4301202585955649,-0.18613197939272208,0.048166665502266316
1789407366.277,2.490117073059082,-0.2652668356895447,2.9190819433579667,-0.22949330148578054,0.43045395305417605,0.21337552141521526,-0.1265069229157474,0.18325229687778624
1789407366.41,2.648165225982666,-0.259625643491745,2.9017218597537604,-0.24613401941803711,0.2539153214153788,0.14286251282154752,-0.11600782993060976,0.07893088820215521
1789407366.677,2.872979164123535,-0.23575998842716217,2.893679986742732,-0.26008933874169465,0.03194434760389851,0.09361994921960148,-0.09669154770915878,0.11140611115351899
1789407366.81,2.8834681510925293,-0.23342326283454895,2.8917918326550187,-0.2742313286164573,0.04164831218205952,0.0730745858935628,-0.08142640970917103,0.10484422397958582
1789407366.943,3.099557399749756,-0.2283174693584442,2.896152255462023,-0.28868609712116694,0.212174512938448,0.06629161178691145,-0.06778151730589554,0.09241008396455569
1789407367.077,2.985353469848633,-0.2146880030632019,3.5390183732302543,-0.269346259202912,0.5563563158631475,0.415416341868527,-0.0012406642183857564,0.44099279759152943
1789407367.21,2.8698155879974365,-0.1968621015548706,3.0573466453727933,-0.30880795634710945,0.2184027744454827,0.19994728929786904,-0.5807303456646156,-1.2966578545240433
1789407367.344,2.834604263305664,-0.16715192794799805,2.8124700929248214,-0.2995439078417013,0.1342294969022193,0.0,-1.4396888182579302,-2.4853710261324142
1789407367.51,2.8285202980041504,-0.12659785151481628,2.753063567646576,-0.2853731719947573,0.17579340303254748,0.0,-2.2888866517024544,-3.180738067882725
1789407367.643,2.825531005859375,-0.09817570447921753,2.777891191510937,-0.2721321691674358,0.18036186824818862,0.0,-2.838071802212997,-2.630790420432837
1789407367.777,2.7917122840881348,-0.08345425128936768,2.8124621637275906,-0.25718613460272044,0.17496663906201185,0.0,-3.1291066402521968,-1.681230733200747
1789407367.91,2.750030994415283,-0.07855454832315445,2.842214739370934,-0.24837102935634256,0.19322391173077832,0.0,3.0122940887462946,-0.8953271077632261
1789407368.044,2.9005119800567627,-0.08509065210819244,2.957152415621222,-0.23805960361404174,0.16311848168043544,0.0,-2.670005902191124,1.3697877231056164
1789407368.21,2.7404041290283203,-0.1110839694738388,2.9708081707953378,-0.23093271285616873,0.25971088493342187,0.0,-2.984292416821788,-1.8281609642976435
1789407368.477,2.3819823265075684,-0.15966719388961792,2.8773694830485246,-0.20782904742978628,0.4977228134234541,0.1400663655062459,3.0625088128057047,-0.4262110903253787
1789407368.61,2.322470188140869,-0.1770530641078949,2.840975533643613,-0.18346880511176106,0.5185450366627267,0.16462922132437474,3.018166416697941,-0.24285554138993912
1789407368.777,2.2713518142700195,-0.18468797206878662,2.820775266090964,-0.15772840885665457,0.5500844912006071,0.1667777841318919,2.9752354547026183,-0.2812317607654979
1789407368.91,2.195523262023926,-0.17857491970062256,2.7597801505381283,-0.11422402192692893,0.5679144955713048,0.20109590335022817,2.9245368588529645,-0.05454407269283332
1789407369.077,2.087517023086548,-0.15978559851646423,2.807219181911329,-0.1076743513017269,0.7215862938715826,0.08562926165198131,2.924743067383379,0.006168204140099315
1789407369.21,1.9665601253509521,-0.1366596817970276,2.768541511955169,-0.10474996005376266,0.8026159572307011,0.12482440556929802,2.9630911380456304,0.21275271289880127
1789407369.344,1.8510019779205322,-0.11854428797960281,2.335891890789202,-0.05130029272265058,0.4895303693336127,0.3045346277789702,2.96823836302758,0.030237282558586452
1789407369.477,1.7623740434646606,-0.1027442067861557,2.0678582195314736,-0.0006735594068064885,0.3220853906709509,0.44669809241918385,2.9364259397974717,-0.22101953385789505
1789407369.644,1.6369457244873047,-0.09600222110748291,1.8947236393698192,0.03357629341555321,0.2885135089162613,0.5191184842672069,2.8983917195613955,-0.2705948128732965
1789407369.777,1.532149076461792,-0.09702124446630478,1.7951616725024684,0.054933058207102904,0.30375275435297305,0.5288774233369655,2.852361273917781,-0.2737518587170875
1789407369.91,1.437882661819458,-0.09454835206270218,1.6971414979094697,0.012332985916052006,0.28042604104982155,0.5364369893920609,2.878354495296813,0.1550521205824298
1789407370.177,1.2689563035964966,-0.08614996820688248,1.5763070304699944,0.02874088897386957,0.32812250513092733,0.5555694161704132,2.8858965057690344,0.027404470572720434
1789407370.31,1.1811988353729248,-0.05998387187719345,1.413532292493584,-0.026194859762944746,0.23477762380025496,0.6012010062300408,2.951803830470146,0.42766222537195936
1789407370.444,1.1039085388183594,-0.015184968709945679,1.243107875523125,-0.07002107687524296,0.14961100927994206,0.6529088776100013,3.0284061867045065,0.4969583607939852
1789407370.577,1.0196142196655273,0.03533230721950531,1.104760448237276,-0.05678074893884918,0.12543801399426183,0.6845466982021446,3.0597426257203946,0.2034981626713901
1789407370.71,0.94886314868927,0.08912743628025055,0.9512305076007934,0.00742379843509446,0.08173792770402484,0.7118598899855213,3.0313277720814966,-0.1623923276602088
1789407370.844,0.8488409519195557,0.1459924876689911,0.8309805826596313,0.060697787752896915,0.08714458459294765,0.7319087895194227,2.9911260743400074,-0.27690898243127887
1789407371.01,0.7400785684585571,0.1864911913871765,0.7358720139766487,0.13054108403416978,0.0561080173720498,0.7392076307898282,2.929932318319703,-0.4189918945557409
1789407371.177,0.6393157243728638,0.23634852468967438,0.6731198164155112,0.17614370904964263,0.06904590114610708,0.7339834881698958,2.8700893987000473,-0.41248603723880733
1789407371.31,0.564581036567688,0.2764894962310791,0.5445806589315447,0.21577228510009627,0.06392647990553434,0.7024327653103682,2.804133919081435,-0.18581476024201327
1789407371.444,0.5522747039794922,0.276957243680954,0.4715054374408401,0.2513249391940014,0.08473894883997364,0.689309835904137,2.781662515121262,-0.1539226776552236
1789407371.577,0.5605859160423279,0.2764829993247986,0.3821147712459391,0.29460623374330347,0.17938896607852345,0.6854874376870467,2.7656994898293368,-0.1048302421511934
1789407371.744,0.568234384059906,0.27708226442337036,0.3093119022259363,0.33073306963123705,0.26442250376719983,0.6791556004179915,2.7582293094053245,-0.04145292805220507
1789407371.877,0.5693836212158203,0.27649247646331787,0.20029654902090827,0.3616470384257339,0.3787830068580469,0.6926324714441563,2.7701281358300154,0.08956816440204396
1789407372.01,0.5688656568527222,0.27663230895996094,0.06841364377704337,0.3718111027116574,0.5094224378367401,0.7008527683408069,2.813006404992107,0.24656466677775818
1789407372.277,5.548478126525879,-0.1686621904373169,-0.04606326241672403,0.39214316515737924,5.622579123449978,0.7001987185890898,2.851072302118416,0.22120519989292542
1789407372.41,5.564641952514648,-0.2091347575187683,-0.11498363869732656,0.41465557989561785,5.713778193227449,0.6923137573091542,2.8709060542107965,0.1453295839919131
1789407372.544,5.535884380340576,-0.23472778499126434,0.036396946417437896,0.3818453226472358,5.533942937268282,0.6307371766905977,2.8840181774249185,0.09634891256049288
1789407372.677,5.5535969734191895,-0.27168917655944824,0.1587100579107173,0.3577752764829776,5.431485094223174,0.5315893023411804,2.8907820566521174,0.05254589831900661
1789407372.844,5.598197937011719,-0.29634079337120056,0.47648647432277297,0.28431988493889415,5.154521813939183,0.3996894293387725,2.893706587738677,0.02111229642989566
1789407373.01,5.885128974914551,-0.3141431212425232,0.4908424328895773,0.2848179762821859,5.427437857204793,0.2947613455729661,2.8930759668009465,-0.001225998091191338
1789407373.144,6.308712005615234,-0.34457218647003174,2.7604931896194547,0.02527388701232891,3.567442064597099,0.0,-3.1286598213484202,1.7370889880278069
1789407373.277,6.747354507446289,-0.36738088726997375,4.009720313192536,-0.04322289486268319,2.756758855175571,0.0,-2.970657210470599,1.0447970062480676
1789407373.444,6.822190761566162,-0.3890363574028015,4.703958799080768,-0.06780520787424439,2.1424509558732407,0.0,-2.9152307943311753,0.3648632074140188
1789407373.61,6.882083892822266,-0.4163396954536438,5.072682133537021,-0.09235876281977046,1.8381780031364898,0.0,-2.911951311280096,0.019790004206154847
1789407373.744,6.309841156005859,-0.39335840940475464,5.281708138838138,-0.12625251809494886,1.062263177448417,0.0,-2.4116144623349585,0.8431745578250445
1789407373.877,5.73442268371582,-0.3976784348487854,5.397397814091053,-0.1561060079602913,0.4146601019852142,0.0,-1.5162543524367273,2.518163000397738
1789407374.01,5.387317657470703,-0.3985864818096161,5.539852228773777,-0.20233868078615075,0.24855581837719679,0.045137435808883075,-0.6988914332708727,3.080800441807695
1789407374.177,5.347506523132324,-0.39647459983825684,6.13506166217118,-0.2736313956330486,0.7970781328363704,0.35286179493186415,-0.31012949977964244,2.0596183620764563
1789407374.31,5.48176908493042,-0.3919242024421692,7.089503894718558,-0.32847069670760765,1.6089865027384491,0.9255514831310325,-0.1234324076125275,1.1107360173905843
1789407374.444,5.842820167541504,-0.39049258828163147,7.872629871359508,-0.26518638219091906,2.033673788737658,1.3351769270480525,0.011303933618706186,0.7212869786073269
1789407374.61,6.257197380065918,-0.3960297405719757,8.159363351366913,-0.16829483275963353,1.9157501326143123,1.4364369956728706,0.10114986080166055,0.5189305708755964
1789407374.744,6.215129852294922,-0.3868851661682129,6.595777805640196,-1.1161441932820457,0.8226248191082981,0.8865286862404237,-0.3950827527325136,-1.23100122048999
1789407374.91,5.832469940185547,-0.3817617893218994,6.2942904121666565,-0.48213688537223837,0.4726026959804288,0.15392776095286298,-1.1869759282488928,-2.851331961311086
1789407375.044,5.735329627990723,-0.39131712913513184,5.965608771381297,-0.43371953356198223,0.23415048106265962,0.0,-1.86604843489509,-2.9589988881103246
1789407375.177,5.737301349639893,-0.3976501524448395,5.782861149397997,-0.42405353160132625,0.05265770394614393,0.010475477732011788,-2.291928216717083,-1.9845575472256516
1789407375.344,6.014348983764648,-0.40058332681655884,5.6901192370032545,-0.4279650445514533,0.3253839073326631,0.09090448861891703,-2.4706171432362765,-1.1118447930303532
1789407375.477,5.9640913009643555,-0.3915976583957672,5.741530753669645,-0.4075292480858438,0.2231300355446887,0.005693991931839434,-1.8596185751643377,1.6876501768908092
1789407375.611,5.745914459228516,-0.3868204355239868,5.893025759420585,-0.3801061533987362,0.14726444319202975,0.0,-1.001192650151281,3.011335393117004
1789407375.777,5.8582916259765625,-0.3871419429779053,5.986640522519482,-0.3921838677345134,0.12844788923542663,0.07618909513986208,-0.4463655502872559,2.7021670493806846
1789407375.911,6.186272621154785,-0.3882932662963867,5.935785822751317,-0.3827217000199055,0.2505487547867539,0.0,-1.3953520045051695,-2.8829680759384275
1789407376.077,6.706537246704102,-0.3920530378818512,5.8724362345842085,-0.36872926860164557,0.8344270469207397,0.0,-0.6395263740654284,3.093512077079328
1789407376.177,7.063384056091309,-0.3975520133972168,5.825381088320832,-0.3674947775806599,1.2383677909383144,0.0,-0.19394623873648742,2.3029235685892355
1789407376.344,7.294517517089844,-0.39418551325798035,5.909917756986029,-0.3882107831967628,1.3846126509167995,0.14686839840450788,0.08409464495752728,1.4375123869056967
1789407376.577,7.1606245040893555,-0.40754806995391846,5.944833384373361,-0.38690208785715846,1.2159664071663379,0.17307859321380467,0.21856385906953335,0.8709067016104141
1789407376.711,7.062489032745361,-0.4164673089981079,5.868066556364632,-0.39188355280114906,1.1946754426003008,0.007883900465095961,-0.35362660497789156,-1.469435991250867
1789407376.844,6.966036319732666,-0.4229218363761902,5.8640353944371295,-0.3901035487225982,1.1024894917216819,0.0,0.04789755229035686,2.0420050551365336
1789407376.944,6.898679256439209,-0.42702215909957886,6.0133388768020675,-0.3850118058719922,0.886336537436173,0.23587813156634468,0.19014139006518338,0.9076196119803424
1789407377.077,6.489500045776367,-0.4058414101600647,7.059447540574148,-0.16174835420181033,0.6200173923313003,0.7242601887334859,0.24225904370229934,0.2996961137965423
1789407377.211,6.365421295166016,-0.4085419476032257,7.798823689366328,-0.06043461478692025,1.4750664862505927,1.1303913375379402,0.2419487180303781,0.04463704024058615
1789407377.344,5.864294052124023,-0.36181700229644775,8.453861356767293,-0.010039770046206696,2.6133514969110156,1.4142610758104253,0.21948206309520923,-0.057306778187165966
1789407377.477,5.705615997314453,-0.3520383834838867,8.602979718511959,-0.015612640665149675,2.9168302681751292,1.4159235553427203,0.2112488418579379,0.005160960991030576
1789407377.644,5.688909530639648,-0.34850847721099854,8.491971693394946,-0.07062707348992407,2.8168023648819247,1.2249315402262997,0.20508119735364794,0.007467441103053264
1789407377.777,5.5423583984375,-0.33480334281921387,8.176741710330555,-0.14456743150627746,2.6412431042851177,0.921567292499236,0.20683515861316248,0.03706353201675286
1789407377.911,5.56846809387207,-0.3290938138961792,7.777208889532724,-0.23156902896826012,2.210892802939775,0.5912070296248475,0.2123259108971598,0.04479475690503427
1789407378.044,5.783321380615234,-0.3123003840446472,7.4314276544949225,-0.30532565938090933,1.6481210322017386,0.33617836669986,0.21854616020604256,0.051754333853905606
1789407378.178,6.131437301635742,-0.27164167165756226,6.86278278188544,-0.42339753543358005,0.7469243962223128,0.0,-0.31560059344014446,-1.0835958532071888
1789407378.311,6.16267204284668,-0.18904080986976624,6.648866428594603,-0.4205171985676547,0.5384851894503847,0.0,-1.1191467270264033,-2.7373941847597214
1789407378.444,5.580491065979004,-0.10939009487628937,6.3731382690701475,-0.3632290654813234,0.8323003133280895,0.0,-1.7802409739644829,-2.9875473289485455
1789407378.611,5.092782974243164,-0.05835507810115814,6.17875316754854,-0.349021203630316,1.1241966274979869,0.0,-2.1450587118583986,-2.026700971125273
1789407378.744,4.9161272048950195,-0.06495465338230133,6.028590092830535,-0.3752785917874042,1.1549349002351088,0.16293442211218812,-2.392100170397841,-1.314790405859967
1789407378.911,4.8440351486206055,-0.07586853951215744,5.5610981536002,-0.6053074723114391,0.8913388450381869,0.35783927569991,-2.475094824054838,-0.5312387453129482
1789407379.044,4.791986465454102,-0.1140235960483551,5.444775503665787,-0.5152009917396426,0.766209391239093,0.3170008563555536,-2.6296939409501885,-0.7738606623352323
1789407379.311,4.8223724365234375,-0.19780083000659943,5.889841496980504,-0.33758363123182944,1.0765822897259016,0.0,-2.0642453682156043,1.7797030490591752
1789407379.444,5.193246841430664,-0.2416164129972458,5.84592830332409,-0.24481388516855818,0.6526892940194637,0.22121621863858681,-2.898417823822126,-2.182562583107922
1789407379.744,5.19118070602417,-0.33664512634277344,4.804008249679818,0.04275035312949089,0.5420732799130654,0.7383886334403227,3.0237104354935234,-1.8725425264793976
1789407380.011,4.525984764099121,-0.44013601541519165,4.936067827291837,1.2018094411093596,1.692380867570636,1.2135554544150589,2.0881848308590296,-2.720049169383826
1789407380.144,4.322999954223633,-0.5013126730918884,4.002017871051876,-0.6488076844455388,0.3532481791764734,1.1484012923644675,2.7616444348688365,2.789121774154333
1789407380.277,4.307151794433594,-0.5329245328903198,4.021579746674337,-0.7942172585010696,0.38707271011853833,1.0812337561397454,-2.9288097828319635,2.9133231597688423
1789407380.411,4.335750579833984,-0.5692669153213501,4.113027509751174,-0.8703816200421475,0.37453388544456867,0.903529291345657,-2.5714966511198445,2.032334113544084
1789407380.578,4.365673065185547,-0.627730667591095,4.555847277588363,-0.6335314760257793,0.1902626617114543,0.4956465810862936,-2.3553451131975125,1.207359230023377
1789407380.844,4.340980529785156,-0.7106194496154785,4.989772952560913,-0.28886998175672657,0.7738244125706922,0.17936322395476795,-2.0944544392781697,0.7057470634200007
1789407380.977,4.412660598754883,-0.7462422251701355,4.932387702964239,-0.35635044470019667,0.6497167562314075,0.2844428318295682,-1.9407084972325535,1.025395629854534
1789407381.111,4.423827171325684,-0.7645678520202637,4.799357488687366,-0.8684347149916365,0.3896297530749926,0.428875317101968,-1.75407329218661,1.269183926233706
1789407381.211,4.363584518432617,-0.7677118182182312,4.791002145924455,-0.9994701486641132,0.48620751950357005,0.4990051944488005,-1.5363696122827428,1.5084014061303306
1789407381.378,4.312633514404297,-0.7301478385925293,4.781534117382246,-0.9722553798230836,0.5277156781769788,0.45858058913380406,-1.3237912817185218,1.4705720580243222
1789407381.511,4.243587493896484,-0.6976584196090698,4.757013421513124,-0.8900079667651982,0.5482741389489151,0.37948140443237055,-1.1186774565397397,1.389722659030316
1789407381.644,4.18041467666626,-0.6558735370635986,4.503199826490861,-0.6197526044811253,0.3247998995041684,0.2997652032065313,-0.8739544340175116,1.3720637925071986
1789407381.778,4.138532638549805,-0.6270588040351868,4.46057639505646,-0.6455281689213327,0.3225729352320426,0.2510407105627291,-1.3526692519138366,-1.5381261337094267
1789407381.911,4.1445159912109375,-0.6089837551116943,4.407747920201165,-0.694956722564905,0.2769158709294699,0.2570932924168461,-2.172183630857461,-2.8222695417927173
1789407382.044,4.140380859375,-0.5993738174438477,4.380833339687378,-0.7226311027216185,0.27020317108135533,0.27033429035053513,-2.7855242943465797,-2.929555213320498
1789407382.178,4.151404857635498,-0.5770994424819946,4.390021246648809,-0.7599121497070123,0.3005965186569727,0.2480621455761594,-1.9569774160805533,3.0467162449578424
1789407382.311,4.174465656280518,-0.5647425651550293,4.390001286118795,-0.7831571963314862,0.3068559252185473,0.24328026488128635,-1.4093735693077485,2.8713606556336293
1789407382.444,4.1633453369140625,-0.5589766502380371,4.385987042416577,-0.7781022438770754,0.31238654711227454,0.16564518658415664,-0.9244907290865902,2.35255303094847
1789407382.578,4.141556739807129,-0.5571846961975098,4.3492797427567815,-0.7442148580820233,0.27951588042357933,0.04424472114711554,-0.6699416960356341,1.6012002538277814
1789407382.711,4.120105266571045,-0.5757479667663574,4.282327369481699,-0.7015333230010938,0.20527534317558546,0.0,-1.3290030421668455,-2.022868873491207
1789407382.844,4.11768913269043,-0.5715715885162354,4.234104009765411,-0.6644726990534856,0.14893971915992524,0.0,-2.0947745702122673,-3.072116788468055
1789407382.978,4.131784439086914,-0.5852733254432678,4.209006822915132,-0.6444056432631049,0.09726215900780141,0.0,-2.625797499985723,-2.661974172701454
1789407383.111,4.114476203918457,-0.5945053100585938,4.188433471337537,-0.6325949481921623,0.083189530214105,0.012595372364080794,-2.9203190373488304,-1.7258078061055098
1789407383.244,4.110320568084717,-0.6003362536430359,4.175918331044023,-0.6174070455539401,0.06778258214121584,0.020034470063331304,-3.085355862357388,-1.0397144534928768
1789407383.378,4.094650745391846,-0.6023091077804565,4.1758621089079275,-0.602146314990388,0.08121152667961418,0.010269498523106834,3.137977892581553,-0.3911935841864353
1789407383.544,4.112204074859619,-0.6033064723014832,4.17037471577512,-0.5903319242857024,0.05960001980481154,0.016008082088569277,3.1012998914552607,-0.24213055825244423
1789407383.678,4.120414733886719,-0.620527982711792,4.156219648584495,-0.5813759411854806,0.05305538871964862,0.03641885030898581,3.084481143147782,-0.1106738114432147
1789407383.811,4.122257232666016,-0.6285707354545593,4.13699021672434,-0.5795067536065814,0.051228264991521395,0.060474857688402786,3.061616429715701,-0.1517518050602539
1789407383.944,4.121172904968262,-0.6367729306221008,4.123749122489584,-0.5766665087602657,0.06016160607688311,0.069312570324687,3.0413481937014053,-0.13444743355805647
1789407384.078,4.121045112609863,-0.6374224424362183,4.122524337647378,-0.5785599554698639,0.058881070630346415,0.05585874539679749,3.040849957739943,-0.0035078563498254466
1789407384.211,4.013041973114014,-0.6467244029045105,4.115083368095267,-0.5823928086999155,0.1206275271346674,0.055239446559426766,3.050910200708108,0.06638576116537262
1789407384.378,4.049777507781982,-0.6435050368309021,4.109207552872204,-0.5868713388446654,0.0820932762595208,0.05216810960261147,3.0604045213692688,0.06258822916550782
1789407384.644,3.9752883911132812,-0.6035357713699341,4.100460380207188,-0.5969999430458816,0.12534250637994557,0.03805954064471344,-2.7102422552279197,0.8790466679256336
1789407384.778,3.9636545181274414,-0.5671537518501282,4.10691885265578,-0.6038559061602685,0.14789089789048235,0.020591730211859616,-2.9607990790073186,-1.4991163428162086
1789407384.945,3.9601054191589355,-0.4619986414909363,4.112227809552917,-0.6104668276495427,0.21256534044948514,0.00854940903616101,-3.1008246246130295,-0.897374116188147
1789407385.078,4.161409378051758,-0.34987181425094604,4.118042255170552,-0.6229023771040677,0.27645324306089447,0.0,3.0436176233030565,-0.35794545697211655
1789407385.211,4.253208637237549,-0.2629183530807495,4.07087230703033,-0.628203293524491,0.4082641608424916,0.07533678734227708,3.0340061947431156,-0.06384143102368803
1789407385.478,4.052086353302002,-0.11761428415775299,4.054516938641243,-0.63133254717761,0.5137240129731433,0.080875702611911,3.0454138244238322,0.06287109662372069
1789407385.611,4.012101173400879,-0.052848100662231445,4.038004410149279,-0.6290308205629361,0.5767646871872598,0.09020421823292263,3.0363030236141935,-0.06075548625061689
1789407385.744,4.181342601776123,0.006767585873603821,4.002582160431448,-0.6202142917372782,0.6519674610302342,0.12835221411898773,3.0315125373663427,-0.03120717076554655
1789407385.844,4.528231143951416,0.04762662947177887,3.974722223881718,-0.6044004815532172,0.8552844428073775,0.14749599225253776,3.0615351854773305,0.20070807986961073
1789407386.044,4.464908123016357,0.1191338375210762,3.9523657365735354,-0.5546383601780214,0.8465628578509542,0.1566484571094893,2.4658774414505436,-1.4401233655271817
1789407386.178,5.114835739135742,0.17818500101566315,4.023610801634952,-0.48739800269254463,1.278191143393211,0.0937389206273783,1.7029445301491446,-3.005895797595614
1789407386.311,6.004382133483887,0.255202054977417,4.090877619230637,-0.40798241098221855,2.0251699094045743,0.15827387235514423,1.1500543139303314,-2.7172842260507473
1789407386.444,5.818096160888672,0.3117198646068573,4.382218448801288,-0.13004415164391323,1.502298322612161,0.30788610013683304,0.8673478562757291,-1.642850834704812
1789407386.578,5.009818077087402,0.365833044052124,4.428806619842088,0.018876477578193218,0.6767223747370138,0.3786973247503055,0.775091393418426,-0.6251571194973777
1789407386.711,4.56978702545166,0.4135363698005676,4.4044050612078305,0.12880530930078252,0.32927643540113777,0.38912801121613727,0.7832416188987663,0.0105179749154455
1789407386.844,4.441934108734131,0.4575353264808655,4.4837124880762484,0.29405510430102777,0.16873415784725682,0.4680245126937145,0.8267696769669923,0.2760584718438623
1789407387.078,4.469861030578613,0.48626065254211426,4.91085448615481,0.6198019754322548,0.46076947900255283,0.6866540394440627,0.8121821111034224,-0.0980438396387091
1789407387.245,4.5324249267578125,0.46590274572372437,5.5473754867228315,0.8404157974397939,1.0818431795223322,1.0108717872530115,0.7100058302446293,-0.5763904186707249
1789407387.378,4.603296279907227,0.44348782300949097,6.78331512192028,1.0352906778959863,2.258918495781497,1.631940559446845,0.5305151520313283,-0.9164082958907568
1789407387.478,4.66512393951416,0.4089280366897583,7.327543722113397,0.862227858668656,2.7007332018142534,1.7740104997766277,0.364365292192637,-0.9129770265687117
1789407387.611,4.727870941162109,0.3832181692123413,6.649820464465808,0.6134461991759974,1.9356897778074516,1.187451677836159,0.2710421045734357,-0.7312505962698346
1789407387.778,5.016464710235596,0.36356475949287415,5.61062327197601,0.4410743815419249,0.5991929054984083,0.4407007379095387,0.21198701701773137,-0.5654574190721683
1789407387.911,5.186979293823242,0.3711802363395691,4.887139259217884,0.37861256128104215,0.2999321353342754,0.0,0.16572973835822857,-0.40449745935802117
1789407388.045,5.124867916107178,0.3856479227542877,4.701442920287191,0.3919293700045088,0.42347158542777513,0.0,0.13234028384205976,-0.30873584637781215
1789407388.178,5.08099889755249,0.40664035081863403,4.602366648736788,0.41220111030145495,0.4786645502357598,0.0,0.0871279081869556,-0.30825434091936366
1789407388.311,4.8951311111450195,0.4051975607872009,4.5700422974340515,0.42553164390039416,0.3257241344083344,0.0,0.03874416808949155,-0.2692353208489074
1789407388.445,4.805663108825684,0.414530873298645,4.585733409347,0.4308120856285981,0.2205315183544453,0.02564840721531509,0.003702065262161547,-0.23389079670706836
1789407388.578,4.727410793304443,0.4175914525985718,4.62136525169636,0.42532748347399624,0.10632733923435367,0.07782451881395813,-0.007678135482045434,-0.09320632409415949
1789407388.745,4.697868347167969,0.42133447527885437,4.674200955569463,0.4143569338469309,0.024674511332775147,0.14740244899641558,0.008829465006217951,0.11023562500875742
1789407388.878,4.725325584411621,0.4260236620903015,5.244298282924425,0.4524472404440789,0.5196449434899562,0.3969334570546466,0.0765257884838233,0.377696570535467
1789407389.045,4.807219505310059,0.42944765090942383,5.641964792946187,0.4115948068040075,0.8349361767664488,0.6074323871610612,0.04621236275924989,-0.196349140297611
1789407389.178,4.834585666656494,0.4302400052547455,5.661042004947899,0.2840607863719903,0.8392844828395254,0.5259531864729434,-0.11767589004094425,-0.6363252701897455
1789407389.411,4.834226608276367,0.40869951248168945,5.070641000663218,0.3915552095605816,0.23703521268008815,0.2923572139025874,-0.1883500802092506,-0.4655918636558493
1789407389.545,4.807930946350098,0.392622709274292,4.971893333220175,0.3994680400170166,0.1641052188722531,0.06935774115547638,-0.2276583455618444,-0.2564030839667715
1789407389.68,4.843788146972656,0.363558292388916,4.867081902520035,0.41156940629825617,0.05336352786610618,0.0,-0.26908043735565945,-0.27260760767665076
1789407389.811,4.882913589477539,0.34475189447402954,4.787553397151911,0.42305978615631656,0.1233924316159849,0.0,-0.3241737370075497,-0.30437206450480764
1789407389.945,4.8623881340026855,0.3315393030643463,4.759536496609824,0.42725936504241646,0.14050192019854474,0.0,-0.3548370628750961,-0.20448745151827452
1789407390.112,4.810155868530273,0.3237319886684418,4.781231945874302,0.4246917122298472,0.10502123158392329,0.033436826426099596,-0.40304618032879436,-0.26737401715253695
1789407390.245,4.8094635009765625,0.32215481996536255,4.806216596893035,0.4216844343763662,0.09958256137964466,0.06389843039316224,-0.4532673649392329,-0.335441711302679
1789407390.378,4.841653347015381,0.32208454608917236,4.821475638722489,0.4207233439643314,0.1006814399887563,0.0759017928308442,-0.47959040710121537,-0.21676317122337538
1789407390.512,4.857743263244629,0.32173722982406616,4.832464173110758,0.41358965626132405,0.09526752143521032,0.08064440119226902,-0.47989330676507436,-0.0018485964178410368
1789407390.678,4.82749080657959,0.3210969865322113,4.829117953356581,0.40634481339970185,0.08526335433387264,0.06323433055122338,-0.44777596793259633,0.21272402388888573
1789407390.811,4.800235748291016,0.32051944732666016,4.842642751742749,0.3907494024150025,0.08204023728309101,0.0800043862720456,-0.3787189459895077,0.45373494201779313
1789407390.945,4.723413467407227,0.3182683289051056,4.8744226187416055,0.3540996850695245,0.1552019647791574,0.10809417139950196,-0.8269726467079637,-1.2126745199074043
1789407391.212,4.7313432693481445,0.3202885389328003,4.849630638231667,0.3341720100478306,0.11909933840113635,0.07824771896871716,-1.7049533355061195,-2.72309291410334
1789407391.345,4.840053558349609,0.3206012547016144,4.830686481257556,0.3244849551617666,0.010140279212756665,0.07640720611847412,-2.3827762978631846,-3.0000600084925835
1789407391.478,5.207061290740967,0.32471829652786255,4.826809563601173,0.3216114917133536,0.38026441883109685,0.0693187149729917,-2.7695608453893295,-2.1113779550268696
1789407391.611,5.336612701416016,0.3249053955078125,4.831964231237145,0.32282860891709375,0.5046527434745776,0.04493491065969006,-2.9713804581480288,-1.2384168398329587
1789407391.745,5.792665958404541,0.32385462522506714,4.825709097631821,0.3224118224432957,0.9669579371799485,0.04286904813518344,-3.13178593431301,-0.8772831309416077
1789407391.878,6.294783592224121,0.3345302939414978,4.810933604419121,0.32176526321713456,1.4839048932860528,0.05878853351071493,3.0444135876476413,-0.7072635495519874
1789407391.978,6.009491920471191,0.3198193311691284,4.766515558315466,0.3217375556598225,1.242977842305758,0.12062740672360303,2.955202434633959,-0.5874563148144428
1789407392.111,5.131636619567871,0.31691494584083557,4.770609425576237,0.32394046118954983,0.3610955450672137,0.0878782971332717,2.9024649576870356,-0.3495756488766965
1789407392.278,4.52144718170166,0.3161386251449585,4.7468943314607115,0.3261783804665445,0.22567058740872156,0.1073935680272964,2.857463788714929,-0.2974384138314604
1789407392.411,4.4653096199035645,0.31691598892211914,4.781312189727358,0.32332478059764297,0.3160675509222385,0.028667915080552428,2.828852967677771,-0.18911009936950307
1789407392.579,4.499312400817871,0.3177674412727356,4.967997639199548,0.3062031357448946,0.4688278850913526,0.0,2.331642118283651,-0.7959906845196432
1789407392.711,4.567534446716309,0.3183320164680481,5.111758116233631,0.2863481462049456,0.5451627008700306,0.0,1.5208864456475606,-2.4582079331313134
1789407392.845,4.692022323608398,0.31912875175476074,5.317542594870339,0.274630562958499,0.6271010273997003,0.0,0.7581510710551767,-3.1224203976630704
1789407392.978,5.013237953186035,0.3179886043071747,5.916117913133763,0.2986385970301692,0.903087285292419,0.3053348164162092,0.3121435251698963,-2.3191905453538197
1789407393.112,5.588960647583008,0.3227660357952118,5.544738460253498,0.3297039161283774,0.04476311021056928,0.0,0.8553713046992235,2.125777218438853
1789407393.345,6.692169189453125,0.3360947370529175,5.183628706472984,0.24162401997607358,1.5114956517221512,0.0,1.7460682109016004,3.129470510504602
1789407393.478,6.947447776794434,0.3445950746536255,4.979396998586157,0.2556940683183496,1.970057677971289,0.0,2.236392430431403,2.429878146261835
1789407393.612,6.476153373718262,0.31404900550842285,4.843300167872952,0.2945653373319167,1.6329694440389622,0.13398118480446763,1.2905771491510993,-2.72740357096772
1789407393.778,5.012962341308594,0.30595332384109497,4.7773059479451305,0.30266841435930014,0.2356792870902721,0.10432819576372174,0.6007434004538843,-3.0025311837835966
1789407393.912,4.472253799438477,0.3120260536670685,4.760192884153162,0.3042440692888784,0.2880442254015749,0.06707735242490964,0.23116147923993813,-2.011179683200449
1789407394.045,4.426146507263184,0.2960185408592224,4.863873752316014,0.323994550150324,0.4386203348653552,0.2330241123242267,0.05507335731234431,-1.0616139566992626
1789407394.145,4.568029403686523,0.2994101047515869,5.945534347056394,0.2884639275318196,1.377548433923162,0.7571626663242871,-0.02125383922110835,-0.4570280993856417
1789407394.278,4.619572162628174,0.30892476439476013,7.011613856211046,0.2591151910141875,2.392560230681595,1.3843008919467947,-0.04659776062203225,-0.17665265836728086
1789407394.412,4.648493766784668,0.2955343723297119,8.264736440243018,0.19548147319742828,3.617626522454463,2.0655519164727805,-0.06309636953445263,-0.10289582402853695
1789407394.545,4.651500701904297,0.3059391379356384,9.110648895135366,0.07443694395266115,4.465153510800591,2.431933094133602,-0.08419700029319355,-0.16676690426663598
1789407394.678,4.693561553955078,0.31439119577407837,8.74676252829756,-0.06728178025464496,4.071131587045729,2.013844529196583,-0.13873839525288068,-0.33460700191634785
1789407394.812,4.928872585296631,0.3130870759487152,6.099837700192178,0.6559555042033735,1.2201303452484744,0.3400914112461326,0.314788653810564,0.8175277599682295
1789407394.945,5.407125473022461,0.3202338218688965,5.371942780771753,0.4147709625630101,0.1008716650235668,0.0,1.088769010193503,2.3788078374971144
1789407395.078,6.144596099853516,0.3319750428199768,5.021487050059025,0.34542766053849744,1.123189614737318,0.0,1.8482494260996152,3.1226911187802333
1789407395.212,6.755795955657959,0.3449503183364868,4.884589747141973,0.32402176882130124,1.8713232427813162,0.0,2.269828870552306,2.4414892946131665
1789407395.345,6.983113765716553,0.35799556970596313,4.805520004557717,0.3278299854877028,2.177802688745955,0.06288609335682038,2.576077269403121,1.7936936254149458
1789407395.478,6.480711936950684,0.3450803756713867,4.74790275537572,0.3289118866712888,1.7328846123695143,0.12934041606001773,2.7483075247297197,1.0914795786621991
1789407395.612,6.371782302856445,0.35269254446029663,4.7038960592728065,0.3371067248070862,1.667959064038984,0.1843417685225714,2.1421583267660242,-1.5464428043593053
1789407395.745,5.551200866699219,0.34043681621551514,4.707169919425587,0.3484281593401071,0.8440687777193039,0.16631073600481772,1.3321366943426618,-2.9090928371619698
1789407395.879,4.846929550170898,0.3336861729621887,4.786236338353538,0.34116731703301045,0.06115254268888087,0.1276530555815929,0.6533417461760695,-2.987403429887383
1789407396.012,4.450498580932617,0.3286067545413971,5.342437995568872,0.3274275304429025,0.8919401941560541,0.35431195722925046,0.24004671955005286,-2.114880845236419
1789407396.112,4.341737747192383,0.32542210817337036,6.522545757205055,0.24184128875310568,2.1824090656681197,1.0836872683402672,0.015538999963843558,-1.2113717172329879
1789407396.246,4.3901824951171875,0.3207513689994812,8.048633425266042,0.04148582416912587,3.6690942278492127,1.9941440787216302,-0.1014633653727759,-0.6598325259252696
1789407396.345,4.456819534301758,0.31926649808883667,9.089755883711327,-0.15145629074194084,4.65678850299271,2.508419461067561,-0.16040139725861424,-0.38976480471006986
1789407396.579,4.585923194885254,0.29872000217437744,8.763140724082769,-0.30942452392601777,4.221254085086666,2.1187818783604415,-0.23643611147795562,-0.47586263524522465
1789407396.712,4.685615539550781,0.28387659788131714,8.244055971379446,-0.20864755344400848,3.5923638939438893,1.6075677956460912,-0.2802277477504638,-0.27069650095315
1789407396.845,4.725567817687988,0.27412500977516174,6.824368463007176,0.0844848963187411,2.10735083017138,0.5728816987270617,-0.3549458041039184,-0.31782578656023186
1789407396.979,4.720446586608887,0.24957503378391266,5.695671264555054,0.395729482635264,0.9861157616599829,0.0,0.10661652518369191,0.915240753873153
1789407397.112,4.873440742492676,0.23311802744865417,5.145782995963671,0.40090671953078877,0.31988020916632726,0.0,0.86804120402733,2.5358986021167342
1789407397.246,4.876977920532227,0.2064371407032013,4.7023386982054065,0.3311549536569844,0.21460053784390037,0.0,1.9820779580005796,2.488108851493177
1789407397.412,5.112316131591797,0.17989596724510193,4.6326777954988625,0.32779306125226293,0.5019227867568494,0.003693331126865589,2.21970043235976,1.6701103501051635
1789407397.545,5.58552360534668,0.15679492056369781,4.598259691996024,0.32878174185447645,1.0021324769221671,0.03045002100642998,2.3962244424445753,1.320030228345406
1789407397.679,5.6468682289123535,0.12303989380598068,4.5942681099015035,0.3198467888915467,1.070840774576163,0.014958009691216577,2.5753458268326277,1.1383678918367983
1789407397.812,5.767001628875732,0.09031645208597183,4.631471041840525,0.2999190209006165,1.1547133631106121,0.0,2.724887680084625,0.9748128705886885
1789407397.979,5.767295837402344,0.034293755888938904,4.672801219242585,0.2840434397882256,1.1226278874981106,0.0,2.839203700226255,0.7522629738052188
1789407398.112,5.529348850250244,-0.03921101987361908,4.767486166397111,0.24193968430045049,0.8120840273675343,0.0,1.4888290863181908,-2.4648031070325542
1789407398.378,5.400070667266846,-0.15659919381141663,4.801797005691987,0.22375882495149513,0.708945411559618,0.0,0.6409563235615576,-3.16808047343944
1789407398.545,5.686112403869629,-0.21836800873279572,4.900287633302777,0.22004377375872242,0.8998474654428026,0.1090316800541832,-0.05879972549279211,-2.8665722573261143
1789407398.679,6.080565929412842,-0.2631639242172241,6.031282149573689,-0.46992935190872487,0.21255783458551544,0.8823924061765502,-0.6011486143713096,-1.2062434707679357
1789407398.812,6.11568546295166,-0.2896905243396759,6.455000369925171,-0.609633994199287,0.4663672694349914,1.081869253757599,-0.6343528647487493,-0.28422841473383786
1789407398.979,5.783634185791016,-0.3342393636703491,6.597726375355422,-0.3476837665356497,0.8142031964308258,1.0591060953634082,-0.486219695353165,0.7940714576662978
1789407399.112,5.5652689933776855,-0.34917449951171875,6.514671369104018,-0.10144344477963,0.9811908817928742,0.7875089952704901,-0.2981968964605901,1.3008651253295889
1789407399.246,5.510476589202881,-0.3531012237071991,6.063517890511313,0.01714274929155616,0.665533831217337,0.4456598248534181,-0.10321975994917532,1.361302084012896
1789407399.379,5.488546848297119,-0.34953975677490234,5.55816177728906,-0.0542091022206468,0.3034245109710123,0.25471145864587996,0.01128664610929464,0.8083818095211609
1789407399.545,5.472499847412109,-0.343628466129303,5.96400377214987,-0.05462489264163841,0.5701746868471648,0.32372720920904074,0.0842321487965183,0.4306561707265913
1789407399.779,5.480489730834961,-0.3298535943031311,6.477385470385562,-0.09664948289563949,1.0238091976103245,0.6096965390235305,0.0759359276007987,-0.02921655817584362
1789407399.912,5.491089344024658,-0.3251070976257324,6.746522634457462,-0.13438787897373994,1.2698372207059312,0.7231118106861153,0.06408356639983204,-0.043064551482043675
1789407400.045,5.478352069854736,-0.32200485467910767,6.391943772471691,-0.11474807259402714,0.9368058351712,0.43470556780319697,0.16129022957013373,0.5707936214231291
1789407400.179,5.606227874755859,-0.31795865297317505,5.812998436685157,-0.27248399168155313,0.21171209247500522,0.09426660785137841,-0.354475258249463,-1.3965204337993204
1789407400.345,5.891221046447754,-0.29004812240600586,5.689128855023716,-0.3020813828570308,0.20245012519544703,0.0,-1.0937437398239434,-2.875593691686529
1789407400.479,6.0940399169921875,-0.24664294719696045,5.62119640650528,-0.3098912668913515,0.47705485570712486,0.0,-1.7003757070764194,-2.9131402923596497
1789407400.612,6.353497505187988,-0.18661920726299286,5.5780278424770895,-0.32255130466116255,0.7872932953404472,0.020788065286201012,-2.1231279608969498,-2.099329516816576
1789407400.745,6.546119213104248,-0.13901592791080475,5.546812137148362,-0.3314619640724518,1.0176689583994556,0.047124501886293045,-2.279213245819255,-1.1764758158563982
1789407400.912,6.198592662811279,-0.07815209031105042,5.523141724431838,-0.3373566912857217,0.7234784000397707,0.06792437488318949,-2.397354500562251,-0.762315265450502
1789407401.045,5.616474151611328,-0.029558032751083374,5.495147149448866,-0.33813726550739026,0.331574100831475,0.07152074906110835,-2.4850437706726267,-0.17634683948534893
1789407401.179,5.149452209472656,0.018234089016914368,5.536687201603054,-0.32613146250776415,0.5182070746401723,0.0,-1.971645641543799,0.961276658232364
1789407401.446,5.1370086669921875,0.06575799733400345,5.653621154757497,-0.2834566027165056,0.6235698031523808,0.0,-1.0947734379881036,2.7299247168347227
1789407401.579,5.105910301208496,0.08523431420326233,5.779285092250331,-0.26953016657852613,0.7611119799576186,0.018810130618707767,-0.4440476096406121,2.940582685009205
1789407401.713,5.009244918823242,0.09197640419006348,5.965361056015797,-0.26727376024431737,1.0213808048157855,0.24390130895951387,-0.11327302327602773,1.8509145221878913
1789407401.846,4.940644264221191,0.11556850373744965,6.783944400597043,-0.18642411752797505,1.8678744433344534,0.5834413092138733,0.009542134295096094,0.7479604745546475
1789407401.979,4.909972667694092,0.12810081243515015,6.089631008402065,0.19279268716103176,1.1814308441281856,0.48636481418236627,0.6885585384621589,1.298150209931191
1789407402.112,4.900482177734375,0.15427960455417633,5.995054003985517,-0.07713204328588454,1.118766657341384,0.06376661510455289,1.5696407218339372,3.1155914307331662
1789407402.246,4.881797790527344,0.16756626963615417,5.726052015963326,-0.05952959980311146,0.8742641083121772,0.0,2.210732625327127,2.760449661241475
1789407402.379,4.868147373199463,0.19457831978797913,5.509036217487951,-0.003967377865305502,0.6709388234333021,0.20392863595287755,2.5607274151165713,1.8253552033848024
1789407402.546,5.08188533782959,0.2361351102590561,4.9560844082537665,0.15146477802630492,0.15164082248044464,0.41962021825937346,2.7411271748214565,1.0852934748647054
1789407402.679,5.07928466796875,0.2753313183784485,4.689646565653138,0.2685389763678243,0.3896973013585036,0.5687789822195115,2.785250949476173,0.2720607589477151
1789407402.812,4.951242446899414,0.31806835532188416,4.476907074353477,0.37227132241374133,0.4774222526127725,0.6699892885381689,2.7722748558630546,-0.10484544649052441
1789407402.912,4.878043174743652,0.3578740656375885,4.348583551408332,0.46291980204176286,0.5397796767932955,0.7112032927655296,2.7286707871425957,-0.30824011949185903
1789407403.079,4.7974700927734375,0.4141649603843689,4.31147345556437,0.4894818526427629,0.4917980943822219,0.6842642141044059,2.690245278449515,-0.2714757313935458
1789407403.212,4.772646903991699,0.4387347400188446,4.406101828014145,0.4231521303552749,0.3668761513744363,0.6158077703125245,2.678796173782853,-0.08225933085031388
1789407403.346,4.7696123123168945,0.4484703540802002,4.473672063583585,0.36258606148541417,0.308150519283742,0.5345125640994706,2.698168048191385,0.12485011120682962
1789407403.479,4.778962135314941,0.450317919254303,4.500268531029127,0.334353454596997,0.3018573870771989,0.45597805167522487,2.7324565582013864,0.23074263087509814
1789407403.612,4.79347038269043,0.447005033493042,4.8949574477782205,0.21107993188801544,0.256827330997843,0.20825427377586458,2.797903650992767,0.3876367978111228
1789407403.745,4.812868118286133,0.4417917728424072,4.958221009847934,0.22194944218886478,0.2635490721527174,0.07460287806334337,2.9008982871904756,0.7020936531455243
1789407403.879,4.8320465087890625,0.4588390588760376,4.945372643747965,0.2499237830260677,0.23767289569530728,0.08814322106142826,3.0227980748225853,0.8142195607094139
1789407404.012,4.847208499908447,0.46957600116729736,4.908906426883846,0.28188155837724727,0.19757489224931638,0.13821872473836075,3.085994804428463,0.5226086301072408
1789407404.145,4.859607696533203,0.4756706953048706,4.8424872941779284,0.319249440588486,0.15735538473104305,0.21242124811434526,-3.124086160905427,0.4105007245006669
1789407404.279,4.870663642883301,0.4790496826171875,4.794307698785318,0.35134742611350395,0.14878876474797015,0.24466320644022366,-3.109948788838588,0.10351467429458393
1789407404.413,4.862859725952148,0.47971051931381226,4.764961551087809,0.37751876622517044,0.14151751496227868,0.23873777105773486,-3.1373114583258204,-0.17149176586323134
1789407404.545,4.843297004699707,0.47880446910858154,4.7544045209929395,0.3863951050055161,0.128223883241348,0.20426979893753952,-2.6325808815076344,0.9981492311591185
1789407404.679,4.837006568908691,0.47755366563796997,4.768746845633053,0.3813637935440798,0.11794863846228042,0.14688767866372415,-1.8510654742979333,2.67526608755039
1789407404.812,4.8279924392700195,0.4761245846748352,4.794011957344598,0.3882420438618019,0.09422321439877962,0.08970333032385548,-1.165994734772855,3.038330396039625
1789407404.913,4.8213791847229,0.47466540336608887,4.812118919467639,0.4087931632220406,0.06651995590943342,0.039766148307533854,-0.7420151648145223,2.2711995205950717
1789407405.079,4.821724891662598,0.4518454670906067,4.823476647243639,0.42773947705319143,0.024169555297929492,0.013877122726520606,-0.4835837447001743,1.5623560254741338
1789407405.213,4.823696613311768,0.4584505259990692,4.834503866556409,0.44104098274707376,0.020491191252265076,0.012149489947172507,-0.3175917111462163,1.0606005378378693
1789407405.346,4.826498031616211,0.46376171708106995,4.847714253445809,0.4502459299781665,0.025155607123139138,0.024145530910335493,-0.2179774659723357,0.6480701413835361
1789407405.479,4.82620906829834,0.46834343671798706,4.854434415231621,0.45787810366843845,0.030103046446199735,0.02603856348736871,-0.15635352812183445,0.4045668091399986
1789407405.613,4.831329345703125,0.47130119800567627,4.85036786582671,0.4641665794191731,0.020331454224207256,0.011284941770324835,-0.11909982181025747,0.24820226884241028
1789407405.746,4.839593887329102,0.4519692659378052,4.84466132692924,0.4682810040020078,0.01708074186843777,0.0,-0.09380586371596955,0.16678182888888055
1789407405.879,4.8426923751831055,0.4389340877532959,4.836872848621281,0.47085130585813895,0.03244342307704133,0.0,-0.07414212630647787,0.1305455134755647
1789407406.012,4.844912528991699,0.4307418465614319,4.830152586686602,0.47215202653406807,0.043962016584955535,0.0,-0.0524382983319418,0.17659113256183193
1789407406.146,4.845250129699707,0.4473125636577606,4.82638222306812,0.46672795357039754,0.027073146586941155,0.0,0.0077808440451185845,0.3340542148266034
1789407406.279,4.845489978790283,0.4604793190956116,4.825156681478399,0.46449437075524025,0.02072591661188888,0.0,0.04225420694522475,0.228390267973557
1789407406.412,4.843742370605469,0.4692552387714386,4.825768343316026,0.4643008977343887,0.018644332975813787,0.0009722303025932229,0.0645717685677547,0.14838635384586293
1789407406.546,4.842026710510254,0.453008770942688,4.826072030637706,0.46540549759315186,0.02020471829751206,0.0013646034556466327,0.07957916789227948,0.0997002323960062
1789407406.679,4.836170196533203,0.4413979649543762,4.82862644431039,0.4670753442503096,0.026762585919645823,0.0053952762849583235,0.08963707974644786,0.06641696428579417
1789407406.812,4.826135158538818,0.4332873523235321,4.833758837559562,0.46317796693932883,0.030847517305634228,0.01192192368044151,0.10216289416895208,0.08322933224953921
1789407406.946,4.821985721588135,0.4284875690937042,4.838247645029562,0.4568383977803761,0.032683629560314495,0.015538916548122969,0.10950846369897382,0.048885250020862005
1789407407.079,4.8340253829956055,0.4267069697380066,4.841905722027277,0.4499855263574788,0.024576227162444095,0.016905471229550204,0.10801677729039083,-0.00975230172263468
1789407407.146,4.830819129943848,0.4439901113510132,4.844601696721399,0.44943501050325,0.014819111773506671,0.017492161956628255,0.0945303589783788,-0.08902975904157151
1789407407.279,4.821561813354492,0.4389200210571289,4.846459499169765,0.4525561866172152,0.028387317064811513,0.01718987055492216,0.08465442033161974,-0.06568228835936399
1789407407.546,4.906106948852539,0.4383384585380554,4.846748098921093,0.45714963880815024,0.062268238840823935,0.014599692478504843,0.08380034678945414,-0.0058033254307610325
1789407407.679,4.8644795417785645,0.43297162652015686,4.841741889218245,0.45197161654754636,0.029631072626462876,0.00046526904569333186,0.11306624871228044,0.1253208965291351
1789407407.913,4.8001508712768555,0.426943838596344,4.834343549475563,0.4465724475860032,0.03942615290983031,0.0,0.12896131894022078,0.1056033279664719
1789407408.079,4.786664009094238,0.42551755905151367,4.828357108365328,0.4413685169473372,0.044604566952769514,0.0,0.1323986322544748,0.022713025483221856
1789407408.179,4.791210174560547,0.42562198638916016,4.830902172418295,0.4392726218587149,0.04197373634383923,0.003347065454109133,0.09643650216159028,-0.14974961184511162
1789407408.313,4.790136814117432,0.4257547855377197,4.827139964264876,0.4390503470720473,0.03931927106836275,0.0,0.07213885637586515,-0.15934467215588283
1789407408.446,4.798977851867676,0.42596888542175293,4.86209998803774,0.44190400651040396,0.06510247429078353,0.05950257981744377,0.052314940051136904,-0.16139033525977234
1789407408.579,4.8080267906188965,0.426939457654953,4.888132136387603,0.4415498996234371,0.08142684714047628,0.08746382506915694,0.030125483883185034,-0.12233778398719518
1789407408.746,5.038560390472412,0.42099496722221375,4.883180979394161,0.43918577176584594,0.15644061735038267,0.059606910226215934,0.032516279006355564,0.01615528911052062
1789407408.879,5.05722713470459,0.3988558351993561,4.86179738461733,0.4363155824268663,0.1989874867460709,0.015100406360017221,0.03966122341784395,0.0589044429441345
1789407409.013,5.041386127471924,0.3425619304180145,4.835255930114039,0.43337715616433264,0.22524889231726578,0.0,0.040311137240884864,0.0043812376500531455
1789407409.146,4.9680376052856445,0.2902374267578125,4.8118249338332655,0.43088090015946834,0.21019749126183973,0.0,0.030485383156964474,-0.05463604850374204
1789407409.279,5.075920104980469,0.218537375330925,4.802723836076595,0.42935677865086397,0.34508118198356286,0.0,0.010286210896805148,-0.16684197232876524
1789407409.379,5.3721818923950195,0.1675722599029541,4.797075660588397,0.4283647831558992,0.631474400152097,0.0,-0.02472237199033911,-0.23020116996347662
1789407409.512,5.817152976989746,0.1305859535932541,4.797944782295192,0.42771015495431564,1.061634652395531,0.001464854584837856,-0.06285470759357903,-0.2528768530514725
1789407409.679,5.715195655822754,0.06969071924686432,4.802631421317924,0.42737033259817425,0.980157226114529,0.008863462238415092,-0.13007714922048041,-0.4457546908019963
1789407409.812,5.247840881347656,0.04500049352645874,4.916329235553384,0.4186373954791376,0.4995042600399147,0.19231622943073975,-0.22904240891921956,-0.547622842443904
1789407409.946,4.95697021484375,0.03543786704540253,4.994705162732201,0.4040666947685167,0.3705551766210553,0.2783670855072394,-0.27143382316912845,-0.28351723426992886
1789407410.079,4.8426194190979,0.03643488883972168,5.037575685893421,0.3794656878492569,0.3945606100866712,0.29469785243562535,-0.2621147454289061,0.06605457180489806
1789407410.213,4.8625335693359375,0.019894585013389587,5.03118404664136,0.35168400880623485,0.372192430385325,0.2336280359334445,-0.2591037594016794,0.03209764200969869
1789407410.312,4.908384799957275,0.013644099235534668,5.073141584958723,0.30705959449266634,0.33650772808510815,0.2679516671571468,-0.2887171567269058,-0.1838164966629068
1789407410.446,4.9701433181762695,0.009373664855957031,5.659498158861343,0.08778560990555437,0.6938000645015853,0.47113018544953,-0.31664687195109087,-0.22244769662693095
1789407410.579,5.012921333312988,0.00988025963306427,6.289119982256344,-0.2131113848027417,1.2955339690849608,0.8689171727629501,-0.3891107230178963,-0.49607977738941
1789407410.746,5.027310371398926,0.011776193976402283,6.479856498101379,-0.38985852367155427,1.5070503298226148,0.9358604390772831,-0.4790306731913452,-0.497004037296495
1789407410.88,5.038197040557861,0.015781402587890625,6.040475532484602,-0.21725580669407324,1.0290133703158901,0.5680354332972304,-0.514081729637196,-0.1547901478774746
1789407410.979,5.087315559387207,0.017298653721809387,5.339857355847192,0.08440456321079798,0.261305495632183,0.1379376993408063,-0.5182873849123211,0.060844065954147694
1789407411.113,5.16541862487793,0.01913905143737793,5.141505647725907,0.09233471139341676,0.07700282535513368,0.0,-1.031511998739422,-0.9782964071768399
1789407411.246,5.225553512573242,-0.0014695823192596436,5.045449130759548,0.08371653365831139,0.19923419059949832,0.0,-1.8318538064445105,-2.620607819091443
1789407411.379,5.326611042022705,-0.03823938965797424,5.0061975160565435,0.06072536470902178,0.335348848557719,0.022352671600359978,-2.4762028817370445,-3.098610021876937
1789407411.513,5.597551345825195,-0.07984204590320587,4.995434305054214,0.03847560672178589,0.6136318095645723,0.0644381630306355,-1.6565286708737899,3.145863081620642
1789407411.646,5.852231025695801,-0.13481369614601135,5.003103989357215,0.021476203231368604,0.863390558489344,0.08162300968736032,-1.149921890355388,2.5184517119913785
1789407411.813,5.797959327697754,-0.17360961437225342,5.016468739357461,0.010366726855140744,0.8028541796589687,0.08583752364459869,-0.871811279230474,1.429446063775114
1789407411.946,5.677647590637207,-0.2156629115343094,5.027852984391327,0.006729556491382467,0.6867979616603392,0.08252278899903542,-0.790519099011286,0.5222506331799075
1789407412.08,5.5851030349731445,-0.262996643781662,5.050082950146719,0.0032510663061897844,0.5976071738982892,0.09685709587073711,-0.7561912463509284,0.2760109383534243
1789407412.213,5.515257835388184,-0.2891755700111389,5.094779654504965,-0.005241342590021668,0.5073662839606979,0.13874683622315478,-0.7027331472932357,0.34423121329280904
1789407412.346,5.499859809875488,-0.30040374398231506,5.150577277588577,-0.021699714496210654,0.44684921775980363,0.19684155994164512,-0.6637046984468187,0.2527682930378508
1789407412.48,5.512614727020264,-0.30176854133605957,5.230564212806456,-0.05157164810452475,0.3770291473493598,0.2888743040800981,-0.625531591819283,0.245532947813234
1789407412.613,5.692850112915039,-0.31042003631591797,5.83408739939911,-0.33751673588018327,0.1438130808398856,0.49751986211123544,-0.5521248666393443,0.46344291531550824
1789407412.746,6.006773471832275,-0.3233581781387329,6.316965310695265,-0.43594900197339825,0.3299934400999078,0.7524919311376941,-0.4526804634139552,0.6229986785426006
1789407412.913,6.593384265899658,-0.3296809792518616,6.513476684659136,-0.42366507564922984,0.12336219808085626,0.7867454743970463,-0.34809642248712613,0.563729927329034
1789407413.08,6.529730796813965,-0.30336758494377136,6.412470388431207,-0.39052611509045126,0.14610480057623307,0.6576769426710879,-0.30649487408530574,0.290738236548944
1789407413.214,6.628180503845215,-0.31310421228408813,5.680059858130412,-0.24310665915336993,0.9507010130818954,0.2790182788496231,-0.20925157712212572,0.3751536402305247
1789407413.346,6.760876655578613,-0.3216191530227661,5.622942023626312,-0.25474320051506366,1.1398980742242846,0.13306256429047914,-0.15343965492908396,0.3877202332970491
1789407413.48,6.464557647705078,-0.32379150390625,5.584888586286278,-0.2651133198106617,0.8816239486913847,0.04577673042391346,-0.10354230456637126,0.3365117948557083
1789407413.646,5.9047532081604,-0.3286571800708771,5.637820679865351,-0.2801515178304002,0.2713038406130191,0.12374496606336971,-0.05806413963722301,0.3035274029633939
1789407413.78,5.541654586791992,-0.33018165826797485,6.198627215754475,-0.2846835063034577,0.6585462148080894,0.3846936622921526,-0.011027491280186652,0.3132178901356155
1789407413.946,5.399223327636719,-0.3305264115333557,7.1666745647626975,-0.31293550183146546,1.7675387734706962,0.9442941315757621,-0.0046288975584292125,0.03719159664532287
1789407414.08,5.423104286193848,-0.3288431167602539,7.512975689753433,-0.34741663829042774,2.0899539370804665,1.0600441114113326,-0.021077929017737862,-0.09525116090557456
1789407414.313,5.494638442993164,-0.36822885274887085,7.691353052655764,-0.3942409559108317,2.196868613689953,1.0834127337537445,-0.046494900804279204,-0.171658894387646
1789407414.48,5.520473480224609,-0.37887099385261536,7.838586552678491,-0.44582597690291215,2.3190798145895797,1.0884920995731373,-0.07865078374231516,-0.21864760329172214
1789407414.746,5.457847595214844,-0.38205260038375854,6.395021455739921,-0.28119759306902353,0.942585050460664,0.07354910791499858,0.423481010545836,1.1369346595047514
1789407414.88,5.425171852111816,-0.37957754731178284,6.022592247879422,-0.29299246916050553,0.6036622441710146,0.0,1.231464584278653,2.7049528939813245
1789407415.013,5.453612804412842,-0.37710848450660706,5.812257797654779,-0.3308028080220918,0.36162196677220537,0.0,2.0677589350344325,3.107148875592961
1789407415.146,5.465088844299316,-0.3506234288215637,5.69818106471988,-0.3251666298863673,0.2344782118505164,0.03546250127577352,2.5675767644240484,2.510261472765956
1789407415.313,5.540981292724609,-0.2980140447616577,5.622624447408144,-0.32378876580067206,0.08561507432291718,0.10613453489207578,2.842494654065689,1.865633173104489
1789407415.546,5.9299726486206055,-0.18548303842544556,5.532701414870766,-0.34775378223868886,0.4291342767279528,0.17977046273276587,-2.9426490321741268,1.2806674971393612
1789407415.713,5.936406135559082,-0.12264308333396912,5.50253579919103,-0.3624968932163651,0.495755301429271,0.19415843711286845,-2.838378312459932,0.6864131686715472
1789407415.846,5.586337089538574,-0.051561787724494934,5.468720885908268,-0.3754266733641423,0.3445606412618649,0.2118519251124026,-2.767598855440582,0.4683774776103426
1789407415.98,5.35732889175415,-0.0013809353113174438,5.435153715328344,-0.38540699165451037,0.3918325090071771,0.22302715715129118,-2.737925130660231,0.1969025386291322
1789407416.113,5.141596794128418,0.03747732937335968,5.429179903195048,-0.38875586123052325,0.5141777682794106,0.18534440738224373,-2.7268769182014823,0.073585973329266
1789407416.246,5.00933837890625,0.05424667149782181,5.434931974256335,-0.38076520996215213,0.6085764088545975,0.13129142120946605,-2.7268213965489565,0.002389125646114272
1789407416.346,4.937833786010742,0.055388741195201874,5.482450301754606,-0.3597586776355466,0.6848025471497747,0.01132841227396289,-2.1610144794111594,1.111825396383888
1789407416.513,4.809517860412598,0.056708745658397675,5.57120842406875,-0.31306818762723365,0.8467039005183298,0.0,-1.4500232290556916,2.8397353875114635
1789407416.68,4.731125831604004,0.0733979344367981,5.681941267515628,-0.25640187863954916,1.0063885481626889,0.0,-0.8065886760739276,2.972493213982664
1789407416.813,4.716339111328125,0.07867562770843506,5.751874395267238,-0.2027472731644856,1.0730946712283078,0.0,-1.7930384513821516,-2.939619240226751
1789407416.946,4.747617721557617,0.0793142020702362,5.708913522728578,-0.141854714516467,0.9864103137199322,0.0,-2.498336821322482,-2.9866075210007716
1789407417.08,4.779999732971191,0.09952147305011749,5.60340563264559,-0.11255212565281161,0.8502778880374441,0.08430770877852588,-2.9383710931189295,-2.2813204925267994
1789407417.246,4.761654853820801,0.11477091163396835,5.101104641979341,-0.001752895108633387,0.3588926806423685,0.3392016230632706,3.0956025377089222,-1.4823288677634125
1789407417.413,4.760286808013916,0.14522850513458252,4.361727833587095,0.32338901772190953,0.43656663218979386,0.7850369116440038,2.832449157194066,-0.7854118919789803
1789407417.547,4.7826032638549805,0.18159793317317963,4.089226860949308,0.4776498486517271,0.753934727124919,0.9028050242580004,2.723135214307465,-0.6098113249289933
1789407417.68,4.782598495483398,0.20312301814556122,4.0499592652521414,0.5681553398905557,0.818540675588202,0.9035019987351866,2.626819974953939,-0.5519736763513086
1789407417.814,4.783483982086182,0.23451972007751465,4.211926214969769,0.48279982337710037,0.6231543074115369,0.8222754927834605,2.5701040714940326,-0.39724823934163017
1789407417.946,4.945452690124512,0.2747296094894409,4.2938402573326195,0.42197758290553977,0.668042459911132,0.6800702693453788,2.5416343882519623,-0.19887128493616132
1789407418.08,4.956179618835449,0.31723958253860474,4.332136438995436,0.3567352061494202,0.6252917675687427,0.5250314137673454,2.5747885791159772,0.22318960555271103
1789407418.346,4.810816764831543,0.3882359266281128,4.4139985211158,0.32053692587674787,0.4025517025779177,0.3867288989780811,2.5804532571305474,0.03435924900467966
1789407418.513,4.750008583068848,0.4259674549102783,4.686262435776059,0.16294490950159707,0.2706370829874127,0.27894622182929407,2.560842296506408,-0.1035109854495865
1789407418.681,4.788848876953125,0.44217246770858765,4.707282703900535,0.17149102597453855,0.28270387950233083,0.2017946100858653,2.5691179914664186,0.06392157136381117
1789407418.947,4.797957420349121,0.4384847581386566,4.733167908152143,0.19956463301194083,0.2475489993542449,0.11670372462944745,2.663175110553592,0.44502573272322554
1789407419.213,4.795367240905762,0.4295961260795593,4.863723183508252,0.23268608359710247,0.20843728006169618,0.0,2.8884320441058,0.7627613418799207
1789407419.347,4.797660827636719,0.42455464601516724,4.832864925937438,0.31567744088310556,0.11442715732961174,0.10229648813862711,1.5729633784092254,-2.7134495364345423
1789407419.647,4.798052787780762,0.4180247187614441,4.814000419574004,0.370304477243495,0.050314495032189516,0.17736743790629372,0.7905877294659458,-3.057188393048217
1789407419.747,4.796298980712891,0.41669100522994995,4.82855470368271,0.400503757367305,0.03608959209623226,0.19261715112410024,0.31835133880131794,-2.254569280212625
1789407419.88,4.796831130981445,0.41605791449546814,4.825222381380579,0.43053006243034814,0.031867007469722486,0.17133776267784268,1.093592527491964,2.3001615476817463
1789407420.013,4.7929463386535645,0.4156862199306488,4.8080327562397365,0.4502159013098884,0.03768154577158649,0.14790623870212258,1.8859047030073182,3.1376689391397057
1789407420.18,4.797662734985352,0.4156506061553955,4.794267065793504,0.4515704034861961,0.036079944699878,0.1273330685270117,2.3443016136512167,2.565789671056361
1789407420.28,4.801013469696045,0.4160284399986267,4.803160437843883,0.4551090038499198,0.039139493394304795,0.09574036772673858,1.3856559181956811,-2.9101541749332274
1789407420.447,4.800639629364014,0.41624367237091064,4.81115651994619,0.4471332592445093,0.032630837634652604,0.06359681080707083,0.7392200372272653,-2.877252823346464
1789407420.613,4.821338653564453,0.41708195209503174,4.811966622045188,0.43775878633395265,0.022701683834947476,0.03731317607936014,0.38876484882359996,-1.9359558085437483
1789407420.78,4.8343400955200195,0.41758471727371216,4.808624656249312,0.43020694609904664,0.02864619481544735,0.014759148175126795,0.16919237923512487,-1.164398352135522
1789407420.913,4.841132164001465,0.41800668835639954,4.800570007327482,0.42245475352569595,0.040805316293284925,0.0,0.043353150476367563,-0.3756515408793851
1789407421.08,4.8319091796875,0.41821974515914917,4.796974839880436,0.42038324728700627,0.03500126910860037,0.0,0.00870203488478749,-0.22918223255585937
1789407421.213,4.830304145812988,0.4180046021938324,4.797248958863692,0.41909599050954316,0.03307319931165694,0.00041907903944507567,-0.020648112816767483,-0.16250195852075128
1789407421.38,4.830319404602051,0.41816824674606323,4.798921634667837,0.41827948591942815,0.03139796698825396,0.0030314033207268793,-0.025448903291120928,-0.03967544983261201
1789407421.547,4.804141521453857,0.4175105392932892,4.80000425415522,0.41771935660899945,0.004142533689870936,0.003991785416765363,-0.022622620335405852,0.015629047002932727
1789407421.713,4.784798622131348,0.4177563786506653,4.810784277970365,0.4174696239671637,0.02598723797621365,0.020107083243845886,-0.028111185325992327,-0.030647738296869925
1789407421.847,4.7702250480651855,0.41761359572410583,4.8240814270630805,0.41729295844733216,0.05385733345634705,0.0354737298809261,-0.03848066313779386,-0.057668278807619086
1789407422.013,4.779108047485352,0.41787418723106384,4.834522181559076,0.41726705899051547,0.05541745988261441,0.044135248864089,-0.04141980330910888,-0.019663273642128862
1789407422.147,4.781991958618164,0.4178233742713928,4.8371053015177266,0.4174277286755775,0.05511476300413749,0.03675717287175854,-0.030164628327424836,0.062431919748154735
1789407422.347,4.77210807800293,0.417898029088974,4.836624019366218,0.4175859255559031,0.064516696277837,0.028555762554412695,-0.015517837737351048,0.09781933826051956
1789407422.514,4.769856929779053,0.4181040823459625,4.836106554728579,0.4177750738595549,0.06625044190446562,0.020341495583762283,-0.0008676218276786329,0.08125940578561386
1789407422.647,4.783303260803223,0.41818779706954956,4.822340098446266,0.41775552499193885,0.03903923093912581,0.0,0.021463185726283474,0.12413990496264658
1789407422.78,4.8012189865112305,0.4186199903488159,4.804075402114567,0.417635653151678,0.0030212629505972518,0.0,0.03437143570763679,0.07215287034090115
1789407422.914,4.7982869148254395,0.41869258880615234,4.788448842413618,0.41746381826993584,0.009914511879609622,0.0,0.04312261424430197,0.05815601063157519
1789407423.08,4.781739711761475,0.41889965534210205,4.784009124098937,0.41751012730932174,0.0026610186980378734,0.0,0.04164928120822964,-0.008215485027870693
1789407423.214,4.76705265045166,0.4188382029533386,4.783086766610514,0.41758170469211847,0.01608327295285562,0.0,0.03313352505621747,-0.05653966267645235
1789407423.447,4.748828887939453,0.4184815287590027,4.777578168776919,0.4175590075298213,0.0287640781894668,0.0,0.05075104955633547,0.08397886503838452
1789407423.58,4.746182441711426,0.4187168478965759,4.773776659994509,0.417619458116603,0.02761603061599571,0.0,0.06205969768894315,0.06301639152604789
1789407423.713,4.743935585021973,0.41884496808052063,4.778184367178306,0.4178710315884343,0.03426262732895118,0.006517868857037216,0.05671567807457789,-0.03575392354572484
1789407423.847,4.743015289306641,0.41883349418640137,4.789018043517096,0.4183041816362073,0.04600579927273708,0.02157108265593045,0.04405746953594836,-0.08425893975321638
1789407423.98,4.743888854980469,0.41907936334609985,4.7947602956904865,0.41852516519856303,0.05087445936321663,0.026003569596948217,0.030837671038663306,-0.08735101719230755
1789407424.147,4.742938041687012,0.4188585877418518,4.790870928355199,0.41855293129218657,0.04793386120698497,0.012965226018488003,0.005975190395369534,-0.1384797416360097
1789407424.28,4.737978935241699,0.4191429018974304,4.780842997606286,0.41855461607603706,0.042868099125140384,0.0,-0.009853687836019809,-0.10504936658700975
1789407424.413,4.732428550720215,0.4192679226398468,4.770729866582841,0.4186043792387214,0.038307063143157495,0.0,-0.01754864483638796,-0.06325622309883687
1789407424.547,4.727447509765625,0.41904041171073914,4.76108998731103,0.4186073174101848,0.03364526513591888,0.0,-0.026276449109905453,-0.05766641316914397
1789407424.681,4.72410774230957,0.4195064604282379,4.7544020618181575,0.4186887858842514,0.03030535243398845,0.0,-0.03196586448199845,-0.037725013640735536
1789407424.814,4.72285270690918,0.419475793838501,4.749659408362202,0.41878632626929335,0.026815566529918112,0.0,-0.04206451925884158,-0.06703444234420776
1789407424.98,4.7218098640441895,0.41947540640830994,4.746631958074614,0.4188445335435914,0.02483010979892523,0.0,-0.047749156046214214,-0.037530646718349325
1789407425.147,4.722139358520508,0.39566367864608765,4.7442022127877825,0.41892884156391885,0.032063021442344304,0.0,-0.029423992642445107,0.08717537843602234
1789407425.28,4.71618127822876,0.3820009231567383,4.741305458809241,0.419023760535897,0.04474276407916994,0.0,-0.01904137066549172,0.069315518308939
1789407425.414,4.7140936851501465,0.3740728497505188,4.737253537867353,0.41912948856355103,0.050660433071685766,0.0,-0.013601492680229477,0.03618744709902045
1789407425.547,4.714094161987305,0.3704117238521576,4.732807050433793,0.41914127581664923,0.05219905582164125,0.0,-0.014708694038847003,-0.007314759196986037
1789407425.714,4.717077255249023,0.36919066309928894,4.728865427925861,0.4192747277893348,0.05145264377012742,0.0,-0.027046065865516944,-0.08148934634000783
1789407425.847,4.712896347045898,0.3700360059738159,4.726143799900405,0.41935910117775954,0.05107115357645313,0.0,-0.03721726181528062,-0.06756760263806189
1789407425.98,4.716794490814209,0.37166088819503784,4.724065958317735,0.4194220554768127,0.04831152388170462,0.0,-0.04361003602870861,-0.03560180546195391
1789407426.247,4.714183807373047,0.3736836314201355,4.723292820643563,0.4130118146088001,0.04036929669542924,0.0,-0.02822950685850989,0.08547912155658385
1789407426.38,4.71220064163208,0.37442445755004883,4.720152357198578,0.4046680904484921,0.031271506381149686,0.0,-0.01826447336944126,0.06660191940272757
1789407426.514,4.708191871643066,0.3746725916862488,4.717512965913891,0.39642307767349555,0.02366361001806406,0.0,-0.007757366872330529,0.06951405367620807
1789407426.647,4.704062461853027,0.3745976686477661,4.716027097010939,0.38940221149382986,0.019034888582360524,0.0,0.002766424450098892,0.06994574656379356
1789407426.78,4.708861827850342,0.3749758005142212,4.716521186465947,0.383941923199102,0.011792248742406065,0.0007174627927398154,0.017072055388951846,0.07928354545078643
1789407426.88,4.716270446777344,0.3746630549430847,4.714884371053098,0.3801814788602771,0.005689833779925729,0.0,0.010464932285823458,-0.044110113290846534
1789407427.014,4.720331192016602,0.3741573095321655,4.715744145875766,0.37788117330727655,0.0059083122559443315,0.0013303636167655134,0.0005780901429024432,-0.06576922324419471
1789407427.114,4.722837448120117,0.37410596013069153,4.713757191531729,0.3765274001808293,0.009397575837809034,0.0,-0.01663028515856535,-0.11367757698130664
1789407427.281,4.718707084655762,0.37360209226608276,4.713956753204959,0.37575795289523506,0.00521664489349345,0.0003428742164033067,-0.030978239553564713,-0.09531579476032824
1789407427.414,4.712160110473633,0.3731755018234253,4.713194923991079,0.37540492506574213,0.0024578785586907284,0.0,-0.05038102724823146,-0.1288618994010538
1789407427.58,4.712308406829834,0.37300580739974976,4.710933756595953,0.375247286213522,0.0026294277967077438,0.0,-0.06909660255972483,-0.12357334465450137
1789407427.714,4.718794822692871,0.37268123030662537,4.707827952932852,0.3751457057718032,0.0112403679500135,0.0,-0.08061744083688316,-0.0765242462422391
1789407427.848,4.723294734954834,0.3724665939807892,4.708298436766837,0.3750867178625028,0.015223469003444887,0.0007692237772850488,-0.07968152427477193,0.006216126306318711
1789407427.981,4.7282562255859375,0.37269076704978943,4.711750727955503,0.3748792654004716,0.016649954265979445,0.006193121977694725,-0.07437519744235965,0.04349363189732882
1789407428.147,4.741552352905273,0.3722662925720215,4.7160201118195655,0.3745444284466012,0.025633673906051004,0.011944217557361355,-0.07063568930298825,0.024550704967599847
1789407428.414,4.777763366699219,0.37273383140563965,4.720585651594036,0.3740202232542606,0.0571921839820583,0.013080196652521036,-0.07387865003671212,-0.007020151644909623
1789407428.681,4.793243408203125,0.37291228771209717,4.715508161801878,0.3736643619806768,0.07773888440650525,0.0005443209282220045,-0.0898164254778484,-0.06717634569379023
1789407428.847,4.793109893798828,0.3725300133228302,4.717094360519119,0.373336110205062,0.0760198072345762,0.00296207591458548,-0.10095530935602914,-0.07393720756444766
1789407428.98,4.788294792175293,0.37284255027770996,4.720149050857589,0.3729573964507718,0.06814583809289337,0.0071743215154198734,-0.11959628204952377,-0.12329992315007753
1789407429.114,4.791225910186768,0.37270206212997437,4.72432325826365,0.37264619676468974,0.06690267524759318,0.012286686517427153,-0.13365279169013,-0.09341965369376895
1789407429.247,4.79713249206543,0.37259048223495483,4.73356317927434,0.3719435450235434,0.06357260460675623,0.02383959002241258,-0.139527872187736,-0.03272853530509735
1789407429.414,4.798486709594727,0.3730548620223999,4.74689106262556,0.3713023184647473,0.051625402614298106,0.0397354080067449,-0.13536722091606945,0.027743856963096895
1789407429.547,4.764288902282715,0.3727051913738251,4.77813420064537,0.369878733018724,0.014130858204088945,0.0683868964463706,-0.15165144680043907,-0.0603952519523425
1789407429.681,4.73607063293457,0.37307292222976685,4.789768817126429,0.3694448968421707,0.053820605289385655,0.07222953141445908,-0.16707787076683678,-0.10202515883579406
1789407429.947,4.728176116943359,0.37348026037216187,4.797418277545166,0.3691721901457707,0.06937604971372965,0.06513639702513165,-0.16103816193858256,0.0335436547141791
1789407430.08,4.744542598724365,0.37456536293029785,4.797720025468787,0.36972165136845414,0.05339756789267362,0.05180683424604201,-0.1579160700631883,0.020783181256382184
1789407430.214,4.752948760986328,0.37321585416793823,4.798433017508944,0.370139507842152,0.04558817278781071,0.04185711563722609,-0.15661684209832227,0.00854559435134168
1789407430.347,4.757694244384766,0.37443870306015015,4.8007944632586295,0.3703879788290715,0.04329015169494346,0.036652979483864215,-0.15270206592099544,0.02597028504073288
1789407430.447,4.761573791503906,0.3756870627403259,4.8027798182420165,0.3707649890610314,0.04149895720191365,0.029893297748629033,-0.13747363833837234,0.0843605030753849
1789407430.581,4.768138885498047,0.3766109049320221,4.78718322262843,0.3720620500748229,0.01958006274881564,0.0,-0.11612422508108144,0.14256969523424404
1789407430.714,4.774332046508789,0.37660151720046997,4.764019825387787,0.3734788616478718,0.010774640696961432,0.0,-0.09673273198863486,0.12827101146183176
1789407430.881,4.773273468017578,0.3763505816459656,4.744908386518744,0.37420874490650063,0.02844583120694551,0.0,-0.0773404759791716,0.12887743631764034
1789407431.014,4.76303243637085,0.3740668296813965,4.737389741660648,0.37427610099654995,0.025643548632822935,0.0,-0.06413419576243218,0.087723787233878
1789407431.148,4.762874603271484,0.3512870669364929,4.740610864035865,0.37425507776506545,0.03198755392606739,0.0051894148419186475,-0.06283262432090231,0.008644423855237778
1789407431.281,4.81249475479126,0.31714242696762085,4.746588668900713,0.3738035791727768,0.08691431600506343,0.013778523979126189,-0.05345621295019809,0.06191463898899331
1789407431.414,4.853423118591309,0.27646392583847046,4.752613939123841,0.3738142573614804,0.14014127768985127,0.020568482760175717,-0.046255552914173936,0.047825256337700316
1789407431.581,4.869072437286377,0.22778421640396118,4.757601954098979,0.37419618329551424,0.18401666411247997,0.025228641254350693,-0.04459422880665587,0.013599297361455806
1789407431.847,4.895928859710693,0.16298148036003113,4.770933722599899,0.3749814883409636,0.24610523701307463,0.03498831464938195,-0.053412036472779256,-0.044179051854935814
1789407431.952,4.962265968322754,0.14890795946121216,4.775033528599551,0.3749295253564789,0.2934991222038851,0.03208678595806994,-0.11559417625949608,-0.34431646979947683
1789407432.081,5.000823974609375,0.14150181412696838,4.771717181474914,0.3745621612505645,0.3268134759487862,0.02005966377237137,-0.15242398793709855,-0.24571122069633414
1789407432.214,4.987460613250732,0.1401071846485138,4.769702824061477,0.3681317406114972,0.3152993068097483,0.014169640055096248,-0.18035496749542324,-0.18441034322422026
1789407432.347,4.921419620513916,0.14065004885196686,4.791400775974145,0.3527013446311779,0.24873811926823688,0.049507112371273754,-0.18891130648775567,-0.05650511696781419
1789407432.481,4.870024681091309,0.14433537423610687,4.825038472224369,0.3290176516830051,0.19008235739066634,0.09908261138752736,-0.19708464813681026,-0.053232053352415654
1789407432.581,4.855301856994629,0.17040583491325378,4.858257901226279,0.29713478306253266,0.1267634193942483,0.13549382082486577,-0.22048580105432558,-0.12706310799795367
1789407432.714,4.918988227844238,0.22993981838226318,4.864143487833385,0.2698945300670112,0.0678551729249102,0.13265264912816208,-0.24021110316331384,-0.15834972059531366
1789407432.847,5.105467796325684,0.3150958716869354,4.894862459888516,0.23520339917739863,0.2252496723626906,0.1590949959001158,-0.2653637677577425,-0.13499489591394703
1789407433.014,5.100127696990967,0.3936748504638672,4.936218460380858,0.20583490259712178,0.24929918543928342,0.2077152903398216,-0.264112214927942,0.014449128093354423
1789407433.148,4.950601577758789,0.45259204506874084,4.981201144119344,0.18096341008436048,0.2733467556144242,0.24527066862034613,-0.26973814795433837,-0.03419372072242577
1789407433.281,4.834632396697998,0.4873168468475342,5.003041690152757,0.16413968975491455,0.36442442973598627,0.23365396758497914,-0.2779162533501802,-0.050332289061660235
1789407433.414,4.769220352172852,0.5029841661453247,4.981553633735231,0.14632378353361142,0.4150807764565622,0.15697117932272334,-0.7850463566047714,-0.9085779059870449
1789407433.581,4.7735795974731445,0.507088840007782,4.93604588150944,0.13327687455944748,0.40759131364751744,0.0799683291556377,-1.5849093978334923,-2.6536458850975833
1789407433.814,4.8063273429870605,0.5293672680854797,4.903773882274784,0.17589380618676467,0.36665967365639796,0.0,-1.8852797212726213,-3.054959508912477
1789407433.948,4.80805778503418,0.5324229598045349,4.957881840556311,0.22738117941375038,0.3398495776032073,0.0,-1.087738655390221,3.1519185278307997
1789407434.081,4.863011360168457,0.5311012864112854,4.990691899726835,0.3013165335737832,0.26287516584590215,0.0,-2.060789202559816,-3.183456979206491
1789407434.214,4.935510158538818,0.5315110087394714,4.983862583997969,0.36477071923274584,0.17360956538327438,0.0,-2.6157091740768417,-2.587292040531835
1789407434.381,4.958831787109375,0.5204824209213257,4.941644050140406,0.400023822304465,0.12167864349528404,0.01098852642028052,-2.885300152514585,-1.5477875347720371
1789407434.481,4.926386833190918,0.5150172114372253,4.883166331993497,0.4212347086576709,0.10326262417425495,0.07751411720024108,-2.142350431287351,1.9251753458606766
1789407434.648,4.911408424377441,0.5340667366981506,4.857974218899458,0.43809328064083086,0.109845885597275,0.05808603188376561,-1.2074081244336101,3.0882049795652105
1789407434.781,4.870553970336914,0.5459054112434387,4.847469142803789,0.4657178043966728,0.08344436202671601,0.008006008528165492,-0.7031718703648826,2.660029131843795
1789407434.914,4.8354644775390625,0.552710771560669,4.833603988652487,0.4901595720524522,0.06257886207669332,0.0,-0.35575451934800384,1.9409141432499606
1789407435.048,4.81056022644043,0.5626091361045837,4.821852348866139,0.5054124994408183,0.05830066272799999,0.0,-0.15841222672334654,1.2187459037110677
1789407435.248,4.80540132522583,0.5449696779251099,4.837799545136968,0.5109861854326117,0.04695234195860878,0.025017107040307237,-0.05359810791885211,0.6791612519847808
1789407435.381,4.799463272094727,0.5327563881874084,4.927740986443995,0.5084610689917304,0.13055816532677064,0.14772427793926066,-0.575868248639531,-0.9221426534626472
1789407435.514,4.794744491577148,0.5249555110931396,4.929326656976912,0.49699681166593096,0.13745562235627257,0.1372601173323455,-1.3281775809646827,-2.6571304444807384
1789407435.648,4.796163558959961,0.5134175419807434,4.9118234200074085,0.4958192307015439,0.11699104246648317,0.09931388316110855,-2.1342073271336783,-3.0794407174323837
1789407435.781,4.79897928237915,0.5137512683868408,4.892070044037453,0.509155490517677,0.09320413660533329,0.0664201818525442,-2.5250393762494796,-2.096980228745516
1789407435.914,4.8048601150512695,0.5359116792678833,4.870518183887212,0.5195508262765409,0.06766579278978153,0.062465381707389314,-2.7155657784658973,-1.160439847379244
1789407436.181,4.805971145629883,0.5572283267974854,4.851210538119485,0.5238531224726801,0.05621838575191191,0.0731811787066763,-2.0725927440328573,1.4099692257915304
1789407436.347,4.804859161376953,0.5426498055458069,4.846671419089425,0.5177221795839352,0.048679065635128554,0.06472462405205175,-1.0093704298462995,2.793532019702008
1789407436.481,4.846962928771973,0.5545151233673096,4.841508058876229,0.5212943391309967,0.033665651796083544,0.04719420693864504,-0.315728235766112,2.947566800663532
1789407436.614,4.887711524963379,0.5631230473518372,4.830876493130282,0.5249836809523936,0.06844583342191188,0.020412534015181512,0.0640037096210957,2.0362135036575557
1789407436.748,4.899420738220215,0.569962739944458,4.817273904276379,0.5206062278980029,0.0958340628815661,0.0,-0.765342259620637,-2.369246765086058
1789407436.881,4.8844451904296875,0.5451302528381348,4.810297778805739,0.5200689754781274,0.07826816896699725,0.0,-0.2248958843350506,2.661107579623761
1789407437.014,4.887276649475098,0.5313140749931335,4.8072992610964045,0.5248733586905625,0.08023631022402843,0.0,0.06746478658394839,1.7027586317338848
1789407437.148,4.857783794403076,0.5218062400817871,4.805014916904906,0.5300765450966441,0.053413035651006524,0.0,-0.6565074525447661,-1.9754793059108429
1789407437.281,4.840588569641113,0.49544769525527954,4.8035789342115285,0.5381415755111901,0.05650204001570926,0.0,-1.478807741927706,-3.10564507630166
1789407437.381,4.836460113525391,0.48129037022590637,4.803639690277103,0.5397988636182236,0.06708519942010753,0.0,-0.5963812401423763,3.141693409906038
1789407437.548,4.80369234085083,0.4479840099811554,4.819852368383769,0.5410113501671787,0.09442050895833727,0.021495641454681615,-0.159207998974372,2.2327220256940143
1789407437.681,4.7860565185546875,0.42989057302474976,4.849183024820201,0.5440601786710642,0.13045939846068916,0.062299667259161515,0.04885401710196868,1.2511772530915948
1789407437.814,4.795161247253418,0.39861759543418884,4.87543251761769,0.5513290308278099,0.17252321393329703,0.09191803791362259,0.16990158635345765,0.7714106851622529
1789407437.948,4.7975850105285645,0.3796306848526001,4.8859865431143765,0.5516852196499707,0.19343627867558874,0.08923032455106492,0.23936422773224075,0.4562976317892086
1789407438.114,4.825060844421387,0.3465079069137573,4.893204125266806,0.543641212178633,0.20857863449795697,0.07843560883427839,-0.2788478462814772,-0.8643815388174272
1789407438.214,4.862724304199219,0.3341495096683502,4.881803555476114,0.5286229112725593,0.19540706681386655,0.04772222095753437,-1.1143498798411038,-2.3998192845816044
1789407438.348,4.899051666259766,0.32541805505752563,4.866826482280909,0.5134168611364096,0.19074069720318465,0.04040071693785285,-1.9174585888735174,-3.1568827684131815
1789407438.481,4.9146881103515625,0.3240954875946045,4.855896499248677,0.5002887179761502,0.18574312360988604,0.053381908536873676,-2.3574802683590415,-2.463016790672701
1789407438.614,4.920065402984619,0.32591164112091064,4.831033665609537,0.4767304967361104,0.17513702483799384,0.1013692830319491,-2.696493848395647,-1.711779840630417
1789407438.748,4.915210723876953,0.32908087968826294,4.802999386354688,0.45612731019870595,0.16950569245302832,0.142650909805159,-2.8409866365972096,-0.925842972996467
1789407438.881,4.898831367492676,0.3328838348388672,4.7852805332045,0.4354925154029011,0.1530435666554875,0.1538242941326444,-2.8768202943516203,-0.23900374586793854
1789407439.015,4.876768112182617,0.3566659688949585,4.7761578627938395,0.4172467633370104,0.11744128293450387,0.14349231614877003,-2.8886507501581744,-0.08208579962380501
1789407439.148,4.8622822761535645,0.37276172637939453,4.782954679768478,0.39737271811605396,0.08305762133902635,0.10094808452095921,-2.9200810434615336,-0.17981343773069652
1789407439.314,4.861907958984375,0.3841443657875061,4.809212011778671,0.381982547323291,0.05274027219287523,0.04943628624461796,-2.942126042602015,-0.18678168678147464
1789407439.448,4.871197700500488,0.3877684473991394,4.843158436719356,0.36911883833154774,0.03367503870468353,0.0,-2.984426107759835,-0.2808010029109263
1789407439.581,4.868465900421143,0.38886910676956177,4.873811322905739,0.3588938827937212,0.030448113142535458,0.0,-3.0407095452129513,-0.3739366175105112
1789407439.715,4.865538597106934,0.387927770614624,4.893990451273578,0.3508834137711296,0.04670966045121888,0.0,-3.101049468097846,-0.4004046563532083
1789407439.848,4.8622846603393555,0.3860495090484619,4.903203688230621,0.3452337637658171,0.0577952585126491,0.0,-2.5776809609766933,1.1691407597126307
1789407439.981,4.863692283630371,0.384446382522583,4.90069219352662,0.3412613954679187,0.05686770998767272,0.006618900848442766,-1.797020332035974,2.752155291711153
1789407440.115,4.856719493865967,0.3826338052749634,4.892348337713832,0.34416370570826194,0.05243436921149615,0.012252514032111823,-2.4454783713051587,-2.9691483910703043
1789407440.282,4.848701477050781,0.38120973110198975,4.881632869349103,0.35073006629310544,0.04487189059498033,0.018787177769019597,-2.8256319254481794,-2.106293141319488
1789407440.448,4.832314491271973,0.37953615188598633,4.873242267165368,0.35931785047554504,0.045649343385239106,0.022789598638457004,-3.0444527817026357,-1.1656697707420016
1789407440.581,4.822399139404297,0.3794541358947754,4.869524879600893,0.3732078167777481,0.04753789952857397,0.017157414132706997,-3.1325143020699526,-0.15543530617938817
1789407440.715,4.817225456237793,0.3788987398147583,4.866738157940177,0.376302754870528,0.049580709632879895,0.017741804907806427,-2.623677961089629,0.8825183482818113
1789407440.848,4.816608428955078,0.37838783860206604,4.864978959749666,0.3767267297453878,0.048399044742473266,0.016741809736886357,-1.815152198415724,2.5597453907798404
1789407440.981,4.813694477081299,0.37813711166381836,4.865942883673994,0.37753080311450554,0.052251924381141776,0.01205585418334279,-1.0725484380965251,3.105439034185006
1789407441.148,4.8199663162231445,0.3775048851966858,4.864278818364151,0.37879851627196326,0.04433138084196843,0.007080069736793313,-0.6174816394068285,2.3611068073230994
1789407441.382,4.8226094245910645,0.37726330757141113,4.859383915335894,0.38050452744890945,0.03691705128847475,0.0,-0.3329046948075667,1.4779285483312654
1789407441.514,4.817084312438965,0.37727147340774536,4.847893167928349,0.3822677007160874,0.031211341910952057,0.0,-0.17240545020912101,0.8797759968268457
1789407441.681,4.833447456359863,0.3775637745857239,4.836708819378839,0.3828699463701335,0.006228318211781466,0.0,-0.09123765478364376,0.5378130749535499
1789407441.814,4.825933456420898,0.3984423279762268,4.828022752507959,0.38246950937911106,0.016108882396857104,0.0,-0.03379795013202269,0.37875517393269
1789407441.948,4.832272529602051,0.4100857973098755,4.822908070923735,0.38158213013662867,0.03000253537055004,0.0,0.014153245454148422,0.31821621809991635
1789407442.081,4.846943378448486,0.416149377822876,4.818736790445328,0.3807140092349215,0.045291025090453574,0.0,0.05702449054244019,0.2845413156289549
1789407442.248,4.891777992248535,0.4440578818321228,4.819310121282288,0.37984914129391284,0.09682125119974343,0.0008364657741381987,0.10368846256616893,0.2584864056727854
1789407442.381,4.87849235534668,0.46101605892181396,4.819722056445352,0.3792155812470062,0.1007237121078156,0.0011954779180872027,0.15291039353231817,0.32838943154593897
1789407442.515,4.8860602378845215,0.4708556532859802,4.820990949825229,0.3787512468491916,0.11277071398912177,0.0028548312173880108,0.2018455492243354,0.3988196855883832
1789407442.781,4.886290073394775,0.4757941663265228,4.825944968282734,0.3787114148917049,0.11430919620545843,0.010566104572893286,0.266687075238754,-0.011404882117184855
1789407442.881,4.872629642486572,0.47494202852249146,4.827513871560663,0.38440322111349995,0.10115685064928397,0.012919795521158142,0.21667562449099975,-0.33359097328870235
1789407443.015,4.892943382263184,0.47489428520202637,4.831550214282659,0.3918721850654212,0.10325594503842082,0.018875061349635607,0.16514987903012734,-0.3405824014734326
1789407443.181,4.9261860847473145,0.49708253145217896,4.840587140416267,0.3992193528942288,0.1300168488621954,0.0310477512217599,0.12764213441908545,-0.24927995598140282
1789407443.315,4.943943023681641,0.5099095106124878,4.868949453559039,0.4132867616449202,0.12231104274669218,0.07085197095299768,0.10361507945951409,-0.13351053277357766
1789407443.448,4.981993675231934,0.5215067863464355,4.879500108945407,0.4269453444195248,0.1394517745653572,0.07481454689096922,0.08947538223860363,-0.0953935085474825
1789407443.581,4.986909866333008,0.5217150449752808,4.888757081524588,0.4393953434455723,0.12810348326875526,0.07529330231306532,0.07627547288833147,-0.08852300327107238
1789407443.681,4.969222068786621,0.5193613171577454,4.8950722589312,0.44936382063252367,0.10196981818848919,0.070606994500709,0.06905735726788276,-0.04909180795369115
1789407443.815,4.94665002822876,0.5201561450958252,4.896632209113272,0.4567328680328846,0.08077310383086804,0.05887523675082531,0.06636039563923557,-0.018783002025455447
1789407443.948,4.933266639709473,0.517845094203949,4.8900073495672824,0.4615992682495852,0.07095744584534294,0.039502764327458265,0.06226533643126775,-0.03423171014813367
1789407444.081,4.911735534667969,0.5158923268318176,4.894395061232615,0.46536201508469965,0.05342288296435475,0.038338047279955295,0.047983113638655706,-0.09408331338907501
1789407444.215,4.898521423339844,0.5142983198165894,4.913284139359945,0.4745110111126196,0.042437810007057826,0.05999680458395777,0.054512976974602445,0.035798882166179824
1789407444.381,4.847752571105957,0.5121187567710876,4.932307410546261,0.48494982370631473,0.0888125655335643,0.07885511764445645,0.0932753611700603,0.256330653333261
1789407444.515,4.810634613037109,0.5107884407043457,4.961263596241427,0.49663410313533973,0.15129255055416269,0.11010367030568241,0.14015694099092757,0.3107653256583914
1789407444.615,4.794133186340332,0.5102497339248657,4.981267897527357,0.5056318312106267,0.1871916802545709,0.12044655916183858,0.17996055536395694,0.26348436393668356
1789407444.782,4.813793182373047,0.5102972984313965,4.983234801842989,0.5106232099991806,0.16944193290607443,0.10577393064901627,0.2080085974062893,0.22895973750472431
1789407444.915,4.833459377288818,0.5096587538719177,4.975244876491601,0.514003751939188,0.14185205952818197,0.07049255342082193,0.22991082452792178,0.14290754790447402
1789407445.048,4.845573425292969,0.5088392496109009,4.962564125012023,0.5110933607535847,0.11701241317825037,0.033161848508288114,-0.27615812926666417,-0.8232567495220873
1789407445.182,4.851956844329834,0.507941484451294,4.942057523539993,0.5077252750272764,0.09010093862245268,0.0,-1.0971018383036522,-2.42051015380625
1789407445.348,4.820933818817139,0.5115314722061157,4.923492322786801,0.5124841395802114,0.10256292854448418,0.0,-0.5352526327166713,2.725455448745051
1789407445.448,4.8660149574279785,0.5154252648353577,4.888728007834648,0.516855734618855,0.022758051379180248,0.0,-0.19150436944848792,1.7463102429641133
1789407445.582,4.812900543212891,0.5166114568710327,4.853386052808197,0.5183579869699317,0.0405231644196012,0.0,-0.05607403577007508,0.8636216916261115
1789407445.715,4.890275001525879,0.5187067985534668,4.828257471076115,0.5175371473851256,0.06202855928476027,0.0,0.005161241072581202,0.4923430346973452
1789407445.814,5.161900520324707,0.5190332531929016,4.821531845798684,0.5156935403800796,0.34038505883818415,0.0,0.07023730736783484,0.3582183795082682
1789407445.948,5.077693939208984,0.5202267169952393,4.827010747852755,0.514095015328901,0.2507581707419894,0.00870907412715328,0.10242819698250205,0.2143194210006563
1789407446.048,5.418931007385254,0.5143994688987732,4.8360280160735725,0.5129742536324071,0.5829047336560766,0.02111984869693242,0.1260311853667191,0.15687736818840262
1789407446.182,5.024240016937256,0.47480177879333496,4.844679832831981,0.5121283421084158,0.18339883327010242,0.030228043292743693,0.14276876244563486,0.11058499250586024
1789407446.448,4.855887413024902,0.41173768043518066,4.83591720786841,0.5117947115705926,0.10203047865037781,0.008063081827411639,0.1762759343000062,0.186563185943656
1789407446.582,4.845070838928223,0.3668243885040283,4.835540602401692,0.5138000840198786,0.1472843524635919,0.0,0.1898257620462256,-0.20471721135931306
1789407446.815,5.0305585861206055,0.3125673532485962,4.860073886395265,0.516685683692695,0.26594985554372075,0.04031734768898741,0.12061560151093342,-0.45857446560948506
1789407446.948,5.004255771636963,0.28731071949005127,5.046751646022875,0.5259158632705334,0.24235988524986504,0.2837960070796122,0.08856222118535895,0.08656153192206462
1789407447.082,4.903134822845459,0.2753491997718811,5.7424642737901594,0.5807255212106835,0.8931565511816095,0.5243702465140205,0.09156323476176009,0.030403581180443378
1789407447.182,4.84358024597168,0.27271562814712524,5.4865827273548655,0.5549897020015632,0.7022327561680065,0.3178887610552089,0.10794925592800464,0.11464154617247005
1789407447.315,4.799633026123047,0.27058249711990356,5.071813354726632,0.49475975389176763,0.3526153339441065,0.0748591821479701,0.10026897826410464,-0.044185094505733664
1789407447.448,4.778458595275879,0.27189525961875916,4.97771855932943,0.4620683654161417,0.2754457177798287,0.0,-0.40088178610241787,-0.8146360405052724
1789407447.582,4.949717044830322,0.2681184709072113,4.922673799688204,0.4358571431070682,0.16990467697855682,0.0,-1.2090291907929966,-2.5632658434358686
1789407447.715,4.967453956604004,0.2523360848426819,4.9021863413484,0.40854641800209884,0.16929716414320004,0.005401929277550308,-1.8701091723169525,-3.114650413318399
1789407447.848,4.894530773162842,0.24227696657180786,4.939918424504202,0.37272965676706427,0.13812292812369864,0.06534980320631388,-2.37167073617701,-2.550977389374247
1789407447.982,4.820536136627197,0.23702315986156464,4.951009416900634,0.34289741797874906,0.16802569862129713,0.08631337388860952,-2.6717775631325793,-1.7677109964148758
1789407448.115,4.785923957824707,0.23457832634449005,4.921790463310168,0.31577421119828425,0.15827974927330823,0.14080975852132255,-2.866900845783565,-1.2283863289495391
1789407448.248,4.955541610717773,0.24716681241989136,4.880469463382513,0.29708460851404794,0.0901532787669133,0.19939362949915518,-2.9659962726983373,-0.7897956676025417
1789407448.382,4.962991237640381,0.24493367969989777,4.829290889932957,0.28560141915426857,0.1397485170204487,0.24799719203301074,-3.078792350481597,-0.7382315669441211
1789407448.515,4.890508651733398,0.24269676208496094,4.787768053712378,0.28164579720484095,0.10987564706743021,0.2640435926308686,3.1226285758080765,-0.5408446882020287
1789407448.648,4.822904586791992,0.24121107161045074,4.843737133685442,0.281869055574298,0.045684424808377026,0.10599019360592482,3.0771426810565794,-0.3019869107147966
1789407448.782,4.789946556091309,0.2410733699798584,4.893524452845199,0.2746725481307882,0.10889116340813644,0.0,3.0406858452271157,-0.24419227197856502
1789407448.915,4.761427879333496,0.24059870839118958,4.89434553401957,0.2658528270140331,0.1352955041184411,0.0,3.0129089699635063,-0.18542908177057932
1789407449.015,4.864222526550293,0.2504596412181854,4.861083340846173,0.2592611605123593,0.00934458285696394,0.052855651582901675,3.008718345239357,-0.028071329781884796
1789407449.149,5.173605442047119,0.2579668164253235,4.823634133372683,0.2545642632684813,0.34998784873661354,0.10093823979124165,3.012648453666362,0.025466056001914723
1789407449.282,5.21129846572876,0.2524970769882202,4.8767960606192595,0.2545373236658056,0.33450862713918994,0.0,2.5137084127528606,-0.838550176377568
1789407449.415,5.521249771118164,0.2589702606201172,4.913563028081523,0.24878896565331346,0.6077720266923132,0.0,1.7034628820065354,-2.483242026895285
1789407449.582,5.164298057556152,0.250223308801651,4.906672665338892,0.2484226598344027,0.25763168487552246,0.0022244392352078657,0.9315951544076011,-3.132916110919786
1789407449.715,4.8896918296813965,0.24482591450214386,4.8820810448150675,0.24470495860641966,0.00761174596332878,0.0,0.43349823889744465,-2.510576469993143
1789407449.815,4.7433271408081055,0.24205289781093597,4.850117437958605,0.2387950680486153,0.10683997856725887,0.0,0.15030641007565082,-1.6592049252902865
1789407449.948,4.676460266113281,0.24011781811714172,4.814283582158123,0.23514844900668438,0.1379128749426693,0.0,-0.007641760330029612,-1.0025121304856082
1789407450.082,4.711630821228027,0.23974870145320892,4.835371114514835,0.24082527097688497,0.12374497640164851,0.039650113263679766,-0.07195559401127971,-0.5142417186927777
1789407450.215,4.913786888122559,0.23512673377990723,5.30100997521839,0.2078846275525546,0.38818017921028414,0.31354766928869915,-0.10226774959946727,-0.1986226397191655
1789407450.348,4.887249946594238,0.21709102392196655,5.5680242083004705,0.1675874995314232,0.6825717503154893,0.4601576911261623,-0.13631828819016523,-0.2280279535140676
1789407450.482,4.792085647583008,0.20525570213794708,6.057879204941781,0.11655077444106884,1.2688979052897382,0.7328518161597366,-0.15012253502029216,-0.10247407758270238
1789407450.615,4.715852737426758,0.17834725975990295,5.796827969052082,0.14031595236062677,1.0816440411382668,0.4930716182587289,-0.17401546391785017,-0.1303945175288146
1789407450.715,4.737570762634277,0.16382578015327454,5.149176026059343,0.24188993266217718,0.41894260321212357,0.1280317214870212,-0.1815286067913986,-0.0385021564995289
1789407450.849,4.803436279296875,0.1332581639289856,4.983152973922145,0.25822260534632674,0.21889312905109815,0.0,0.2631835111254168,0.7635045859505515
1789407450.949,4.975847244262695,0.11212654411792755,4.851298765582471,0.2535911196456834,0.18847957361689466,0.0,1.0312957679794312,2.3460199181555232
1789407451.082,5.075730323791504,0.06021355092525482,4.791971345390951,0.24188898734976136,0.3369348928546293,0.0,0.4843012555339068,-2.718394287949503
1789407451.249,5.112879753112793,-0.027323782444000244,4.844500587672684,0.24584099796570674,0.382944348043698,0.08602577300020035,0.1651072399501552,-1.8548804847721805
1789407451.349,5.279329299926758,-0.1065923273563385,4.869062451865397,0.2383932928483949,0.5360354137239891,0.10615053484179107,-0.060965947101715656,-1.4136184089358228
1789407451.615,5.695303916931152,-0.3103211522102356,4.841861011719873,0.22680812855153476,1.0084010396202128,0.03850181016870008,-0.23028836536088182,-1.0874412084282747
1789407451.749,5.729008674621582,-0.38034313917160034,4.770085258015937,0.20269984927605114,1.1222625563087325,0.0,-0.5364225027502361,-1.1070581363810768
1789407451.882,5.805638313293457,-0.421755850315094,4.788199063372423,0.17913938896050702,1.18163349472836,0.04722346980347722,-0.7131532042845912,-1.145933747605848
1789407452.051,6.038334846496582,-0.4439338445663452,4.8651219710318685,0.1428295440680478,1.3117620688973657,0.1788661418851429,-0.8110666757348781,-0.7934945040375542
1789407452.215,6.480283260345459,-0.4458233714103699,5.165683351493825,-0.15997801052054345,1.3453179886907631,0.32189796298108786,-0.842439313668712,-0.21236207379736274
1789407452.315,6.422250747680664,-0.40378695726394653,5.398863541078049,-0.2509479414574643,1.034737232050049,0.43473049660930607,-0.7222114142798772,0.6618583764810215
1789407452.482,6.169522285461426,-0.38081198930740356,5.692775637625957,-0.3108798593856825,0.48184838799952967,0.5829360070775036,-0.6024595662803085,0.9734882590663239
1789407452.615,5.670171737670898,-0.34581515192985535,6.538756049711248,-0.24494923191284268,0.8744213177544823,0.98748007948781,-0.19569535801074966,1.2425512554209237
1789407452.749,5.521335124969482,-0.3269280791282654,6.726010962958375,-0.051272804015992976,1.2358113550746581,1.0418174666515976,0.010433297052369284,1.401598432504883
1789407452.882,5.56865119934082,-0.31877651810646057,6.778099903993388,0.028986687882131833,1.2584535814344673,1.0133454060287321,0.17014217667736542,1.131630667569339
1789407453.115,5.334966659545898,-0.31040021777153015,6.99285016766387,-0.0017035498939468319,1.6863781780040548,1.0267735353169722,0.2472276838233265,0.5007782429419004
1789407453.249,5.3837690353393555,-0.3092106282711029,7.544884528216674,-0.1384021371727385,2.1678550952925044,1.2374649905667872,0.1805927284112543,-0.2985130996764985
1789407453.382,5.685254096984863,-0.304088294506073,6.151847773206185,0.5911925971758338,1.0095729462007579,1.2109495519961098,0.6064784418960691,1.0633452802796777
1789407453.515,6.262902736663818,-0.29979923367500305,7.257342235045117,-0.23520288400029987,0.9965353000933512,0.8567657315831492,0.2870885745587861,-1.659976474610123
1789407453.649,7.128690719604492,-0.29783743619918823,6.115844160362712,-0.26872991748459446,1.01326472365993,0.25690266362032466,0.8859211006634311,1.3063029791097205
1789407453.782,7.582080364227295,-0.29935014247894287,5.868647328917056,-0.27429968923734777,1.713616144794413,0.0,1.753202882836649,2.75463924066631
1789407453.915,7.711771011352539,-0.30738887190818787,5.7708317457528775,-0.3190321616282005,1.9409741881184452,0.0,1.1192410771258086,-2.948243168055143
1789407454.049,7.692408561706543,-0.3168582320213318,5.675694061115495,-0.3380622693356827,2.0168259687173378,0.0,0.8133005724894584,-2.021077132995149
1789407454.149,7.598895072937012,-0.32659098505973816,5.558175692794362,-0.35607369341681344,2.040932340520349,0.0,0.5748507680976589,-1.4959007383759972
1789407454.282,7.504009246826172,-0.3353489637374878,5.495073921833798,-0.3549790340438885,2.009031229140664,0.0,0.4089251896443873,-1.071397505938879
1789407454.415,7.379330635070801,-0.34557628631591797,5.577134584383278,-0.324621911506828,1.8023178662315216,0.14806421094418043,0.3004579030934824,-0.7053559195703079
1789407454.549,7.260303497314453,-0.35003915429115295,6.506463097781063,-0.17073690548116968,0.7748707275391024,0.6311346530594688,0.22658007589592266,-0.47236492735427715
1789407454.649,6.684268951416016,-0.32306230068206787,7.93507703528609,-0.0046719741247323275,1.2906948759176253,1.4725423271935298,0.1760364887905732,-0.2701116296277718
1789407454.782,5.765875339508057,-0.32400187849998474,9.180204829724861,0.0824473826686713,3.4384366897863177,2.123408350508951,0.13820277810943482,-0.11408154622274162
1789407454.915,5.237995624542236,-0.32812222838401794,9.86125192692386,0.08464201662228674,4.641645522814837,2.3668083843824785,0.11263320573891766,-0.005443604481724221
1789407455.049,5.483542442321777,-0.3284975290298462,9.584535384966717,-0.02047054260410343,4.112544679391353,2.252364374821182,0.09566561833516829,0.024006339820152794
1789407455.182,6.097196102142334,-0.3290332853794098,9.332465597061331,-0.09890844007537002,3.2434435634337206,1.9765745416534446,0.08488377880434239,0.016935043837394713
1789407455.282,6.2426958084106445,-0.3387202024459839,9.057902297471815,-0.14911468600267758,2.8215842762387684,1.5443595945480892,0.08153016758121323,0.04006930951587517
1789407455.415,6.126766204833984,-0.3494763672351837,8.780151310520408,-0.19958834786414836,2.657615272651315,1.0489524951439348,0.07734935407627574,0.006783577762780836
1789407455.549,6.258943557739258,-0.3604728579521179,8.172492259688754,-0.26486375735362555,1.915935733486344,0.579968294366489,0.07029705783195572,-0.03106264531048103
1789407455.715,6.504663467407227,-0.368692010641098,7.23399896677954,-0.2920228658324437,0.7333542311941426,0.0,0.5238560762573066,0.7781505688584806
1789407455.849,6.387881278991699,-0.37662163376808167,6.620160760329231,-0.35843117646072054,0.2329906654513946,0.0,1.3055570831883685,2.3427964180852423
1789407455.949,5.981441974639893,-0.36086827516555786,6.167908846287639,-0.4171981215117298,0.19478949101910092,0.0,2.097320892794075,3.144219733476196
1789407456.082,5.535504341125488,-0.3693505525588989,5.968057303172896,-0.3771170498471489,0.4326226802377728,0.1371709565362722,2.6165659049514094,2.5720608653713626
1789407456.215,5.402381420135498,-0.37498146295547485,6.002092064940048,-0.3550328549087757,0.6000423355521594,0.11276729874333093,1.7496412944875281,-2.7820994834465527
1789407456.349,5.757649898529053,-0.37853679060935974,6.075784472719739,-0.34866839138357714,0.31953361101424094,0.07445404610765277,1.0958933584161414,-3.070418884955524
1789407456.482,5.792335510253906,-0.35130512714385986,6.096889442827037,-0.34388173979082515,0.3046443902742219,0.07939247535782468,0.6163955794403906,-2.456069244559126
1789407456.615,6.070752143859863,-0.30802249908447266,6.1573551739212595,-0.3372747564308495,0.0914099522791351,0.15019411606731609,0.3224466098386607,-1.7116418568970524
1789407456.749,5.970987319946289,-0.2306572049856186,6.708411644814999,-0.35693466157316545,0.7481581590481333,0.3928460721593324,0.0750540524651786,-1.3136176056437083
1789407456.882,6.009918212890625,-0.16671733558177948,6.768741943912777,-0.40447205755557947,0.7951985680213577,0.3984290817906197,-0.05053888945332918,-0.8115128012166537
1789407457.049,6.163824081420898,-0.08228915929794312,6.22724908666394,-0.34355847256629596,0.2688575558651765,0.07729688511217347,0.4308788726276469,1.1481091392343155
1789407457.149,6.019186973571777,-0.03143094480037689,5.9317641350637365,-0.37089355788545997,0.35053903973074924,0.0,1.232749444221274,2.187140870198605
1789407457.282,5.566727638244629,0.025303170084953308,5.748914708504834,-0.40117920048442257,0.4637664724583608,0.0,2.140526644754484,3.1274842574259947
1789407457.416,5.144920825958252,0.0763140469789505,5.75108392772244,-0.3920864627581708,0.7660500920059837,0.01018579190940709,2.7587801170822432,2.799655571849875
1789407457.549,4.878984451293945,0.10177198797464371,5.76232775015911,-0.38055863936037426,1.006448318452261,0.004776907101599516,3.0838876639973885,1.8195500085277783
1789407457.682,4.822142601013184,0.160294771194458,5.8803124949068,-0.37556464190031114,1.1861150175868687,0.0,2.3083083865271865,-2.0485606239103875
1789407457.815,4.806881904602051,0.21075302362442017,5.908179238792643,-0.33717737122589303,1.2300746058252423,0.0,2.7520353629137606,2.3382830939844843
1789407457.982,5.030004978179932,0.2714771628379822,5.936665548534098,-0.29129644920969555,1.0671211403829146,0.0,1.9245950096900941,-2.4813307257038595
1789407458.116,5.475235939025879,0.31908026337623596,5.994931814068065,-0.2236016675651324,0.7513903650607421,0.07027441151783129,1.0245882978433611,-3.1452723643768206
1789407458.249,5.473353385925293,0.37856948375701904,5.995531472051808,-0.14226454593202603,0.7375215523039848,0.19532983456036487,1.7739138999414905,3.1996513763113166
1789407458.382,5.0676350593566895,0.4275393784046173,5.571215221577788,0.23760993718068907,0.538206440342608,0.3962649043674336,2.1077813507495886,1.7198036985060097
1789407458.549,5.075776100158691,0.48153549432754517,5.260960004933471,0.6418864419564335,0.24496021104072643,0.6630305516836359,2.136880144253899,-0.016650818111199103
1789407458.682,4.906843185424805,0.5188158750534058,4.796050230852259,1.120576546144439,0.6118749742021199,0.9316925743657358,2.0328047499997695,-0.3396591170634503
1789407458.816,4.784140586853027,0.5359222888946533,4.5034592901681245,1.095221195062488,0.6257773220157908,0.9280939917449467,2.113925551436674,0.38941022197060915
1789407459.083,4.7129058837890625,0.5765408277511597,4.449669904640538,0.9184076410573461,0.4314696962225847,0.7668622805256091,2.2476264014476532,0.7333534411292035
1789407459.215,4.71549129486084,0.5787925720214844,4.812350633676304,0.665908811756968,0.1302726784150042,0.4436587772840036,2.2785573282039486,0.33342836774294443
1789407459.315,4.720015525817871,0.5749847888946533,5.214370250595831,0.34815860057160036,0.5439087364801724,0.25602619665304593,2.311888773585183,0.29883162908351146
1789407459.449,4.7253594398498535,0.5711802244186401,4.869450248667818,0.6164037036876068,0.15102093981632467,0.3456748773942196,2.397592405312004,0.5594007003959324
1789407459.582,4.755144119262695,0.5451217889785767,4.758466159381557,0.6510987409341581,0.10602900686296625,0.3790200377962679,2.518948751524378,0.6739906797656378
1789407459.716,4.941316604614258,0.5205998420715332,4.560194981914576,0.7152945059298896,0.4279716152084817,0.47302681418747333,2.6045828633798784,0.5630935281198632
1789407459.849,5.046188831329346,0.49092167615890503,4.344912878817274,0.7455671872650133,0.746077943581101,0.5616421481007059,2.6962192772585087,0.5912716275339129
1789407459.983,5.363129615783691,0.4595069885253906,4.188094392913064,0.7518020436066175,1.210844405450825,0.6076473520989567,2.7756175412104698,0.5170952626860587
1789407460.116,5.303201675415039,0.4046287536621094,4.14855321786743,0.7849921569693475,1.2156847367194088,0.5865949003295292,2.794050570197557,0.11717027411021945
1789407460.249,4.945192337036133,0.35152387619018555,4.2507171127653836,0.7613975471896719,0.80640700846688,0.5176449206095404,2.7868858303190454,-0.04994684387305157
1789407460.382,4.701981544494629,0.3007877469062805,4.374974026383814,0.7201305026970196,0.5317727557285784,0.4431384173230138,2.773342900236516,-0.11300549150602937
1789407460.549,4.678585529327393,0.26885902881622314,4.660490956617933,0.6015971246874088,0.33322973157496055,0.3484769237634152,2.7747511234983477,0.007673761227410516
1789407460.682,4.703009605407715,0.23914653062820435,4.687532316385082,0.6048557588065939,0.36603659113580916,0.23139976062230821,2.2605907144220048,-0.9839494952351444
1789407460.816,4.724549770355225,0.22296389937400818,4.79602563531939,0.5870576050475425,0.3710431589228696,0.032635077491841386,1.455609641689243,-2.6859445112605256
1789407460.949,4.737190246582031,0.24100811779499054,4.879493983658976,0.5483426731101618,0.33868109258834955,0.0,0.7716161284556904,-3.020318650553953
1789407461.049,4.758479118347168,0.25518977642059326,5.02449226940176,0.5325472821138594,0.38430480415730345,0.0955492711471344,0.36803838439372605,-2.1411284856106083
1789407461.183,4.752520561218262,0.28711920976638794,5.115165748314415,0.512619011358256,0.4270382795979489,0.18027765626842063,1.1680927175777729,2.1274652141462354
1789407461.316,4.75289249420166,0.311136394739151,5.041620626441915,0.45443769531568845,0.3223339837712948,0.0,2.0708042662257826,3.1504664167131238
1789407461.449,4.749902725219727,0.32722198963165283,4.9442051628420645,0.3984224785528838,0.20693706021059843,0.0,2.714283156407502,2.841666703142601
1789407461.549,4.742924213409424,0.3349297344684601,4.8557450866771426,0.3709795062385958,0.11844043013080256,0.10504007081293196,3.0949521057164917,1.8482271955221108
1789407461.682,4.725229263305664,0.34044623374938965,4.789887897848624,0.337433284024278,0.06472879488300488,0.1811797327618173,-3.0677796227246006,0.753284413418468
1789407461.816,4.714200973510742,0.3434588313102722,4.749823051347575,0.3046316135972282,0.05269236438754206,0.20502721621205883,-3.049306968399757,0.11130133238938528
1789407461.949,4.7186102867126465,0.3433188199996948,4.72980288265697,0.2855376973062521,0.05885518111167077,0.19249810909449228,-3.067849981432614,-0.1282185876819832
1789407462.082,4.72483491897583,0.34202009439468384,4.731783369081809,0.26971948553702907,0.07263373183351425,0.1579237146968252,-2.6018445752839057,0.9056737784910993
1789407462.216,4.697458267211914,0.3395605981349945,4.730322904043686,0.27128776108456726,0.07577113324346199,0.12395508771919546,-2.8540436038210837,-1.5339681813004815
1789407462.349,4.677414894104004,0.3370778560638428,4.732692710317411,0.28189781833331407,0.07810552816072502,0.08895704975372794,-3.015265121664161,-1.032081873293972
1789407462.482,4.659786701202393,0.3354140520095825,4.7368892815799875,0.28773914763817343,0.0906515549105832,0.06025864721582453,-2.435282454496115,1.4980202798773088
1789407462.583,4.667083740234375,0.3341274857521057,4.741752451674771,0.2949476622107177,0.084323632754427,0.037898621323479986,-1.7363346973820395,2.904750290757626
1789407462.749,4.702249526977539,0.33247870206832886,4.7409623811276145,0.3062244261383296,0.0467757638211665,0.012098692915415477,-1.087463805908497,2.989916640593395
1789407462.882,4.710151672363281,0.3321211636066437,4.733750016770018,0.31999073263278616,0.026533548845762846,0.0,-0.7026984476132387,2.127805908335417
1789407462.983,4.7181172370910645,0.33151718974113464,4.727436544119066,0.32948608960878095,0.00953807376936299,0.0,-0.502375944700578,1.2407709481688254
1789407463.116,4.7483625411987305,0.3307800590991974,4.725475497035009,0.3340124119159752,0.02311417087598574,0.0,-0.4065600287115685,0.6212280234620654
1789407463.249,4.758089542388916,0.3302353024482727,4.713618865547608,0.33808651459706884,0.04515841705517857,0.0,-0.3691000290271482,0.24547446826838015
1789407463.383,4.7447710037231445,0.33003297448158264,4.69834095123128,0.3405297184624642,0.04760180047642563,0.0,-0.3603768476640026,0.057773172893395563
1789407463.483,4.729734420776367,0.32990020513534546,4.68209326565195,0.3417137729946056,0.049084010096508,0.0,-0.36150581172845664,-0.007519053066136401
1789407463.649,4.7134504318237305,0.32932645082473755,4.676383012654845,0.3403452866587793,0.03867050952572831,0.0,-0.36208932393366533,-0.004753310929742395
1789407463.783,4.710456848144531,0.3297308683395386,4.688499581937616,0.33618055822541604,0.022884930388912022,0.021501955647088036,-0.3638666502886858,-0.009857880614121625
1789407463.916,4.715117454528809,0.3297707438468933,4.6997240980329815,0.33303749726662646,0.01573617177438527,0.03575945396387394,-0.3554467553725673,0.056114109696526845
1789407464.016,4.704237937927246,0.3304753303527832,4.709329204635957,0.33091484989377695,0.005110202943733967,0.045543973431550304,-0.3469721681750175,0.06904594868299695
1789407464.183,4.684928894042969,0.3308016359806061,4.72911048481939,0.3276572912780651,0.04429333885748035,0.0681203738919963,-0.3227370275384267,0.15986509527645087
1789407464.283,4.674870014190674,0.3308942914009094,4.746302029098685,0.32543627849256235,0.07164023072775555,0.08136720288127705,-0.29028354887079155,0.2148286483752596
1789407464.449,4.668788433074951,0.3307867646217346,4.7511413673910665,0.325360221560043,0.08253152827904497,0.07105749719329531,-0.2613338345346068,0.19088966086069314
1789407464.583,4.670633792877197,0.33088767528533936,4.745955490112504,0.32659987470780644,0.07544364325905717,0.05086737533264331,-0.24586336295613043,0.12683155180174227
1789407464.683,4.672680854797363,0.3308456242084503,4.735241969472029,0.3279817658684738,0.06262662975067511,0.01868509501859418,-0.23694290612899183,0.049649006623926885
1789407464.849,4.698163032531738,0.330754816532135,4.7252402956129655,0.3293164693162567,0.027115438751445974,0.0,-0.23920851757202222,-0.01494838253733159
1789407464.983,4.708945274353027,0.3311310410499573,4.720688206267462,0.3298914952709549,0.011808171902766543,0.0,-0.2368719179127976,0.015551827047232113
1789407465.15,4.728283882141113,0.33065134286880493,4.71375027424128,0.33065634384660736,0.014533608760245606,0.0,-0.22785552909371498,0.07396226443236037
1789407465.283,4.729691028594971,0.32883206009864807,4.700442456088706,0.33191386923613875,0.029410483525677305,0.0,-0.19256383072720684,0.19489892634043524
1789407465.549,4.725869655609131,0.34968215227127075,4.679844414938602,0.33261048613873445,0.049089352850907576,0.0,-0.0824741251066956,0.4614308219141936
1789407465.683,4.731492042541504,0.3651086688041687,4.6756277180343835,0.33231429961372055,0.06477880365703174,0.0,-0.01824015201587681,0.4253304403768623
1789407465.949,4.729837417602539,0.4181095361709595,4.685554691460232,0.33155370099112313,0.09722588358186086,0.018460336182119823,0.029881847840267817,0.07210543060384679
1789407466.083,4.7552289962768555,0.43032461404800415,4.697695329179743,0.3315533083716562,0.11430614014414046,0.034071931989973846,0.04247204714147612,0.08345457479833232
1789407466.216,4.783700466156006,0.43552327156066895,4.715412071084703,0.3317799032817125,0.12420141449789333,0.05334451474237016,0.06717136186118688,0.1369913915930982
1789407466.349,4.793962478637695,0.4365394413471222,4.725800044079566,0.3313925894462924,0.1253075334907932,0.058428713241288364,0.06604806747610015,-0.007436541286309219
1789407466.483,4.830202102661133,0.436398446559906,4.729066712542681,0.33050267400039085,0.14643183322074454,0.051284004852275425,0.04259347374258793,-0.1559374138668162
1789407466.583,4.841035842895508,0.43394964933395386,4.731482327432858,0.33565270087085947,0.1471878487762533,0.044542536398048824,0.0032941175630445407,-0.2614821561385
1789407466.716,4.866988182067871,0.41090288758277893,4.73479570375294,0.34345211447503926,0.14840639513132653,0.0402301860253932,-0.03670473957961695,-0.2646691247743738
1789407466.883,5.123169422149658,0.3925586938858032,4.729840396142387,0.3578602908090378,0.39485655860819446,0.022703249453754605,-0.0695765724218056,-0.21933116323047527
1789407466.983,5.0905866622924805,0.36051487922668457,4.730912367106096,0.3739966891271351,0.3599268784295145,0.01772785795085847,-0.0947019920810872,-0.16769365730907282
1789407467.149,4.964734077453613,0.3364742398262024,4.742353440522579,0.3887429738430536,0.22844073243967872,0.029947340684295467,-0.12740276517310178,-0.21647955429669571
1789407467.249,4.863682270050049,0.3278372585773468,4.762150606175245,0.40021880527922876,0.12469068558694679,0.052772218989646937,-0.17123773944853493,-0.29166268658794176
1789407467.383,4.758004665374756,0.3035343289375305,4.779155698331361,0.4084241510209992,0.10700112603067835,0.06619808680741836,-0.2145333499526081,-0.2881993417539749
1789407467.516,4.69931697845459,0.2866975665092468,4.805744303305541,0.41318860717671496,0.16530807253146787,0.09240319179248763,-0.24134766471753366,-0.17799858907149854
1789407467.649,4.685976982116699,0.25643211603164673,4.825092751867459,0.4165665110216841,0.21212312898920674,0.10664537116086359,-0.2315979557920973,0.07879451840108832
1789407467.783,4.7021636962890625,0.23936980962753296,4.851294807362245,0.41199409714529395,0.22812109269187814,0.12727781679764966,-0.19759056772517125,0.22433578146510927
1789407467.883,4.726065635681152,0.23317912220954895,5.318012222460256,0.36629623895823243,0.6067296995952263,0.3275959514881108,-0.13161308026889307,0.36382905032309515
1789407468.016,4.7491254806518555,0.22876442968845367,5.4307597096127935,0.36935139669055844,0.695981262234856,0.3769809341645257,-0.08997078383962354,0.34639243321516944
1789407468.183,4.7221784591674805,0.22842192649841309,5.042750235058,0.3463317374935484,0.3415684221741081,0.26453882159273817,-0.6850163503353546,-1.2102364976004032
1789407468.316,4.8187055587768555,0.2285950779914856,4.9725033458810675,0.3201426656176584,0.1789824575714735,0.14583363749429634,-1.420474232091153,-2.838857789833596
1789407468.45,4.789475440979004,0.23305539786815643,4.895092985546662,0.3067122450755081,0.12876488986143858,0.08737142002229403,-2.1306027789996866,-3.0616902914687136
1789407468.583,4.751181602478027,0.23713725805282593,4.829292340165,0.29125800868303964,0.09502811684328386,0.12558443402823857,-2.5643699234947865,-2.2817813410869796
1789407468.716,4.726953506469727,0.23991337418556213,4.768922043850625,0.267595763608957,0.050275966565351805,0.205041216026397,-2.7757253850604693,-1.275368006272388
1789407468.85,4.741921424865723,0.24171099066734314,4.725095985671752,0.2510912321655502,0.01926354937789751,0.24156865773653258,-2.8960853047344535,-0.7709892989550791
1789407469.016,4.763774871826172,0.24349044263362885,4.710455196700463,0.24406370629071084,0.05332275674354906,0.2279261640449602,-2.9645152511365165,-0.5542634009286266
1789407469.283,4.816858291625977,0.24455302953720093,4.700175760181893,0.2375177623278018,0.11689443155645673,0.1422764043234855,-3.0968165378896657,-0.3730814550883824
1789407469.416,4.829858779907227,0.24451687932014465,4.746384788377932,0.2311038895515045,0.08454475475371862,0.03610591413770435,-2.6100071652761327,0.9583669572758345
1789407469.55,4.812320709228516,0.24411970376968384,4.764689981695218,0.22736367256320392,0.050492086381370184,0.002943200869260823,-1.8301263340348157,2.5804359365014116
1789407469.716,4.792605400085449,0.24396763741970062,4.761488990384401,0.22835095005894737,0.03481539712263802,0.0008824658666593478,-1.118069948482403,3.0775475722065333
1789407469.95,4.779789447784424,0.24362027645111084,4.747999071369634,0.23629075472622063,0.03262437618269004,0.0,-0.45804280696740074,1.3870566273202656
1789407470.116,4.772540092468262,0.24377523362636566,4.753657496711462,0.23741203557611465,0.01992593064179031,0.00751054508853042,-0.3305998456578845,0.6965660372583251
1789407470.25,4.772823333740234,0.24338237941265106,4.772150631229116,0.23602333531595457,0.007389726563655011,0.03612376577946045,-0.2867576931170599,0.2888982732008841
1789407470.383,4.775516510009766,0.24392971396446228,4.793582053181021,0.23506303676014803,0.020124159975462408,0.06267334866766505,-0.263181485389282,0.15631756446598036
1789407470.516,4.778646469116211,0.24396498501300812,4.813425618310088,0.23475761365179182,0.03597728319416728,0.08050714815053645,-0.24737880176597082,0.10454953298438553
1789407470.65,4.780048370361328,0.2438024878501892,4.818206243616034,0.23635218003572614,0.038878405032259845,0.06978647520839439,-0.21613421635637042,0.20598937524659222
1789407470.783,4.774869441986084,0.24400408565998077,4.811686553237356,0.2387678039195512,0.037187609863417105,0.03977509849363195,-0.17917979856630284,0.20571907905641748
1789407470.916,4.764153003692627,0.24411658942699432,4.801459366169968,0.24081449745136488,0.037452216125434375,0.017192592078984523,-0.15876734016866578,0.16871895192819544
1789407471.05,4.749635696411133,0.26523953676223755,4.7930868327959235,0.24209466873364238,0.049230947270906426,0.0,-0.12435978867172182,0.2262980869956216
1789407471.183,4.737076759338379,0.280362606048584,4.783307711108919,0.24311616233209662,0.059368328855842575,0.0,-0.09047135100648163,0.1885775942093881
1789407471.316,4.738655090332031,0.28916311264038086,4.778458667489497,0.2434126782202269,0.06064179255400638,0.0,-0.07903329642421308,0.07588555043762495
1789407471.45,4.753945350646973,0.29365086555480957,4.777111297742468,0.24360580020038625,0.055146801096344435,0.0,-0.07788515326792789,0.007637796886745587
1789407471.584,4.751168251037598,0.29561668634414673,4.777799050515797,0.243678542931417,0.058367544252001316,0.00108488599259824,-0.08145075198062912,-0.02369312937579556
1789407471.716,4.739478588104248,0.29504525661468506,4.778892033669077,0.243667403067609,0.06475417767523999,0.002602816152153554,-0.09704597655385028,-0.1029890442821356
1789407471.85,4.720987319946289,0.29388606548309326,4.777259708630987,0.24380914546875054,0.0753278145601249,0.0,-0.12457071148062226,-0.18280770651363548
1789407471.984,4.717516899108887,0.2929505407810211,4.771350652589862,0.24418307279937934,0.07263841233941508,0.0,-0.15533103927218406,-0.20425003908951042
1789407472.083,4.732199668884277,0.29141461849212646,4.761018754514113,0.25052181348721075,0.05002760435709351,0.0,-0.1779197746896899,-0.14913564011089026
1789407472.217,4.759707450866699,0.26959145069122314,4.749388273191038,0.2594285048390208,0.014483469760269926,0.0,-0.1865544272437374,-0.057354470380240365
1789407472.35,4.745965957641602,0.23265045881271362,4.743631317679871,0.2679717859488623,0.03539839960237953,0.0,-0.19585834866699425,-0.06179340477514817
1789407472.483,4.760361671447754,0.18823744356632233,4.747405450048839,0.274726084788423,0.08745369479549137,0.003937628282634085,-0.19317170351359403,0.017740336357484624
1789407472.75,4.9706196784973145,0.09358595311641693,4.748694229654478,0.2803233897178969,0.29003754079874927,0.0034879673725633498,-0.17192259166228796,0.14029774125951658
1789407472.883,5.011373996734619,0.06336163729429245,4.733570731998291,0.287841011322078,0.3571633285516152,0.0,-0.13869115632595896,0.0860817049501037
1789407473.017,5.008790016174316,0.026586398482322693,4.726189768299226,0.28966169207653636,0.38609779874889777,0.0,-0.12113788839796058,0.115912211360618
1789407473.15,4.951103687286377,0.005676746368408203,4.728704151440376,0.2900122734217384,0.36098233404033997,0.003919888010599194,-0.1271344185736334,-0.049514126648895936
1789407473.283,4.945336818695068,-0.023590371012687683,4.743140076655472,0.2835965502151259,0.36775987690998885,0.028386903897257076,-0.16455249390928284,-0.24552003909907494
1789407473.383,5.032008171081543,-0.040248215198516846,4.7479949390308915,0.26899396371043394,0.4198740777854864,0.034510350344618544,-0.21977122454075548,-0.3653838204388253
1789407473.55,5.08891487121582,-0.0974702388048172,4.759150927533552,0.2450701436761655,0.475476784063218,0.054679120627449784,-0.31540407439385687,-0.632231435472707
1789407473.683,5.08967924118042,-0.12499713152647018,4.767066388935731,0.21519934554486847,0.4688418661395365,0.07294720366372028,-0.392360672815391,-0.6260221458750254
1789407473.816,5.230051040649414,-0.161821186542511,4.871054973017916,0.16053009824235975,0.482481634238378,0.2505672393657926,-0.5268869405434424,-0.7400233319911935
1789407473.95,5.503349304199219,-0.19217164814472198,5.221962658532806,-0.12122186422151744,0.2901935840058235,0.35427069417908724,-0.6186393631403968,-0.6094055547634477
1789407474.083,6.000824928283691,-0.22595331072807312,5.256843238395429,-0.23329176513120925,0.7440178813724991,0.38859954766441623,-0.7383755535531424,-0.784840058659962
1789407474.216,6.6717376708984375,-0.2667136788368225,5.222898059006282,-0.24895740764019023,1.448948413903897,0.34873890850072164,-0.8200561367411168,-0.5305083411283148
1789407474.35,6.7569355964660645,-0.28019583225250244,5.218817449060261,-0.2258605412023297,1.5390775676464683,0.306748755661581,-0.8076347303759799,0.09412384155372393
1789407474.517,5.9052534103393555,-0.28499841690063477,5.277434787914324,-0.22712040790998075,0.6304808376060179,0.31539464950665824,-0.746539253295313,0.5006347505876364
1789407474.65,5.137785911560059,-0.27924972772598267,5.405932900293877,-0.18825199286960476,0.2831667270637672,0.3420243437640395,-0.5062393666298521,1.3179789404660576
1789407474.817,4.771287441253662,-0.2736954689025879,5.434364801436542,-0.18144784268945238,0.6694633747480556,0.3308777315576912,-0.376929989037877,0.8635367650781659
1789407474.95,4.745746612548828,-0.26644811034202576,5.946584959161377,-0.21452359439951074,1.2019604361421483,0.5895151643773537,-0.17298164343722355,0.6971908393699842
1789407475.083,4.819835186004639,-0.26059406995773315,6.691347309049573,-0.1913251834826213,1.8727935832167033,1.0033229260771848,-0.07181782072606202,0.6595103484332465
1789407475.35,4.925860404968262,-0.23030132055282593,7.8318835754387965,-0.15527055486007024,2.9069916207502318,1.6302295076159448,-0.0046310327796965645,0.442009042595664
1789407475.583,4.927059650421143,-0.20405951142311096,7.520104055365904,-0.1786462306967399,2.593168934113743,1.1077754289132384,0.04369172760380202,0.21981861747183148
1789407475.717,4.935612678527832,-0.19871240854263306,5.900578379381737,-0.30671269395821993,0.9709906618883192,0.059107074840747176,-0.42584676069634675,-0.8902433238768042
1789407475.85,4.9663896560668945,-0.1752711683511734,5.394256366892799,-0.26819224665308755,0.43784043786037946,0.0,-1.2868869811618135,-2.574520156888745
1789407475.983,5.00753927230835,-0.13788102567195892,5.17178861537587,-0.2388475373032774,0.19280063062425148,0.0,-1.995118366264679,-3.054254625878148
1789407476.117,5.010468482971191,-0.11487340927124023,5.068702928156442,-0.24789665430080096,0.14521168797389747,0.026107650301261456,-2.429347894665877,-2.2997283842751677
1789407476.25,5.0329694747924805,-0.0789603665471077,5.013188402669918,-0.2582721129223308,0.1803995377002124,0.0828305550216207,-2.629228191302591,-1.4207074205680128
1789407476.417,5.03009033203125,-0.055514343082904816,4.974575672240512,-0.2575355887507546,0.20951005024311153,0.11568102174496317,-2.8032493299284615,-0.9421809003627556
1789407476.517,5.143337249755859,-0.043516457080841064,4.952805456280824,-0.24891858316640894,0.28016494735295655,0.12255078461163768,-2.8466204894016585,-0.34996486447659764
1789407476.65,5.433476448059082,-0.03441914916038513,4.936155527406248,-0.23925023873647946,0.5378511628470395,0.11478303709010122,-2.8501850700468347,-0.020781264165618353
1789407476.784,5.455214500427246,-0.016979724168777466,4.9304850858039275,-0.22955829206241934,0.5661542246584779,0.09182417291511939,-2.8394241589950218,0.07306042729228088
1789407476.917,5.654058456420898,-0.0074100494384765625,4.944560511859351,-0.21771451061856406,0.7400103375827307,0.042437151893948324,-2.340888545202947,0.7919780860395657
1789407477.05,5.278570175170898,-0.00535641610622406,4.976581967210993,-0.19297695227157666,0.3555254468217559,0.0,-1.5377374048205072,2.56917867510327
1789407477.217,4.850671768188477,-0.0068167150020599365,4.991040681948279,-0.16337003261988128,0.21026738502976,0.0,-0.7657003697901423,3.13071587275479
1789407477.35,4.643992900848389,0.01100216805934906,5.001692888609195,-0.13475089437860846,0.3862554031390686,0.0,-0.23148250797803982,2.634991668151094
1789407477.483,4.578576564788818,0.02207145094871521,5.005374075661995,-0.10755972777746735,0.4460497256870343,0.0,-1.1596158784777189,-2.9404207631679418
1789407477.651,4.541225433349609,0.051213376224040985,5.0483590860528205,-0.09511648725955597,0.5278228591594241,0.03451282790577967,-0.44718697287601517,3.159463171417637
1789407477.784,4.705600738525391,0.09925524890422821,5.670668475478811,0.19696028298531318,0.9700010363876846,0.43850174717315965,0.3867170063689933,1.8145135777223227
1789407477.917,4.721157550811768,0.13881129026412964,5.9930237942973745,0.4001353201891581,1.2984352082158148,0.653438652300278,0.5549707768841898,1.080893492443653
1789407478.05,4.651327133178711,0.2007792592048645,5.531525378704758,-0.36475394807828565,1.0462202253670578,0.42243487911877414,-0.0371683064315258,-1.4773651313105969
1789407478.317,4.618185997009277,0.3143211603164673,5.204783225942053,-0.08256845919142004,0.7082497293079089,0.0,-0.9401048284884084,-2.843832943258618
1789407478.417,4.632734775543213,0.35868895053863525,4.985425040720618,-0.03527926477172997,0.5287734655083808,0.0,-1.634478389434523,-3.0200663110298662
1789407478.55,4.627884864807129,0.3910115659236908,4.860546731153451,-0.00519404212940321,0.45946754826045744,0.0,-2.116325357227861,-2.4811446412622997
1789407478.717,4.632749557495117,0.407192587852478,4.764923829180497,0.0015771202166613464,0.4266074843236847,0.062481693867644954,-2.5554683731109162,-2.1959572588369505
1789407478.817,4.632823944091797,0.4030289053916931,4.746120096552711,0.030262120003989874,0.38960376596066,0.038173586415728225,-2.8400689607230714,-1.7767841562419158
1789407478.951,4.619012355804443,0.42038843035697937,4.74004980693354,0.06238617942431475,0.37790961386114946,0.0163431711003444,-3.069923191721428,-1.4737311758188667
1789407479.117,4.613635063171387,0.43007516860961914,4.704894617924814,0.09890597002665638,0.34351323762538705,0.06483928224406929,3.024972025161226,-1.2261258059755016
1789407479.283,4.6230268478393555,0.43100231885910034,4.6582651234397465,0.14458793768861256,0.2885739659230586,0.13531426284563253,2.896709829572961,-0.8411391833739228
1789407479.417,4.631927013397217,0.4048607647418976,4.627240366017015,0.19564636158500548,0.2092668897651058,0.17187643614009804,2.8598166837486767,-0.2357393995408583
1789407479.55,4.627470970153809,0.386636346578598,4.605116713027758,0.2967841910083224,0.09259115871551983,0.1805301411628597,2.3270672526346114,-0.942056684621918
1789407479.817,4.6008148193359375,0.3681732714176178,4.611687960595088,0.35897324128209596,0.014243095005508681,0.20151991631890037,1.4099649111726205,-2.6655760012831884
1789407480.084,4.571341514587402,0.3294082283973694,4.648375184249227,0.40506137010430654,0.10797029272766218,0.2186225600868421,0.31946829327187665,-2.3672271383500094
1789407480.217,4.6070966720581055,0.3206823468208313,4.658837070592857,0.4099756846163993,0.1032006250717908,0.1776564646893325,0.029667488884392412,-1.5248743773920193
1789407480.35,4.621532440185547,0.29779332876205444,4.658885887777614,0.41163149579709846,0.11980988407018793,0.12532588372566775,-0.10661001986257101,-0.7539181810520506
1789407480.517,4.6704607009887695,0.2819098234176636,4.6550983657171505,0.40771447589048904,0.12673914915607576,0.08969915509479626,-0.13652420030121437,-0.19745781123091563
1789407480.617,4.730752944946289,0.2573043406009674,4.648464245852476,0.3958054670467009,0.16110242712414108,0.05889900995671693,-0.6337625573194634,-0.8075336411347067
1789407480.784,4.7390642166137695,0.23768484592437744,4.637944031779044,0.38272824548002665,0.17681312037195848,0.040358635494905024,-1.431866673881785,-2.6013427306551997
1789407480.917,4.720410346984863,0.21009361743927002,4.6238551326046045,0.37470844326434627,0.19084273710423966,0.034687643069638126,-2.147005754592329,-3.071364446517131
1789407481.05,4.689914703369141,0.1937830150127411,4.608759305842503,0.36093547965855766,0.1858121228146255,0.0574306504675539,-2.5638299264139963,-2.228185575641483
1789407481.184,4.660148620605469,0.18603001534938812,4.58979374320247,0.3462521222163876,0.17498837762346175,0.08791411643672595,-2.763860362093772,-1.2171158630195462
1789407481.35,4.637224197387695,0.15928661823272705,4.588029351642314,0.3374721198665307,0.18485184835538457,0.07825859284673933,-2.824993542736059,-0.3974094823769871
1789407481.617,4.646933555603027,0.14217853546142578,4.620383326321451,0.3168857278400547,0.17671309443198466,0.005426092002598859,-2.771114292793517,0.23338462847286126
1789407481.884,4.627151966094971,0.10629188269376755,4.691821858018375,0.2910444224806384,0.195743954897933,0.0,-2.7431004669968675,0.06464562874917865
1789407482.017,4.631020545959473,0.08001686632633209,4.698658690044285,0.26862571785961575,0.20037020090807428,0.003820439153819638,-2.2700616798657114,0.7647609906759608
1789407482.15,4.620212554931641,0.06257767975330353,4.6890106091052735,0.24428126596700467,0.19429195943475902,0.03629543843197449,-2.4981086810225017,-1.3990887377289911
1789407482.284,4.599217414855957,0.05411499738693237,4.6702963946203395,0.22240194264527302,0.18268201145358906,0.07218787483500319,-2.6430551595465395,-0.9292187533528183
1789407482.417,4.747690677642822,0.04265926778316498,4.6446859879368985,0.19812978929404723,0.18649678056277363,0.10686777398329322,-2.784471846230988,-0.7820974105934704
1789407482.55,4.780843734741211,0.025396272540092468,4.635578030212455,0.18134812444580378,0.21312696925789712,0.10713271370946685,-2.8509364445803933,-0.44125175102965286
1789407482.684,4.7454752922058105,-0.004785254597663879,4.630672754055288,0.16880761777950218,0.20812041732121628,0.09798229856972317,-2.883585074974657,-0.21875666449033837
1789407482.85,4.6736273765563965,-0.048516057431697845,4.625181070364922,0.15320468400883766,0.20745674756661314,0.09232773688500853,-2.8919240012795684,-0.05768826436790929
1789407482.984,4.671206951141357,-0.0932316929101944,4.61721199913853,0.13824269074792417,0.2376885464882426,0.09106002623633878,-2.879390233214293,0.08078728411424457
1789407483.117,4.735909938812256,-0.11992145329713821,4.614081992669751,0.12041917153858361,0.2694543827955414,0.08420213321088522,-2.8480916625366888,0.205333988692326
1789407483.25,4.786400318145752,-0.1560027301311493,4.608030562281203,0.10231464023885359,0.31391660300476615,0.08391115461549833,-2.8309525889300198,0.1115365091972571
1789407483.384,4.881669044494629,-0.2014394998550415,4.595833624180849,0.08614706018709926,0.4054724614851507,0.09239308669825333,-2.8292724516473067,0.009408748305087972
1789407483.517,5.000513076782227,-0.2572009861469269,4.654821406211522,0.07569650085825116,0.4799202724998466,0.0,-2.3300040208858794,0.8392120329200233
1789407483.65,5.132112503051758,-0.29391950368881226,4.7045084290039405,0.06923119712681566,0.5610023847054244,0.0,-2.5891248045661985,-1.5744427397864607
1789407483.784,5.224555969238281,-0.33268237113952637,4.71554069678831,0.04777453785637095,0.635487220319993,0.0044581502919600075,-1.9124253900806558,2.1091497786828413
1789407483.917,5.300931930541992,-0.36944320797920227,4.696703558781428,0.00606302541091458,0.7114048471547378,0.07971133982333083,-1.1292611021554295,3.073415794011879
1789407484.051,5.329418659210205,-0.36857637763023376,4.695502670476851,-0.03818354319059192,0.7148488692170158,0.13814978258733643,-0.7342281339887942,2.1590628150255586
1789407484.184,5.331075668334961,-0.3692755103111267,4.723461147537338,-0.07567296142284743,0.6748317290983131,0.1909606412472042,-0.4832984645688829,1.5357615526750565
1789407484.317,5.32264518737793,-0.36814412474632263,4.767646603245447,-0.10855362374628508,0.6127076436592827,0.2463724654978423,-0.19746090067802724,1.8043214491537731
1789407484.484,5.311323165893555,-0.3684934377670288,5.137807222254499,-0.010711428124837719,0.3976377108883876,0.32620330718752977,0.10276327959147746,1.9070023666897418
1789407484.584,5.3006792068481445,-0.36828023195266724,5.316989063168141,0.011112477805328886,0.3797431232171216,0.42067828800540547,0.269941647689496,1.1116725145436164
1789407484.717,5.207793235778809,-0.3097936511039734,5.520508173226513,0.020631692997322336,0.45494124909418926,0.513531126664321,0.34056375658170346,0.49977435051764735
1789407484.884,5.082249641418457,-0.2927406132221222,5.676553748244651,0.008347119732881846,0.666221580501911,0.5617960333920533,0.3627503719286569,0.18984608540117429
1789407485.017,5.101500988006592,-0.30923765897750854,5.780966774581432,-0.021482882703116365,0.7378865538783669,0.5704444698147587,0.3648394076299759,0.06367571305160237
1789407485.184,5.217964172363281,-0.31997358798980713,5.814682765861042,-0.060377419460823825,0.6507405401086317,0.534122227246366,0.36173543138250164,0.019567465606778394
1789407485.317,5.530215263366699,-0.3347005844116211,5.3645212693999715,-0.2895511772305479,0.1717351699723977,0.37059338402260883,0.35708819622492216,0.009080071152489173
1789407485.55,5.85759973526001,-0.3221379518508911,5.364791928331958,-0.3054719938865547,0.493089534186343,0.2614312376807061,0.3578574623118307,0.013343522828990362
1789407485.718,5.433560371398926,-0.31078222393989563,5.348219460224136,-0.32219504782269626,0.086100660096907,0.18698065611471598,0.3588575355473873,0.013828234112474032
1789407485.95,5.178792953491211,-0.27399057149887085,5.210072397835521,-0.32527007642170436,0.06006655694826957,0.0,0.2797057572792223,-0.4186256278790265
1789407486.117,5.336724281311035,-0.23238283395767212,5.1621316837870825,-0.3262006447148268,0.19820281714805718,0.0,0.1896294179610365,-0.6010480879351001
1789407486.251,5.209749221801758,-0.179611474275589,5.188880121150942,-0.3224851687836025,0.14438979169021285,0.04300793745592814,0.04135647532635822,-0.8195241669656368
1789407486.417,5.220040321350098,-0.09692215919494629,5.348762569116719,-0.3204546654763233,0.25794611537010065,0.2838903919631291,-0.05724996027611429,-0.6559838055994264
1789407486.651,4.9885711669921875,0.07968123257160187,5.671265266329156,0.2633823257834793,0.7069775985961321,0.7467300339709864,0.4311633958074017,1.1273606037783614
1789407486.784,4.867181777954102,0.15924592316150665,5.327640395872847,0.03962022984839704,0.4757440964597285,0.43939992432283337,1.352956169073864,2.663467966800696
1789407486.917,4.945108413696289,0.22456470131874084,5.522539306483968,-0.21360090028319295,0.72485552379268,0.2871169551893953,1.9962285978113172,3.060554980680517
1789407487.051,5.2559709548950195,0.26914793252944946,5.39533223049284,-0.21523808498879898,0.5040350970948754,0.24800320281295307,2.493634061710404,2.411653120336929
1789407487.184,5.339975357055664,0.29550057649612427,5.350575866015616,-0.21061591313873862,0.5062274902358882,0.24012696116816895,2.809868157056319,1.6250742816563557
1789407487.351,5.0685882568359375,0.3053787350654602,4.948940545129596,-0.16255605691628666,0.48298917634204236,0.3260800615117434,2.9424081770978567,0.8398139504711
1789407487.484,4.89469575881958,0.31749820709228516,4.868008538884747,-0.15248208984608064,0.47073738667979687,0.346882052999543,3.0524005627791633,0.6204770802336586
1789407487.651,4.810892105102539,0.3238990306854248,4.732837749090994,-0.12002395784576778,0.4507328501882711,0.4142160494822035,3.0943844861457306,0.366871913242083
1789407487.784,4.777050018310547,0.32118621468544006,4.3221067109742926,0.005845203199080043,0.5535461736976331,0.5994285575359848,3.124573987132983,0.10483500178970358
1789407487.951,4.784858226776123,0.33692294359207153,4.36222571656923,0.045412136136625765,0.513416779572995,0.5254386893104579,-3.135928195334336,0.20623186598703308
1789407488.084,5.0010457038879395,0.32986199855804443,5.017527449212025,0.11740608510247748,0.21309425870062146,0.1949747081123645,-3.116376650574038,0.1790432434803704
1789407488.217,5.0268635749816895,0.31796330213546753,5.151057515417399,0.16592060037598536,0.1963189191068234,0.0,-3.09966703562058,0.13730595296437298
1789407488.351,4.950499534606934,0.30828359723091125,5.1121795768928235,0.20324924452803755,0.1928021040374789,0.06044134359024154,-3.0908127953147897,0.05633558506089153
1789407488.484,4.884613513946533,0.3020751476287842,5.007826873581033,0.2319154654372428,0.14178826819465234,0.20976965706997616,-3.07059504093886,0.13942717271809013
1789407488.718,4.8304595947265625,0.2958498001098633,4.574017921177461,0.2012221890900886,0.2733435872669665,0.32642145285133073,-3.0207013492066075,0.28337698401370687
1789407488.884,4.828115463256836,0.29459577798843384,4.449734001827751,0.20509935299392523,0.38882147631015446,0.3748029269247766,-3.001640116491431,0.1361615293964435
1789407489.018,4.855172157287598,0.29231202602386475,4.431713126782227,0.21897739938687116,0.42976216443579107,0.346330672375054,-2.983425294097829,0.11045617365898963
1789407489.184,5.111845970153809,0.30532896518707275,4.852074771499406,0.3078235419411516,0.2597831760594347,0.1478528055397262,2.8352790981339266,-0.730854381138553
1789407489.318,5.531313896179199,0.3183419108390808,4.9210135346344375,0.3294392908405982,0.6104012476597381,0.01721620398133486,2.0467030712924528,-2.287892030685388
1789407489.451,6.057913780212402,0.3320431113243103,4.934176591446749,0.3283995331903662,1.123743095674697,0.0,1.230043816544458,-3.147306780040214
1789407489.584,5.934137344360352,0.3142892122268677,4.920201860398941,0.3205708772667283,1.0139549422690008,0.0,0.6763077745446449,-2.6755450605571123
1789407489.717,5.277647018432617,0.3040156960487366,4.895683708109839,0.3095168403042622,0.3820029227909845,0.0,0.3504088178314708,-1.8585110103940736
1789407489.851,4.865932464599609,0.29766029119491577,4.872115609098521,0.3018185756790712,0.007451349256717749,0.0,0.19824087670132995,-1.14066625390359
1789407490.018,4.67973518371582,0.29413920640945435,4.85234628957711,0.2973635521380211,0.17264121834612547,0.0,0.050876720075934134,-0.8039930128524608
1789407490.284,4.699969291687012,0.26922908425331116,4.981208205314347,0.30321118127618,0.28328450267594174,0.21963273110890272,-0.021213339806035236,-0.0842997944259164
1789407490.418,4.75447940826416,0.2328416407108307,5.878307117126711,0.31367854783048693,1.1267312566712273,0.6206262145765684,-0.008343723006103865,0.08411810521290353
1789407490.551,4.826671600341797,0.18966341018676758,6.82120157887416,0.3468001019476009,2.0007103176526697,1.1496290906939248,0.007816812248124805,0.10501241220153329
1789407490.684,5.036700248718262,0.15476801991462708,7.1027750839150166,0.36624696371555027,2.0768698968169508,1.2290228025710925,0.022140181698781625,0.09983039967414317
1789407490.817,5.444618225097656,0.11046482622623444,5.62518108761275,0.8732765457003158,0.7838907236896283,0.6764748012550977,0.5048676501813105,0.7645963500257532
1789407490.984,5.401559829711914,0.04637119174003601,5.352412361839628,0.40590592505069983,0.36287835159324067,0.05222144294843034,1.3328846916883794,2.5359644398563885
1789407491.117,5.059945106506348,-0.006746768951416016,5.120323706398861,0.3549212475952791,0.36667332806982394,0.0,2.178961918475066,3.108728266174428
1789407491.251,5.0806427001953125,-0.030875712633132935,4.990659457742948,0.33736850191324436,0.37907886444527517,0.0,2.568380244497164,2.244581932403902
1789407491.384,5.019087791442871,-0.04510223865509033,4.893736551335379,0.33196257904186005,0.3973547660986598,0.12243138022829554,2.8612535729980397,1.5153575489125681
1789407491.518,4.9606428146362305,-0.048716314136981964,4.838361829404224,0.31503832748653887,0.3837578385544277,0.18289078550814197,2.221821300663704,-1.5310134395004473
1789407491.651,4.937040328979492,-0.022136777639389038,4.848942294037665,0.2892100909291404,0.3235709139092086,0.11021923302784296,1.3747897467155976,-2.8940261572792445
1789407491.785,4.935276985168457,-0.022159412503242493,4.917567914622787,0.23965749490325128,0.2624151371081555,0.0014181155049286936,0.6549655006220001,-3.050419351854712
1789407491.917,5.146788597106934,-0.007363706827163696,5.07749020745387,0.21428772750319236,0.2322318349176356,0.12876042673277266,0.18759514156061652,-2.3516274052186943
1789407492.051,5.1971540451049805,0.008944705128669739,5.500835827369374,0.04232109722280439,0.3055104064160501,0.3162002702163401,-0.1841412137983709,-1.864869843193935
1789407492.185,5.2075018882751465,0.017918676137924194,5.168408159718623,0.1123137285096743,0.10217017923404369,0.15880254504086766,-0.3587060299587712,-1.0920552969053232
1789407492.318,5.118040084838867,0.02549096941947937,5.144072186500721,0.06832553547565318,0.05012454853815456,0.09767657727277464,-0.46426152402224563,-0.6701464644674963
1789407492.451,5.0635881423950195,0.0300053209066391,5.101259154976037,0.03815939896004636,0.03854340641121698,0.02488694655429155,-0.49791214852954013,-0.2117613214343515
1789407492.584,5.040440559387207,0.03198187053203583,5.048334661216438,0.020464518909399577,0.013963030906279084,0.0,-0.5557619829543792,-0.3763482181840712
1789407492.718,5.213484764099121,0.020541682839393616,5.0048441262777414,0.01640287270666286,0.20868168462954986,0.0,-0.04336294221433068,1.0172979524477854
1789407492.851,5.631280899047852,0.001500830054283142,4.977376226161003,0.009432127551325048,0.6539527710035662,0.0,-0.2981782576427161,-1.5364599925724756
1789407492.985,5.744309425354004,-0.03575672209262848,5.051041234244107,-0.006730272143769396,0.6938755793378389,0.12114996787802236,-0.42279032073498346,-0.8058269608345648
1789407493.151,5.847061634063721,-0.11281847208738327,5.119835578442434,-0.016244718469065667,0.7336104046852299,0.20299637960430728,-0.47067490686432034,-0.3160954201942227
1789407493.284,6.183987617492676,-0.1884671002626419,5.167310069131832,-0.019204107241544335,1.0306712366935809,0.23008389907058457,-0.484157306157313,-0.0940135913253559
1789407493.418,6.088512420654297,-0.275246262550354,5.158083034778657,-0.009770673435038534,0.9675619517721046,0.16003128529302052,-0.4894370952687792,-0.03667115037133365
1789407493.585,5.70190954208374,-0.35783621668815613,5.1259695604981825,0.003955144257078259,0.6801469335690469,0.06898351285132558,-0.5123490088126417,-0.1513708482700099
1789407493.718,5.384952068328857,-0.3898533582687378,5.1421427269840425,0.008476621083674198,0.4665009632307267,0.07622620988346436,-0.5211691194352412,0.037137350356106096
1789407493.851,5.194690704345703,-0.40241533517837524,5.702545793859508,-0.19547286946300438,0.5483994675976919,0.38840766190473697,-0.47258388033806575,0.31599203033151807
1789407494.118,5.165611743927002,-0.39506852626800537,6.1139771570145385,-0.28883240464463,0.9542971603637257,0.6121555833565491,-0.4108850720571655,0.3877205012926279
1789407494.251,5.162935256958008,-0.38592541217803955,6.4722429258918455,-0.3186906767869535,1.311032830089342,0.7657696167901855,-0.3164331032393779,0.512364910882395
1789407494.385,5.208255290985107,-0.3762858211994171,6.991259163547285,-0.37513365236102214,1.7830042448252208,1.0208605843429879,-0.24935078855253812,0.42859763448672983
1789407494.517,5.270613670349121,-0.3686308264732361,7.109407052453197,-0.37252119971274555,1.8387974975710866,1.0091207289293556,-0.1966900880145297,0.3749888104834828
1789407494.652,5.431811332702637,-0.3827582001686096,6.60103562050018,-0.2708198506935265,1.1745704020018883,0.5898892398907128,-0.09982291844126223,0.6115909219505806
1789407494.785,5.527475833892822,-0.3723621964454651,5.767566519081368,-0.3039657263767158,0.2496429735285384,0.1039620461151135,-0.6232641492201942,-1.3342297029754704
1789407494.918,5.532780170440674,-0.36573463678359985,5.5401868415357125,-0.3194408223086938,0.04688257709797001,0.0,-1.3835414444882874,-2.8511328476060447
1789407495.085,5.489365577697754,-0.3606352210044861,5.421858668692683,-0.33434507482537484,0.07244552815417928,0.0,-2.0185956065949546,-2.955332847788763
1789407495.217,5.424354076385498,-0.3579815626144409,5.346589111592569,-0.3604779371408313,0.07780502319915816,0.06659392915352573,-2.39837155878258,-2.104318369448626
1789407495.351,5.322839736938477,-0.3563082218170166,5.281446126095987,-0.38269943234551895,0.04909100744269988,0.15203468593254657,-2.609387909986415,-1.3052591576208832
1789407495.485,5.2653326988220215,-0.35521969199180603,5.250405315006865,-0.39756491181658987,0.04489926981114802,0.17875368210425446,-1.9724518026753761,1.7105437365955494
1789407495.651,5.235323429107666,-0.35504162311553955,5.267242052274819,-0.4014974756554333,0.05636439248404127,0.13922826066564878,-1.1823405046073099,3.0223307055920183
1789407495.785,5.224228858947754,-0.3549867868423462,5.326465958340549,-0.40227400611880304,0.11264326699431244,0.13303392584454654,-0.6155391700711466,2.721373233410211
1789407495.918,5.210488319396973,-0.3552006483078003,5.463810079109634,-0.4032881083127281,0.2578455308002155,0.24635838635661533,-0.22285638651151052,0.7102632738540733
1789407496.185,5.360623359680176,-0.3562198281288147,5.494268410953921,-0.39404316196720046,0.13889421986753756,0.21988473148110135,-0.1681730821263696,0.29546598872224655
1789407496.318,5.366660118103027,-0.35561662912368774,5.473453156679166,-0.3916402340297991,0.11270516047970562,0.13584587139464666,-0.6563608172930238,-0.8640892327096369
1789407496.451,5.447518348693848,-0.3510148227214813,5.408882453871861,-0.38694737602748275,0.05276249383590806,0.01433420368200325,-1.4462323567498827,-2.5964338613300284
1789407496.585,5.714746952056885,-0.34984901547431946,5.359401138523113,-0.3714160843583947,0.35599969895524985,0.0,-2.1272942782214654,-3.022883945916474
1789407496.718,6.168549537658691,-0.3526759743690491,5.322470554280194,-0.3686976681504034,0.846230666418096,0.01754224028458229,-2.5173020933369257,-1.9206873949237395
1789407496.852,6.704958915710449,-0.3571320176124573,5.288914273023526,-0.3707748513066104,1.41611036186928,0.055770570638894276,-2.6558600152164873,-0.871283916230406
1789407496.985,7.175466537475586,-0.35965654253959656,5.256549306619087,-0.3730876626711175,1.9189642346500262,0.09168571897485467,-2.7285108400689584,-0.47397727376627286
1789407497.118,7.4960126876831055,-0.36597198247909546,5.229515386225702,-0.3737600653665193,2.26651068202838,0.1124910797053997,-2.770069770823898,-0.2733558980660706
1789407497.285,6.797979354858398,-0.3491818904876709,5.280149951222968,-0.36555524657267563,1.5179177136227686,0.0036003919179113664,-2.250575582938952,1.008524000822199
1789407497.418,6.658573150634766,-0.34916776418685913,5.314148325313895,-0.3572403723673254,1.3444490611183035,0.0,-1.4494488634108862,2.6531566779098563
1789407497.552,5.680299758911133,-0.35473906993865967,5.3539810946101465,-0.35102766465862006,0.32633976956591193,0.0,-0.7462853932608606,3.056851317430156
1789407497.685,5.174102783203125,-0.3573189675807953,5.46364782829145,-0.362447721889749,0.2895904647186463,0.11296209853697546,-0.34469388984271765,2.1596113674552986
1789407497.818,4.952221870422363,-0.35885411500930786,6.254607247083886,-0.4011832711176694,1.3030730703988254,0.528080645093384,-0.16204510920325577,1.1123682842976776
1789407497.918,4.911543846130371,-0.3593543767929077,7.371120708030075,-0.46604457877035843,2.4618897495197434,1.2001045253301608,-0.08479775064527262,0.4533689652775663
1789407498.085,4.99146842956543,-0.3339582085609436,8.56284397824289,-0.4875293002487882,3.574675844030257,1.8596970465470313,-0.043474036007089545,0.18779452870728366
1789407498.218,5.141999244689941,-0.3175652027130127,9.482738858981305,-0.449845368332175,4.3427547065537295,2.284668255436959,-0.014783788551914867,0.09586082894739903
1789407498.352,5.23261833190918,-0.30798637866973877,6.983026276084627,-1.7389433531887055,2.260877226643895,1.631103851926591,-0.49342361670780743,-0.8506574904136666
1789407498.518,5.291309356689453,-0.302402138710022,6.297360385665772,-1.2845304284283616,1.4059568451305253,1.0809598692546296,-1.2006032326446578,-2.4730147527650113
1789407498.651,5.297082901000977,-0.303072988986969,6.120101743463202,-0.7630842533664569,0.9428522569331194,0.36242190151426923,-2.1103817409254875,-3.1460570064827174
1789407498.818,0.8710556030273438,0.16503062844276428,6.010375125141317,-0.5486183217059665,5.1886318017787865,0.24043749812979576,-2.5692750317064723,-1.3920225187218502
1789407498.951,0.8851149082183838,0.12911877036094666,4.623298679259391,-0.8307317932058828,3.8594469824644473,0.8063625733735732,-2.753365147596483,-0.09242849428961034
1789407499.085,1.0597426891326904,0.13510817289352417,4.3239052768611,-0.8339113514231663,3.4049605339317477,0.8928832963211689,-2.7812830208006716,-0.047622725249166435
1789407499.252,1.1712284088134766,0.14990362524986267,4.409416835686117,-0.7154259744112617,3.351814374929135,0.7375779668135013,-2.8038294732508713,-0.0818465664874827
1789407499.385,1.3100943565368652,0.1574110984802246,4.62502000120744,-0.5738776665805033,3.394630360966959,0.5181321580020313,-2.838925579092855,-0.19276790820079048
1789407499.552,1.4393079280853271,0.14640989899635315,5.1677091587284005,-0.3929892934620725,3.7672174380417154,0.28734263119176584,-2.8791057808829756,-0.2070301178081536
1789407499.718,1.4757027626037598,0.12188901752233505,5.215801768076401,-0.3782986715406631,3.773397447265212,0.14701890371023169,-2.4025691545049144,0.9106013217893021
1789407499.851,1.5212383270263672,0.09845240414142609,5.085157135479807,-1.952701516967208,4.112025009812989,2.2094423533667356,-1.7880828787476226,2.629871479499437
1789407500.018,1.5766692161560059,0.0674210712313652,3.1210279658976905,-2.836793320375419,3.289301625013988,2.295763581921167,-2.022781120061494,3.6902416095650423
1789407500.152,1.656704068183899,0.038627348840236664,2.0771845061583973,-2.363680497584135,2.438828978774717,1.8436192874794277,-2.0626122426777456,2.9229166093097634
1789407500.318,1.7650377750396729,-0.0010017752647399902,2.0605634161377875,-1.520254143578275,1.5477283880489938,1.1718814625103544,-1.7768530563197318,2.8113851044220617
1789407500.452,1.8595811128616333,-0.022725403308868408,1.8740049153123706,-0.8394353286188108,0.8168372837823391,0.6597914188898424,-1.5272138530547268,2.142716190106644
1789407500.618,1.9806174039840698,-0.03630409389734268,1.569669013539112,-0.10792928680398856,0.41714355786493423,0.2826429430843867,-1.538124228002665,0.06473899698834266
1789407500.752,2.055967330932617,-0.031816281378269196,1.5648539818680898,-0.016618121830916793,0.4913484564776846,0.06640820645133497,-0.9547341654642789,1.6214315216457051
1789407500.885,2.11576509475708,-0.016859710216522217,1.5599232411127801,0.0338223151913994,0.5581476811401984,0.0,-0.22895209154566354,2.9864585361541978
1789407501.052,2.1904232501983643,0.008077248930931091,1.5665628764995054,0.04439204541451936,0.6249164186635875,0.0,0.3625826075337435,2.687787025720866
1789407501.185,2.238600730895996,0.028052449226379395,1.6034365307788592,0.04289345588499379,0.6353375611350893,0.060639324410550643,0.5528690986831069,1.1497372949165239
1789407501.318,2.300497055053711,0.03927421569824219,1.6775975685682871,0.04061700704499126,0.6229009338188582,0.1632907258353623,0.5134903119218954,-0.21508355225454578
1789407501.452,2.377047300338745,0.03757862001657486,1.7643186378579832,0.03756126602703956,0.6127286627265158,0.2589736216392474,0.4166489138396767,-0.6303612971285997
1789407501.718,2.5401411056518555,-0.005122631788253784,2.246628903768168,0.08810292797664847,0.30796171458168264,0.3690458840464598,0.25288952230571704,-0.8966023465563056
1789407501.852,2.4918363094329834,-0.04215042293071747,2.430183102037087,0.017677591913159315,0.08590989082963922,0.446298907809611,0.11205817123115303,-0.916407825844537
1789407502.018,2.4735636711120605,-0.09430108964443207,2.5649831222312987,-0.04213867776137835,0.10525413652868996,0.49371538660226133,-0.0072349229298733775,-0.781051870356749
1789407502.152,2.4666056632995605,-0.1318148374557495,2.687476648369723,-0.05878871773214997,0.23263019195226878,0.5189941383999008,-0.08284831673999538,-0.41828525902201347
1789407502.318,3.0085105895996094,-0.1678740680217743,2.7362153518035552,-0.01118810556504477,0.3141579019496427,0.5161470157470394,-0.06286604986811373,0.12866406361128682
1789407502.552,2.489335060119629,-0.1900646686553955,2.885507671324509,0.06502989988406266,0.4711963250782261,0.512146512227025,0.03365339981923032,0.324050178180958
1789407502.685,2.394101142883301,-0.19306492805480957,3.1285326328617837,0.1024700870031153,0.7916631598080729,0.621653407216569,0.0777923271464167,0.29633348025707834
1789407502.852,2.44400691986084,-0.1849423497915268,3.1392990702319166,0.13312132277998368,0.7645885652933301,0.5804393537293797,0.13254943130073205,0.37375524603742616
1789407503.152,2.394749164581299,-0.12787438929080963,2.870050227714274,0.038356737682728514,0.5035314172822081,0.3114155216587433,0.16071388374542517,0.019406728744789818
1789407503.418,2.286134719848633,-0.05043230950832367,3.286121244216385,-0.0010109645898498183,1.0012070306638121,0.5141801906242793,0.13289471873107717,-0.11690254223019166
1789407503.552,2.2319231033325195,-0.01866212487220764,2.7436638143162293,-0.12316710582112368,0.5223024471714125,0.2466182159502785,-0.007093137631656976,-0.510570165373361
1789407503.685,2.1849379539489746,0.0024641454219818115,2.6048203869390756,-0.1450249445811293,0.44503290800078193,0.0,-0.04273055935606207,-0.22594104668070447
1789407503.952,2.0930938720703125,0.011497929692268372,2.5278882536017275,-0.159464230842443,0.4671982604269649,0.0,-0.5890125335536589,-0.854006048414783
1789407504.118,2.016587257385254,-0.0019979774951934814,2.49383319794628,-0.15825146326879544,0.5021741128317743,0.0,-1.4329648992584714,-2.571014928200508
1789407504.252,1.9645915031433105,-0.022537022829055786,2.4611672449546114,-0.14363155832914654,0.5111275319168656,0.0,-2.266529391608197,-3.0985881466081397
1789407504.385,1.8985716104507446,-0.04447019845247269,2.42603247500631,-0.1263419467182124,0.5337770572081505,0.0,-2.6700333917743104,-2.1323066060845703
1789407504.552,1.8141976594924927,-0.06317993998527527,2.382647274067704,-0.10862188597336485,0.5702630399788249,0.034667063737918946,-2.8227121403888424,-0.9365497650604296
1789407504.685,1.7569658756256104,-0.06670588254928589,2.2651768846592937,-0.07299316001807184,0.5082498987319172,0.16866414963082427,-2.9116159788834852,-0.25365330824902066
1789407504.818,1.6990193128585815,-0.059512704610824585,2.2036900863571924,-0.055933821778232036,0.5046834631984841,0.2254573356424792,-2.9789262627814495,-0.4386881649944122
1789407504.952,1.6367241144180298,-0.039997875690460205,2.1398618871972372,-0.04212888010360119,0.5031422856181244,0.2769581173720295,-3.0535580293434768,-0.48450363207323316
1789407505.218,1.5028653144836426,0.030550330877304077,1.7223105608368576,-0.0031994964757421996,0.22202537466105912,0.336431033061055,3.12349852798683,-0.5856145261120601
1789407505.386,1.4223809242248535,0.07623854279518127,1.6242704847738718,0.04151471767883671,0.2048539447737978,0.3722951352994063,3.0371055643594467,-0.5714757592580797
1789407505.652,1.3017220497131348,0.1284351944923401,1.4199901794862033,0.06714641430559581,0.1332053493550407,0.42760472244552183,2.9402641072241504,-0.12895044182554477
1789407505.785,1.2426533699035645,0.14209237694740295,1.3389841434652427,0.04385626232940147,0.13758616264084286,0.4388327970985403,2.9599888059807427,0.12248618344419358
1789407505.952,1.1817892789840698,0.15102797746658325,1.2674342874679247,0.02701689880702494,0.15071103180758447,0.44474917234598227,2.988343174371181,0.18086557999303401
1789407506.218,1.0515589714050293,0.14106644690036774,1.1167950337024115,-0.004180103210449953,0.1592240689819294,0.4615773579649243,3.0712955922523326,0.2799617610314025
1789407506.519,0.9434331655502319,0.1367044597864151,0.9421077235237054,0.046850146247739484,0.089864088812341,0.48413513988217954,3.0950914794008444,-0.06023672146541913
1789407506.752,0.8655061721801758,0.16218020021915436,0.8223242358338958,0.19323810448826922,0.053190911293224515,0.4894352344578324,2.97066422447479,-0.4695092760261102
1789407506.885,0.8074991703033447,0.20409542322158813,0.7613252415238565,0.22043292146305837,0.048979031714839916,0.48914624772417414,2.9353635215571963,-0.22337291766922335
1789407507.019,0.7585161924362183,0.2233748435974121,0.7282752179947406,0.22290279214788492,0.030244658499330192,0.47434901098397636,2.9328942290902953,-0.007499634135267855
1789407507.152,0.7150049805641174,0.24296388030052185,0.6650986994811269,0.2269533684339969,0.05241157679141696,0.46511809550492406,2.9449705125261882,0.08245161671342982
1789407507.319,0.7079868316650391,0.24266763031482697,0.599898923097772,0.2512281016057121,0.10842636970390526,0.4629292038832173,2.9348299244072056,-0.07037739051135808
1789407507.452,0.7122137546539307,0.24285568296909332,0.563479880311582,0.24205390042866842,0.14873603541888455,0.4515105691179109,2.9404050326339526,0.03135274237509154
1789407507.619,0.7143188714981079,0.24264857172966003,0.524923408901634,0.1790319274256514,0.19979419081803929,0.4318409465237309,3.0287510186571778,0.4849148516502945
1789407507.752,0.7142678499221802,0.24294374883174896,0.4819584504149848,0.07471444946546671,0.2868253026925343,0.404380313294824,-3.0575080836157884,0.8726110446204399
1789407507.886,0.7138619422912598,0.24240627884864807,0.42373840819055814,0.05275337328532521,0.34661201598861463,0.3937444301151352,-2.9593029232333783,0.6610338469678231
1789407508.019,0.7135810852050781,0.2424139827489853,0.3917541241956613,0.06206409768026957,0.36891553759208306,0.37970194349124103,-2.9069336938423422,0.3591676552977187
1789407508.185,0.713634729385376,0.24210704863071442,0.36586313367518747,0.08357944806644414,0.3821990095794017,0.36091673905110955,-2.8887207262919925,0.13605282855410553
1789407508.319,0.7139042019844055,0.24235941469669342,0.6835704889158232,0.18954692911854068,0.060903963594085356,0.30634353013946936,-2.8890372034501173,0.00754073359969989
1789407508.452,0.7140688896179199,0.24253705143928528,0.677826930985719,0.20040785986815812,0.055572910198539126,0.24631886232207564,-2.8957001736792014,-0.03832045704582506
1789407508.686,0.714295506477356,0.24176771938800812,0.6764363742470481,0.2091160918308627,0.0499944264429794,0.18008358111691825,-2.9041110319180765,-0.04332956462762012
1789407508.819,0.7640831470489502,0.09767340123653412,0.6825327062855531,0.2173354652741383,0.14480843883712036,0.13076250731695854,-2.9080756385024022,-0.024417943121320403
1789407508.985,0.797144889831543,0.039745770394802094,0.6882048983131424,0.22349875723488458,0.21361901114994594,0.09257790894260662,-2.9102369389104363,-0.013119592845105348
1789407509.119,0.8370491862297058,-0.0068937987089157104,0.693591834370075,0.22829144842966714,0.2754852305917945,0.06309805734486965,-2.9110422085838152,-0.004689830049179596
1789407509.252,0.8650683164596558,-0.05590544641017914,0.6982345637964297,0.2318560573290165,0.3326261926877341,0.03778094218146394,-2.9110697913775763,0.00013714345309419205
1789407509.385,0.8782851696014404,-0.10006856918334961,0.703123937555436,0.2348518830689944,0.3779592128111033,0.021273889853567065,-2.910671250167731,0.002795682063911403
1789407509.552,0.8884899616241455,-0.14090220630168915,0.7068080117097808,0.23710001917528553,0.4193972024110692,0.010363439870266333,-2.91022412627897,0.0030486750945712578
1789407509.685,0.9301714301109314,-0.16993653774261475,0.7095250168173578,0.23856013216337105,0.46427833141726355,0.0034373035501130316,-2.9098983512270356,0.0021909435552898916
1789407509.852,0.9930609464645386,-0.20416265726089478,0.7114372554311629,0.23957368172384044,0.5255605025939811,0.0,-2.9097590271529024,0.00114530530678767
1789407510.019,0.9959705471992493,-0.22721520066261292,0.737265691567003,0.14807213538702646,0.45581661545728713,0.06128225438835193,-1.591422181405941,2.7196799121483437
1789407510.152,1.0010355710983276,-0.24195264279842377,0.7632344929586051,0.08537444497385213,0.4045891436431453,0.1457497362603833,-1.1075782609177214,2.5585034033219394
1789407510.319,1.016847014427185,-0.25423169136047363,0.8044602868042693,0.017891989815866767,0.3451947565177275,0.2477357655996974,-0.8010357050429286,1.8278855430471632
1789407510.452,0.9912829399108887,-0.25951865315437317,1.1202975375215403,-0.23228241992937204,0.1318581768299752,0.32872792739335865,-0.7000745926022112,0.6506069615510015
1789407510.586,0.9630837440490723,-0.2609037160873413,1.1444133796836076,-0.3456680461494545,0.2001635041915289,0.36468541069375404,-0.7429654727780166,-0.23009822271867808
1789407510.719,0.9379346966743469,-0.2607252597808838,1.1557017673071706,-0.4321772155300415,0.2771610906714944,0.38232221376150544,-0.8233151986252469,-0.5314005748745301
1789407510.886,0.9069338440895081,-0.2578434348106384,1.2022684916236226,-0.5169227776523381,0.3928672293808515,0.3944979043647459,-0.9011553252669993,-0.4332218123155765
1789407511.019,0.8878945112228394,-0.2518737018108368,1.0078178183604596,-0.2426844837588049,0.1202748574026666,0.36487397873775046,-0.9248025356961578,-0.1314388550126012
1789407511.152,0.8583600521087646,-0.2457987666130066,1.0210118096271128,-0.2624424441237873,0.16350108936912436,0.327018631260921,-0.9179303023100109,0.04657718090693564
1789407511.452,0.8234512805938721,-0.23257505893707275,1.0362580081920347,-0.28108531283090626,0.218265773871862,0.2799127795285579,-0.9045783131980007,0.07386323410527787
1789407511.719,0.8301081657409668,-0.21724697947502136,1.0162497866642073,-0.2820569275223001,0.1971015789024084,0.1588048747836776,-0.8974209973171785,-0.017206747561603352
1789407512.019,0.813532829284668,-0.21268963813781738,0.975766642929101,-0.250442807962279,0.1665686408703969,0.020340172760946185,0.4862693371483511,2.5267155114679687
1789407512.152,0.8085843324661255,-0.21252918243408203,0.9153970934770188,-0.2483656057622462,0.11266416977782068,0.0,1.6751961303576177,2.3244848233248976
1789407512.286,0.8170794248580933,-0.21213674545288086,0.8945874472639118,-0.24667066295715276,0.0848533145814159,0.0,1.9299558443529383,1.51976676664481
1789407512.452,0.8244315385818481,-0.21276581287384033,0.8736613667304908,-0.2379049283136884,0.05527703957922216,0.025123992083948426,2.107376714054647,0.9647050111636167
1789407512.586,0.8272424340248108,-0.21248939633369446,0.8565988439192128,-0.22698569153112164,0.03274051582274011,0.049449473305589554,2.191692452314073,0.5567598746435921
1789407512.753,0.8193124532699585,-0.21285459399223328,0.8450228478106268,-0.21811477884263877,0.02624297871997879,0.06151810588135999,2.2404069106330704,0.3207652412548154
1789407512.886,0.816167950630188,-0.21275103092193604,0.8323950885089744,-0.20981380857974802,0.016490824079608397,0.06826735962020161,2.281099547831026,0.2261810025941297
1789407513.052,0.8112344145774841,-0.21297481656074524,0.8228343151850953,-0.20560563947148008,0.013742724077831465,0.0685870021957768,2.297756926005663,0.11011974831247828
1789407513.186,0.8086627721786499,-0.21402466297149658,0.8151896803046126,-0.20331192610350507,0.012544451398430396,0.06481544283753375,2.299264956456536,0.009605502426795537
1789407513.319,0.8146347403526306,-0.21132731437683105,0.8134630631579644,-0.2033095952267369,0.008102878983317456,0.05280808017600183,2.301207029137137,0.01270716508833169
1789407513.486,0.8158769607543945,-0.19807198643684387,0.8153227633143874,-0.20474814380306897,0.006699120239338303,0.035037665076315685,2.307848634472011,0.037037739309913144
1789407513.619,0.8155053853988647,-0.18071773648262024,0.8186130826337414,-0.2069545980072669,0.026420270338646128,0.02162622903649131,2.307545386808272,-0.0019464269913855806
1789407513.786,0.8885611295700073,-0.1571216881275177,0.8182346537575321,-0.2079224900998192,0.08675560316908441,0.015211934508427755,2.3040243483637175,-0.01956916491369194
1789407513.919,0.9711438417434692,-0.1389005184173584,0.8172283305095245,-0.20873489690856448,0.16901723290143997,0.012196682792653768,2.3066169203439095,0.017276288266387777
1789407514.052,1.0803890228271484,-0.127266988158226,0.8147823024320501,-0.20896202686587473,0.27788668422305557,0.01133199119125431,2.303620242980097,-0.016746056123138415
1789407514.219,1.1996700763702393,-0.11292313039302826,0.8125725311056805,-0.20966517205646354,0.3990031731390829,0.010418529884155123,2.2721962485283935,-0.20861338840642688
1789407514.352,1.2847106456756592,-0.10258911550045013,0.812988627915528,-0.20986148349688422,0.48376546277638705,0.007618611481555768,2.2089182984997677,-0.4206036799683188
1789407514.487,1.3295519351959229,-0.08320459723472595,0.8125370788888104,-0.20471273314523655,0.5311012979975771,0.012873107397526735,2.0630276607410742,-0.8061302535816727
1789407514.619,1.3784751892089844,-0.05635048449039459,0.811357764087709,-0.19406758499499063,0.5835993262912308,0.02609268140042148,1.8738605395958077,-1.2503615644924582
1789407514.786,1.461843729019165,-0.004687085747718811,0.8318255058313834,-0.17910224321024776,0.6537152351761187,0.03611885009763313,1.6019211412996386,-1.4884265951194644
1789407514.919,1.5772473812103271,0.04470086097717285,0.8704796012370017,-0.1608665700975915,0.736056155145177,0.057990270202815775,1.346332778712453,-1.6678401601070305
1789407515.052,1.6708225011825562,0.09009154140949249,0.9321815726895545,-0.1379520107867132,0.7730422258475064,0.10580358216006563,1.0861003148375952,-1.684230581948846
1789407515.352,1.827434778213501,0.149501770734787,1.0249528346440078,-0.10208434772752044,0.8409951514473799,0.2081031674268402,0.7893662251601432,-1.6072853721422646
1789407515.653,2.0488383769989014,0.14979282021522522,1.59237909770447,0.07930796842318462,0.4618692325606216,0.39170766166328086,0.4698666463052268,-0.9425272331350674
1789407515.786,2.149385929107666,0.1385287642478943,1.913583532139061,0.10956945776512392,0.23757401341077392,0.5075866923804638,0.2784116684472675,-0.47846182601506776
1789407515.919,2.2468905448913574,0.13443073630332947,2.0993015142849076,0.1211191081946785,0.14818812839851442,0.5797868441699593,0.21836654420625878,-0.4010118281542818
1789407516.052,2.319636106491089,0.14512673020362854,2.2655610481409063,0.14126448016262785,0.0542128113175738,0.6357460788722612,0.17357559316721316,-0.3051486704129903
1789407516.186,2.4086954593658447,0.15683603286743164,2.373482345065661,0.16467174729062795,0.036074393123650586,0.6542024150877649,0.14726049896451743,-0.1863573885086122
1789407516.353,2.5503554344177246,0.17767459154129028,2.456281897179302,0.16411420444470892,0.09504585475841644,0.6530892308087016,0.10943434987177492,-0.22338300417083273
1789407516.486,2.66395902633667,0.19845938682556152,2.518842125891725,0.19319047274958398,0.1452125209831719,0.6443228395893069,0.10684946906868209,-0.026626231526471283
1789407516.752,2.8576478958129883,0.1845790147781372,2.6916518518653003,0.2534984718043835,0.17973474389520622,0.6658328396186708,0.13928135089362037,0.1797479086085762
1789407516.919,2.9696197509765625,0.14033344388008118,2.808814467662789,0.2611695560270932,0.20114597967751746,0.6831476203366602,0.1474751072295568,0.061297512444591314
1789407517.052,3.0832881927490234,0.081940196454525,2.983982780904603,0.22556561211884832,0.1746133581554963,0.689906200445422,0.10876752972933801,-0.08972718368508949
1789407517.186,3.230884075164795,0.0299750417470932,3.0781934042368646,0.18002328264539838,0.2140768917587728,0.6848348575344984,0.06379453161425186,-0.2937391737625409
1789407517.453,3.272865056991577,-0.06298871338367462,3.231473864145607,0.045887600733771544,0.11647867882583965,0.7038124993855935,-0.07525012147584098,-0.7741002565559294
1789407517.619,3.29457426071167,-0.12758959829807281,3.3411255245976363,-0.0436346730897247,0.09599713347866283,0.7256532778241218,-0.18212910427524065,-0.7269947441540164
1789407517.753,3.383063316345215,-0.17748111486434937,3.5267785319462006,-0.14924901127898701,0.1464619912062254,0.7378890565067968,-0.3375009730715979,-0.4460279346358403
1789407518.019,3.726408004760742,-0.26206690073013306,3.654988855293507,-0.13371215152550747,0.1468864750547361,0.7324987871181347,-0.33710484980905253,-0.010084403229081242
1789407518.186,3.7505578994750977,-0.27742940187454224,3.776088029462127,-0.17073239697551082,0.10970888018560099,0.7503228050764604,-0.33658143401704654,-0.0003455434828196506
1789407518.319,4.01361083984375,-0.2732817530632019,3.8841634603129176,-0.46180883746839896,0.22868993336332857,0.7836917810630177,-0.5061681013512973,-0.8924255158215324
1789407518.453,3.84460186958313,-0.24430197477340698,3.619360939531785,-0.6114731476689664,0.43075299972942216,0.7263715501556651,-0.7840679262543837,-1.7853328140763964
1789407518.619,3.608252763748169,-0.19964684545993805,3.289360763700711,-0.6997113431722903,0.5930907262523797,0.6603548770952961,-1.2557366664528327,-2.4901723895461245
1789407518.753,3.5404725074768066,-0.1582069844007492,3.9042487188103525,0.04477878297540469,0.4165769481013978,0.6277073060728863,-0.6461705946522334,2.6698929674601235
1789407519.019,3.5181021690368652,-0.09757790714502335,4.024653758796849,0.1163881856506954,0.5498872629499916,0.6423052041088502,-0.08238833586160732,2.9352231489325016
1789407519.286,3.611935615539551,-0.0964946448802948,4.402177983365513,0.1566305513796507,0.8297923625153576,0.7413344427092327,0.3992890334778587,0.8732594037654252
1789407519.419,3.4330787658691406,-0.10073297470808029,4.681835197834131,0.16455473033477186,1.2766245308707007,0.843746646810425,0.4110942782841649,0.1440730105373519
1789407519.586,3.66330623626709,-0.09806595742702484,4.5729373499016654,0.1013204718426206,0.9312269922360378,0.6958511566691182,0.4138803713094181,0.03463348735147325
1789407519.719,3.1357150077819824,-0.0879746526479721,4.168644073682645,-0.03261659081225416,1.0344114124431454,0.3613843436899693,0.42593224695862153,0.03721190234770201
1789407519.853,3.284173011779785,-0.0648481622338295,3.7341974382746224,-0.18416683691364993,0.4655737649066536,0.1318760472671701,0.4585718096113638,0.18720106431836406
1789407519.986,2.8442580699920654,-0.04412110149860382,3.6579744967723373,-0.17424210370523915,0.824054548211047,0.0019366311171294393,0.4379508672409935,-0.154563989929557
1789407520.153,2.62545108795166,-0.020413458347320557,3.6038448413032342,-0.16035453890716786,0.9883510725575394,0.0,0.3794141649960454,-0.3948794403929063
1789407520.286,2.5023140907287598,-0.013367950916290283,3.5765025271042212,-0.12499769131274394,1.079973145862312,0.05629520219571577,1.684473119157266,2.7225192829648788
1789407520.419,2.378143310546875,-0.02271011471748352,3.530967113325919,-0.11636569006959584,1.1566218427163093,0.052987212776644095,2.371304293884341,3.0384458060568047
1789407520.586,2.2248077392578125,-0.0404074564576149,3.566918821572815,-0.114338325195835,1.3441457996159252,0.005116528540471628,2.7934747373748188,2.0623407820485844
1789407520.719,2.094597816467285,-0.05846228450536728,3.4041148557715086,-0.07726940805611394,1.3096520851448876,0.28413850504172333,2.8971421972529336,0.6434845175664234
1789407520.853,1.9776549339294434,-0.07658202946186066,2.9940475506427204,0.006666301910216967,1.0197961737452723,0.3453670086343495,2.9202332227696557,0.1475200511080045
1789407521.019,1.8405356407165527,-0.06812381744384766,2.4513896010351917,0.19212316282396097,0.6639812132699828,0.6784096762028347,2.870200017902297,-0.3498635720656411
1789407521.153,1.703172206878662,-0.047224074602127075,1.9365711431239732,0.3752836921142855,0.4826881771663082,0.9505983875623536,2.8109589872504106,-0.3606126218534112
1789407521.286,1.552668809890747,-0.026460304856300354,1.6274121772164305,0.46760942175886333,0.49969137046457446,1.0718532122308002,2.7838570660384994,-0.22963793977581784
1789407521.419,1.4392805099487305,-0.010330066084861755,1.4688985781867894,0.6003519181231544,0.6113998002963315,1.1088702343881336,2.7226704166021296,-0.4776711069875456
1789407521.686,1.173482060432434,0.0109177827835083,1.366709325237508,0.6954299917695276,0.7112620755494911,1.0814088401641149,2.6359820596366106,-0.567135532903976
1789407521.819,1.0550000667572021,0.01846376061439514,1.2961211427218235,0.7006728958043323,0.7235666364689148,1.0344949540843704,2.5919502325331747,-0.39731428623629084
1789407521.953,0.9407145977020264,0.027711868286132812,1.2645833630572398,0.7003185475313228,0.7465190701770131,0.9682662097676724,2.5434552596993836,-0.4331313899884313
1789407522.086,0.8200923800468445,0.050131723284721375,1.1682782214659726,0.6289796357930607,0.6754985462456661,0.892915327743579,2.540372372224761,-0.11244985409526866
1789407522.186,0.8104100227355957,0.07369224727153778,1.0362990751079373,0.5481421667195997,0.5254793906957217,0.8604088497990144,2.582413661190764,0.19086902550159862
1789407522.32,0.7398877143859863,0.12440996617078781,0.8771415368339233,0.513916591069176,0.41298186717615515,0.8635434900456205,2.629071697673891,0.2244705244240544
1789407522.486,0.5808205604553223,0.16145719587802887,0.7309282974496643,0.4848221237064779,0.35650695540909244,0.8636642905201511,2.672623614336178,0.21196710299028884
1789407522.62,0.5522634983062744,0.16221942007541656,0.5878407624743898,0.488488440801029,0.3282030097530155,0.8717607614613287,2.6966580411182264,0.08503762422706498
1789407522.786,4.719464302062988,0.41443878412246704,0.4530013372841897,0.5237697125883956,4.267863573469555,0.8841046816572821,2.692900990837563,-0.09874236520335607
1789407522.953,4.8189802169799805,0.41147080063819885,0.334928834507052,0.5533723916106608,4.48629611842307,0.8850243572143909,2.6766692216579475,-0.18020251314479055
1789407523.086,4.7877583503723145,0.4114163815975189,0.08715930438943748,0.5404776588675078,4.702370487784399,0.8726647765151377,2.6836532286652783,0.006240671383534308
1789407523.253,5.505021095275879,0.40547648072242737,0.1621248977117772,0.3994409212636093,5.342899606573468,0.8254372674618408,2.7266924589586328,0.3091146718027645
1789407523.386,5.073719024658203,0.3868356943130493,0.06740122014871447,0.33335358725928504,5.0066034689721155,0.780300503659231,2.815072378087071,0.5602707700798435
1789407523.519,4.948212623596191,0.37480276823043823,-0.18369009539705428,0.3010955001763156,5.132432004281622,0.7826581803543047,2.924639054397793,0.5960489628630066
1789407523.686,4.856577396392822,0.34460628032684326,-0.0605834109634429,0.2593470184509639,4.917899912273138,0.7273203341849384,2.97530321951006,0.327250435091341
1789407523.82,4.762599945068359,0.3537595570087433,2.4601334974167335,0.12126636543982063,2.3141747614835406,0.0,-2.737309552186949,1.8122345653635683
1789407523.986,4.683465957641602,0.3357989192008972,3.608408278324553,0.16844844910163176,1.088005144151903,0.0,2.9836430470458017,-2.5622596705534213
1789407524.12,4.667105674743652,0.3534081280231476,4.154439834443508,0.2275353805726366,0.5278922355570246,0.0,-3.081907102774076,1.4460910193790577
1789407524.286,4.6786651611328125,0.3433009684085846,4.793157923881302,0.3127446102725726,0.11850014238100363,0.0,-2.36668525127821,2.4274969073476855
1789407524.42,4.709183692932129,0.3389095366001129,4.918920848703299,0.3496344077039989,0.21001118391927348,0.0,-2.582396210823312,-1.2833977222053266
1789407524.553,4.742888450622559,0.33784711360931396,4.932393396666702,0.3591125239365927,0.1906943686939428,0.0,-1.952977312344848,2.988267448051973
1789407524.72,4.78618049621582,0.3132534623146057,4.907515520883261,0.3485520278914736,0.1263652521179493,0.029436533397100104,-1.3990745111635885,2.6560850232807622
1789407524.82,4.781979560852051,0.2789076864719391,4.867389077139043,0.3474000069967082,0.10948051627228327,0.021354976004544553,-1.0701974269298224,1.9852642831241798
1789407524.986,4.77197790145874,0.2297164797782898,4.8135714535798755,0.35094536904091367,0.12816578002689766,0.0,-0.8114786142124446,1.4019500804908493
1789407525.12,4.778309345245361,0.2033340036869049,4.764820160653797,0.3632061234013512,0.1604401843770305,0.0,-0.6686892672285145,0.933520000585744
1789407525.386,4.754551410675049,0.14805449545383453,4.734176808714292,0.36420455256632955,0.21710820250463625,0.0,-0.5476444204983513,0.6716562026529167
1789407525.52,4.887620449066162,0.13331694900989532,4.726689121806213,0.3577072572841366,0.2761338489592647,0.0,-0.5047574162251092,0.284160387939299
1789407525.653,5.136301040649414,0.12808603048324585,4.734821082623386,0.34984503428479646,0.4586536955739457,0.017522515984032525,-0.46577186643971835,0.25915472704684134
1789407525.786,5.393435955047607,0.12750166654586792,4.761516144897066,0.33292762280380966,0.6644715719766993,0.06324209903479291,-0.43989816329912435,0.14343794993005654
1789407525.953,5.1687750816345215,0.10869628190994263,4.776642246585894,0.31340740223551394,0.44235144750325484,0.08782552310347365,-0.4467998478543693,-0.05631922771062138
1789407526.053,4.9165425300598145,0.10461267083883286,4.788316422595339,0.28402238935358803,0.22052161284789037,0.1024184048872828,-0.4801063534129022,-0.1828872682751166
1789407526.186,4.729905128479004,0.10242919623851776,4.796894079018567,0.2557389447192759,0.1673063013565996,0.11396112721947631,-0.529357179750142,-0.3235840904845238
1789407526.32,4.706751823425293,0.1024341881275177,4.808312285170669,0.2241075699001241,0.1584895555609784,0.13072229057901857,-0.5502184983466627,-0.1351439618026039
1789407526.453,4.727672576904297,0.12507767975330353,4.8006025918157045,0.19934065572401188,0.1040854296960153,0.11248607764743888,-0.5424100545539416,0.05686010943031554
1789407526.586,4.925411224365234,0.13279050588607788,4.8484954512183265,0.16762393233821246,0.08443579665747737,0.1805436728784037,-0.5089799499949006,0.22144926028790868
1789407526.72,5.2635602951049805,0.13917240500450134,5.307509750418985,-0.02891951093775032,0.17374247272194182,0.36158769784817335,-0.475714987602851,0.21376877762425847
1789407526.853,5.683687210083008,0.14595723152160645,5.726816346704034,-0.14197747917324022,0.2911469045835799,0.5959576563859347,-0.4306020707222058,0.2764811663770425
1789407526.953,5.846820831298828,0.15095649659633636,4.976976843562642,-0.2656438186766272,0.9644606708862336,0.5047373485109867,-0.9675336735247986,-0.8326393071559578
1789407527.086,5.890501022338867,0.15672069787979126,4.818801060814561,-0.021343242389930687,1.0863919984773351,0.30282464232079365,-1.7344547225281155,-2.513385401658727
1789407527.22,5.856444358825684,0.1600954234600067,4.939355976063515,0.039865121939898863,0.9249359043744304,0.20399842813168145,-2.5410040374274097,-3.160933448400083
1789407527.353,5.802452087402344,0.1595151126384735,4.84562227359503,0.051851341215771674,0.9628679973223219,0.2426056927422109,-3.0624370622505355,-2.5284305002293794
1789407527.486,5.74217414855957,0.17142225801944733,4.782712494281786,0.07615633406579844,0.9641795799000331,0.28406845999899116,2.898255532212726,-1.84629622506857
1789407527.653,5.696382522583008,0.16429825127124786,4.825380754176171,0.08001564176652817,0.8750700765268811,0.14013144465371752,-2.6659507863106455,2.130685641828671
1789407527.753,5.67641544342041,0.16154611110687256,5.008757248353289,0.1046009113242237,0.6700822495922211,0.0,-1.83839359512675,3.105132829555405
1789407527.92,5.65575647354126,0.1601596623659134,5.231431201054777,0.15662880610368607,0.42433996254969003,0.0,-1.2047860143902418,2.871400665655144
1789407528.02,5.633736610412598,0.15943987667560577,5.4072911334799,0.16165046204596514,0.22645626666302837,0.0,-0.8648163451313371,2.099029911583459
1789407528.154,5.597353935241699,0.15740375220775604,5.554306886370071,0.13794004452057343,0.047242823089739594,0.17161392381194926,-0.6025761970329286,1.569793224272304
1789407528.32,5.573863983154297,0.1566012054681778,5.9760225520240065,0.020510067878165367,0.4245613174158435,0.31949153289321497,-0.4479835752906909,0.9731202229255712
1789407528.453,5.575656890869141,0.15758180618286133,6.085607903763528,0.013487815925865555,0.5299180253399524,0.3572162007885004,-0.3624140257813533,0.549724635076658
1789407528.553,5.573755264282227,0.15765880048274994,5.763089282750562,0.12539199010748137,0.19206383730718724,0.2974220932203577,-0.3189576112169532,0.2796324432321552
1789407528.687,5.586033821105957,0.1620035171508789,5.753827402331508,0.13604599323606645,0.1697895136581868,0.19203165137082845,-0.29377475141532994,0.1380696864983162
1789407528.824,5.596773624420166,0.16483017802238464,5.729734226774999,0.14509592169576033,0.13441712186817947,0.11954205877391169,-0.2883662577653725,0.044918285594995694
1789407528.92,5.4753265380859375,0.1391325742006302,5.704953593573679,0.15124931546894743,0.22994651558772003,0.04499096488901555,-0.28295202019300936,0.030543944880604804
1789407529.053,5.4328203201293945,0.14954091608524323,5.676848072494693,0.1563072322055991,0.24412154136474687,0.0,-0.2814897501906195,0.012705119628320468
1789407529.186,5.447286128997803,0.1482689082622528,5.6424365929819835,0.16048920459731006,0.1955327063070464,0.0,-0.28171674458324025,-0.0011016695446608511
1789407529.42,5.5214996337890625,0.1552320420742035,5.611011393660626,0.16330114882678287,0.08987472191383414,0.0,-0.29384889641476697,-0.0673769200094733
1789407529.554,5.392447471618652,0.1332087218761444,5.595478379262009,0.16357398365025846,0.20528906103612976,0.0,-0.3046100333018087,-0.07177628492258842
1789407529.786,5.057768821716309,0.12373845279216766,5.586447621000438,0.16265914093502007,0.5301095101750414,0.0,-0.2913181458418763,0.10281764581262762
1789407529.92,5.171117782592773,0.13459819555282593,5.590879591632473,0.16276933149808048,0.42070606036605557,0.006995946064040608,-0.25902980258521024,0.2092402542598231
1789407530.087,5.078764915466309,0.14509795606136322,5.501294536415988,0.16472308118950196,0.42298513699203977,0.0,-1.4834410645416325,-2.2376893422237885
1789407530.22,4.893472194671631,0.17270612716674805,5.4853851844655726,0.1611969089919248,0.5920248724418583,0.0,-2.2904440964136143,-3.142973145077235
1789407530.353,4.74540901184082,0.19152814149856567,5.48369275404417,0.15968538283489672,0.7389701247554562,0.003110873994920207,-2.7633167098060647,-2.6034013705351
1789407530.487,4.677849292755127,0.2023085653781891,5.496073364628276,0.15991420538943404,0.8193216178958861,0.0,-3.0937028186361895,-1.8736125787602813
1789407530.62,4.667239665985107,0.22860214114189148,5.453039242984254,0.14886796380887907,0.78983448534931,0.08573226421751245,2.99519482464372,-1.2085238966165082
1789407530.787,4.679786682128906,0.270440936088562,4.96748562010187,0.30133682825902225,0.2893531321133056,0.3641778735425646,2.8387271701346446,-1.0217560771426697
1789407530.92,4.729774475097656,0.31442591547966003,4.7274153834352575,0.36586820443937534,0.05149635333580861,0.4592150194897809,2.7195045329779823,-0.2332482521232619
1789407531.087,4.75657320022583,0.36917567253112793,4.674127145071989,0.3476179043914488,0.08521789352943689,0.43690418118113905,2.7362195381790393,0.08445233231952365
1789407531.353,4.774730205535889,0.4323093593120575,4.483556731020177,0.40107544203153894,0.29284390014176176,0.5230720660179355,2.7448041301378527,0.04347814629336946
1789407531.487,5.001206398010254,0.45444032549858093,4.1003225955804545,0.4611761520959152,0.900908983660571,0.6624808239787547,2.788333494027605,0.15254465578649434
1789407531.687,5.241458892822266,0.4537198543548584,4.051605327166628,0.4346579200243788,1.1900062458003544,0.6347343691683703,2.8250706749304566,0.23459666573608345
1789407531.82,5.041177272796631,0.45124250650405884,4.121858840276591,0.3727984706878514,0.9226591175110326,0.5376951495741855,2.8950267380256562,0.3930376813601956
1789407531.92,4.91359281539917,0.46511825919151306,4.22529316428956,0.37940059199369003,0.6936165570309341,0.4108534535020728,2.904534125515852,0.0804618129286145
1789407532.187,4.627918720245361,0.47271451354026794,4.642461640544117,0.28783118974067334,0.18545441474929011,0.27727692478954225,-2.8530880631347753,0.8513823564015262
1789407532.387,4.822484016418457,0.4929606318473816,4.721318819391979,0.3131488106041551,0.2063169603988293,0.0585698394582819,-1.4063594668123953,3.0054437763825836
1789407532.487,5.067342758178711,0.5034327507019043,4.80929727534393,0.3669233248646853,0.2919285778299934,0.0,-1.0880377792353597,1.7651141653065963
1789407532.587,5.375458240509033,0.5082704424858093,4.925687225010421,0.39886253667182603,0.46288665592913175,0.0,-1.0141353503153674,0.5171322511985351
1789407532.687,5.61322021484375,0.5153392553329468,5.017121165452745,0.4077929406294153,0.6057229453233306,0.03267122160654453,-0.4270350617528602,1.2449133092546791
1789407532.887,5.746391296386719,0.5387769341468811,5.026221376101848,0.421812908340229,0.7296062619084464,0.019071090180146345,0.39434146800530234,2.90363414647275
1789407532.987,5.69268798828125,0.5519515872001648,4.985437222954444,0.4371677421747734,0.7165046937279375,0.0,0.9778186958515649,2.9601117536515664
1789407533.087,5.742327690124512,0.5642693638801575,4.906657781646663,0.43767547746543073,0.8452042404134996,0.0,1.4450314955428212,2.45433945708143
1789407533.187,5.482085227966309,0.4975706934928894,4.826598403957367,0.4412698500387659,0.6579002670792702,0.0,1.7942670363569722,2.03546246479196
1789407533.32,4.90117073059082,0.4920923411846161,4.785976297613657,0.45782928863185723,0.12018200430664848,0.03347800455923618,2.002866507149049,1.5641604333086767
1789407533.42,4.6729655265808105,0.5084210634231567,4.794021316244792,0.4726102571519486,0.1262415068706173,0.050552294894791544,2.165022664882282,1.2536303467783771
1789407533.587,4.589430332183838,0.5478352308273315,4.871557578654005,0.47598494272881636,0.29113269672209263,0.0,1.598836045126891,-1.7771870531092875
1789407533.72,4.586040496826172,0.5742045044898987,5.182367791410132,0.511425404859228,0.599622762756938,0.17103698297895636,0.38176037856594913,-2.9194575263006475
1789407533.887,4.6075639724731445,0.5912377834320068,5.793513969092678,0.37300135317220123,1.2058625684440223,0.45750416694933926,0.03204788883742493,-2.216194681290861
1789407533.987,4.636900901794434,0.6169885993003845,6.293487759509252,0.14678532223246346,1.7220253014746525,0.7602231035370617,-0.33904797791594143,-1.1623015297174792
1789407534.12,4.67435884475708,0.6354061365127563,6.368846286910648,0.08874147131417202,1.780485874078427,0.7773370505350823,-0.4438053978760039,-0.8576076797543899
1789407534.253,4.698801517486572,0.6450743675231934,5.744274270587122,0.9350271764731662,1.0849359008225432,0.5221536935542672,0.09167985465425055,1.4076164031385132
1789407534.387,4.7165937423706055,0.6488952040672302,5.362721818156126,0.5678887117862615,0.6511862576175618,0.0,0.8762069087893902,2.837292924127212
1789407534.487,4.745345115661621,0.6493270397186279,5.096821339979011,0.5301525691019999,0.3711308269426861,0.0,1.4683810463599007,3.0065412173315496
1789407534.62,4.750753879547119,0.6483873128890991,4.946288192792891,0.5233289915378097,0.23210612097852573,0.0,2.0228504015177116,2.544258791164937
1789407534.753,4.758241653442383,0.6466377377510071,4.841260327670342,0.5539657666436452,0.12441942975070926,0.10179840768157733,2.268076650267224,1.4870473130657564
